t,ns,marker_id,track_id,boresight_deg,angle_in_frame_deg,gimbal_yaw_deg,corrected_yaw_deg,yaw_correction_valid,yaw_sigma_deg,angle_error_deg,miss_distance_m,range_m
1786962005.046,,0,,,,0.580,-3.661,True,0.433,0.064,0.04,35.15
1786962005.071,,0,,,,0.520,-3.739,True,0.432,-0.015,0.01,35.15
1786962005.096,,0,,,,0.500,-3.764,True,0.431,-0.072,0.04,35.13
1786962005.121,,0,,,,0.560,-3.687,True,0.432,-0.141,0.09,35.12
1786962005.146,,0,,,,0.610,-3.623,True,0.433,-0.173,0.11,35.09
1786962005.171,,0,,,,0.750,-3.443,True,0.436,-0.278,0.17,35.07
1786962005.196,,0,,,,0.910,-3.237,True,0.438,-0.420,0.26,35.06
1786962005.221,,0,,,,0.930,-3.211,True,0.439,-0.656,0.40,35.04
1786962005.271,,0,,,,0.700,-3.507,True,0.435,-0.790,0.48,35.03
1786962005.296,,0,,,,0.510,-3.752,True,0.432,-0.875,0.53,35.03
1786962005.321,,0,,,,0.370,-3.932,True,0.429,-0.852,0.52,35.00
1786962005.346,,0,,,,0.100,-4.279,True,0.425,-0.847,0.52,34.99
1786962005.396,,0,,,,-0.030,-4.446,True,0.423,-0.723,0.44,34.97
1786962005.421,,0,,,,-0.050,-4.472,True,0.422,-0.720,0.44,34.96
1786962005.446,,0,,,,-0.010,-4.421,True,0.423,-0.701,0.43,35.18
1786962005.471,,0,,,,-0.020,-4.433,True,0.423,-0.795,0.49,35.18
1786962005.496,,0,,,,-0.050,-4.472,True,0.422,-0.870,0.53,35.17
1786962005.521,,0,,,,-0.140,-4.588,True,0.421,-0.907,0.56,35.15
1786962005.546,,0,,,,-0.220,-4.691,True,0.420,-0.960,0.59,35.14
1786962005.646,,0,,,,-0.300,-4.794,True,0.418,-0.987,0.61,35.11
1786962005.721,,0,,,,-0.260,-4.742,True,0.419,-0.963,0.59,35.10
1786962005.821,,0,,,,-0.130,-4.575,True,0.421,-0.832,0.51,35.13
1786962005.896,,0,,,,-0.040,-4.459,True,0.423,-0.916,0.56,35.12
1786962005.971,,0,,,,0.040,-4.356,True,0.424,-0.943,0.58,35.12
1786962006.071,,0,,,,0.130,-4.240,True,0.425,-0.429,0.26,35.01
1786962006.146,,0,,,,0.120,-4.253,True,0.425,-0.509,0.31,35.01
1786962006.221,,0,,,,0.020,-4.382,True,0.424,-0.640,0.39,34.99
1786962006.296,,0,,,,-0.120,-4.562,True,0.421,-0.639,0.39,35.03
1786962006.371,,0,,,,-0.210,-4.678,True,0.420,-0.641,0.39,35.03
1786962006.471,,0,,,,-0.350,-4.858,True,0.418,-0.649,0.40,35.01
1786962006.546,,0,,,,-0.340,-4.845,True,0.418,-0.604,0.37,35.00
1786962006.621,,0,,,,-0.300,-4.794,True,0.418,-0.376,0.23,35.14
1786962006.671,,0,,,,-0.190,-4.652,True,0.420,-0.417,0.26,35.13
1786962006.746,,0,,,,-0.080,-4.511,True,0.422,-0.490,0.30,35.12
1786962006.796,,0,,,,-0.010,-4.421,True,0.423,-0.594,0.36,35.10
1786962006.871,,0,,,,0.030,-4.369,True,0.424,-0.324,0.20,34.93
1786962006.946,,0,,,,-0.040,-4.459,True,0.423,-0.431,0.26,34.92
1786962007.046,,0,,,,-0.150,-4.601,True,0.421,-0.579,0.35,34.89
1786962007.146,,0,,,,-0.430,-4.961,True,0.416,-0.790,0.48,35.04
1786962007.221,,0,,,,-0.570,-5.141,True,0.414,-0.829,0.51,35.02
1786962007.271,,0,,,,-0.610,-5.193,True,0.413,-0.842,0.51,35.01
1786962007.371,,0,,,,-0.610,-5.193,True,0.413,-0.797,0.49,35.01
1786962007.471,,0,,,,-0.530,-5.090,True,0.415,-0.923,0.56,35.07
1786962007.546,,0,,,,-0.450,-4.987,True,0.416,-0.960,0.59,35.06
1786962007.621,,0,,,,-0.390,-4.910,True,0.417,-1.031,0.63,35.05
1786962007.721,,0,,,,-0.350,-4.858,True,0.418,-0.663,0.41,35.10
1786962007.771,,0,,,,-0.290,-4.781,True,0.419,-0.686,0.42,35.10
1786962007.846,,0,,,,-0.280,-4.768,True,0.419,-0.733,0.45,35.08
1786962007.921,,0,,,,-0.290,-4.781,True,0.419,-0.770,0.47,35.07
1786962008.046,,0,,,,-0.260,-4.742,True,0.419,-0.833,0.51,35.10
1786962008.121,,0,,,,-0.230,-4.704,True,0.420,-0.869,0.53,35.09
1786962008.196,,0,,,,-0.160,-4.614,True,0.421,-0.931,0.57,35.07
1786962008.296,,0,,,,-0.140,-4.588,True,0.421,-0.790,0.49,35.32
1786962008.371,,0,,,,-0.180,-4.639,True,0.420,-0.813,0.50,35.32
1786962008.471,,0,,,,-0.320,-4.819,True,0.418,-0.886,0.55,35.29
1786962008.546,,0,,,,-0.440,-4.974,True,0.416,-0.841,0.51,34.90
1786962008.621,,0,,,,-0.540,-5.103,True,0.415,-0.806,0.49,34.91
1786962008.746,,0,,,,-0.590,-5.167,True,0.414,-0.815,0.50,34.89
1786962008.821,,0,,,,-0.540,-5.103,True,0.415,-0.687,0.42,35.03
1786962008.871,,0,,,,-0.410,-4.935,True,0.417,-0.758,0.46,35.02
1786962008.946,,0,,,,-0.290,-4.781,True,0.419,-0.946,0.58,35.07
1786962009.046,,0,,,,0.010,-4.395,True,0.423,-0.558,0.34,34.82
1786962009.146,,0,,,,0.160,-4.202,True,0.426,-0.445,0.27,34.85
1786962009.221,,0,,,,0.170,-4.189,True,0.426,-0.576,0.35,34.83
1786962009.296,,0,,,,0.100,-4.279,True,0.425,-0.401,0.24,34.76
1786962009.371,,0,,,,-0.010,-4.421,True,0.423,-0.405,0.25,34.76
1786962009.446,,0,,,,-0.110,-4.549,True,0.421,-0.456,0.28,34.73
1786962009.521,,0,,,,-0.180,-4.639,True,0.420,-0.502,0.30,34.73
1786962009.621,,0,,,,-0.180,-4.639,True,0.420,-0.561,0.34,34.71
1786962009.671,,0,,,,-0.180,-4.639,True,0.420,-0.605,0.37,34.70
1786962009.796,,0,,,,-0.080,-4.511,True,0.422,-0.605,0.37,34.67
1786962009.871,,0,,,,0.010,-4.395,True,0.423,-0.688,0.42,34.67
1786962009.971,,0,,,,0.110,-4.266,True,0.425,-0.760,0.46,34.66
1786962010.046,,0,,,,0.110,-4.266,True,0.425,-0.809,0.49,34.62
1786962010.121,,0,,,,0.090,-4.292,True,0.425,-0.900,0.54,34.62
1786962010.196,,0,,,,-0.010,-4.421,True,0.423,-0.949,0.57,34.60
1786962010.296,,0,,,,-0.160,-4.614,True,0.421,-0.958,0.58,34.58
1786962010.371,,0,,,,-0.310,-4.807,True,0.418,-0.990,0.60,34.58
1786962010.446,,0,,,,-0.400,-4.922,True,0.417,-1.019,0.61,34.56
1786962010.521,,0,,,,-0.410,-4.935,True,0.417,-0.991,0.60,34.54
1786962010.596,,0,,,,-0.350,-4.858,True,0.418,-0.964,0.58,34.52
1786962010.696,,0,,,,-0.150,-4.601,True,0.421,-1.092,0.66,34.51
1786962010.771,,0,,,,-0.020,-4.433,True,0.423,-1.195,0.72,34.51
1786962010.846,,0,,,,0.220,-4.125,True,0.427,-1.307,0.79,34.48
1786962010.921,,0,,,,0.400,-3.893,True,0.430,-1.459,0.88,34.47
1786962011.021,,0,,,,0.470,-3.803,True,0.431,-1.640,0.99,34.45
1786962011.071,,0,,,,0.410,-3.880,True,0.430,-1.680,1.01,34.44
1786962011.146,,0,,,,0.310,-4.009,True,0.428,-1.802,1.08,34.44
1786962011.221,,0,,,,0.120,-4.253,True,0.425,-1.793,1.08,34.42
1786962011.296,,0,,,,0.050,-4.343,True,0.424,-1.719,1.03,34.40
1786962011.396,,0,,,,-0.110,-4.549,True,0.421,-1.783,1.07,34.38
1786962011.471,,0,,,,-0.200,-4.665,True,0.420,-1.840,1.10,34.37
1786962011.571,,0,,,,-0.250,-4.729,True,0.419,-1.973,1.18,34.36
1786962011.671,,0,,,,-0.250,-4.729,True,0.419,-2.115,1.27,34.33
1786962011.746,,0,,,,-0.200,-4.665,True,0.420,-2.164,1.30,34.33
1786962011.846,,0,,,,-0.180,-4.639,True,0.420,-2.275,1.36,34.29
1786962011.946,,0,,,,-0.040,-4.459,True,0.423,-0.525,0.32,34.41
1786962012.021,,0,,,,0.070,-4.318,True,0.424,-0.607,0.36,34.39
1786962012.095,,0,,,,0.140,-4.228,True,0.426,-0.750,0.45,34.37
1786962012.195,,0,,,,0.130,-4.240,True,0.425,-0.948,0.57,34.35
1786962012.271,,0,,,,0.070,-4.318,True,0.424,-1.090,0.65,34.34
1786962012.320,,0,,,,0.000,-4.408,True,0.423,-1.214,0.73,34.34
1786962012.420,,0,,,,-0.170,-4.626,True,0.420,-1.312,0.79,34.32
1786962012.521,,0,,,,-0.360,-4.871,True,0.417,-1.384,0.83,34.31
1786962012.620,,0,,,,-0.480,-5.025,True,0.416,-1.386,0.83,34.29
1786962012.695,,0,,,,-0.520,-5.077,True,0.415,-1.372,0.82,34.27
1786962012.795,,0,,,,-0.450,-4.987,True,0.416,-1.315,0.79,34.25
1786962012.846,,0,,,,-0.310,-4.807,True,0.418,-1.381,0.82,34.24
1786962012.920,,0,,,,-0.070,-4.498,True,0.422,-1.366,0.82,34.23
1786962013.020,,0,,,,0.290,-4.035,True,0.428,-1.460,0.87,34.21
1786962013.121,,0,,,,0.440,-3.842,True,0.430,-1.737,1.04,34.20
1786962013.171,,0,,,,0.470,-3.803,True,0.431,-0.484,0.29,34.03
1786962013.245,,0,,,,0.340,-3.970,True,0.429,-0.649,0.39,34.00
1786962013.320,,0,,,,0.050,-4.343,True,0.424,-0.802,0.48,33.99
1786962013.396,,0,,,,-0.160,-4.614,True,0.421,-0.773,0.46,33.99
1786962013.446,,0,,,,-0.380,-4.897,True,0.417,-0.826,0.49,33.97
1786962013.545,,0,,,,-0.560,-5.128,True,0.414,-0.742,0.44,33.92
1786962013.621,,0,,,,-0.470,-5.012,True,0.416,-0.709,0.42,33.90
1786962013.670,,0,,,,-0.390,-4.910,True,0.417,-0.862,0.51,33.90
1786962013.746,,0,,,,-0.040,-4.459,True,0.423,-0.831,0.49,33.89
1786962013.845,,0,,,,0.420,-3.867,True,0.430,-0.752,0.44,33.82
1786962013.895,,0,,,,0.600,-3.636,True,0.433,-0.907,0.54,33.82
1786962013.970,,0,,,,0.640,-3.584,True,0.434,-0.994,0.59,33.82
1786962014.045,,0,,,,0.530,-3.726,True,0.432,-1.222,0.72,33.80
1786962014.095,,0,,,,0.300,-4.022,True,0.428,-1.022,0.60,33.70
1786962014.170,,0,,,,0.030,-4.369,True,0.424,-0.953,0.56,33.70
1786962014.245,,0,,,,-0.300,-4.794,True,0.418,-1.346,0.79,33.75
1786962014.320,,0,,,,-0.610,-5.193,True,0.413,-1.192,0.70,33.82
1786962014.395,,0,,,,-0.790,-5.424,True,0.411,-1.097,0.65,33.80
1786962014.470,,0,,,,-0.750,-5.373,True,0.411,-1.207,0.71,33.79
1786962014.545,,0,,,,-0.550,-5.115,True,0.414,-1.174,0.69,33.78
1786962014.620,,0,,,,-0.170,-4.626,True,0.420,-0.897,0.53,33.58
1786962014.696,,0,,,,0.150,-4.215,True,0.426,-0.805,0.47,33.61
1786962014.795,,0,,,,0.470,-3.803,True,0.431,-0.853,0.50,33.58
1786962014.870,,0,,,,0.530,-3.726,True,0.432,-1.184,0.70,33.94
1786962014.945,,0,,,,0.490,-3.777,True,0.431,-0.757,0.44,33.40
1786962015.020,,0,,,,0.300,-4.022,True,0.428,-1.297,0.76,33.54
1786962015.120,,0,,,,-0.120,-4.562,True,0.421,-1.445,0.85,33.53
1786962015.220,,0,,,,-0.460,-5.000,True,0.416,-1.412,0.83,33.52
1786962015.345,,0,,,,-0.470,-5.012,True,0.416,-0.934,0.54,33.37
1786962015.420,,0,,,,-0.280,-4.768,True,0.419,-1.010,0.59,33.31
1786962015.470,,0,,,,-0.070,-4.498,True,0.422,-0.945,0.55,33.26
1786962015.570,,0,,,,0.300,-4.022,True,0.428,-1.344,0.78,33.40
1786962015.670,,0,,,,0.460,-3.816,True,0.431,-1.589,0.93,33.37
1786962015.770,,0,,,,0.440,-3.842,True,0.430,-1.858,1.08,33.36
1786962015.845,,0,,,,0.220,-4.125,True,0.427,-1.965,1.14,33.33
1786962015.920,,0,,,,0.030,-4.369,True,0.424,-2.044,1.19,33.33
1786962015.970,,0,,,,-0.220,-4.691,True,0.420,-2.022,1.18,33.33
1786962016.070,,0,,,,-0.410,-4.935,True,0.417,-2.105,1.22,33.30
1786962016.120,,0,,,,-0.430,-4.961,True,0.416,-2.063,1.20,33.29
1786962016.195,,0,,,,-0.410,-4.935,True,0.417,-2.028,1.18,33.27
1786962016.245,,0,,,,-0.320,-4.819,True,0.418,-2.073,1.20,33.26
1786962016.320,,0,,,,-0.160,-4.614,True,0.421,-2.017,1.17,33.25
1786962016.395,,0,,,,0.000,-4.408,True,0.423,-2.129,1.23,33.23
1786962016.470,,0,,,,0.020,-4.382,True,0.424,-2.211,1.28,33.22
1786962016.520,,0,,,,0.000,-4.408,True,0.423,-2.331,1.35,33.22
1786962016.595,,0,,,,-0.050,-4.472,True,0.422,-2.361,1.37,33.20
1786962016.695,,0,,,,-0.150,-4.601,True,0.421,-2.378,1.38,33.18
1786962016.745,,0,,,,-0.160,-4.614,True,0.421,-2.451,1.42,33.18
1786962016.845,,0,,,,-0.100,-4.536,True,0.422,-2.476,1.43,33.15
1786962016.895,,0,,,,0.000,-4.408,True,0.423,-2.546,1.47,33.14
1786962016.970,,0,,,,0.130,-4.240,True,0.425,-2.694,1.56,33.14
1786962017.045,,0,,,,0.290,-4.035,True,0.428,-2.735,1.58,33.12
1786962017.095,,0,,,,0.360,-3.945,True,0.429,-2.884,1.67,33.11
1786962017.170,,0,,,,0.400,-3.893,True,0.430,-2.990,1.73,33.11
1786962017.220,,0,,,,0.370,-3.932,True,0.429,-3.091,1.78,33.09
1786962017.345,,0,,,,0.200,-4.150,True,0.426,-3.120,1.80,33.07
1786962017.395,,0,,,,0.100,-4.279,True,0.425,-3.156,1.82,33.05
1786962017.495,,0,,,,0.020,-4.382,True,0.424,-3.170,1.83,33.04
1786962017.595,,0,,,,0.080,-4.305,True,0.425,-3.231,1.86,33.01
1786962017.670,,0,,,,0.170,-4.189,True,0.426,-3.351,1.93,33.01
1786962017.770,,0,,,,0.330,-3.983,True,0.429,-3.426,1.97,33.00
1786962017.845,,0,,,,0.510,-3.752,True,0.432,-3.435,1.98,32.98
1786962017.895,,0,,,,0.610,-3.623,True,0.433,-3.619,2.08,32.97
1786962017.970,,0,,,,0.720,-3.481,True,0.435,-3.721,2.14,32.96
1786962018.045,,0,,,,0.720,-3.481,True,0.435,-3.873,2.22,32.94
1786962018.120,,0,,,,0.700,-3.507,True,0.435,-3.990,2.29,32.92
1786962018.220,,0,,,,0.580,-3.661,True,0.433,-4.059,2.33,32.90
1786962018.270,,0,,,,0.480,-3.790,True,0.431,-4.084,2.34,32.89
1786962018.370,,0,,,,0.290,-4.035,True,0.428,-4.052,2.32,32.88
1786962018.470,,0,,,,0.140,-4.228,True,0.426,-4.011,2.30,32.85
1786962018.570,,0,,,,0.130,-4.240,True,0.425,-4.091,2.34,32.84
1786962018.670,,0,,,,0.200,-4.150,True,0.426,-4.123,2.36,32.81
1786962018.770,,0,,,,0.350,-3.957,True,0.429,-4.133,2.36,32.81
1786962018.845,,0,,,,0.370,-3.932,True,0.429,-4.226,2.42,32.78
1786962018.920,,0,,,,0.430,-3.854,True,0.430,-4.437,2.54,32.78
1786962019.020,,0,,,,0.520,-3.739,True,0.432,-4.556,2.60,32.76
1786962019.095,,0,,,,0.570,-3.674,True,0.433,-4.743,2.71,32.75
1786962019.170,,0,,,,0.600,-3.636,True,0.433,-4.878,2.78,32.74
1786962019.270,,0,,,,0.620,-3.610,True,0.433,-4.914,2.80,32.71
1786962019.370,,0,,,,0.590,-3.649,True,0.433,-4.949,2.82,32.70
1786962019.445,,0,,,,0.540,-3.713,True,0.432,-4.988,2.84,32.66
1786962019.520,,0,,,,0.520,-3.739,True,0.432,-4.965,2.83,32.66
1786962050.995,,0,,,,0.060,-4.331,True,0.424,-4.291,1.69,22.55
1786962051.120,,0,,,,0.160,-4.202,True,0.426,-4.209,1.65,22.53
1786962051.245,,0,,,,0.290,-4.035,True,0.428,-4.651,1.82,22.50
1786962051.345,,0,,,,0.370,-3.932,True,0.429,-4.505,1.76,22.47
1786962051.395,,0,,,,0.390,-3.906,True,0.430,-4.327,1.70,22.47
1786962051.470,,0,,,,0.460,-3.816,True,0.431,-4.186,1.64,22.45
1786962051.620,,0,,,,0.570,-3.674,True,0.433,-3.964,1.55,22.43
1786962051.770,,0,,,,0.700,-3.507,True,0.435,-3.736,1.46,22.40
1786962051.845,,0,,,,0.720,-3.481,True,0.435,-3.578,1.40,22.39
1786962051.945,,0,,,,0.680,-3.533,True,0.434,-3.508,1.37,22.37
1786962052.195,,0,,,,0.390,-3.906,True,0.430,-5.107,1.99,22.34
1786962052.245,,0,,,,0.340,-3.970,True,0.429,-4.979,1.94,22.34
1786962052.345,,0,,,,0.340,-3.970,True,0.429,-5.159,2.00,22.26
1786962052.470,,0,,,,0.480,-3.790,True,0.431,-4.459,1.73,22.24
1786962052.520,,0,,,,0.600,-3.636,True,0.433,-4.032,1.56,22.24
1786962052.595,,0,,,,0.680,-3.533,True,0.434,-4.077,1.58,22.26
1786962052.670,,0,,,,0.670,-3.546,True,0.434,-3.789,1.47,22.25
1786962052.745,,0,,,,0.560,-3.687,True,0.432,-3.644,1.41,22.23
1786962052.845,,0,,,,0.360,-3.945,True,0.429,-4.979,1.93,22.22
1786962052.895,,0,,,,0.220,-4.125,True,0.427,-4.650,1.80,22.20
1786962052.970,,0,,,,0.060,-4.331,True,0.424,-4.446,1.72,22.19
1786962053.070,,0,,,,0.010,-4.395,True,0.423,-4.032,1.56,22.18
1786962053.120,,0,,,,0.050,-4.343,True,0.424,-4.090,1.58,22.18
1786962053.220,,0,,,,0.140,-4.228,True,0.426,-3.857,1.49,22.16
1786962053.295,,0,,,,0.280,-4.047,True,0.428,-3.700,1.43,22.15
1786962053.395,,0,,,,0.480,-3.790,True,0.431,-4.467,1.73,22.19
1786962053.495,,0,,,,0.670,-3.546,True,0.434,-4.348,1.68,22.17
1786962053.595,,0,,,,0.750,-3.443,True,0.436,-4.207,1.63,22.15
1786962053.695,,0,,,,0.730,-3.468,True,0.435,-4.272,1.66,22.29
1786962053.770,,0,,,,0.680,-3.533,True,0.434,-4.044,1.57,22.28
1786962053.820,,0,,,,0.630,-3.597,True,0.434,-3.627,1.41,22.27
1786962053.870,,0,,,,0.620,-3.610,True,0.433,-3.295,1.28,22.26
1786962053.945,,0,,,,0.590,-3.649,True,0.433,-3.842,1.50,22.35
1786962054.020,,0,,,,0.650,-3.571,True,0.434,-3.567,1.39,22.35
1786962054.095,,0,,,,0.680,-3.533,True,0.434,-3.443,1.34,22.34
1786962054.170,,0,,,,0.760,-3.430,True,0.436,-3.278,1.28,22.32
1786962054.220,,0,,,,0.760,-3.430,True,0.436,-4.018,1.56,22.23
1786962054.320,,0,,,,0.770,-3.417,True,0.436,-3.876,1.50,22.21
1786962054.370,,0,,,,0.790,-3.391,True,0.436,-3.634,1.41,22.21
1786962054.470,,0,,,,0.750,-3.443,True,0.436,-3.881,1.51,22.32
1786962054.545,,0,,,,0.720,-3.481,True,0.435,-3.590,1.40,22.30
1786962054.595,,0,,,,0.660,-3.558,True,0.434,-3.291,1.28,22.29
1786962054.695,,0,,,,0.590,-3.649,True,0.433,-3.188,1.24,22.27
1786962054.770,,0,,,,0.530,-3.726,True,0.432,-3.672,1.43,22.34
1786962054.870,,0,,,,0.450,-3.829,True,0.431,-3.671,1.43,22.31
1786962054.945,,0,,,,0.500,-3.764,True,0.431,-3.639,1.42,22.33
1786962055.045,,0,,,,0.590,-3.649,True,0.433,-3.726,1.45,22.38
1786962055.120,,0,,,,0.720,-3.481,True,0.435,-3.476,1.36,22.37
1786962055.245,,0,,,,0.840,-3.327,True,0.437,-3.511,1.37,22.37
1786962055.320,,0,,,,0.920,-3.224,True,0.438,-3.285,1.28,22.36
1786962055.445,,0,,,,0.980,-3.147,True,0.439,-2.987,1.16,22.34
1786962055.495,,0,,,,1.020,-3.095,True,0.440,-2.676,1.04,22.32
1786962055.595,,0,,,,0.950,-3.185,True,0.439,-2.364,0.92,22.30
1786962055.670,,0,,,,0.940,-3.198,True,0.439,-2.046,0.80,22.30
1786962055.745,,0,,,,0.860,-3.301,True,0.437,-1.830,0.71,22.29
1786962055.820,,0,,,,0.800,-3.378,True,0.436,-1.590,0.62,22.27
1786962055.920,,0,,,,0.780,-3.404,True,0.436,-1.334,0.52,22.25
1786962055.995,,0,,,,0.760,-3.430,True,0.436,-1.126,0.44,22.24
1786962056.070,,0,,,,0.800,-3.378,True,0.436,-1.008,0.39,22.23
1786962056.170,,0,,,,1.020,-3.095,True,0.440,-0.818,0.32,22.21
1786962056.220,,0,,,,1.130,-2.954,True,0.442,-0.682,0.26,22.20
1786962056.345,,0,,,,1.260,-2.786,True,0.444,-0.607,0.24,22.18
1786962056.395,,0,,,,1.230,-2.825,True,0.444,-0.450,0.17,22.16
1786962056.445,,0,,,,1.130,-2.954,True,0.442,-0.136,0.05,22.15
1786962056.570,,0,,,,0.830,-3.340,True,0.437,0.216,0.08,22.13
1786962056.620,,0,,,,0.670,-3.546,True,0.434,0.433,0.17,22.12
1786962056.720,,0,,,,0.460,-3.816,True,0.431,0.894,0.35,22.11
1786962056.795,,0,,,,0.400,-3.893,True,0.430,1.312,0.51,22.09
1786962056.870,,0,,,,0.410,-3.880,True,0.430,1.491,0.57,22.09
1786962056.945,,0,,,,0.510,-3.752,True,0.432,1.785,0.69,22.07
1786962057.045,,0,,,,0.630,-3.597,True,0.434,1.994,0.77,22.06
1786962057.070,,0,,,,0.760,-3.430,True,0.436,2.061,0.79,22.06
1786962057.170,,0,,,,0.970,-3.160,True,0.439,2.188,0.84,22.04
1786962057.270,,0,,,,1.140,-2.941,True,0.442,2.355,0.90,22.02
1786962057.345,,0,,,,1.220,-2.838,True,0.443,2.412,0.93,22.00
1786962057.445,,0,,,,1.220,-2.838,True,0.443,2.509,0.96,21.99
1786962057.520,,0,,,,1.180,-2.889,True,0.443,2.672,1.02,21.97
1786962057.595,,0,,,,1.170,-2.902,True,0.443,2.858,1.10,21.96
1786962057.670,,0,,,,1.150,-2.928,True,0.442,3.071,1.18,21.95
1786962057.745,,0,,,,1.120,-2.967,True,0.442,3.493,1.34,21.93
1786962057.795,,0,,,,1.130,-2.954,True,0.442,3.684,1.41,21.92
1786962057.920,,0,,,,1.190,-2.877,True,0.443,4.344,1.66,21.90
1786962057.970,,0,,,,1.210,-2.851,True,0.443,4.381,1.67,21.89
1786962058.045,,0,,,,1.190,-2.877,True,0.443,4.654,1.78,21.88
1786962058.120,,0,,,,1.120,-2.967,True,0.442,4.786,1.82,21.87
1786962058.195,,0,,,,0.990,-3.134,True,0.440,4.946,1.88,21.86
1786962058.270,,0,,,,0.840,-3.327,True,0.437,5.126,1.95,21.85
1786962058.345,,0,,,,0.620,-3.610,True,0.433,5.261,2.00,21.83
1786962058.445,,0,,,,0.380,-3.919,True,0.429,5.862,2.23,21.82
1786962058.520,,0,,,,0.280,-4.047,True,0.428,6.229,2.37,21.80
1786962058.620,,0,,,,0.280,-4.047,True,0.428,6.323,2.40,21.79
1786962058.695,,0,,,,0.300,-4.022,True,0.428,6.444,2.44,21.77
1786962058.770,,0,,,,0.340,-3.970,True,0.429,6.573,2.49,21.76
1786962058.870,,0,,,,0.280,-4.047,True,0.428,6.803,2.58,21.74
1786962058.920,,0,,,,0.320,-3.996,True,0.428,7.007,2.65,21.73
1786962058.970,,0,,,,0.340,-3.970,True,0.429,7.118,2.69,21.73
1786962063.095,,0,,,,0.000,-4.408,True,0.423,-3.530,1.60,25.92
1786962063.170,,0,,,,-0.030,-4.446,True,0.423,-3.457,1.56,25.90
1786962063.270,,0,,,,0.000,-4.408,True,0.423,-3.334,1.51,25.88
1786962063.345,,0,,,,0.000,-4.408,True,0.423,-3.119,1.41,25.87
1786962063.420,,0,,,,0.000,-4.408,True,0.423,-3.052,1.38,25.85
1786962063.495,,0,,,,0.060,-4.331,True,0.424,-2.784,1.25,25.83
1786962063.570,,0,,,,0.080,-4.305,True,0.425,-2.727,1.23,25.83
1786962063.645,,0,,,,0.110,-4.266,True,0.425,-2.750,1.24,25.80
1786962063.720,,0,,,,0.090,-4.292,True,0.425,-2.701,1.22,25.79
1786962063.795,,0,,,,0.070,-4.318,True,0.424,-2.744,1.23,25.77
1786962063.870,,0,,,,0.030,-4.369,True,0.424,-2.608,1.17,25.77
1786962063.970,,0,,,,-0.020,-4.433,True,0.423,-2.476,1.11,25.75
1786962064.045,,0,,,,-0.150,-4.601,True,0.421,-2.239,1.00,25.72
1786962064.120,,0,,,,-0.270,-4.755,True,0.419,-2.214,0.99,25.72
1786962064.795,,0,,,,-0.640,-5.231,True,0.413,-3.412,1.64,27.53
1786962064.870,,0,,,,-0.610,-5.193,True,0.413,-3.359,1.61,27.52
1786962064.945,,0,,,,-0.590,-5.167,True,0.414,-3.327,1.60,27.50
1786962065.020,,0,,,,-0.610,-5.193,True,0.413,-3.346,1.60,27.48
1786962065.070,,0,,,,-0.650,-5.244,True,0.413,-3.288,1.58,27.48
1786962065.145,,0,,,,-0.640,-5.231,True,0.413,-3.248,1.56,27.46
1786962065.245,,0,,,,-0.570,-5.141,True,0.414,-3.156,1.51,27.44
1786962065.295,,0,,,,-0.470,-5.012,True,0.416,-2.949,1.41,27.43
1786962065.420,,0,,,,-0.170,-4.626,True,0.420,-3.115,1.52,28.01
1786962065.495,,0,,,,0.000,-4.408,True,0.423,-3.077,1.50,27.99
1786962065.595,,0,,,,0.190,-4.163,True,0.426,-2.849,1.41,28.34
1786962065.670,,0,,,,0.230,-4.112,True,0.427,-2.757,1.36,28.31
1786962065.720,,0,,,,0.230,-4.112,True,0.427,-2.804,1.38,28.31
1786962065.845,,0,,,,0.070,-4.318,True,0.424,-2.689,1.33,28.29
1786962065.895,,0,,,,-0.010,-4.421,True,0.423,-2.730,1.36,28.57
1786962065.970,,0,,,,-0.120,-4.562,True,0.421,-2.568,1.28,28.57
1786962066.020,,0,,,,-0.160,-4.614,True,0.421,-2.342,1.17,28.55
1786962066.120,,0,,,,-0.070,-4.498,True,0.422,-2.095,1.04,28.54
1786962066.220,,0,,,,0.030,-4.369,True,0.424,-2.593,1.30,28.76
1786962066.295,,0,,,,0.110,-4.266,True,0.425,-2.678,1.34,28.74
1786962066.370,,0,,,,0.150,-4.215,True,0.426,-2.642,1.32,28.74
1786962066.495,,0,,,,0.080,-4.305,True,0.425,-2.753,1.39,29.02
1786962066.570,,0,,,,0.040,-4.356,True,0.424,-2.639,1.34,29.02
1786962066.645,,0,,,,-0.040,-4.459,True,0.423,-2.474,1.25,28.99
1786962066.720,,0,,,,-0.110,-4.549,True,0.421,-2.294,1.18,29.43
1786962066.795,,0,,,,-0.110,-4.549,True,0.421,-2.152,1.10,29.40
1786962066.920,,0,,,,0.010,-4.395,True,0.423,-1.946,1.00,29.38
1786962066.995,,0,,,,0.140,-4.228,True,0.426,-2.427,1.26,29.67
1786962067.095,,0,,,,0.350,-3.957,True,0.429,-2.442,1.26,29.65
1786962067.170,,0,,,,0.420,-3.867,True,0.430,-2.314,1.20,29.64
1786962067.270,,0,,,,0.490,-3.777,True,0.431,-2.369,1.24,30.03
1786962067.345,,0,,,,0.500,-3.764,True,0.431,-2.256,1.18,30.01
1786962067.470,,0,,,,0.550,-3.700,True,0.432,-2.172,1.14,29.99
1786962067.545,,0,,,,0.550,-3.700,True,0.432,-1.120,0.57,29.01
1786962067.645,,0,,,,0.580,-3.661,True,0.433,-0.893,0.45,28.99
1786962067.720,,0,,,,0.580,-3.661,True,0.433,-0.868,0.44,28.98
1786962067.770,,0,,,,0.520,-3.739,True,0.432,-0.841,0.43,28.97
1786962067.870,,0,,,,0.410,-3.880,True,0.430,-0.819,0.41,28.95
1786962067.920,,0,,,,0.370,-3.932,True,0.429,-0.715,0.36,28.94
1786962067.995,,0,,,,0.320,-3.996,True,0.428,-0.718,0.37,29.35
1786962068.095,,0,,,,0.390,-3.906,True,0.430,-0.590,0.30,29.33
1786962068.170,,0,,,,0.490,-3.777,True,0.431,-0.518,0.27,29.32
1786962068.245,,0,,,,0.660,-3.558,True,0.434,-0.154,0.08,29.73
1786962068.345,,0,,,,0.820,-3.353,True,0.437,-0.111,0.06,29.73
1786962068.420,,0,,,,0.930,-3.211,True,0.439,-0.202,0.10,29.70
1786962068.470,,0,,,,0.890,-3.263,True,0.438,-0.180,0.09,29.70
1786962068.570,,0,,,,0.730,-3.468,True,0.435,0.084,0.04,29.74
1786962068.645,,0,,,,0.580,-3.661,True,0.433,-1.844,1.01,31.36
1786962068.720,,0,,,,0.420,-3.867,True,0.430,-1.798,0.98,31.36
1786962068.795,,0,,,,0.390,-3.906,True,0.430,-0.878,0.46,30.28
1786962068.870,,0,,,,0.440,-3.842,True,0.430,-0.633,0.34,30.43
1786962068.970,,0,,,,0.570,-3.674,True,0.433,-1.898,1.05,31.71
1786962069.070,,0,,,,0.820,-3.353,True,0.437,-1.768,0.98,31.69
1786962069.145,,0,,,,0.980,-3.147,True,0.439,-1.160,0.63,31.21
1786962069.245,,0,,,,1.010,-3.108,True,0.440,0.455,0.24,30.08
1786962069.320,,0,,,,0.950,-3.185,True,0.439,0.456,0.24,30.25
1786962069.445,,0,,,,0.730,-3.468,True,0.435,-1.979,1.11,32.06
1786962069.520,,0,,,,0.580,-3.661,True,0.433,-1.906,1.07,32.06
1786962069.570,,0,,,,0.530,-3.726,True,0.432,-1.861,1.04,32.05
1786962069.695,,0,,,,0.420,-3.867,True,0.430,-1.805,1.01,32.01
1786962069.770,,0,,,,0.390,-3.906,True,0.430,-0.917,0.50,31.33
1786962069.870,,0,,,,0.430,-3.854,True,0.430,-0.745,0.41,31.33
1786962070.045,,0,,,,0.540,-3.713,True,0.432,0.591,0.32,30.92
1786962070.120,,0,,,,0.600,-3.636,True,0.433,-1.686,0.97,32.92
1786962070.220,,0,,,,0.530,-3.726,True,0.432,0.311,0.17,31.13
1786962070.320,,0,,,,0.360,-3.945,True,0.429,-0.039,0.02,31.09
1786962070.395,,0,,,,0.200,-4.150,True,0.426,0.124,0.07,31.32
1786962070.445,,0,,,,-0.020,-4.433,True,0.423,0.194,0.11,31.31
1786962070.545,,0,,,,-0.160,-4.614,True,0.421,0.286,0.16,31.46
1786962070.670,,0,,,,-0.170,-4.626,True,0.420,-0.799,0.45,32.22
1786962070.745,,0,,,,-0.100,-4.536,True,0.422,-1.751,1.02,33.45
1786962070.845,,0,,,,-0.030,-4.446,True,0.423,-1.757,1.02,33.42
1786962070.895,,0,,,,-0.010,-4.421,True,0.423,-0.936,0.54,32.92
1786962070.970,,0,,,,-0.030,-4.446,True,0.423,-0.753,0.43,32.70
1786962071.070,,0,,,,-0.120,-4.562,True,0.421,-0.201,0.11,31.99
1786962071.170,,0,,,,-0.150,-4.601,True,0.421,-0.233,0.13,31.98
1786962071.245,,0,,,,-0.110,-4.549,True,0.421,-0.132,0.07,31.96
1786962071.345,,0,,,,0.000,-4.408,True,0.423,-0.907,0.52,32.90
1786962071.445,,0,,,,0.110,-4.266,True,0.425,-0.108,0.06,32.38
1786962071.520,,0,,,,0.110,-4.266,True,0.425,-0.042,0.02,32.47
1786962071.620,,0,,,,0.000,-4.408,True,0.423,-0.223,0.13,32.45
1786962071.745,,0,,,,-0.200,-4.665,True,0.420,-0.055,0.03,32.71
1786962071.895,,0,,,,-0.210,-4.678,True,0.420,0.192,0.11,32.67
1786962071.970,,0,,,,-0.020,-4.433,True,0.423,-0.135,0.08,32.90
1786962072.145,,0,,,,0.270,-4.060,True,0.428,-1.530,0.91,34.21
1786962072.220,,0,,,,0.220,-4.125,True,0.427,-0.232,0.13,33.23
1786962072.295,,0,,,,0.060,-4.331,True,0.424,-0.680,0.39,33.27
1786962072.370,,0,,,,-0.150,-4.601,True,0.421,-0.663,0.38,33.26
1786962072.445,,0,,,,-0.460,-5.000,True,0.416,-1.683,1.02,34.56
1786962072.520,,0,,,,-0.690,-5.296,True,0.412,-0.614,0.36,33.52
1786962072.620,,0,,,,-0.730,-5.347,True,0.412,-0.883,0.52,33.61
1786962072.695,,0,,,,-0.600,-5.180,True,0.414,-0.782,0.46,33.59
1786962072.795,,0,,,,-0.400,-4.922,True,0.417,-0.773,0.45,33.56
1786962073.195,,0,,,,-0.820,-5.463,True,0.410,-1.097,0.65,34.03
1786962073.345,,0,,,,-1.430,-6.221,True,0.405,-0.759,0.46,34.44
1786962073.420,,0,,,,-1.640,-6.435,True,0.412,-0.700,0.42,34.42
1786962073.520,,0,,,,-1.630,-6.425,True,0.412,-0.709,0.43,34.54
1786962073.595,,0,,,,-1.510,-6.303,True,0.408,-1.319,0.80,34.76
1786962073.695,,0,,,,-1.360,-6.150,True,0.403,-1.422,0.86,34.86
1786962073.770,,0,,,,-1.150,-5.887,True,0.405,-1.411,0.86,34.85
1786962073.845,,0,,,,-1.090,-5.810,True,0.406,-1.605,0.98,34.82
1786962073.920,,0,,,,-1.120,-5.849,True,0.405,-1.730,1.06,35.11
1786962074.095,,0,,,,-1.280,-6.055,True,0.403,-1.653,1.02,35.21
1786962074.395,,0,,,,-1.900,-6.701,True,0.421,-1.999,1.24,35.57
1786962074.795,,0,,,,-1.390,-6.180,True,0.404,-2.483,1.56,36.07
1786962074.895,,0,,,,-1.230,-5.990,True,0.404,-2.318,1.47,36.24
1786962075.095,,0,,,,-1.390,-6.180,True,0.404,-1.970,1.25,36.36
1786962075.620,,0,,,,-1.650,-6.446,True,0.412,-1.551,1.00,36.99
1786962075.720,,0,,,,-1.170,-5.913,True,0.405,-1.348,0.87,37.13
1786962075.795,,0,,,,-0.820,-5.463,True,0.410,-1.550,1.01,37.24
1786962075.870,,0,,,,-0.680,-5.283,True,0.412,-1.579,1.03,37.22
1786962075.945,,0,,,,-0.650,-5.244,True,0.413,-0.942,0.61,37.26
1786962076.095,,0,,,,-0.970,-5.656,True,0.408,-1.182,0.77,37.41
1786962076.195,,0,,,,-1.570,-6.364,True,0.410,-0.310,0.20,37.49
1786962076.645,,0,,,,-1.470,-6.262,True,0.407,-0.380,0.25,38.02
1786962076.745,,0,,,,-1.210,-5.965,True,0.404,-0.603,0.40,38.19
1786962076.819,,0,,,,-1.010,-5.707,True,0.407,-0.493,0.33,38.27
1786962076.920,,0,,,,-0.990,-5.682,True,0.407,-0.098,0.07,38.46
1786962077.020,,0,,,,-1.110,-5.836,True,0.406,-0.196,0.13,38.62
1786962077.095,,0,,,,-1.290,-6.068,True,0.403,0.008,0.01,38.60
1786962077.170,,0,,,,-1.450,-6.241,True,0.406,-0.659,0.45,38.74
1786962077.245,,0,,,,-1.520,-6.313,True,0.408,-0.258,0.17,38.75
1786962077.345,,0,,,,-1.480,-6.272,True,0.407,-0.048,0.03,38.73
1786962077.419,,0,,,,-1.350,-6.139,True,0.403,0.196,0.13,38.72
1786962077.470,,0,,,,-1.240,-6.003,True,0.404,0.311,0.21,38.71
1786962077.570,,0,,,,-0.880,-5.540,True,0.409,0.059,0.04,39.10
1786962077.670,,0,,,,-0.700,-5.308,True,0.412,0.038,0.03,39.08
1786962077.795,,0,,,,-0.650,-5.244,True,0.413,0.078,0.05,39.03
1786962077.894,,0,,,,-0.760,-5.386,True,0.411,0.395,0.27,39.48
1786962077.969,,0,,,,-0.900,-5.566,True,0.409,0.655,0.45,39.50
1786962078.045,,0,,,,-1.080,-5.797,True,0.406,0.293,0.20,39.72
1786962078.420,,0,,,,-1.440,-6.231,True,0.406,0.464,0.32,40.11
1786962078.519,,0,,,,-1.440,-6.231,True,0.406,0.483,0.34,40.08
1786962078.645,,0,,,,-1.380,-6.170,True,0.404,0.382,0.27,40.06
1786962078.719,,0,,,,-1.320,-6.106,True,0.402,0.101,0.07,40.47
1786962078.794,,0,,,,-1.280,-6.055,True,0.403,0.064,0.05,40.46
1786962087.494,,0,,,,-13.080,-17.649,True,0.707,15.352,13.53,51.12
1786962087.569,,0,,,,-13.210,-17.753,True,0.703,15.513,13.67,51.11
1786962087.644,,0,,,,-13.270,-17.801,True,0.701,16.535,14.86,52.22
1786962087.994,,0,,,,-13.830,-18.249,True,0.683,-0.109,0.10,51.13
1786962088.069,,0,,,,-13.990,-18.377,True,0.678,0.018,0.02,51.70
1786962088.194,,0,,,,-14.210,-18.553,True,0.671,-0.680,0.61,51.64
1786962088.344,,0,,,,-14.390,-18.697,True,0.665,-1.368,1.24,52.15
1786962088.794,,0,,,,-13.980,-18.369,True,0.678,-1.056,0.98,53.36
1786962089.294,,0,,,,-14.100,-18.465,True,0.674,-1.294,1.20,53.37
1786962089.369,,0,,,,-14.140,-18.497,True,0.673,-1.883,1.76,53.54
1786962089.744,,0,,,,-14.020,-18.401,True,0.677,-2.269,2.12,53.56
1786962089.869,,0,,,,-14.100,-18.465,True,0.674,-2.488,2.32,53.52
1786962090.144,,0,,,,-14.700,-18.945,True,0.655,-2.023,1.94,54.96
1786962090.494,,0,,,,-14.490,-18.777,True,0.662,-1.353,1.30,54.92
1786962090.594,,0,,,,-14.230,-18.569,True,0.670,-2.104,2.01,54.74
1786962090.669,,0,,,,-14.150,-18.505,True,0.673,-1.792,1.73,55.28
1786962090.744,,0,,,,-14.170,-18.521,True,0.672,-1.992,1.93,55.56
1786962090.844,,0,,,,-14.340,-18.657,True,0.667,-2.115,2.05,55.53
1786962090.919,,0,,,,-14.460,-18.753,True,0.663,-2.170,2.10,55.51
1786962090.994,,0,,,,-14.590,-18.857,True,0.659,-2.217,2.15,55.49
1786962091.094,,0,,,,-14.600,-18.865,True,0.658,-2.514,2.40,54.80
1786962091.169,,0,,,,-14.520,-18.801,True,0.661,-2.550,2.44,54.80
1786962091.244,,0,,,,-14.430,-18.729,True,0.664,-2.534,2.42,54.78
1786962091.345,,0,,,,-14.170,-18.521,True,0.672,-2.901,2.80,55.39
1786962091.419,,0,,,,-14.050,-18.425,True,0.676,-2.090,2.04,55.91
1786962091.519,,0,,,,-14.060,-18.433,True,0.676,-1.765,1.72,55.86
1786962091.594,,0,,,,-14.130,-18.489,True,0.673,-1.785,1.74,55.83
1786962091.644,,0,,,,-14.240,-18.577,True,0.670,-2.433,2.37,55.82
1786962091.719,,0,,,,-14.350,-18.665,True,0.666,-2.520,2.45,55.80
1786962091.794,,0,,,,-14.510,-18.793,True,0.661,-2.281,2.24,56.28
1786962091.869,,0,,,,-14.690,-18.937,True,0.655,-2.421,2.38,56.27
1786962091.944,,0,,,,-14.720,-18.961,True,0.654,-2.285,2.24,56.29
1786962092.019,,0,,,,-14.750,-18.985,True,0.653,-2.341,2.30,56.43
1786962092.119,,0,,,,-14.630,-18.889,True,0.657,-2.641,2.60,56.43
1786962092.269,,0,,,,0.540,-3.713,True,0.432,-6.502,6.41,56.61
1786962092.344,,0,,,,6.760,4.226,True,0.529,-13.187,12.91,56.59
1786962092.444,,0,,,,8.220,5.888,True,0.509,-23.968,23.08,56.81
1786962092.544,,0,,,,8.660,6.388,True,0.503,-26.020,24.72,56.34
1786962092.594,,0,,,,8.740,6.479,True,0.502,-25.922,24.93,57.02
1786962092.694,,0,,,,8.720,6.457,True,0.503,-26.134,25.11,57.00
1786962092.794,,0,,,,8.750,6.491,True,0.502,-26.340,25.28,56.97
1786962094.894,,0,,,,1.290,-2.748,True,0.445,4.406,4.52,58.78
1786962094.969,,0,,,,1.030,-3.082,True,0.440,3.005,3.08,58.77
1786962095.044,,0,,,,0.880,-3.275,True,0.438,3.164,3.24,58.67
1786962095.094,,0,,,,0.590,-3.649,True,0.433,2.354,2.41,58.72
1786962095.144,,0,,,,0.440,-3.842,True,0.430,2.052,2.10,58.70
1786962095.319,,0,,,,0.330,-3.983,True,0.429,1.984,2.02,58.48
1786962095.394,,0,,,,0.560,-3.687,True,0.432,1.566,1.60,58.45
1786962095.469,,0,,,,0.770,-3.417,True,0.436,1.649,1.70,59.09
1786962095.569,,0,,,,0.990,-3.134,True,0.440,1.198,1.24,59.14
1786962095.644,,0,,,,1.060,-3.044,True,0.441,1.156,1.20,59.38
1786962095.694,,0,,,,1.060,-3.044,True,0.441,1.055,1.09,59.35
1786962095.744,,0,,,,0.950,-3.185,True,0.439,0.987,1.02,59.34
1786962095.794,,0,,,,0.740,-3.456,True,0.435,1.051,1.08,59.05
1786962095.894,,0,,,,0.200,-4.150,True,0.426,0.650,0.67,59.18
1786962095.969,,0,,,,-0.210,-4.678,True,0.420,0.993,1.03,59.20
1786962096.044,,0,,,,-0.480,-5.025,True,0.416,0.848,0.88,59.18
1786962096.144,,0,,,,-0.610,-5.193,True,0.413,0.633,0.65,58.93
1786962096.219,,0,,,,-0.580,-5.154,True,0.414,2.147,2.23,59.50
1786962096.294,,0,,,,-0.320,-4.819,True,0.418,1.998,2.07,59.47
1786962096.394,,0,,,,0.270,-4.060,True,0.428,1.891,1.96,59.44
1786962096.469,,0,,,,0.590,-3.649,True,0.433,1.883,1.95,59.43
1786962096.544,,0,,,,0.940,-3.198,True,0.439,1.639,1.70,59.41
1786962096.644,,0,,,,1.100,-2.992,True,0.441,1.383,1.43,59.39
1786962096.719,,0,,,,1.050,-3.057,True,0.441,1.180,1.22,59.36
1786962096.794,,0,,,,0.630,-3.597,True,0.434,0.899,0.93,59.34
1786962096.869,,0,,,,0.440,-3.842,True,0.430,0.914,0.95,59.33
1786962096.944,,0,,,,-0.030,-4.446,True,0.423,0.890,0.92,59.31
1786962097.019,,0,,,,-0.170,-4.626,True,0.420,0.445,0.46,59.61
1786962097.094,,0,,,,-0.350,-4.858,True,0.418,0.449,0.47,59.60
1786962097.144,,0,,,,-0.290,-4.781,True,0.419,0.436,0.45,59.57
1786962097.244,,0,,,,-0.070,-4.498,True,0.422,0.155,0.16,59.62
1786962097.344,,0,,,,0.150,-4.215,True,0.426,0.024,0.02,59.60
1786962097.444,,0,,,,0.330,-3.983,True,0.429,0.886,0.93,59.84
1786962097.594,,0,,,,-0.040,-4.459,True,0.423,0.917,0.96,60.01
1786962097.694,,0,,,,-0.430,-4.961,True,0.416,0.603,0.63,59.72
1786962097.794,,0,,,,-0.880,-5.540,True,0.409,-0.222,0.23,59.80
1786962097.869,,0,,,,-1.110,-5.836,True,0.406,-0.303,0.32,59.79
1786962097.944,,0,,,,-1.150,-5.887,True,0.405,0.417,0.44,59.89
1786962098.044,,0,,,,-1.120,-5.849,True,0.405,0.463,0.48,59.96
1786962098.144,,0,,,,-0.860,-5.514,True,0.409,-0.092,0.10,59.86
1786962098.244,,0,,,,-0.500,-5.051,True,0.415,0.324,0.34,59.81
1786962098.344,,0,,,,-0.230,-4.704,True,0.420,0.561,0.59,60.28
1786962098.419,,0,,,,-0.040,-4.459,True,0.423,0.685,0.72,60.05
1786962098.519,,0,,,,0.010,-4.395,True,0.423,0.446,0.47,60.02
1786962098.594,,0,,,,-0.100,-4.536,True,0.422,0.211,0.22,60.09
1786962098.694,,0,,,,-0.290,-4.781,True,0.419,-0.057,0.06,60.03
1786962098.769,,0,,,,-0.580,-5.154,True,0.414,-0.181,0.19,59.99
1786962098.844,,0,,,,-0.690,-5.296,True,0.412,-0.192,0.20,59.96
1786962098.944,,0,,,,-0.800,-5.437,True,0.410,0.681,0.71,59.96
1786962102.044,,0,,,,-0.750,-5.373,True,0.411,-0.009,0.01,60.51
1786962102.119,,0,,,,-0.400,-4.922,True,0.417,-0.064,0.07,60.49
1786962102.194,,0,,,,-0.130,-4.575,True,0.421,-0.074,0.08,60.47
1786962102.244,,0,,,,-0.020,-4.433,True,0.423,-0.099,0.10,60.46
1786962102.369,,0,,,,0.270,-4.060,True,0.428,-0.293,0.31,60.44
1786962102.444,,0,,,,0.370,-3.932,True,0.429,0.854,0.90,60.39
1786962102.569,,0,,,,0.410,-3.880,True,0.430,0.754,0.79,60.37
1786962102.644,,0,,,,0.290,-4.035,True,0.428,0.504,0.53,60.34
1786962102.719,,0,,,,0.100,-4.279,True,0.425,0.569,0.60,60.40
1786962102.819,,0,,,,-0.160,-4.614,True,0.421,-0.063,0.07,60.59
1786962102.894,,0,,,,-0.310,-4.807,True,0.418,-0.001,0.00,60.58
1786962102.969,,0,,,,-0.450,-4.987,True,0.416,0.634,0.67,60.23
1786962103.069,,0,,,,-0.590,-5.167,True,0.414,0.400,0.42,60.39
1786962103.094,,0,,,,-0.650,-5.244,True,0.413,0.388,0.41,60.38
1786962103.169,,0,,,,-0.790,-5.424,True,0.411,0.501,0.53,60.56
1786962103.294,,0,,,,-0.890,-5.553,True,0.409,0.503,0.53,60.66
1786962103.369,,0,,,,-1.000,-5.694,True,0.407,0.349,0.37,60.65
1786962103.444,,0,,,,-1.100,-5.823,True,0.406,-0.183,0.19,60.68
1786962103.519,,0,,,,-1.160,-5.900,True,0.405,0.488,0.52,60.76
1786962103.594,,0,,,,-1.210,-5.965,True,0.404,0.353,0.37,60.74
1786962103.719,,0,,,,-1.170,-5.913,True,0.405,0.312,0.33,60.71
1786962103.769,,0,,,,-1.140,-5.875,True,0.405,0.251,0.27,60.56
1786962103.844,,0,,,,-1.030,-5.733,True,0.407,0.228,0.24,60.55
1786962103.919,,0,,,,-0.880,-5.540,True,0.409,0.189,0.20,60.52
1786962104.019,,0,,,,-0.630,-5.218,True,0.413,1.012,1.07,60.33
1786962104.094,,0,,,,-0.450,-4.987,True,0.416,0.942,0.99,60.31
1786962104.194,,0,,,,-0.110,-4.549,True,0.421,-0.543,0.58,60.75
1786962104.269,,0,,,,0.120,-4.253,True,0.425,-0.609,0.65,60.73
1786962104.369,,0,,,,0.350,-3.957,True,0.429,-0.780,0.83,60.71
1786962104.444,,0,,,,0.430,-3.854,True,0.430,0.717,0.76,60.35
1786962104.544,,0,,,,0.410,-3.880,True,0.430,0.333,0.35,60.68
1786962104.619,,0,,,,0.330,-3.983,True,0.429,0.634,0.67,60.33
1786962104.794,,0,,,,0.100,-4.279,True,0.425,1.056,1.11,60.27
1786962104.844,,0,,,,-0.010,-4.421,True,0.423,0.967,1.02,60.33
1786962105.044,,0,,,,-0.430,-4.961,True,0.416,0.649,0.69,60.54
1786962105.144,,0,,,,-0.620,-5.205,True,0.413,0.457,0.48,60.52
1786962105.244,,0,,,,-0.710,-5.321,True,0.412,0.401,0.42,60.50
1786962105.319,,0,,,,-0.670,-5.270,True,0.412,0.383,0.40,60.47
1786962105.494,,0,,,,-0.240,-4.717,True,0.419,0.220,0.23,60.42
1786962105.619,,0,,,,0.060,-4.331,True,0.424,0.040,0.04,60.40
1786962105.769,,0,,,,0.180,-4.176,True,0.426,0.856,0.90,60.03
1786962105.869,,0,,,,0.170,-4.189,True,0.426,0.709,0.74,60.02
1786962106.019,,0,,,,0.190,-4.163,True,0.426,1.446,1.51,59.96
1786962106.119,,0,,,,0.270,-4.060,True,0.428,1.385,1.45,59.94
1786962106.219,,0,,,,0.390,-3.906,True,0.430,2.981,3.09,59.42
1786962106.294,,0,,,,0.480,-3.790,True,0.431,0.553,0.59,60.73
1786962106.369,,0,,,,0.510,-3.752,True,0.432,0.431,0.46,60.71
1786962106.419,,0,,,,0.460,-3.816,True,0.431,0.199,0.21,60.69
1786962106.569,,0,,,,0.220,-4.125,True,0.427,0.153,0.16,60.66
1786962106.669,,0,,,,-0.020,-4.433,True,0.423,0.977,1.02,59.94
1786962106.719,,0,,,,-0.290,-4.781,True,0.419,0.974,1.02,59.93
1786962106.819,,0,,,,-0.480,-5.025,True,0.416,0.238,0.25,60.57
1786962106.869,,0,,,,-0.590,-5.167,True,0.414,1.175,1.23,59.82
1786962106.919,,0,,,,-0.640,-5.231,True,0.413,1.095,1.14,59.81
1786962106.994,,0,,,,-0.660,-5.257,True,0.413,1.031,1.08,59.80
1786962107.044,,0,,,,-0.610,-5.193,True,0.413,0.948,0.99,59.80
1786962107.119,,0,,,,-0.530,-5.090,True,0.415,0.750,0.79,60.00
1786962107.194,,0,,,,-0.390,-4.910,True,0.417,0.574,0.60,59.98
1786962107.294,,0,,,,-0.060,-4.485,True,0.422,0.340,0.36,59.96
1786962107.419,,0,,,,0.170,-4.189,True,0.426,1.488,1.54,59.40
1786962107.494,,0,,,,0.320,-3.996,True,0.428,0.702,0.73,59.77
1786962107.594,,0,,,,0.520,-3.739,True,0.432,0.693,0.73,60.05
1786962107.694,,0,,,,0.710,-3.494,True,0.435,0.044,0.05,60.01
1786962107.769,,0,,,,0.740,-3.456,True,0.435,-0.144,0.15,59.99
1786962107.844,,0,,,,0.790,-3.391,True,0.436,0.437,0.46,59.69
1786962107.944,,0,,,,0.630,-3.597,True,0.434,0.918,0.95,59.42
1786962108.044,,0,,,,0.380,-3.919,True,0.429,0.175,0.18,59.78
1786962108.119,,0,,,,0.260,-4.073,True,0.427,0.192,0.20,59.75
1786962108.194,,0,,,,0.080,-4.305,True,0.425,0.092,0.10,59.74
1786962108.244,,0,,,,0.000,-4.408,True,0.423,0.129,0.13,59.72
1786962108.344,,0,,,,-0.100,-4.536,True,0.422,0.242,0.25,59.94
1786962108.394,,0,,,,-0.110,-4.549,True,0.421,0.230,0.24,59.92
1786962108.494,,0,,,,-0.140,-4.588,True,0.421,-0.480,0.51,60.59
1786962108.569,,0,,,,-0.150,-4.601,True,0.421,0.175,0.18,59.64
1786962108.669,,0,,,,-0.220,-4.691,True,0.420,0.316,0.33,59.78
1786962108.744,,0,,,,-0.260,-4.742,True,0.419,0.190,0.20,59.76
1786962108.794,,0,,,,-0.300,-4.794,True,0.418,0.262,0.27,59.53
1786962108.869,,0,,,,-0.330,-4.832,True,0.418,0.233,0.24,59.48
1786962108.969,,0,,,,-0.310,-4.807,True,0.418,0.183,0.19,59.46
1786962109.044,,0,,,,-0.230,-4.704,True,0.420,0.345,0.36,59.38
1786962109.194,,0,,,,-0.130,-4.575,True,0.421,0.086,0.09,59.35
1786962109.294,,0,,,,-0.090,-4.524,True,0.422,0.426,0.44,59.05
1786962109.369,,0,,,,-0.030,-4.446,True,0.423,0.354,0.37,59.03
1786962109.444,,0,,,,-0.050,-4.472,True,0.422,0.090,0.09,59.19
1786962109.519,,0,,,,-0.100,-4.536,True,0.422,-0.001,0.00,59.17
1786962109.594,,0,,,,-0.200,-4.665,True,0.420,-0.071,0.07,59.16
1786962109.669,,0,,,,-0.350,-4.858,True,0.418,-0.069,0.07,59.22
1786962109.769,,0,,,,-0.590,-5.167,True,0.414,-0.207,0.21,59.12
1786962109.844,,0,,,,-0.670,-5.270,True,0.412,-0.297,0.31,59.10
1786962109.969,,0,,,,-0.790,-5.424,True,0.411,-0.181,0.19,58.87
1786962110.019,,0,,,,-0.800,-5.437,True,0.410,0.015,0.02,58.97
1786962110.094,,0,,,,-0.750,-5.373,True,0.411,-0.612,0.64,59.83
1786962110.194,,0,,,,-0.710,-5.321,True,0.412,-0.325,0.33,58.78
1786962110.269,,0,,,,-0.700,-5.308,True,0.412,-0.434,0.44,58.77
1786962110.319,,0,,,,-0.630,-5.218,True,0.413,-0.333,0.34,58.86
1786962110.444,,0,,,,-0.600,-5.180,True,0.414,-0.156,0.16,59.46
1786962110.544,,0,,,,-0.560,-5.128,True,0.414,-0.398,0.41,58.46
1786962110.619,,0,,,,-0.550,-5.115,True,0.414,-0.467,0.48,58.44
1786962110.694,,0,,,,-0.470,-5.012,True,0.416,-0.279,0.29,58.53
1786962110.769,,0,,,,-0.430,-4.961,True,0.416,-0.857,0.88,58.83
1786962110.869,,0,,,,-0.280,-4.768,True,0.419,-0.863,0.89,58.81
1786962110.944,,0,,,,-0.240,-4.717,True,0.419,-0.859,0.88,58.79
1786962111.019,,0,,,,-0.180,-4.639,True,0.420,0.116,0.12,57.98
1786962111.069,,0,,,,-0.090,-4.524,True,0.422,0.095,0.10,57.97
1786962111.169,,0,,,,-0.030,-4.446,True,0.423,-0.083,0.08,58.04
1786962111.269,,0,,,,-0.010,-4.421,True,0.423,-0.059,0.06,58.38
1786962111.344,,0,,,,-0.050,-4.472,True,0.422,0.070,0.07,57.79
1786962111.444,,0,,,,-0.190,-4.652,True,0.420,-0.362,0.37,59.24
1786962111.519,,0,,,,-0.330,-4.832,True,0.418,-0.368,0.38,59.22
1786962111.619,,0,,,,-0.520,-5.077,True,0.415,-0.617,0.63,58.37
1786962111.694,,0,,,,-0.670,-5.270,True,0.412,-0.712,0.73,58.65
1786962111.769,,0,,,,-0.750,-5.373,True,0.411,0.169,0.17,57.78
1786962111.844,,0,,,,-0.750,-5.373,True,0.411,0.134,0.13,57.75
1786962111.969,,0,,,,-0.720,-5.334,True,0.412,-0.426,0.43,58.24
1786962112.044,,0,,,,-0.620,-5.205,True,0.413,-0.065,0.07,57.63
1786962112.119,,0,,,,-0.570,-5.141,True,0.414,-0.142,0.14,57.92
1786962112.194,,0,,,,-0.510,-5.064,True,0.415,-0.120,0.12,57.82
1786962112.269,,0,,,,-0.450,-4.987,True,0.416,-0.166,0.17,57.81
1786962112.369,,0,,,,-0.420,-4.948,True,0.416,0.396,0.40,57.21
1786962112.444,,0,,,,-0.350,-4.858,True,0.418,0.265,0.27,58.20
1786962112.519,,0,,,,-0.230,-4.704,True,0.420,0.266,0.27,58.19
1786962112.594,,0,,,,-0.160,-4.614,True,0.421,0.252,0.26,58.16
1786962112.644,,0,,,,-0.010,-4.421,True,0.423,0.219,0.22,58.16
1786962112.744,,0,,,,0.060,-4.331,True,0.424,0.648,0.64,56.80
1786962112.819,,0,,,,0.110,-4.266,True,0.425,0.624,0.62,56.79
1786962112.919,,0,,,,0.160,-4.202,True,0.426,0.524,0.52,56.76
1786962112.994,,0,,,,0.120,-4.253,True,0.425,0.684,0.68,57.07
1786962113.094,,0,,,,0.060,-4.331,True,0.424,0.561,0.56,57.05
1786962113.194,,0,,,,0.010,-4.395,True,0.423,0.518,0.52,57.04
1786962113.269,,0,,,,-0.050,-4.472,True,0.422,0.230,0.23,57.00
1786962113.319,,0,,,,-0.090,-4.524,True,0.422,0.209,0.21,56.99
1786962113.444,,0,,,,-0.080,-4.511,True,0.422,0.341,0.34,56.40
1786962113.519,,0,,,,-0.080,-4.511,True,0.422,-0.067,0.07,57.23
1786962113.594,,0,,,,-0.090,-4.524,True,0.422,-0.013,0.01,57.21
1786962113.669,,0,,,,-0.110,-4.549,True,0.421,0.004,0.00,57.20
1786962113.769,,0,,,,-0.190,-4.652,True,0.420,0.582,0.58,57.59
1786962113.819,,0,,,,-0.230,-4.704,True,0.420,0.559,0.56,57.57
1786962113.894,,0,,,,-0.270,-4.755,True,0.419,0.537,0.54,57.56
1786962113.969,,0,,,,-0.280,-4.768,True,0.419,0.016,0.02,57.84
1786962114.044,,0,,,,-0.260,-4.742,True,0.419,-0.089,0.09,57.81
1786962114.119,,0,,,,-0.230,-4.704,True,0.420,-0.100,0.10,57.80
1786962114.194,,0,,,,-0.150,-4.601,True,0.421,-0.150,0.15,57.77
1786962114.269,,0,,,,-0.050,-4.472,True,0.422,0.871,0.86,56.38
1786962114.344,,0,,,,0.000,-4.408,True,0.423,0.820,0.81,56.37
1786962114.444,,0,,,,0.130,-4.240,True,0.425,-0.185,0.18,57.21
1786962114.519,,0,,,,0.210,-4.138,True,0.427,0.140,0.14,57.51
1786962114.594,,0,,,,0.300,-4.022,True,0.428,0.127,0.13,57.07
1786962114.669,,0,,,,0.420,-3.867,True,0.430,0.050,0.05,57.06
1786962114.719,,0,,,,0.540,-3.713,True,0.432,0.332,0.33,56.25
1786962114.819,,0,,,,0.730,-3.468,True,0.435,0.271,0.27,56.23
1786962114.894,,0,,,,0.800,-3.378,True,0.436,0.144,0.14,56.22
1786962114.969,,0,,,,0.860,-3.301,True,0.437,0.328,0.32,56.49
1786962115.019,,0,,,,0.820,-3.353,True,0.437,0.218,0.21,56.47
1786962115.144,,0,,,,0.650,-3.571,True,0.434,0.241,0.24,56.45
1786962115.194,,0,,,,0.510,-3.752,True,0.432,0.193,0.19,56.43
1786962115.319,,0,,,,0.190,-4.163,True,0.426,0.855,0.83,55.42
1786962115.369,,0,,,,0.080,-4.305,True,0.425,0.729,0.71,55.92
1786962115.469,,0,,,,-0.010,-4.421,True,0.423,0.777,0.76,55.89
1786962115.519,,0,,,,-0.030,-4.446,True,0.423,0.794,0.77,55.88
1786962115.594,,0,,,,0.000,-4.408,True,0.423,1.536,1.48,55.27
1786962115.719,,0,,,,0.230,-4.112,True,0.427,1.651,1.59,55.23
1786962115.769,,0,,,,0.340,-3.970,True,0.429,1.543,1.49,55.23
1786962115.869,,0,,,,0.410,-3.880,True,0.430,1.024,0.99,55.48
1786962115.944,,0,,,,0.410,-3.880,True,0.430,0.896,0.87,55.46
1786962116.019,,0,,,,0.420,-3.867,True,0.430,-0.202,0.20,55.57
1786962116.094,,0,,,,0.310,-4.009,True,0.428,0.499,0.48,54.80
1786962116.169,,0,,,,0.220,-4.125,True,0.427,0.462,0.44,54.79
1786962116.219,,0,,,,0.190,-4.163,True,0.426,0.480,0.46,54.78
1786962116.294,,0,,,,0.120,-4.253,True,0.425,0.422,0.40,54.77
1786962116.344,,0,,,,0.050,-4.343,True,0.424,0.158,0.15,55.51
1786962116.469,,0,,,,0.080,-4.305,True,0.425,0.203,0.20,56.48
1786962116.519,,0,,,,0.110,-4.266,True,0.425,0.248,0.24,56.47
1786962116.594,,0,,,,0.210,-4.138,True,0.427,0.210,0.21,56.44
1786962116.669,,0,,,,0.290,-4.035,True,0.428,0.131,0.13,56.44
1786962116.744,,0,,,,0.400,-3.893,True,0.430,0.577,0.55,54.43
1786962116.844,,0,,,,0.520,-3.739,True,0.432,0.525,0.50,54.40
1786962116.944,,0,,,,0.640,-3.584,True,0.434,0.392,0.37,54.39
1786962117.019,,0,,,,0.650,-3.571,True,0.434,0.184,0.17,54.37
1786962117.094,,0,,,,0.650,-3.571,True,0.434,1.066,1.01,54.13
1786962117.169,,0,,,,0.570,-3.674,True,0.433,0.309,0.29,53.82
1786962117.244,,0,,,,0.460,-3.816,True,0.431,0.243,0.23,53.81
1786962117.344,,0,,,,0.380,-3.919,True,0.429,0.180,0.17,54.07
1786962117.419,,0,,,,0.350,-3.957,True,0.429,0.201,0.19,54.68
1786962117.519,,0,,,,0.400,-3.893,True,0.430,0.169,0.16,54.44
1786962117.569,,0,,,,0.480,-3.790,True,0.431,0.074,0.07,54.43
1786962117.694,,0,,,,0.580,-3.661,True,0.433,0.164,0.16,54.48
1786962117.769,,0,,,,0.540,-3.713,True,0.432,0.017,0.02,53.85
1786962117.819,,0,,,,0.370,-3.932,True,0.429,-0.081,0.08,53.83
1786962117.869,,0,,,,0.130,-4.240,True,0.425,0.827,0.78,53.73
1786962117.969,,0,,,,-0.230,-4.704,True,0.420,-0.148,0.14,55.10
1786962118.044,,0,,,,-0.440,-4.974,True,0.416,-0.190,0.18,55.08
1786962118.119,,0,,,,-0.680,-5.283,True,0.412,-0.122,0.12,55.07
1786962118.219,,0,,,,-0.570,-5.141,True,0.414,0.630,0.58,52.61
1786962118.269,,0,,,,-0.350,-4.858,True,0.418,0.458,0.42,52.60
1786962118.344,,0,,,,0.000,-4.408,True,0.423,0.416,0.38,52.58
1786962118.444,,0,,,,0.320,-3.996,True,0.428,0.401,0.37,52.56
1786962118.494,,0,,,,0.470,-3.803,True,0.431,0.753,0.70,53.65
1786962118.569,,0,,,,0.570,-3.674,True,0.433,0.729,0.68,53.65
1786962118.669,,0,,,,0.540,-3.713,True,0.432,0.061,0.06,52.81
1786962118.744,,0,,,,0.400,-3.893,True,0.430,-0.076,0.07,52.80
1786962118.819,,0,,,,0.080,-4.305,True,0.425,-0.035,0.03,52.78
1786962118.894,,0,,,,-0.090,-4.524,True,0.422,-0.068,0.06,52.49
1786962118.969,,0,,,,-0.230,-4.704,True,0.420,-0.051,0.05,52.49
1786962119.044,,0,,,,-0.120,-4.562,True,0.421,-0.019,0.02,52.46
1786962119.119,,0,,,,0.020,-4.382,True,0.424,1.233,1.13,52.71
1786962119.194,,0,,,,0.250,-4.086,True,0.427,1.249,1.15,52.68
1786962119.269,,0,,,,0.680,-3.533,True,0.434,1.202,1.10,52.68
1786962119.369,,0,,,,0.990,-3.134,True,0.440,0.639,0.59,52.63
1786962119.444,,0,,,,1.130,-2.954,True,0.442,0.427,0.39,52.60
1786962119.544,,0,,,,1.100,-2.992,True,0.441,0.286,0.26,52.58
1786962119.619,,0,,,,0.990,-3.134,True,0.440,0.153,0.14,52.59
1786962119.669,,0,,,,0.690,-3.520,True,0.435,-0.199,0.18,52.58
1786962119.744,,0,,,,0.360,-3.945,True,0.429,0.872,0.81,53.07
1786962119.794,,0,,,,0.230,-4.112,True,0.427,1.045,0.97,53.05
1786962119.869,,0,,,,-0.030,-4.446,True,0.423,0.418,0.38,51.61
1786962119.944,,0,,,,-0.170,-4.626,True,0.420,0.508,0.46,51.59
1786962120.044,,0,,,,-0.230,-4.704,True,0.420,0.617,0.56,51.57
1786962120.119,,0,,,,-0.190,-4.652,True,0.420,0.211,0.20,53.41
1786962120.194,,0,,,,-0.070,-4.498,True,0.422,0.338,0.30,51.47
1786962120.294,,0,,,,0.040,-4.356,True,0.424,0.396,0.36,51.46
1786962120.369,,0,,,,0.150,-4.215,True,0.426,-0.171,0.15,51.44
1786962120.469,,0,,,,0.190,-4.163,True,0.426,0.062,0.06,51.41
1786962120.519,,0,,,,0.170,-4.189,True,0.426,1.822,1.62,50.84
1786962120.594,,0,,,,0.040,-4.356,True,0.424,1.531,1.37,51.45
1786962120.769,,0,,,,-0.160,-4.614,True,0.421,0.861,0.77,51.43
1786962120.844,,0,,,,-0.260,-4.742,True,0.419,0.525,0.47,51.39
1786962121.019,,0,,,,-0.140,-4.588,True,0.421,-0.585,0.52,50.67
1786962121.069,,0,,,,-0.050,-4.472,True,0.422,-0.799,0.71,50.66
1786962121.144,,0,,,,0.020,-4.382,True,0.424,-0.876,0.77,50.64
1786962121.219,,0,,,,0.200,-4.150,True,0.426,-0.896,0.79,50.58
1786962121.269,,0,,,,0.230,-4.112,True,0.427,-0.877,0.78,51.20
1786962121.344,,0,,,,0.240,-4.099,True,0.427,-1.017,0.91,51.19
1786962121.419,,0,,,,0.190,-4.163,True,0.426,-1.078,0.96,51.17
1786962121.519,,0,,,,0.060,-4.331,True,0.424,-0.708,0.62,50.17
1786962121.594,,0,,,,-0.140,-4.588,True,0.421,0.018,0.02,49.31
1786962121.769,,0,,,,-0.420,-4.948,True,0.416,-0.333,0.29,50.15
1786962121.844,,0,,,,-0.460,-5.000,True,0.416,0.178,0.16,50.55
1786962121.944,,0,,,,-0.300,-4.794,True,0.418,-0.398,0.34,48.93
1786962122.044,,0,,,,-0.140,-4.588,True,0.421,-0.726,0.64,50.60
1786962122.119,,0,,,,-0.010,-4.421,True,0.423,-0.902,0.80,50.58
1786962122.194,,0,,,,0.080,-4.305,True,0.425,-0.050,0.04,49.10
1786962122.269,,0,,,,0.100,-4.279,True,0.425,-0.070,0.06,49.35
1786962122.319,,0,,,,0.040,-4.356,True,0.424,-0.210,0.18,49.35
1786962122.394,,0,,,,-0.070,-4.498,True,0.422,-0.313,0.27,49.32
1786962122.444,,0,,,,-0.240,-4.717,True,0.419,-0.306,0.26,49.31
1786962122.594,,0,,,,-0.540,-5.103,True,0.415,-0.263,0.23,49.60
1786962122.669,,0,,,,-0.610,-5.193,True,0.413,-0.930,0.80,49.35
1786962122.744,,0,,,,-0.650,-5.244,True,0.413,-1.014,0.87,49.34
1786962122.844,,0,,,,-0.670,-5.270,True,0.412,-0.282,0.24,48.41
1786962122.894,,0,,,,-0.650,-5.244,True,0.413,-0.034,0.03,48.36
1786962122.994,,0,,,,-0.640,-5.231,True,0.413,-0.317,0.27,48.36
1786962123.044,,0,,,,-0.640,-5.231,True,0.413,-0.400,0.34,48.35
1786962123.119,,0,,,,-0.660,-5.257,True,0.413,-1.058,0.92,49.90
1786962123.194,,0,,,,-0.760,-5.386,True,0.411,-1.194,1.04,49.88
1786962123.269,,0,,,,-0.890,-5.553,True,0.409,-1.562,1.35,49.48
1786962123.319,,0,,,,-0.980,-5.669,True,0.408,0.163,0.14,48.57
1786962123.419,,0,,,,-1.060,-5.772,True,0.406,-0.639,0.54,48.52
1786962123.494,,0,,,,-1.050,-5.759,True,0.407,-0.720,0.61,48.51
1786962123.569,,0,,,,-0.990,-5.682,True,0.407,-0.736,0.61,47.85
1786962123.644,,0,,,,-0.720,-5.334,True,0.412,-0.858,0.72,48.35
1786962123.719,,0,,,,-0.610,-5.193,True,0.413,-1.057,0.89,48.32
1786962123.794,,0,,,,-0.450,-4.987,True,0.416,-0.896,0.76,48.47
1786962123.844,,0,,,,-0.390,-4.910,True,0.417,-0.617,0.51,47.50
1786962123.919,,0,,,,-0.400,-4.922,True,0.417,-0.760,0.63,47.49
1786962123.994,,0,,,,-0.480,-5.025,True,0.416,-1.157,0.95,46.98
1786962124.069,,0,,,,-0.570,-5.141,True,0.414,-1.123,0.94,47.84
1786962124.169,,0,,,,-0.730,-5.347,True,0.412,-1.077,0.90,47.83
1786962124.244,,0,,,,-0.860,-5.514,True,0.409,-0.696,0.58,48.03
1786962124.369,,0,,,,-1.020,-5.720,True,0.407,-0.445,0.37,47.77
1786962124.469,,0,,,,-1.070,-5.784,True,0.406,-0.918,0.77,48.14
1786962124.594,,0,,,,-1.100,-5.823,True,0.406,-0.899,0.74,47.44
1786962124.669,,0,,,,-1.100,-5.823,True,0.406,-1.532,1.29,48.40
1786962124.744,,0,,,,-1.080,-5.797,True,0.406,-1.248,1.03,47.11
1786962124.844,,0,,,,-1.030,-5.733,True,0.407,-1.373,1.13,47.08
1786962124.944,,0,,,,-0.890,-5.553,True,0.409,-1.558,1.28,47.07
1786962124.994,,0,,,,-0.790,-5.424,True,0.411,-1.631,1.34,47.05
1786962125.094,,0,,,,-0.610,-5.193,True,0.413,-1.725,1.42,47.03
1786962125.144,,0,,,,-0.520,-5.077,True,0.415,-1.116,0.91,46.71
1786962125.219,,0,,,,-0.410,-4.935,True,0.417,-1.200,0.98,46.69
1786962125.269,,0,,,,-0.450,-4.987,True,0.416,-1.194,0.97,46.68
1786962125.394,,0,,,,-0.550,-5.115,True,0.414,-0.630,0.51,46.62
1786962125.469,,0,,,,-0.620,-5.205,True,0.413,-0.558,0.45,46.61
1786962125.569,,0,,,,-0.640,-5.231,True,0.413,-0.655,0.53,46.67
1786962125.669,,0,,,,-0.620,-5.205,True,0.413,-0.575,0.46,45.77
1786962125.719,,0,,,,-0.610,-5.193,True,0.413,-1.188,0.96,46.31
1786962125.794,,0,,,,-0.600,-5.180,True,0.414,-1.207,0.98,46.30
1786962125.869,,0,,,,-0.580,-5.154,True,0.414,-1.257,1.01,46.26
1786962125.944,,0,,,,-0.630,-5.218,True,0.413,-1.298,1.05,46.25
1786962126.019,,0,,,,-0.640,-5.231,True,0.413,-1.301,1.05,46.23
1786962126.119,,0,,,,-0.720,-5.334,True,0.412,-1.331,1.07,46.21
1786962126.169,,0,,,,-0.750,-5.373,True,0.411,-1.344,1.08,46.20
1786962126.244,,0,,,,-0.800,-5.437,True,0.410,-0.329,0.26,45.64
1786962126.294,,0,,,,-0.810,-5.450,True,0.410,-0.314,0.25,45.63
1786962126.394,,0,,,,-0.790,-5.424,True,0.411,-0.361,0.29,45.62
1786962126.444,,0,,,,-0.790,-5.424,True,0.411,-0.404,0.32,45.60
1786962126.544,,0,,,,-0.730,-5.347,True,0.412,-0.321,0.25,44.47
1786962126.619,,0,,,,-0.630,-5.218,True,0.413,-0.362,0.28,44.45
1786962126.719,,0,,,,-0.530,-5.090,True,0.415,-0.444,0.34,44.43
1786962126.769,,0,,,,-0.480,-5.025,True,0.416,-0.471,0.37,44.42
1786962126.869,,0,,,,-0.410,-4.935,True,0.417,0.234,0.18,44.22
1786962126.969,,0,,,,-0.420,-4.948,True,0.416,-1.109,0.89,45.73
1786962127.019,,0,,,,-0.370,-4.884,True,0.417,-1.193,0.95,45.71
1786962127.119,,0,,,,-0.400,-4.922,True,0.417,-0.793,0.62,44.87
1786962127.194,,0,,,,-0.390,-4.910,True,0.417,-0.752,0.59,44.85
1786962127.269,,0,,,,-0.420,-4.948,True,0.416,-1.333,1.06,45.42
1786962127.369,,0,,,,-0.380,-4.897,True,0.417,-1.374,1.09,45.41
1786962127.444,,0,,,,-0.460,-5.000,True,0.416,-0.833,0.65,44.50
1786962127.544,,0,,,,-0.500,-5.051,True,0.415,0.097,0.07,43.60
1786962127.644,,0,,,,-0.640,-5.231,True,0.413,-0.053,0.04,43.45
1786962127.744,,0,,,,-0.750,-5.373,True,0.411,-1.565,1.22,44.76
1786962127.794,,0,,,,-0.830,-5.476,True,0.410,-1.574,1.23,44.73
1786962127.869,,0,,,,-0.900,-5.566,True,0.409,0.183,0.14,43.22
1786962127.994,,0,,,,-0.850,-5.501,True,0.410,-0.363,0.28,44.15
1786962128.119,,0,,,,-0.660,-5.257,True,0.413,-0.481,0.37,44.11
1786962128.194,,0,,,,-0.490,-5.038,True,0.415,-0.753,0.58,43.96
1786962128.319,,0,,,,-0.330,-4.832,True,0.418,-0.937,0.72,43.93
1786962128.419,,0,,,,-0.180,-4.639,True,0.420,-1.175,0.89,43.65
1786962128.544,,0,,,,-0.180,-4.639,True,0.420,-0.866,0.66,43.33
1786962128.644,,0,,,,-0.320,-4.819,True,0.418,-0.889,0.67,43.29
1786962128.769,,0,,,,-0.600,-5.180,True,0.414,-0.833,0.63,43.13
1786962128.869,,0,,,,-0.860,-5.514,True,0.409,-0.819,0.62,43.10
1786962128.994,,0,,,,-0.950,-5.630,True,0.408,-0.482,0.35,41.79
1786962129.144,,0,,,,-0.970,-5.656,True,0.408,0.034,0.02,41.94
1786962129.219,,0,,,,-0.990,-5.682,True,0.407,0.009,0.01,41.91
1786962129.294,,0,,,,-0.950,-5.630,True,0.408,-0.546,0.41,42.65
1786962129.394,,0,,,,-0.960,-5.643,True,0.408,-0.903,0.66,42.16
1786962129.494,,0,,,,-0.960,-5.643,True,0.408,-0.881,0.65,42.15
1786962129.569,,0,,,,-0.970,-5.656,True,0.408,-0.982,0.72,42.13
1786962129.669,,0,,,,-0.910,-5.579,True,0.409,-1.590,1.18,42.63
1786962129.744,,0,,,,-0.840,-5.489,True,0.410,-1.738,1.29,42.62
1786962129.819,,0,,,,-0.720,-5.334,True,0.412,-0.996,0.73,42.05
1786962129.919,,0,,,,-0.600,-5.180,True,0.414,-1.302,0.97,42.62
1786962129.969,,0,,,,-0.470,-5.012,True,0.416,-1.387,1.03,42.55
1786962130.069,,0,,,,-0.400,-4.922,True,0.417,-1.468,1.09,42.52
1786962130.144,,0,,,,-0.270,-4.755,True,0.419,-1.117,0.82,41.84
1786962130.194,,0,,,,-0.260,-4.742,True,0.419,-1.223,0.89,41.82
1786962130.269,,0,,,,-0.310,-4.807,True,0.418,-1.612,1.19,42.38
1786962130.369,,0,,,,-0.500,-5.051,True,0.415,-1.789,1.32,42.35
1786962130.444,,0,,,,-0.590,-5.167,True,0.414,-1.209,0.87,41.29
1786962130.519,,0,,,,-0.780,-5.411,True,0.411,-1.279,0.92,41.27
1786962130.594,,0,,,,-0.940,-5.617,True,0.408,-2.083,1.51,41.64
1786962130.669,,0,,,,-1.070,-5.784,True,0.406,-1.873,1.36,41.63
1786962130.744,,0,,,,-1.100,-5.823,True,0.406,-1.850,1.34,41.62
1786962130.794,,0,,,,-1.070,-5.784,True,0.406,0.020,0.01,39.96
1786962130.869,,0,,,,-0.990,-5.682,True,0.407,-0.024,0.02,39.96
1786962130.944,,0,,,,-0.860,-5.514,True,0.409,0.017,0.01,39.93
1786962131.019,,0,,,,-0.740,-5.360,True,0.411,0.010,0.01,39.91
1786962131.069,,0,,,,-0.650,-5.244,True,0.413,-0.026,0.02,39.90
1786962131.144,,0,,,,-0.540,-5.103,True,0.415,-0.082,0.06,39.89
1786962131.269,,0,,,,-0.560,-5.128,True,0.414,-0.198,0.14,39.85
1786962131.369,,0,,,,-0.720,-5.334,True,0.412,-0.292,0.20,39.83
1786962131.469,,0,,,,-0.990,-5.682,True,0.407,-0.433,0.30,39.80
1786962131.544,,0,,,,-1.090,-5.810,True,0.406,-0.653,0.45,39.78
1786962131.619,,0,,,,-1.140,-5.875,True,0.405,-0.954,0.67,40.49
1786962131.694,,0,,,,-1.110,-5.836,True,0.406,-1.010,0.71,40.48
1786962131.769,,0,,,,-1.020,-5.720,True,0.407,-1.174,0.83,40.46
1786962131.844,,0,,,,-0.880,-5.540,True,0.409,-1.080,0.75,39.88
1786962131.969,,0,,,,-0.680,-5.283,True,0.412,-1.598,1.13,40.47
1786962132.069,,0,,,,-0.670,-5.270,True,0.412,-1.725,1.21,40.21
1786962132.144,,0,,,,-0.810,-5.450,True,0.410,-1.719,1.21,40.18
1786962132.244,,0,,,,-0.960,-5.643,True,0.408,-1.067,0.73,39.32
1786962132.344,,0,,,,-1.180,-5.926,True,0.404,-1.184,0.81,39.38
1786962132.394,,0,,,,-1.220,-5.977,True,0.404,-0.879,0.60,39.08
1786962132.494,,0,,,,-1.190,-5.939,True,0.404,-0.590,0.40,39.08
1786962132.544,,0,,,,-1.110,-5.836,True,0.406,-0.686,0.47,39.07
1786962132.594,,0,,,,-1.020,-5.720,True,0.407,-1.251,0.87,39.75
1786962132.669,,0,,,,-0.900,-5.566,True,0.409,-1.358,0.94,39.74
1786962132.744,,0,,,,-0.860,-5.514,True,0.409,-0.519,0.34,37.95
1786962132.819,,0,,,,-0.820,-5.463,True,0.410,-1.596,1.10,39.58
1786962132.919,,0,,,,-0.890,-5.553,True,0.409,-1.756,1.21,39.55
1786962132.969,,0,,,,-0.970,-5.656,True,0.408,-1.083,0.73,38.51
1786962133.069,,0,,,,-1.040,-5.746,True,0.407,-1.964,1.35,39.30
1786962133.144,,0,,,,-1.040,-5.746,True,0.407,-2.034,1.39,39.27
1786962133.219,,0,,,,-1.020,-5.720,True,0.407,-0.975,0.65,38.46
1786962133.344,,0,,,,-0.860,-5.514,True,0.409,-1.595,1.08,38.93
1786962133.419,,0,,,,-0.850,-5.501,True,0.410,-1.774,1.20,38.72
1786962133.494,,0,,,,-0.860,-5.514,True,0.409,-0.759,0.50,38.08
1786962133.569,,0,,,,-0.920,-5.591,True,0.409,-0.730,0.49,38.07
1786962133.669,,0,,,,-1.060,-5.772,True,0.406,-0.803,0.53,38.04
1786962133.769,,0,,,,-1.170,-5.913,True,0.405,-0.881,0.58,38.02
1786962133.869,,0,,,,-1.250,-6.016,True,0.403,-0.912,0.60,37.99
1786962133.969,,0,,,,-1.140,-5.875,True,0.405,-0.999,0.66,37.96
1786962134.069,,0,,,,-0.900,-5.566,True,0.409,-1.106,0.73,37.93
1786962134.169,,0,,,,-0.830,-5.476,True,0.410,-0.921,0.60,37.34
1786962134.219,,0,,,,-0.640,-5.231,True,0.413,-1.063,0.69,37.32
1786962134.294,,0,,,,-0.600,-5.180,True,0.414,-1.272,0.83,37.30
1786962134.394,,0,,,,-0.660,-5.257,True,0.413,-1.386,0.90,37.26
1786962134.469,,0,,,,-0.780,-5.411,True,0.411,-1.541,1.01,37.71
1786962134.544,,0,,,,-0.950,-5.630,True,0.408,-1.878,1.22,37.27
1786962134.594,,0,,,,-1.130,-5.862,True,0.405,-1.891,1.23,37.24
1786962134.669,,0,,,,-1.190,-5.939,True,0.404,-1.882,1.22,37.23
1786962134.744,,0,,,,-1.240,-6.003,True,0.404,-1.871,1.21,37.21
1786962134.844,,0,,,,-1.120,-5.849,True,0.405,-1.878,1.21,37.03
1786962134.894,,0,,,,-0.940,-5.617,True,0.408,-1.902,1.23,37.02
1786962134.969,,0,,,,-0.790,-5.424,True,0.411,-0.737,0.46,36.00
1786962135.069,,0,,,,-0.550,-5.115,True,0.414,-1.538,0.99,37.08
1786962135.144,,0,,,,-0.490,-5.038,True,0.415,-0.134,0.09,36.57
1786962135.244,,0,,,,-0.650,-5.244,True,0.413,-1.630,1.04,36.48
1786962135.319,,0,,,,-0.840,-5.489,True,0.410,-1.736,1.10,36.47
1786962135.394,,0,,,,-1.080,-5.797,True,0.406,-1.011,0.65,36.62
1786962135.444,,0,,,,-1.270,-6.042,True,0.403,-1.059,0.68,36.60
1786962135.519,,0,,,,-1.400,-6.190,True,0.404,-1.064,0.68,36.54
1786962135.569,,0,,,,-1.400,-6.190,True,0.404,-1.125,0.72,36.53
1786962135.644,,0,,,,-1.210,-5.965,True,0.404,-1.593,1.01,36.47
1786962135.694,,0,,,,-1.080,-5.797,True,0.406,-1.597,1.02,36.46
1786962135.794,,0,,,,-0.540,-5.103,True,0.415,-0.387,0.24,35.30
1786962135.869,,0,,,,-0.270,-4.755,True,0.419,-1.334,0.84,36.07
1786962135.944,,0,,,,-0.050,-4.472,True,0.422,-1.959,1.23,35.85
1786962136.044,,0,,,,0.270,-4.060,True,0.428,-0.859,0.54,35.81
1786962136.094,,0,,,,0.300,-4.022,True,0.428,-1.028,0.64,35.79
1786962136.194,,0,,,,0.270,-4.060,True,0.428,-1.443,0.90,35.82
1786962136.269,,0,,,,0.030,-4.369,True,0.424,-1.381,0.86,35.78
1786962136.369,,0,,,,-0.340,-4.845,True,0.418,-1.428,0.89,35.75
1786962136.444,,0,,,,-0.750,-5.373,True,0.411,-1.463,0.91,35.73
1786962136.519,,0,,,,-1.060,-5.772,True,0.406,-1.465,0.91,35.71
1786962136.594,,0,,,,-1.250,-6.016,True,0.403,-1.472,0.92,35.69
1786962136.669,,0,,,,-1.300,-6.080,True,0.403,-1.890,1.15,34.97
1786962136.769,,0,,,,-1.220,-5.977,True,0.404,-1.882,1.15,34.93
1786962136.944,,0,,,,-0.770,-5.398,True,0.411,-1.952,1.19,34.89
1786962137.019,,0,,,,-0.580,-5.154,True,0.414,-1.103,0.67,34.88
1786962137.069,,0,,,,-0.550,-5.115,True,0.414,-1.272,0.77,34.73
1786962137.144,,0,,,,-0.520,-5.077,True,0.415,-1.469,0.89,34.70
1786962137.294,,0,,,,-0.700,-5.308,True,0.412,-1.555,0.94,34.54
1786962137.369,,0,,,,-0.790,-5.424,True,0.411,-1.652,0.99,34.51
1786962137.469,,0,,,,-0.920,-5.591,True,0.409,-1.594,0.96,34.48
1786962137.519,,0,,,,-0.930,-5.604,True,0.408,-1.582,0.95,34.47
1786962137.594,,0,,,,-0.910,-5.579,True,0.409,-1.569,0.94,34.44
1786962137.744,,0,,,,-0.770,-5.398,True,0.411,-1.599,0.96,34.41
1786962137.794,,0,,,,-0.700,-5.308,True,0.412,-1.655,0.99,34.38
1786962137.869,,0,,,,-0.620,-5.205,True,0.413,-1.658,0.99,34.37
1786962137.944,,0,,,,-0.520,-5.077,True,0.415,-1.706,1.02,34.34
1786962138.019,,0,,,,-0.520,-5.077,True,0.415,-1.877,1.12,34.32
1786962138.069,,0,,,,-0.510,-5.064,True,0.415,-1.939,1.16,34.31
1786962138.194,,0,,,,-0.610,-5.193,True,0.413,-1.863,1.09,33.54
1786962138.244,,0,,,,-0.790,-5.424,True,0.411,-1.916,1.12,33.53
1786962138.394,,0,,,,-0.990,-5.682,True,0.407,-2.068,1.21,33.51
1786962138.469,,0,,,,-1.050,-5.759,True,0.407,-2.293,1.32,32.91
1786962138.544,,0,,,,-1.080,-5.797,True,0.406,-2.394,1.37,32.88
1786962138.594,,0,,,,-1.090,-5.810,True,0.406,-2.401,1.38,32.87
1786962138.694,,0,,,,-1.090,-5.810,True,0.406,-2.431,1.39,32.84
1786962138.769,,0,,,,-1.030,-5.733,True,0.407,-2.467,1.41,32.84
1786962138.869,,0,,,,-0.930,-5.604,True,0.408,-2.401,1.37,32.80
1786962138.969,,0,,,,-0.870,-5.527,True,0.409,-1.545,0.88,32.73
1786962139.019,,0,,,,-0.820,-5.463,True,0.410,-1.541,0.88,32.71
1786962139.094,,0,,,,-0.830,-5.476,True,0.410,-1.561,0.89,32.68
1786962139.169,,0,,,,-0.930,-5.604,True,0.408,-1.555,0.89,32.68
1786962139.219,,0,,,,-1.000,-5.694,True,0.407,-1.368,0.77,32.25
1786962139.319,,0,,,,-1.340,-6.129,True,0.402,-1.506,0.85,32.23
1786962139.419,,0,,,,-1.540,-6.333,True,0.409,-1.578,0.89,32.20
1786962139.494,,0,,,,-1.590,-6.384,True,0.410,-1.756,0.99,32.18
1786962139.569,,0,,,,-1.550,-6.343,True,0.409,-1.873,1.05,32.17
1786962139.644,,0,,,,-1.440,-6.231,True,0.406,-1.835,1.02,31.70
1786962139.719,,0,,,,-1.110,-5.836,True,0.406,-1.971,1.09,31.67
1786962139.819,,0,,,,-0.790,-5.424,True,0.411,-2.151,1.19,31.65
1786962139.869,,0,,,,-0.590,-5.167,True,0.414,-2.126,1.17,31.65
1786962139.969,,0,,,,-0.430,-4.961,True,0.416,-2.188,1.21,31.61
1786962140.044,,0,,,,-0.400,-4.922,True,0.417,-2.126,1.15,31.10
1786962140.144,,0,,,,-0.490,-5.038,True,0.415,-2.030,1.10,31.08
1786962140.219,,0,,,,-0.680,-5.283,True,0.412,-2.047,1.11,31.06
1786962140.319,,0,,,,-1.010,-5.707,True,0.407,-2.145,1.16,31.04
1786962140.369,,0,,,,-1.180,-5.926,True,0.404,-1.747,0.94,30.81
1786962140.444,,0,,,,-1.300,-6.080,True,0.403,-1.823,0.98,30.80
1786962140.494,,0,,,,-1.440,-6.231,True,0.406,-1.868,1.00,30.77
1786962140.569,,0,,,,-1.490,-6.282,True,0.407,-1.935,1.04,30.76
1786962140.644,,0,,,,-1.450,-6.241,True,0.406,-2.038,1.09,30.74
1786962140.744,,0,,,,-1.310,-6.093,True,0.402,-2.069,1.11,30.72
1786962140.794,,0,,,,-1.090,-5.810,True,0.406,-1.776,0.94,30.24
1786962140.919,,0,,,,-0.800,-5.437,True,0.410,-1.871,0.99,30.22
1786962140.994,,0,,,,-0.580,-5.154,True,0.414,-1.845,0.97,30.19
1786962141.069,,0,,,,-0.570,-5.141,True,0.414,-1.720,0.90,30.09
1786962141.144,,0,,,,-0.600,-5.180,True,0.414,-1.432,0.75,30.13
1786962141.219,,0,,,,-0.670,-5.270,True,0.412,-1.550,0.81,30.12
1786962141.269,,0,,,,-0.730,-5.347,True,0.412,-1.633,0.84,29.65
1786962141.369,,0,,,,-0.840,-5.489,True,0.410,-1.690,0.87,29.63
1786962141.419,,0,,,,-0.930,-5.604,True,0.408,-1.704,0.88,29.62
1786962141.519,,0,,,,-0.900,-5.566,True,0.409,-1.728,0.89,29.59
1786962141.569,,0,,,,-0.810,-5.450,True,0.410,-1.489,0.76,29.33
1786962141.644,,0,,,,-0.670,-5.270,True,0.412,-1.457,0.75,29.32
1786962141.719,,0,,,,-0.490,-5.038,True,0.415,-1.611,0.82,29.27
1786962141.844,,0,,,,-0.300,-4.794,True,0.418,-1.465,0.74,29.13
1786962141.919,,0,,,,-0.190,-4.652,True,0.420,-1.373,0.70,29.06
1786962141.994,,0,,,,-0.130,-4.575,True,0.421,-1.693,0.86,28.97
1786962142.093,,0,,,,-0.110,-4.549,True,0.421,-1.762,0.89,28.96
1786962142.193,,0,,,,-0.300,-4.794,True,0.418,-1.764,0.89,28.79
1786962142.269,,0,,,,-0.520,-5.077,True,0.415,-1.549,0.77,28.64
1786962142.344,,0,,,,-0.820,-5.463,True,0.410,-1.826,0.91,28.52
1786962142.444,,0,,,,-1.030,-5.733,True,0.407,-1.662,0.82,28.37
1786962142.544,,0,,,,-1.120,-5.849,True,0.405,-1.506,0.74,28.24
1786962142.644,,0,,,,-1.100,-5.823,True,0.406,-1.507,0.74,28.22
1786962142.719,,0,,,,-0.920,-5.591,True,0.409,-1.132,0.56,28.13
1786962142.794,,0,,,,-0.750,-5.373,True,0.411,-1.287,0.63,28.11
1786962142.869,,0,,,,-0.580,-5.154,True,0.414,-1.235,0.60,27.94
1786962142.944,,0,,,,-0.500,-5.051,True,0.415,-1.445,0.70,27.91
1786962143.018,,0,,,,-0.450,-4.987,True,0.416,-1.597,0.78,27.90
1786962143.069,,0,,,,-0.440,-4.974,True,0.416,-1.667,0.81,27.89
1786962143.144,,0,,,,-0.480,-5.025,True,0.416,-1.835,0.89,27.87
1786962143.244,,0,,,,-0.540,-5.103,True,0.415,-1.912,0.93,27.85
1786962143.669,,0,,,,-0.470,-5.012,True,0.416,-2.570,1.29,28.86
1786962143.718,,0,,,,-0.410,-4.935,True,0.417,-2.648,1.33,28.84
1786962143.794,,0,,,,-0.340,-4.845,True,0.418,-2.733,1.37,28.82
1786962143.868,,0,,,,-0.290,-4.781,True,0.419,-2.768,1.39,28.81
1786962143.968,,0,,,,-0.270,-4.755,True,0.419,-2.941,1.48,28.80
1786962144.019,,0,,,,-0.360,-4.871,True,0.417,-3.394,1.70,28.78
1786962144.093,,0,,,,-0.400,-4.922,True,0.417,-3.226,1.62,28.76
1786962144.168,,0,,,,-0.470,-5.012,True,0.416,-3.246,1.63,28.74
1786962144.243,,0,,,,-0.550,-5.115,True,0.414,-3.783,1.90,28.73
1786962144.343,,0,,,,-0.580,-5.154,True,0.414,-4.019,2.01,28.70
1786962144.418,,0,,,,-0.630,-5.218,True,0.413,-4.182,2.09,28.69
1786962144.518,,0,,,,-0.700,-5.308,True,0.412,-4.385,2.19,28.67
1786962144.593,,0,,,,-0.820,-5.463,True,0.410,-4.466,2.23,28.65
1786962144.644,,0,,,,-0.900,-5.566,True,0.409,-4.506,2.25,28.64
1786962144.768,,0,,,,-0.960,-5.643,True,0.408,-4.607,2.30,28.62
1786962145.343,,0,,,,-0.790,-5.424,True,0.411,43.306,1.57,2.28
1786962145.418,,0,,,,-0.780,-5.411,True,0.411,43.634,1.57,2.27
1786962145.468,,0,,,,-0.750,-5.373,True,0.411,43.713,1.56,2.26
1786962145.518,,0,,,,-0.770,-5.398,True,0.411,43.832,1.56,2.25
1786962145.593,,0,,,,-0.670,-5.270,True,0.412,43.940,1.55,2.24
1786962145.693,,0,,,,-0.520,-5.077,True,0.415,44.207,1.55,2.22
1786962145.768,,0,,,,-0.380,-4.897,True,0.417,44.229,1.55,2.22
1786962145.843,,0,,,,-0.170,-4.626,True,0.420,44.477,1.55,2.22
1786962145.918,,0,,,,0.000,-4.408,True,0.423,44.663,1.55,2.21
1786962146.018,,0,,,,0.150,-4.215,True,0.426,44.921,1.56,2.20
1786962146.118,,0,,,,0.160,-4.202,True,0.426,45.297,1.56,2.19
1786962146.218,,0,,,,0.040,-4.356,True,0.424,45.623,1.57,2.19
1786962146.268,,0,,,,-0.050,-4.472,True,0.422,45.615,1.56,2.19
1786962146.368,,0,,,,-0.230,-4.704,True,0.420,46.265,1.57,2.18
1786962146.443,,0,,,,-0.400,-4.922,True,0.417,-1.317,0.56,24.28
1786962146.543,,0,,,,-0.540,-5.103,True,0.415,-1.429,0.61,24.26
1786962146.618,,0,,,,-0.600,-5.180,True,0.414,-1.417,0.60,24.25
1786962146.718,,0,,,,-0.590,-5.167,True,0.414,-1.671,0.71,24.22
1786962146.793,,0,,,,-0.500,-5.051,True,0.415,-1.882,0.79,24.20
1786962146.918,,0,,,,-0.330,-4.832,True,0.418,-2.038,0.86,24.18
1786962147.018,,0,,,,0.000,-4.408,True,0.423,-1.551,0.64,23.68
1786962147.093,,0,,,,0.140,-4.228,True,0.426,-1.839,0.76,23.66
1786962147.168,,0,,,,0.130,-4.240,True,0.425,-1.922,0.79,23.65
1786962147.344,,0,,,,-0.170,-4.626,True,0.420,-1.603,0.66,23.45
1786962147.468,,0,,,,-0.380,-4.897,True,0.417,-1.802,0.74,23.43
1786962147.568,,0,,,,-0.360,-4.871,True,0.417,-1.360,0.55,23.26
1786962147.618,,0,,,,-0.310,-4.807,True,0.418,-1.407,0.57,23.25
1786962147.693,,0,,,,-0.110,-4.549,True,0.421,-1.615,0.65,23.22
1786962147.793,,0,,,,0.050,-4.343,True,0.424,-1.828,0.74,23.20
1786962147.868,,0,,,,0.100,-4.279,True,0.425,-1.884,0.75,22.78
1786962147.943,,0,,,,0.140,-4.228,True,0.426,-2.174,0.86,22.75
1786962148.018,,0,,,,0.050,-4.343,True,0.424,-2.397,0.95,22.74
1786962148.093,,0,,,,-0.050,-4.472,True,0.422,-1.758,0.69,22.65
1786962148.168,,0,,,,-0.170,-4.626,True,0.420,-1.855,0.73,22.64
1786962148.243,,0,,,,-0.230,-4.704,True,0.420,-2.084,0.82,22.63
1786962148.343,,0,,,,-0.230,-4.704,True,0.420,-2.248,0.89,22.61
1786962148.418,,0,,,,-0.210,-4.678,True,0.420,-1.915,0.75,22.37
1786962148.493,,0,,,,-0.140,-4.588,True,0.421,-1.951,0.76,22.35
1786962148.568,,0,,,,-0.070,-4.498,True,0.422,-2.080,0.81,22.35
1786962148.668,,0,,,,-0.070,-4.498,True,0.422,-1.573,0.61,22.12
1786962148.743,,0,,,,-0.060,-4.485,True,0.422,-1.723,0.66,22.11
1786962148.818,,0,,,,-0.140,-4.588,True,0.421,-1.812,0.70,22.10
1786962148.868,,0,,,,-0.230,-4.704,True,0.420,-1.937,0.75,22.09
1786962149.043,,0,,,,-0.320,-4.819,True,0.418,-1.904,0.72,21.81
1786962149.093,,0,,,,-0.320,-4.819,True,0.418,-2.393,0.91,21.79
1786962149.168,,0,,,,-0.280,-4.768,True,0.419,-2.400,0.91,21.78
1786962149.243,,0,,,,-0.220,-4.691,True,0.420,-1.912,0.72,21.58
1786962149.318,,0,,,,-0.180,-4.639,True,0.420,-2.036,0.77,21.54
1786962149.418,,0,,,,-0.060,-4.485,True,0.422,-1.838,0.69,21.38
1786962149.518,,0,,,,0.020,-4.382,True,0.424,-2.171,0.81,21.36
1786962149.618,,0,,,,0.030,-4.369,True,0.424,-2.139,0.79,21.16
1786962149.718,,0,,,,0.040,-4.356,True,0.424,-2.229,0.82,21.11
1786962149.768,,0,,,,0.010,-4.395,True,0.423,-2.421,0.89,21.10
1786962149.843,,0,,,,0.010,-4.395,True,0.423,-2.547,0.94,21.09
1786962149.918,,0,,,,-0.050,-4.472,True,0.422,-2.390,0.87,20.94
1786962150.018,,0,,,,0.070,-4.318,True,0.424,-1.777,0.65,20.83
1786962150.118,,0,,,,0.250,-4.086,True,0.427,-1.758,0.64,20.82
1786962150.193,,0,,,,0.360,-3.945,True,0.429,-1.922,0.70,20.80
1786962150.268,,0,,,,0.490,-3.777,True,0.431,-2.164,0.79,20.79
1786962150.393,,0,,,,0.520,-3.739,True,0.432,-2.588,0.94,20.75
1786962150.468,,0,,,,0.480,-3.790,True,0.431,-2.849,1.03,20.74
1786962150.543,,0,,,,0.420,-3.867,True,0.430,-3.080,1.11,20.72
1786962150.643,,0,,,,0.310,-4.009,True,0.428,-3.315,1.20,20.71
1786962150.693,,0,,,,0.220,-4.125,True,0.427,-3.410,1.23,20.69
1786962150.793,,0,,,,0.250,-4.086,True,0.427,-3.554,1.28,20.67
1786962150.843,,0,,,,0.330,-3.983,True,0.429,-3.740,1.35,20.67
1786962150.918,,0,,,,0.470,-3.803,True,0.431,-3.842,1.38,20.66
1786962150.993,,0,,,,0.660,-3.558,True,0.434,-3.852,1.39,20.64
1786962151.068,,0,,,,0.730,-3.468,True,0.435,-3.905,1.41,20.64
1786962151.144,,0,,,,0.860,-3.301,True,0.437,-3.753,1.35,20.62
1786962151.218,,0,,,,0.920,-3.224,True,0.438,-4.034,1.44,20.44
1786962151.318,,0,,,,0.830,-3.340,True,0.437,-4.148,1.48,20.42
1786962151.418,,0,,,,0.680,-3.533,True,0.434,-1.026,0.35,19.54
1786962151.493,,0,,,,0.640,-3.584,True,0.434,-1.230,0.42,19.53
1786962151.568,,0,,,,0.290,-4.035,True,0.428,-0.854,0.29,19.46
1786962151.643,,0,,,,0.230,-4.112,True,0.427,-1.079,0.37,19.43
1786962151.718,,0,,,,0.030,-4.369,True,0.424,-1.381,0.47,19.42
1786962151.843,,0,,,,0.150,-4.215,True,0.426,-1.725,0.58,19.40
1786962151.943,,0,,,,0.440,-3.842,True,0.430,-2.324,0.79,19.38
1786962152.068,,0,,,,0.940,-3.198,True,0.439,-2.545,0.86,19.36
1786962152.168,,0,,,,1.120,-2.967,True,0.442,-2.876,0.97,19.35
1786962152.618,,0,,,,-0.010,-4.421,True,0.423,-4.316,1.45,19.27
1786962152.668,,0,,,,-0.160,-4.614,True,0.421,-4.498,1.51,19.27
1786962152.718,,0,,,,-0.210,-4.678,True,0.420,-4.700,1.58,19.25
1786962152.793,,0,,,,-0.160,-4.614,True,0.421,-4.880,1.64,19.23
1786962152.843,,0,,,,-0.070,-4.498,True,0.422,-5.171,1.73,19.23
1786962152.918,,0,,,,0.220,-4.125,True,0.427,-5.441,1.82,19.21
1786962152.993,,0,,,,0.590,-3.649,True,0.433,-3.233,1.03,18.21
1786962153.068,,0,,,,0.970,-3.160,True,0.439,-4.002,1.28,18.30
1786962153.168,,0,,,,1.320,-2.709,True,0.445,-3.913,1.24,18.11
1786962153.268,,0,,,,1.540,-2.426,True,0.449,-3.471,1.10,18.10
1786962153.343,,0,,,,1.500,-2.478,True,0.448,-3.176,1.00,18.08
1786962153.418,,0,,,,1.380,-2.632,True,0.446,-3.733,1.18,18.08
1786962153.493,,0,,,,1.250,-2.799,True,0.444,-3.901,1.23,18.07
1786962153.543,,0,,,,1.090,-3.005,True,0.441,-3.964,1.25,18.06
1786962153.643,,0,,,,0.870,-3.288,True,0.438,-3.915,1.23,18.04
1786962153.744,,0,,,,0.780,-3.404,True,0.436,-3.778,1.19,18.03
1786962153.818,,0,,,,0.760,-3.430,True,0.436,-3.780,1.19,18.01
1786962153.893,,0,,,,0.860,-3.301,True,0.437,-3.801,1.19,17.99
1786962153.968,,0,,,,0.960,-3.172,True,0.439,-3.957,1.24,17.99
1786962154.043,,0,,,,1.020,-3.095,True,0.440,-4.035,1.26,17.97
1786962154.118,,0,,,,1.080,-3.018,True,0.441,-4.114,1.29,17.95
1786962154.218,,0,,,,1.110,-2.979,True,0.442,-4.243,1.33,17.93
1786962154.293,,0,,,,1.050,-3.057,True,0.441,-4.367,1.36,17.92
1786962154.368,,0,,,,0.900,-3.250,True,0.438,-4.567,1.43,17.91
1786962154.443,,0,,,,0.730,-3.468,True,0.435,-1.480,0.44,17.21
1786962154.543,,0,,,,0.530,-3.726,True,0.432,-1.534,0.46,17.20
1786962154.618,,0,,,,0.480,-3.790,True,0.431,-1.601,0.48,17.19
1786962154.693,,0,,,,0.450,-3.829,True,0.431,-1.502,0.45,17.18
1786962154.793,,0,,,,0.620,-3.610,True,0.433,0.290,0.09,16.83
1786962154.868,,0,,,,0.740,-3.456,True,0.435,0.407,0.12,16.79
1786962154.943,,0,,,,0.880,-3.275,True,0.438,0.242,0.07,16.85
1786962155.018,,0,,,,0.970,-3.160,True,0.439,0.070,0.02,16.84
1786962155.093,,0,,,,1.050,-3.057,True,0.441,1.608,0.47,16.58
1786962155.168,,0,,,,1.110,-2.979,True,0.442,1.684,0.49,16.56
1786962155.268,,0,,,,1.120,-2.967,True,0.442,1.638,0.47,16.54
1786962155.368,,0,,,,1.060,-3.044,True,0.441,1.526,0.44,16.52
1786962155.443,,0,,,,1.120,-2.967,True,0.442,1.370,0.39,16.50
1786962155.493,,0,,,,1.130,-2.954,True,0.442,1.190,0.34,16.49
1786962155.643,,0,,,,1.330,-2.696,True,0.445,0.923,0.27,16.47
1786962155.693,,0,,,,1.440,-2.555,True,0.447,0.915,0.26,16.46
1786962155.793,,0,,,,1.600,-2.349,True,0.450,0.819,0.24,16.46
1786962155.893,,0,,,,1.730,-2.182,True,0.452,0.830,0.24,16.44
1786962155.968,,0,,,,1.760,-2.143,True,0.453,0.702,0.20,16.43
1786962156.043,,0,,,,1.640,-2.298,True,0.451,0.699,0.20,16.41
1786962156.118,,0,,,,1.490,-2.491,True,0.448,0.588,0.17,16.40
1786962156.168,,0,,,,1.170,-2.902,True,0.443,0.460,0.13,16.40
1786962156.268,,0,,,,0.940,-3.198,True,0.439,0.548,0.16,16.38
1786962156.343,,0,,,,0.650,-3.571,True,0.434,0.588,0.17,16.37
1786962156.393,,0,,,,0.470,-3.803,True,0.431,0.741,0.21,16.34
1786962156.743,,0,,,,0.000,-4.408,True,0.423,4.366,1.19,15.69
1786962156.818,,0,,,,-0.010,-4.421,True,0.423,4.208,1.15,15.68
1786962199.593,,0,,,,61.320,59.618,True,0.860,-8.424,4.36,29.78
1786962199.643,,0,,,,61.320,59.618,True,0.860,-9.544,4.93,29.76
1786962199.718,,0,,,,61.320,59.618,True,0.860,-9.991,5.16,29.75
1786962199.793,,0,,,,61.320,59.618,True,0.860,-12.566,6.12,28.12
1786962199.868,,0,,,,60.450,58.760,True,0.860,-11.786,6.09,29.83
1786962199.943,,0,,,,60.580,58.888,True,0.860,-10.981,5.68,29.82
1786962200.068,,0,,,,60.480,58.789,True,0.860,-12.203,6.11,28.91
1786962200.143,,0,,,,60.300,58.612,True,0.860,-12.022,6.02,28.90
1786962200.218,,0,,,,59.880,58.198,True,0.860,-11.702,5.86,28.89
1786962200.268,,0,,,,59.530,57.852,True,0.860,-11.048,5.68,29.63
1786962200.343,,0,,,,59.000,57.330,True,0.860,-10.471,5.38,29.61
1786962200.418,,0,,,,58.840,57.172,True,0.860,-10.187,5.23,29.60
1786962200.493,,0,,,,58.840,57.172,True,0.860,-9.759,5.01,29.58
1786962200.568,,0,,,,58.840,57.172,True,0.860,-9.682,4.97,29.58
1786962200.643,,0,,,,59.080,57.409,True,0.860,-14.945,7.22,28.01
1786962200.743,,0,,,,59.690,58.010,True,0.860,-14.274,6.90,28.00
1786962200.843,,0,,,,60.450,58.760,True,0.860,-14.142,6.83,27.97
1786962200.943,,0,,,,60.940,59.243,True,0.860,-13.507,6.33,27.11
1786962201.018,,0,,,,60.870,59.174,True,0.860,-13.409,6.28,27.09
1786962201.093,,0,,,,60.540,58.849,True,0.860,-13.626,6.37,27.04
1786962201.168,,0,,,,60.210,58.523,True,0.860,-13.102,6.13,27.03
1786962201.268,,0,,,,59.780,58.099,True,0.860,-12.656,5.92,27.01
1786962201.343,,0,,,,59.610,57.931,True,0.860,-13.604,6.40,27.20
1786962201.418,,0,,,,59.560,57.882,True,0.860,-12.943,6.09,27.18
1786962201.468,,0,,,,59.530,57.852,True,0.860,-12.460,5.86,27.18
1786962201.568,,0,,,,59.500,57.823,True,0.860,-12.163,5.72,27.17
1786962201.643,,0,,,,59.520,57.843,True,0.860,-12.575,5.85,26.87
1786962201.718,,0,,,,58.990,57.320,True,0.860,-12.455,5.78,26.78
1786962201.768,,0,,,,58.410,56.748,True,0.860,-11.963,5.55,26.78
1786962201.818,,0,,,,57.980,56.324,True,0.860,-11.398,5.35,27.07
1786962201.893,,0,,,,57.230,55.584,True,0.860,-10.373,4.87,27.06
1786962201.968,,0,,,,56.260,54.627,True,0.860,-9.966,4.68,27.05
1786962202.043,,0,,,,55.510,53.887,True,0.860,-8.110,3.81,27.02
1786962202.093,,0,,,,54.710,53.098,True,0.860,-6.887,3.24,27.01
1786962202.193,,0,,,,53.860,52.393,True,0.860,-7.796,3.61,26.63
1786962202.544,,0,,,,50.790,49.870,True,0.860,-4.956,2.29,26.56
1786962202.743,,0,,,,49.260,48.612,True,0.860,-5.520,2.55,26.53
1786962202.818,,0,,,,47.830,47.437,True,0.860,-5.981,2.77,26.56
1786962202.993,,0,,,,45.430,45.464,True,0.860,-3.747,1.73,26.53
1786962203.318,,0,,,,42.840,43.336,True,0.860,-3.390,1.58,26.67
1786962203.368,,0,,,,42.720,43.237,True,0.860,-3.394,1.58,26.66
1786962203.418,,0,,,,42.650,43.177,True,0.860,-4.373,2.03,26.64
1786962203.468,,0,,,,42.480,43.015,True,0.861,-4.446,2.06,26.63
1786962203.668,,0,,,,42.240,42.786,True,0.863,-6.878,3.16,26.39
1786962203.768,,0,,,,42.180,42.728,True,0.863,-7.005,3.21,26.35
1786962203.868,,0,,,,42.040,42.595,True,0.864,-6.529,2.99,26.34
1786962203.943,,0,,,,41.850,42.413,True,0.865,-6.156,2.82,26.32
1786962204.018,,0,,,,41.650,42.222,True,0.866,-7.071,3.25,26.37
1786962204.093,,0,,,,41.510,42.089,True,0.867,-6.982,3.20,26.36
1786962204.193,,0,,,,40.820,41.430,True,0.872,-6.633,3.04,26.33
1786962204.318,,0,,,,40.420,41.048,True,0.874,-8.190,3.79,26.60
1786962204.443,,0,,,,39.580,40.246,True,0.880,-6.506,3.00,26.46
1786962204.518,,0,,,,39.190,39.874,True,0.882,-7.837,3.60,26.37
1786962204.568,,0,,,,38.950,39.645,True,0.884,-8.203,3.79,26.53
1786962204.618,,0,,,,38.770,39.473,True,0.885,-7.121,3.29,26.51
1786962204.718,,0,,,,38.260,38.986,True,0.888,-7.006,3.23,26.48
1786962204.793,,0,,,,37.750,38.500,True,0.891,-6.471,2.98,26.45
1786962204.868,,0,,,,37.370,38.137,True,0.894,-8.015,3.67,26.32
1786962204.918,,0,,,,36.780,37.574,True,0.898,-7.682,3.52,26.31
1786962205.018,,0,,,,36.130,36.953,True,0.902,-7.080,3.26,26.44
1786962205.093,,0,,,,35.910,36.743,True,0.903,-6.518,3.00,26.42
1786962205.168,,0,,,,35.840,36.676,True,0.904,-6.533,3.00,26.41
1786962205.243,,0,,,,35.860,36.696,True,0.903,-6.277,2.89,26.39
1786962205.343,,0,,,,36.090,36.915,True,0.902,-5.966,2.74,26.37
1786962205.443,,0,,,,36.210,37.030,True,0.901,-5.351,2.46,26.36
1786962205.518,,0,,,,36.170,36.991,True,0.901,-6.073,2.80,26.50
1786962205.643,,0,,,,35.950,36.781,True,0.903,-4.336,1.99,26.37
1786962205.743,,0,,,,35.750,36.591,True,0.904,-3.898,1.79,26.35
1786962205.818,,0,,,,35.560,36.409,True,0.905,-3.302,1.52,26.33
1786962205.893,,0,,,,35.140,36.008,True,0.908,-4.673,2.20,26.99
1786962206.068,,0,,,,34.380,35.283,True,0.913,-6.063,2.80,26.46
1786962206.143,,0,,,,33.890,34.815,True,0.916,-6.036,2.78,26.45
1786962206.218,,0,,,,33.730,34.662,True,0.917,-6.911,3.25,26.98
1786962206.293,,0,,,,33.680,34.615,True,0.917,-6.396,3.00,26.96
1786962206.418,,0,,,,33.500,34.443,True,0.919,-6.143,2.88,26.94
1786962206.468,,0,,,,33.350,34.300,True,0.920,-5.893,2.76,26.93
1786962206.543,,0,,,,33.350,34.300,True,0.920,-5.288,2.48,26.91
1786962206.618,,0,,,,33.410,34.357,True,0.919,-4.715,2.21,26.90
1786962206.693,,0,,,,33.550,34.491,True,0.918,-4.378,2.05,26.89
1786962206.768,,0,,,,33.660,34.596,True,0.918,-4.181,1.96,26.88
1786962206.793,,0,,,,33.720,34.653,True,0.917,-3.660,1.72,26.87
1786962206.868,,0,,,,33.770,34.701,True,0.917,-3.702,1.74,26.87
1786962206.918,,0,,,,34.000,34.920,True,0.915,-3.132,1.47,26.85
1786962206.993,,0,,,,34.260,35.168,True,0.914,-2.809,1.31,26.83
1786962207.068,,0,,,,34.260,35.168,True,0.914,-3.086,1.44,26.83
1786962207.143,,0,,,,33.760,34.691,True,0.917,-3.502,1.64,26.79
1786962207.218,,0,,,,33.140,34.099,True,0.921,-3.626,1.69,26.77
1786962207.343,,0,,,,32.160,33.140,True,0.920,-3.440,1.60,26.73
1786962207.418,,0,,,,31.610,32.537,True,0.901,-3.445,1.61,26.73
1786962207.493,,0,,,,31.390,32.296,True,0.893,-2.969,1.38,26.72
1786962207.568,,0,,,,31.510,32.427,True,0.898,-2.589,1.21,26.72
1786962207.643,,0,,,,32.160,33.140,True,0.920,-2.001,0.93,26.72
1786962207.718,,0,,,,33.400,34.347,True,0.919,-1.044,0.49,26.73
1786962207.868,,0,,,,36.010,36.839,True,0.903,-0.368,0.17,26.73
1786962207.918,,0,,,,37.200,37.975,True,0.895,0.679,0.32,26.73
1786962208.018,,0,,,,38.660,39.368,True,0.886,-1.015,0.47,26.81
1786962208.168,,0,,,,42.370,42.910,True,0.862,0.956,0.45,26.80
1786962208.268,,0,,,,43.070,43.525,True,0.860,-1.114,0.52,26.95
1786962208.443,,0,,,,44.320,44.552,True,0.860,-0.686,0.32,27.05
1786962208.518,,0,,,,44.160,44.421,True,0.860,-1.538,0.73,27.03
1786962208.618,,0,,,,43.160,43.599,True,0.860,-5.381,2.54,27.05
1786962208.693,,0,,,,42.650,43.177,True,0.860,-5.709,2.72,27.35
1786962208.793,,0,,,,42.190,42.738,True,0.863,-5.833,2.75,27.09
1786962208.868,,0,,,,42.260,42.805,True,0.863,-6.208,2.93,27.08
1786962208.968,,0,,,,42.890,43.377,True,0.860,-8.128,3.84,27.17
1786962209.068,,0,,,,44.470,44.675,True,0.860,-8.053,3.81,27.19
1786962209.143,,0,,,,46.620,46.443,True,0.860,-7.252,3.41,26.97
1786962209.218,,0,,,,47.900,47.495,True,0.860,-10.420,5.05,27.93
1786962209.293,,0,,,,49.780,49.040,True,0.860,-10.097,4.90,27.93
1786962209.393,,0,,,,52.880,51.588,True,0.860,-9.661,4.58,27.30
1786962209.468,,0,,,,55.270,53.651,True,0.860,-6.390,3.03,27.23
1786962209.643,,0,,,,58.580,56.915,True,0.860,-6.508,3.08,27.21
1786962209.743,,0,,,,60.510,58.819,True,0.860,-6.234,2.95,27.20
1786962209.818,,0,,,,61.600,59.894,True,0.860,-6.841,3.24,27.18
1786962209.943,,0,,,,63.050,61.324,True,0.860,-7.092,3.35,27.15
1786962210.017,,0,,,,63.660,61.926,True,0.860,-7.661,3.62,27.13
1786962210.167,,0,,,,63.690,61.955,True,0.860,-13.072,6.21,27.45
1786962210.417,,0,,,,64.000,62.261,True,0.860,-13.321,6.33,27.48
1786962210.517,,0,,,,64.500,62.754,True,0.860,-13.740,6.52,27.47
1786962210.617,,0,,,,65.380,63.762,True,0.883,-13.514,6.44,27.57
1786962210.717,,0,,,,66.150,64.674,True,0.909,-13.248,6.32,27.56
1786962210.767,,0,,,,66.780,65.419,True,0.929,-13.114,6.25,27.56
1786962210.843,,0,,,,67.710,66.520,True,0.960,-12.380,5.91,27.56
1786962210.942,,0,,,,68.510,67.467,True,0.987,-11.875,5.67,27.54
1786962210.992,,0,,,,69.430,68.556,True,1.018,-11.142,5.32,27.54
1786962211.067,,0,,,,70.840,70.225,True,1.065,-12.987,6.22,27.68
1786962211.167,,0,,,,71.700,71.242,True,1.094,-12.846,6.15,27.66
1786962211.267,,0,,,,72.370,72.035,True,1.116,-16.273,8.38,29.90
1786962211.317,,0,,,,72.780,72.521,True,1.130,-14.296,6.95,28.16
1786962211.367,,0,,,,73.240,73.044,True,1.137,-14.042,6.83,28.15
1786962211.467,,0,,,,73.550,73.384,True,1.137,-13.943,6.78,28.14
1786962211.542,,0,,,,73.780,73.636,True,1.137,-13.702,6.66,28.13
1786962211.617,,0,,,,73.900,73.767,True,1.137,-12.298,5.91,27.75
1786962211.717,,0,,,,73.830,73.691,True,1.137,-13.166,6.35,27.87
1786962211.867,,0,,,,73.460,73.285,True,1.137,-12.796,6.20,27.99
1786962211.942,,0,,,,73.300,73.110,True,1.137,-12.056,5.83,27.92
1786962211.992,,0,,,,73.180,72.978,True,1.137,-11.849,5.77,28.11
1786962212.067,,0,,,,73.140,72.934,True,1.137,-11.591,5.65,28.11
1786962212.142,,0,,,,73.200,73.000,True,1.137,-11.437,5.65,28.48
1786962212.242,,0,,,,73.340,73.154,True,1.137,-10.987,5.39,28.26
1786962212.317,,0,,,,73.470,73.296,True,1.137,-10.855,5.43,28.81
1786962212.392,,0,,,,73.750,73.603,True,1.137,-10.482,5.24,28.80
1786962212.467,,0,,,,74.030,73.910,True,1.137,-10.155,5.03,28.53
1786962212.567,,0,,,,74.410,74.326,True,1.137,-10.076,4.92,28.15
1786962212.642,,0,,,,74.860,74.819,True,1.137,-10.221,5.10,28.72
1786962212.717,,0,,,,75.290,75.291,True,1.137,-9.971,4.97,28.70
1786962212.767,,0,,,,75.480,75.499,True,1.137,-10.388,5.16,28.64
1786962212.892,,0,,,,75.740,75.784,True,1.137,-12.291,6.32,29.67
1786962212.942,,0,,,,75.810,75.860,True,1.137,-11.800,6.00,29.35
1786962213.042,,0,,,,75.770,75.817,True,1.137,-11.771,5.98,29.34
1786962213.117,,0,,,,75.650,75.685,True,1.137,-11.700,5.95,29.32
1786962213.242,,0,,,,75.370,75.378,True,1.137,-11.063,5.46,28.46
1786962213.342,,0,,,,75.190,75.181,True,1.137,-12.525,6.25,28.81
1786962213.417,,0,,,,74.850,74.808,True,1.137,-11.307,5.61,28.64
1786962213.492,,0,,,,74.660,74.600,True,1.137,-10.795,5.36,28.61
1786962213.567,,0,,,,74.550,74.480,True,1.137,-12.568,6.37,29.27
1786962213.642,,0,,,,74.350,74.260,True,1.137,-10.362,5.18,28.81
1786962213.742,,0,,,,74.080,73.965,True,1.137,-9.855,4.93,28.80
1786962213.842,,0,,,,73.910,73.778,True,1.137,-10.220,5.09,28.70
1786962213.917,,0,,,,73.870,73.734,True,1.137,-9.856,4.92,28.77
1786962213.967,,0,,,,73.940,73.811,True,1.137,-10.339,5.17,28.82
1786962214.042,,0,,,,73.920,73.789,True,1.137,-10.008,5.01,28.81
1786962214.142,,0,,,,73.910,73.778,True,1.137,-9.946,4.97,28.76
1786962214.192,,0,,,,73.950,73.822,True,1.137,-9.668,4.84,28.84
1786962214.292,,0,,,,73.990,73.866,True,1.137,-9.771,4.89,28.81
1786962214.392,,0,,,,73.990,73.866,True,1.137,-9.708,4.88,28.97
1786962214.492,,0,,,,73.910,73.778,True,1.137,-10.093,5.09,29.04
1786962214.542,,0,,,,73.780,73.636,True,1.137,-9.857,4.97,29.02
1786962214.617,,0,,,,73.500,73.329,True,1.137,-10.022,5.05,29.03
1786962214.692,,0,,,,73.240,73.044,True,1.137,-10.131,5.12,29.08
1786962214.743,,0,,,,73.040,72.825,True,1.137,-10.162,5.13,29.08
1786962214.842,,0,,,,72.740,72.473,True,1.128,-10.111,5.11,29.12
1786962214.892,,0,,,,72.300,71.953,True,1.114,-10.084,5.10,29.11
1786962215.017,,0,,,,71.780,71.337,True,1.096,-9.860,4.98,29.09
1786962215.092,,0,,,,71.450,70.946,True,1.085,-10.298,5.23,29.24
1786962215.167,,0,,,,71.160,70.603,True,1.075,-10.165,5.16,29.23
1786962215.242,,0,,,,70.800,70.177,True,1.063,-9.882,5.01,29.22
1786962215.342,,0,,,,70.290,69.574,True,1.046,-9.747,4.94,29.20
1786962215.417,,0,,,,69.930,69.147,True,1.034,-10.572,5.39,29.35
1786962215.542,,0,,,,69.520,68.662,True,1.021,-10.776,5.49,29.36
1786962215.617,,0,,,,69.540,68.686,True,1.021,-10.433,5.32,29.36
1786962215.742,,0,,,,69.840,69.041,True,1.031,-10.277,5.23,29.34
1786962215.817,,0,,,,70.180,69.443,True,1.043,-10.038,5.11,29.32
1786962215.892,,0,,,,70.430,69.739,True,1.051,-11.307,5.90,30.10
1786962215.967,,0,,,,70.530,69.858,True,1.054,-10.176,5.22,29.55
1786962216.042,,0,,,,70.480,69.798,True,1.053,-9.820,5.04,29.55
1786962216.142,,0,,,,70.130,69.384,True,1.041,-9.754,5.00,29.53
1786962216.242,,0,,,,69.690,68.863,True,1.026,-9.844,5.05,29.51
1786962216.342,,0,,,,69.070,68.130,True,1.006,-9.922,5.08,29.49
1786962216.417,,0,,,,68.670,67.656,True,0.992,-10.002,5.12,29.47
1786962216.467,,0,,,,68.490,67.443,True,0.986,-10.229,5.23,29.47
1786962216.567,,0,,,,68.090,66.970,True,0.973,-9.905,5.06,29.43
1786962216.644,,0,,,,67.890,66.733,True,0.966,-9.366,4.79,29.42
1786962216.692,,0,,,,67.730,66.544,True,0.961,-8.869,4.53,29.40
1786962216.767,,0,,,,67.580,66.366,True,0.956,-8.589,4.39,29.39
1786962216.817,,0,,,,67.420,66.177,True,0.951,-8.128,4.15,29.38
1786962216.892,,0,,,,67.100,65.798,True,0.940,-7.533,3.85,29.35
1786962216.967,,0,,,,66.880,65.538,True,0.933,-7.418,3.79,29.34
1786962217.067,,0,,,,66.660,65.277,True,0.925,-7.069,3.61,29.33
1786962217.142,,0,,,,66.560,65.159,True,0.922,-6.878,3.51,29.30
1786962217.242,,0,,,,66.470,65.052,True,0.919,-6.854,3.50,29.29
1786962217.317,,0,,,,66.490,65.076,True,0.920,-6.741,3.44,29.27
1786962217.392,,0,,,,66.560,65.159,True,0.922,-6.653,3.39,29.25
1786962217.467,,0,,,,66.660,65.277,True,0.925,-6.780,3.45,29.24
1786962217.542,,0,,,,66.680,65.301,True,0.926,-6.804,3.46,29.21
1786962217.617,,0,,,,66.620,65.230,True,0.924,-6.759,3.44,29.21
1786962217.692,,0,,,,66.500,65.088,True,0.920,-6.544,3.33,29.21
1786962217.792,,0,,,,66.210,64.745,True,0.911,-12.213,6.41,30.32
1786962217.867,,0,,,,65.900,64.378,True,0.900,-12.123,6.37,30.31
1786962217.942,,0,,,,65.510,63.916,True,0.888,-11.973,6.28,30.27
1786962218.017,,0,,,,64.880,63.171,True,0.867,-12.246,6.44,30.36
1786962218.092,,0,,,,64.310,62.567,True,0.860,-11.766,6.18,30.33
1786962218.217,,0,,,,63.130,61.403,True,0.860,-11.463,6.02,30.31
1786962218.367,,0,,,,62.360,60.644,True,0.860,-10.843,5.69,30.27
1786962218.467,,0,,,,62.050,60.338,True,0.860,-10.800,5.67,30.26
1786962218.517,,0,,,,61.940,60.229,True,0.860,-10.345,5.43,30.23
1786962218.592,,0,,,,62.030,60.318,True,0.860,-118.648,5.53,6.30
1786962218.717,,0,,,,62.160,60.446,True,0.860,-118.506,5.51,6.27
1786962218.767,,0,,,,62.330,60.614,True,0.860,-118.356,5.52,6.27
1786962218.867,,0,,,,62.360,60.644,True,0.860,-118.215,5.50,6.24
1786962218.942,,0,,,,62.070,60.358,True,0.860,-118.127,5.49,6.22
1786962219.017,,0,,,,61.730,60.022,True,0.860,-118.166,5.48,6.21
1786962219.092,,0,,,,60.990,59.292,True,0.860,-118.249,5.46,6.20
1786962219.192,,0,,,,60.320,58.632,True,0.860,-118.299,5.45,6.19
1786962219.292,,0,,,,59.740,58.060,True,0.860,-118.288,5.45,6.19
1786962219.392,,0,,,,59.270,57.596,True,0.860,-118.788,5.40,6.17
1786962219.467,,0,,,,59.120,57.448,True,0.860,-119.260,5.38,6.16
1786962219.542,,0,,,,58.870,57.201,True,0.860,-119.619,5.35,6.15
1786962219.617,,0,,,,58.600,56.935,True,0.860,-119.743,5.33,6.13
1786962219.717,,0,,,,58.220,56.560,True,0.860,-119.533,5.32,6.12
1786962219.792,,0,,,,57.910,56.255,True,0.860,-119.338,5.32,6.10
1786962219.868,,0,,,,57.460,55.811,True,0.860,-119.383,5.31,6.10
1786962219.942,,0,,,,56.920,55.278,True,0.860,-119.459,5.29,6.08
1786962219.992,,0,,,,56.400,54.765,True,0.860,-119.246,5.29,6.07
1786962220.067,,0,,,,55.900,54.272,True,0.860,-119.130,5.29,6.06
1786962220.267,,0,,,,54.770,53.158,True,0.860,-118.992,5.28,6.03
1786962220.342,,0,,,,54.510,52.927,True,0.860,-119.074,5.26,6.02
1786962220.392,,0,,,,54.430,52.862,True,0.860,-118.838,5.27,6.01
1786962220.492,,0,,,,54.380,52.821,True,0.860,-118.779,5.27,6.01
1786962220.567,,0,,,,54.350,52.796,True,0.860,-118.925,5.24,5.99
1786962220.642,,0,,,,54.420,52.854,True,0.860,-118.777,5.23,5.97
1786962220.717,,0,,,,54.400,52.837,True,0.860,-118.768,5.22,5.96
1786962220.792,,0,,,,54.120,52.607,True,0.860,-118.734,5.21,5.94
1786962220.842,,0,,,,53.860,52.393,True,0.860,-118.571,5.22,5.94
1786962220.917,,0,,,,53.410,52.023,True,0.860,-10.401,5.64,31.22
1786962221.017,,0,,,,52.640,51.391,True,0.860,-10.211,5.53,31.19
1786962221.092,,0,,,,52.000,50.864,True,0.860,-10.021,5.42,31.16
1786962221.167,,0,,,,51.050,50.084,True,0.860,-10.481,5.70,31.31
1786962221.267,,0,,,,50.350,49.508,True,0.860,-9.802,5.32,31.28
1786962221.342,,0,,,,49.990,49.212,True,0.860,-9.466,5.14,31.26
1786962221.467,,0,,,,49.250,48.604,True,0.860,-10.134,5.51,31.31
1786962221.517,,0,,,,48.900,48.317,True,0.860,-9.861,5.36,31.29
1786962221.617,,0,,,,48.500,47.988,True,0.860,-9.237,5.02,31.27
1786962221.692,,0,,,,48.160,47.708,True,0.860,-8.665,4.71,31.24
1786962221.792,,0,,,,47.750,47.371,True,0.860,-9.363,5.12,31.49
1786962221.867,,0,,,,47.340,47.034,True,0.860,-8.924,4.88,31.48
1786962221.967,,0,,,,46.690,46.500,True,0.860,-8.523,4.66,31.45
1786962222.042,,0,,,,46.270,46.155,True,0.860,-9.293,5.08,31.45
1786962222.167,,0,,,,45.530,45.547,True,0.860,-8.749,4.78,31.42
1786962222.217,,0,,,,45.260,45.325,True,0.860,-8.704,4.75,31.41
1786962222.367,,0,,,,44.510,44.708,True,0.860,-8.576,4.72,31.68
1786962222.467,,0,,,,43.920,44.223,True,0.860,-8.164,4.50,31.67
1786962222.542,,0,,,,43.290,43.706,True,0.860,-7.691,4.23,31.63
1786962222.617,,0,,,,42.670,43.196,True,0.860,-8.622,4.74,31.64
1786962222.742,,0,,,,41.470,42.051,True,0.868,-7.926,4.36,31.61
1786962222.767,,0,,,,41.210,41.802,True,0.869,-7.660,4.21,31.59
1786962222.842,,0,,,,40.810,41.421,True,0.872,-7.311,4.02,31.57
1786962222.942,,0,,,,40.330,40.962,True,0.875,-6.802,3.75,31.63
1786962223.017,,0,,,,40.100,40.743,True,0.876,-7.452,4.12,31.78
1786962223.067,,0,,,,39.930,40.581,True,0.877,-7.213,3.99,31.76
1786962223.167,,0,,,,39.970,40.619,True,0.877,-6.751,3.73,31.73
1786962223.267,,0,,,,39.940,40.590,True,0.877,-6.748,3.74,31.81
1786962223.367,,0,,,,39.740,40.399,True,0.879,-6.595,3.65,31.82
1786962223.442,,0,,,,39.050,39.741,True,0.883,-6.466,3.58,31.81
1786962223.542,,0,,,,38.180,38.910,True,0.889,-6.115,3.39,31.78
1786962223.592,,0,,,,37.370,38.137,True,0.894,-5.698,3.15,31.76
1786962223.667,,0,,,,36.980,37.765,True,0.896,-5.851,3.24,31.76
1786962223.767,,0,,,,35.930,36.762,True,0.903,-5.482,3.03,31.71
1786962223.867,,0,,,,35.050,35.922,True,0.909,-4.989,2.76,31.68
1786962223.942,,0,,,,34.560,35.455,True,0.912,-4.766,2.63,31.66
1786962224.017,,0,,,,34.090,35.006,True,0.915,-4.165,2.30,31.64
1786962224.092,,0,,,,33.680,34.615,True,0.917,-3.848,2.12,31.61
1786962224.167,,0,,,,33.340,34.290,True,0.920,-3.482,1.92,31.59
1786962224.242,,0,,,,33.040,34.004,True,0.922,-3.405,1.88,31.58
1786962224.342,,0,,,,32.370,33.364,True,0.926,-2.858,1.57,31.54
1786962224.417,,0,,,,32.060,33.030,True,0.917,-2.366,1.30,31.54
1786962224.492,,0,,,,31.950,32.910,True,0.913,-2.159,1.19,31.53
1786962224.542,,0,,,,31.890,32.844,True,0.911,-1.846,1.02,31.50
1786962224.592,,0,,,,31.710,32.647,True,0.905,-1.798,0.99,31.49
1786962224.667,,0,,,,31.510,32.427,True,0.898,-1.684,0.93,31.49
1786962224.767,,0,,,,30.940,31.803,True,0.878,-1.390,0.76,31.45
1786962224.842,,0,,,,30.320,31.123,True,0.856,-1.305,0.72,31.43
1786962224.942,,0,,,,29.640,30.378,True,0.833,-0.978,0.54,31.41
1786962225.017,,0,,,,29.000,29.677,True,0.811,-0.600,0.33,31.38
1786962225.142,,0,,,,27.840,28.405,True,0.771,0.018,0.01,31.35
1786962225.267,,0,,,,27.360,27.879,True,0.755,0.800,0.44,31.31
1786962225.342,,0,,,,27.020,27.507,True,0.744,0.871,0.48,31.28
1786962225.442,,0,,,,26.530,26.970,True,0.727,0.964,0.53,31.27
1786962225.517,,0,,,,26.280,26.696,True,0.719,-4.796,2.72,32.49
1786962225.592,,0,,,,25.730,26.093,True,0.700,-4.328,2.45,32.47
1786962225.642,,0,,,,25.530,25.874,True,0.694,-4.157,2.35,32.47
1786962225.717,,0,,,,25.250,25.567,True,0.684,-3.764,2.13,32.44
1786962225.767,,0,,,,24.980,25.271,True,0.675,-3.606,2.04,32.43
1786962225.867,,0,,,,24.740,25.008,True,0.667,-3.139,1.77,32.42
1786962225.942,,0,,,,24.650,24.910,True,0.664,-2.601,1.47,32.38
1786962226.042,,0,,,,24.230,24.449,True,0.651,-2.271,1.28,32.36
1786962226.142,,0,,,,23.540,23.693,True,0.628,-3.508,1.99,32.57
1786962226.217,,0,,,,22.930,22.990,True,0.611,-3.235,1.84,32.56
1786962226.342,,0,,,,21.850,21.711,True,0.584,-2.777,1.58,32.53
1786962226.392,,0,,,,21.090,20.812,True,0.565,-2.014,1.14,32.50
1786962226.467,,0,,,,20.590,20.220,True,0.552,-2.317,1.32,32.54
1786962226.542,,0,,,,20.070,19.604,True,0.540,-1.935,1.10,32.52
1786962226.592,,0,,,,19.820,19.308,True,0.534,-2.327,1.33,32.72
1786962226.642,,0,,,,19.580,19.024,True,0.528,-2.197,1.25,32.72
1786962226.742,,0,,,,19.480,18.906,True,0.525,-1.884,1.08,32.79
1786962226.817,,0,,,,19.160,18.527,True,0.518,-1.916,1.10,32.78
1786962226.892,,0,,,,18.910,18.231,True,0.512,-1.851,1.06,32.78
1786962226.967,,0,,,,18.730,18.018,True,0.508,-1.659,0.95,32.76
1786962227.067,,0,,,,18.430,17.663,True,0.500,-1.309,0.75,32.75
1786962227.142,,0,,,,18.050,17.213,True,0.492,-0.969,0.55,32.72
1786962227.267,,0,,,,17.220,16.231,True,0.472,-0.850,0.48,32.70
1786962227.367,,0,,,,16.650,15.556,True,0.460,-0.394,0.22,32.67
1786962227.467,,0,,,,16.280,15.118,True,0.451,-0.199,0.11,32.66
1786962227.517,,0,,,,16.140,14.952,True,0.448,-0.121,0.07,32.63
1786962227.592,,0,,,,16.050,14.846,True,0.446,0.023,0.01,32.61
1786962227.717,,0,,,,15.690,14.420,True,0.438,0.241,0.14,32.58
1786962227.817,,0,,,,15.580,14.290,True,0.436,0.644,0.37,32.56
1786962227.892,,0,,,,15.300,13.958,True,0.430,0.960,0.54,32.53
1786962227.967,,0,,,,15.120,13.745,True,0.426,1.174,0.67,32.51
1786962228.042,,0,,,,14.770,13.341,True,0.426,1.424,0.81,32.49
1786962228.142,,0,,,,14.380,12.897,True,0.431,1.808,1.02,32.46
1786962228.217,,0,,,,14.120,12.602,True,0.434,2.201,1.25,32.45
1786962228.292,,0,,,,13.920,12.374,True,0.437,2.536,1.43,32.42
1786962228.392,,0,,,,13.550,11.953,True,0.441,2.735,1.55,32.39
1786962228.492,,0,,,,12.950,11.270,True,0.448,3.093,1.75,32.36
1786962228.592,,0,,,,12.440,10.690,True,0.455,3.266,1.84,32.34
1786962228.667,,0,,,,11.920,10.098,True,0.461,3.233,1.82,32.33
1786962228.767,,0,,,,11.610,9.745,True,0.465,3.648,2.06,32.30
1786962228.867,,0,,,,11.470,9.586,True,0.467,3.871,2.18,32.29
1786962228.967,,0,,,,11.410,9.518,True,0.468,4.226,2.38,32.26
1786962229.042,,0,,,,11.430,9.541,True,0.467,4.684,2.63,32.23
1786962229.142,,0,,,,11.380,9.484,True,0.468,4.857,2.73,32.20
1786962229.242,,0,,,,10.870,8.903,True,0.475,5.116,2.87,32.19
1786962229.367,,0,,,,10.120,8.050,True,0.484,5.475,3.07,32.15
1786962229.417,,0,,,,9.790,7.674,True,0.489,5.722,3.20,32.14
1786962229.467,,0,,,,9.500,7.344,True,0.492,5.872,3.29,32.14
1786962229.542,,0,,,,9.120,6.912,True,0.497,6.431,3.60,32.11
1786962229.617,,0,,,,8.780,6.525,True,0.502,6.942,3.88,32.09
1786962229.667,,0,,,,8.310,5.990,True,0.508,7.222,4.03,32.09
1786962229.767,,0,,,,7.970,5.603,True,0.513,7.680,4.28,32.05
1786962229.842,,0,,,,7.550,5.125,True,0.518,8.056,4.49,32.03
1786962229.917,,0,,,,7.240,4.773,True,0.522,8.255,4.60,32.01
1786962229.992,,0,,,,6.940,4.431,True,0.526,8.508,4.73,31.99
1786962230.067,,0,,,,6.560,3.999,True,0.532,8.447,4.70,31.99
1786962230.167,,0,,,,6.250,3.634,True,0.533,8.852,4.92,31.96
1786962230.242,,0,,,,5.870,3.145,True,0.526,9.474,5.26,31.93
1786962230.342,,0,,,,5.690,2.914,True,0.523,9.764,5.41,31.91
1786962230.392,,0,,,,5.530,2.708,True,0.520,9.819,5.44,31.91
1786962230.442,,0,,,,5.340,2.463,True,0.516,10.191,5.64,31.88
1786962230.517,,0,,,,4.980,2.000,True,0.510,10.219,5.65,31.86
1786962230.567,,0,,,,4.680,1.614,True,0.504,0.901,0.53,33.53
1786962230.642,,0,,,,4.410,1.267,True,0.499,0.903,0.53,33.53
1786962230.692,,0,,,,4.190,0.983,True,0.495,1.085,0.63,33.50
1786962230.767,,0,,,,3.850,0.546,True,0.489,1.075,0.63,33.49
1786962230.843,,0,,,,3.590,0.211,True,0.485,0.433,0.25,33.75
1786962230.892,,0,,,,3.430,0.006,True,0.482,0.416,0.24,33.73
1786962230.992,,0,,,,3.150,-0.355,True,0.477,0.514,0.30,33.72
1786962231.042,,0,,,,2.730,-0.895,True,0.469,0.782,0.46,33.70
1786962231.167,,0,,,,2.370,-1.358,True,0.463,1.120,0.66,33.67
1786962231.242,,0,,,,2.070,-1.744,True,0.458,1.182,0.69,33.65
1786962231.317,,0,,,,1.670,-2.259,True,0.451,1.405,0.82,33.62
1786962231.417,,0,,,,1.100,-2.992,True,0.441,1.523,0.89,33.61
1786962231.467,,0,,,,0.810,-3.365,True,0.437,1.448,0.85,33.60
1786962231.567,,0,,,,0.480,-3.790,True,0.431,1.720,1.01,33.57
1786962231.667,,0,,,,0.130,-4.240,True,0.425,0.127,0.07,33.83
1786962231.742,,0,,,,-0.140,-4.588,True,0.421,0.081,0.05,33.79
1786962231.867,,0,,,,-0.560,-5.128,True,0.414,-0.053,0.03,33.78
1786962231.942,,0,,,,-0.720,-5.334,True,0.412,-1.286,0.76,33.98
1786962231.992,,0,,,,-0.850,-5.501,True,0.410,-0.956,0.57,33.96
1786962232.092,,0,,,,-1.080,-5.797,True,0.406,-1.065,0.63,33.95
1786962232.192,,0,,,,-1.160,-5.900,True,0.405,-0.836,0.49,33.91
1786962232.267,,0,,,,-1.210,-5.965,True,0.404,-1.811,1.07,33.92
1786962232.367,,0,,,,-1.250,-6.016,True,0.403,-1.751,1.04,33.89
1786962232.442,,0,,,,-1.260,-6.029,True,0.403,-1.487,0.88,33.88
1786962232.542,,0,,,,-1.310,-6.093,True,0.402,-1.691,1.00,33.95
1786962232.642,,0,,,,-1.430,-6.221,True,0.405,-1.588,0.94,34.06
1786962232.717,,0,,,,-1.700,-6.497,True,0.414,-2.048,1.22,34.06
1786962232.817,,0,,,,-2.140,-6.946,True,0.429,-1.995,1.18,34.04
1786962232.892,,0,,,,-2.350,-7.160,True,0.436,-1.826,1.08,34.03
1786962233.017,,0,,,,-3.110,-7.935,True,0.462,-1.625,0.96,33.99
1786962233.142,,0,,,,-3.380,-8.211,True,0.472,-1.443,0.85,33.95
1786962233.242,,0,,,,-3.510,-8.343,True,0.477,-1.212,0.72,33.94
1786962233.342,,0,,,,-3.650,-8.486,True,0.482,-0.977,0.58,33.90
1786962233.442,,0,,,,-3.780,-8.619,True,0.486,-0.699,0.41,33.89
1786962233.517,,0,,,,-4.020,-8.864,True,0.495,-0.450,0.27,33.87
1786962233.667,,0,,,,-4.500,-9.354,True,0.513,-0.093,0.05,33.85
1786962233.817,,0,,,,-5.010,-9.874,True,0.532,-1.717,1.03,34.21
1786962233.892,,0,,,,-5.250,-10.119,True,0.542,-1.198,0.71,34.18
1786962234.017,,0,,,,-5.590,-10.466,True,0.555,-1.830,1.09,34.07
1786962234.142,,0,,,,-5.910,-10.792,True,0.567,-1.526,0.91,34.07
1786962234.317,,0,,,,-6.650,-11.547,True,0.597,-1.628,0.97,34.10
1786962234.392,,0,,,,-6.950,-11.853,True,0.609,-1.217,0.72,34.07
1786962234.517,,0,,,,-7.390,-12.302,True,0.626,-1.506,0.89,34.04
1786962234.592,,0,,,,-7.870,-12.792,True,0.646,-1.177,0.70,34.02
1786962234.692,,0,,,,-8.050,-12.976,True,0.653,-0.950,0.56,34.02
1786962234.792,,0,,,,-8.490,-13.425,True,0.671,-0.551,0.33,33.98
1786962234.867,,0,,,,-8.690,-13.629,True,0.679,-0.261,0.15,33.98
1786962234.967,,0,,,,-9.020,-13.966,True,0.693,-0.099,0.06,33.95
1786962235.067,,0,,,,-9.440,-14.394,True,0.710,0.090,0.05,33.93
1786962235.167,,0,,,,-9.970,-14.935,True,0.732,0.339,0.20,33.90
1786962235.267,,0,,,,-10.440,-15.415,True,0.752,0.539,0.32,33.89
1786962235.367,,0,,,,-10.850,-15.833,True,0.769,1.060,0.63,33.87
1786962235.442,,0,,,,-11.300,-16.226,True,0.766,1.316,0.78,33.84
1786962235.517,,0,,,,-11.780,-16.610,True,0.750,1.249,0.74,33.83
1786962235.617,,0,,,,-12.350,-17.066,True,0.731,1.701,1.00,33.81
1786962235.717,,0,,,,-12.670,-17.321,True,0.721,1.939,1.14,33.79
1786962235.817,,0,,,,-13.180,-17.729,True,0.704,2.147,1.27,33.77
1786962235.917,,0,,,,-13.450,-17.945,True,0.695,2.268,1.34,33.74
1786962236.017,,0,,,,-13.870,-18.281,True,0.682,2.423,1.43,33.73
1786962236.092,,0,,,,-14.200,-18.545,True,0.671,2.521,1.48,33.71
1786962236.192,,0,,,,-14.450,-18.745,True,0.663,2.651,1.56,33.69
1786962236.292,,0,,,,-14.760,-18.993,True,0.653,2.700,1.59,33.67
1786962236.392,,0,,,,-15.130,-19.289,True,0.641,2.743,1.61,33.65
1786962236.467,,0,,,,-15.520,-19.601,True,0.629,2.604,1.53,33.65
1786962236.517,,0,,,,-15.790,-19.816,True,0.620,2.892,1.70,33.63
1786962236.592,,0,,,,-16.070,-20.040,True,0.612,3.092,1.81,33.61
1786962236.642,,0,,,,-16.420,-20.320,True,0.601,3.075,1.80,33.61
1786962236.692,,0,,,,-16.620,-20.480,True,0.594,3.141,1.84,33.59
1786962236.767,,0,,,,-16.870,-20.680,True,0.586,3.043,1.78,33.58
1786962236.817,,0,,,,-17.030,-20.808,True,0.582,3.256,1.91,33.57
1786962236.867,,0,,,,-17.280,-21.008,True,0.574,3.109,1.82,33.56
1786962236.967,,0,,,,-17.560,-21.232,True,0.565,3.145,1.84,33.53
1786962237.317,,0,,,,-19.060,-22.431,True,0.520,-3.357,2.00,34.22
1786962237.392,,0,,,,-19.320,-22.639,True,0.512,-3.162,1.89,34.21
1786962237.467,,0,,,,-19.520,-22.799,True,0.506,-2.911,1.74,34.20
1786962237.517,,0,,,,-19.600,-22.863,True,0.504,-2.687,1.60,34.18
1786962237.592,,0,,,,-19.570,-22.839,True,0.505,-3.127,1.87,34.28
1786962237.692,,0,,,,-19.530,-22.807,True,0.506,-3.313,1.98,34.28
1786962237.767,,0,,,,-19.560,-22.831,True,0.505,-3.285,1.96,34.25
1786962237.842,,0,,,,-19.630,-22.887,True,0.503,-3.212,1.92,34.25
1786962237.917,,0,,,,-19.720,-22.959,True,0.500,-4.060,2.43,34.35
1786962237.992,,0,,,,-19.890,-23.095,True,0.496,-4.036,2.42,34.34
1786962238.067,,0,,,,-20.110,-23.271,True,0.489,-3.915,2.34,34.33
1786962238.142,,0,,,,-20.320,-23.439,True,0.483,-3.825,2.29,34.31
1786962238.192,,0,,,,-20.480,-23.567,True,0.479,-4.401,2.64,34.36
1786962238.267,,0,,,,-20.760,-23.791,True,0.471,-4.411,2.64,34.36
1786962238.342,,0,,,,-20.910,-23.911,True,0.466,-4.148,2.48,34.33
1786962238.417,,0,,,,-21.140,-24.095,True,0.460,-4.034,2.41,34.32
1786962238.467,,0,,,,-21.280,-24.207,True,0.456,-4.436,2.66,34.44
1786962238.592,,0,,,,-21.760,-24.591,True,0.443,-4.318,2.59,34.41
1786962238.667,,0,,,,-22.150,-24.902,True,0.433,-4.035,2.42,34.40
1786962238.792,,0,,,,-22.760,-25.390,True,0.417,-4.518,2.72,34.51
1786962238.867,,0,,,,-23.190,-25.734,True,0.406,-4.262,2.56,34.49
1786962238.967,,0,,,,-23.510,-25.976,True,0.406,-4.031,2.42,34.47
1786962239.067,,0,,,,-23.650,-26.077,True,0.409,-5.109,3.08,34.62
1786962239.142,,0,,,,-23.600,-26.041,True,0.408,-4.816,2.90,34.60
1786962239.192,,0,,,,-23.600,-26.041,True,0.408,-4.582,2.76,34.59
1786962239.267,,0,,,,-23.550,-26.005,True,0.407,-4.168,2.51,34.56
1786962239.417,,0,,,,-23.750,-26.149,True,0.412,-3.960,2.39,34.54
1786962239.517,,0,,,,-23.920,-26.272,True,0.416,-3.879,2.34,34.53
1786962239.642,,0,,,,-24.280,-26.532,True,0.424,-3.908,2.35,34.51
1786962239.717,,0,,,,-24.600,-26.763,True,0.432,-3.698,2.22,34.50
1786962239.842,,0,,,,-24.850,-26.943,True,0.438,-3.355,2.02,34.49
1786962239.917,,0,,,,-25.080,-27.109,True,0.443,-3.111,1.87,34.47
1786962240.042,,0,,,,-25.590,-27.477,True,0.456,-2.708,1.63,34.45
1786962240.142,,0,,,,-25.990,-27.766,True,0.466,-4.266,2.58,34.67
1786962240.267,,0,,,,-26.570,-28.184,True,0.481,-4.265,2.58,34.65
1786962240.367,,0,,,,-27.050,-28.531,True,0.493,-3.934,2.38,34.63
1786962240.417,,0,,,,-27.380,-28.769,True,0.502,-3.935,2.38,34.63
1786962240.492,,0,,,,-27.810,-29.079,True,0.513,-3.679,2.22,34.61
1786962240.542,,0,,,,-28.030,-29.238,True,0.519,-3.691,2.23,34.60
1786962240.617,,0,,,,-28.350,-29.469,True,0.528,-3.510,2.12,34.59
1786962240.692,,0,,,,-28.600,-29.649,True,0.534,-2.956,1.78,34.58
1786962240.767,,0,,,,-28.840,-29.823,True,0.541,-3.113,1.88,34.57
1786962240.792,,0,,,,-29.030,-29.960,True,0.546,-3.037,1.83,34.56
1786962240.867,,0,,,,-29.210,-30.090,True,0.551,-2.961,1.79,34.56
1786962240.942,,0,,,,-29.350,-30.191,True,0.555,-2.561,1.54,34.53
1786962240.992,,0,,,,-29.400,-30.227,True,0.556,-2.365,1.42,34.53
1786962241.092,,0,,,,-29.490,-30.292,True,0.559,-2.350,1.42,34.52
1786962241.242,,0,,,,-30.080,-30.718,True,0.575,-2.031,1.22,34.50
1786962241.342,,0,,,,-30.430,-30.970,True,0.585,-1.994,1.20,34.49
1786962241.417,,0,,,,-30.800,-31.237,True,0.595,-1.777,1.07,34.48
1786962241.492,,0,,,,-31.350,-31.634,True,0.611,-1.619,0.97,34.47
1786962241.592,,0,,,,-31.940,-32.060,True,0.627,-1.812,1.09,34.46
1786962241.692,,0,,,,-32.600,-32.536,True,0.646,-1.846,1.11,34.46
1786962241.817,,0,,,,-33.340,-33.070,True,0.668,-5.304,3.31,35.81
1786962241.892,,0,,,,-33.810,-33.410,True,0.681,-5.448,3.40,35.81
1786962241.967,,0,,,,-34.110,-33.626,True,0.690,-5.433,3.39,35.79
1786962242.042,,0,,,,-34.380,-33.821,True,0.698,-5.257,3.28,35.77
1786962242.117,,0,,,,-34.610,-33.987,True,0.705,-5.687,3.57,36.07
1786962242.192,,0,,,,-34.720,-34.066,True,0.708,-5.250,3.30,36.06
1786962242.267,,0,,,,-34.900,-34.196,True,0.713,-5.140,3.23,36.06
1786962242.367,,0,,,,-35.140,-34.370,True,0.720,-5.540,3.49,36.13
1786962242.467,,0,,,,-35.520,-34.644,True,0.732,-5.319,3.35,36.12
1786962242.542,,0,,,,-35.780,-34.831,True,0.739,-5.230,3.29,36.11
1786962242.592,,0,,,,-35.970,-34.969,True,0.745,-4.809,3.03,36.10
1786962242.667,,0,,,,-36.250,-35.171,True,0.753,-5.290,3.36,36.48
1786962242.767,,0,,,,-36.660,-35.467,True,0.766,-5.275,3.35,36.47
1786962242.867,,0,,,,-37.240,-35.909,True,0.776,-5.317,3.38,36.46
1786962242.967,,0,,,,-37.490,-36.115,True,0.776,-5.022,3.19,36.44
1786962243.092,,0,,,,-37.810,-36.378,True,0.776,-4.885,3.10,36.42
1786962243.167,,0,,,,-37.920,-36.468,True,0.776,-4.935,3.13,36.42
1786962243.317,,0,,,,-38.060,-36.583,True,0.776,-4.725,3.00,36.39
1786962243.392,,0,,,,-38.260,-36.748,True,0.776,-4.611,2.92,36.38
1786962243.467,,0,,,,-38.510,-36.953,True,0.776,-5.555,3.67,37.87
1786962243.567,,0,,,,-39.130,-37.463,True,0.776,-5.468,3.61,37.85
1786962243.642,,0,,,,-39.590,-37.841,True,0.776,-5.350,3.53,37.85
1786962243.767,,0,,,,-40.130,-38.285,True,0.776,-5.133,3.38,37.83
1786962243.842,,0,,,,-40.330,-38.449,True,0.776,-4.698,3.03,36.97
1786962243.942,,0,,,,-40.360,-38.474,True,0.776,-4.504,2.90,36.95
1786962244.042,,0,,,,-40.390,-38.498,True,0.776,-4.340,2.80,36.95
1786962244.167,,0,,,,-40.560,-38.638,True,0.776,-4.237,2.77,37.43
1786962244.267,,0,,,,-40.890,-38.909,True,0.776,-3.985,2.60,37.44
1786962244.342,,0,,,,-41.290,-39.238,True,0.776,-4.538,2.97,37.59
1786962244.442,,0,,,,-42.000,-39.822,True,0.776,-5.467,3.66,38.37
1786962244.542,,0,,,,-42.580,-40.298,True,0.776,-5.430,3.63,38.36
1786962244.617,,0,,,,-43.230,-40.833,True,0.776,-5.314,3.55,38.35
1786962244.692,,0,,,,-43.600,-41.137,True,0.776,-5.020,3.35,38.34
1786962244.792,,0,,,,-43.850,-41.342,True,0.776,-4.877,3.26,38.33
1786962244.842,,0,,,,-44.010,-41.474,True,0.776,-4.813,3.22,38.33
1786962244.942,,0,,,,-44.380,-41.778,True,0.776,-4.596,3.07,38.31
1786962244.992,,0,,,,-44.540,-41.909,True,0.776,-4.259,2.84,38.30
1786962245.092,,0,,,,-44.860,-42.172,True,0.776,-4.173,2.79,38.29
1786962245.192,,0,,,,-45.220,-42.468,True,0.776,-3.816,2.55,38.27
1786962245.292,,0,,,,-45.830,-42.970,True,0.776,-3.769,2.51,38.26
1786962245.392,,0,,,,-46.210,-43.282,True,0.776,-3.694,2.47,38.26
1786962245.492,,0,,,,-46.530,-43.545,True,0.776,-2.982,1.98,38.05
1786962245.592,,0,,,,-46.910,-43.857,True,0.776,-2.719,1.80,38.04
1786962245.692,,0,,,,-47.200,-44.096,True,0.776,-2.636,1.75,38.03
1786962245.842,,0,,,,-47.840,-44.622,True,0.776,-3.057,2.04,38.24
1786962245.942,,0,,,,-48.350,-45.041,True,0.776,-2.894,1.94,38.47
1786962246.042,,0,,,,-48.860,-45.460,True,0.776,-2.786,1.87,38.47
1786962246.117,,0,,,,-49.310,-45.837,True,0.769,-2.953,1.98,38.46
1786962246.192,,0,,,,-49.670,-46.141,True,0.761,-2.937,1.97,38.45
1786962246.267,,0,,,,-50.060,-46.471,True,0.753,-3.011,2.02,38.45
1786962246.342,,0,,,,-50.560,-46.894,True,0.742,-3.421,2.32,38.94
1786962246.492,,0,,,,-51.290,-47.511,True,0.727,-3.159,2.14,38.92
1786962246.642,,0,,,,-52.010,-48.120,True,0.712,-3.162,2.17,39.29
1786962246.717,,0,,,,-52.350,-48.407,True,0.704,-2.980,2.04,39.28
1786962246.817,,0,,,,-52.620,-48.635,True,0.699,-3.082,2.12,39.37
1786962246.892,,0,,,,-52.870,-48.847,True,0.693,-3.092,2.14,39.76
1786962247.067,,0,,,,-53.390,-49.286,True,0.682,-3.100,2.15,39.80
1786962247.167,,0,,,,-53.450,-49.337,True,0.681,-2.940,2.05,39.90
1786962247.242,,0,,,,-53.480,-49.362,True,0.681,-2.252,1.57,40.02
1786962247.592,,0,,,,-54.260,-50.022,True,0.664,-2.283,1.60,40.21
1786962247.667,,0,,,,-54.560,-50.276,True,0.658,-2.693,1.91,40.58
1786962247.767,,0,,,,-55.120,-50.749,True,0.646,-2.738,1.94,40.63
1786962247.867,,0,,,,-55.600,-51.155,True,0.637,-2.479,1.77,40.83
1786962247.967,,0,,,,-56.030,-51.518,True,0.628,-2.461,1.76,40.90
1786962248.042,,0,,,,-56.290,-51.738,True,0.622,-2.832,2.02,40.90
1786962248.117,,0,,,,-56.600,-52.000,True,0.616,-2.681,1.92,41.14
1786962248.192,,0,,,,-56.930,-52.279,True,0.609,-2.555,1.84,41.27
1786962248.342,,0,,,,-57.380,-52.660,True,0.600,-2.683,1.95,41.63
1786962248.442,,0,,,,-57.690,-52.922,True,0.594,-2.292,1.66,41.51
1786962248.492,,0,,,,-57.960,-53.150,True,0.588,-2.228,1.61,41.50
1786962248.567,,0,,,,-58.070,-53.243,True,0.586,-2.548,1.85,41.65
1786962248.642,,0,,,,-58.150,-53.311,True,0.585,-2.214,1.62,41.94
1786962248.692,,0,,,,-58.150,-53.311,True,0.585,-2.124,1.55,41.93
1786962248.742,,0,,,,-58.110,-53.277,True,0.585,-2.088,1.53,42.06
1786962248.792,,0,,,,-58.070,-53.243,True,0.586,-1.931,1.42,42.06
1786962248.867,,0,,,,-57.950,-53.141,True,0.589,-2.015,1.48,42.05
1786962248.917,,0,,,,-57.890,-53.091,True,0.590,-2.016,1.48,42.04
1786962248.992,,0,,,,-57.800,-53.015,True,0.592,-0.578,0.44,43.92
1786962249.092,,0,,,,-57.790,-53.006,True,0.592,-0.856,0.66,43.91
1786962249.192,,0,,,,-57.890,-53.091,True,0.590,-1.995,1.49,42.95
1786962249.267,,0,,,,-58.050,-53.226,True,0.587,-2.073,1.55,42.95
1786962249.367,,0,,,,-58.350,-53.480,True,0.581,-2.210,1.66,42.93
1786962249.467,,0,,,,-58.640,-53.725,True,0.575,-3.165,2.37,42.98
1786962249.667,,0,,,,-58.960,-53.995,True,0.568,-1.732,1.34,44.25
1786962249.742,,0,,,,-58.910,-53.953,True,0.569,-1.764,1.35,44.01
1786962249.792,,0,,,,-58.800,-53.860,True,0.572,-1.826,1.40,44.01
1786962249.917,,0,,,,-58.540,-53.640,True,0.577,-1.192,0.93,44.92
1786962250.017,,0,,,,-58.540,-53.640,True,0.577,-1.784,1.38,44.23
1786962250.092,,0,,,,-58.620,-53.708,True,0.575,-2.360,1.83,44.42
1786962250.167,,0,,,,-58.830,-53.885,True,0.571,-2.314,1.79,44.41
1786962250.292,,0,,,,-59.280,-54.266,True,0.562,-2.255,1.75,44.61
1786962250.442,,0,,,,-59.700,-54.621,True,0.554,-1.985,1.56,44.93
1786962250.542,,0,,,,-59.740,-54.655,True,0.553,-1.976,1.55,44.91
1786962250.592,,0,,,,-59.650,-54.579,True,0.555,-1.952,1.54,45.23
1786962250.667,,0,,,,-59.500,-54.452,True,0.558,-1.512,1.21,45.95
1786962250.767,,0,,,,-59.230,-54.224,True,0.563,-1.476,1.19,46.10
1786962250.842,,0,,,,-59.050,-54.071,True,0.567,-1.518,1.22,46.09
1786962250.942,,0,,,,-58.990,-54.021,True,0.568,-2.543,2.02,45.46
1786962251.042,,0,,,,-59.110,-54.122,True,0.565,-1.500,1.21,46.18
1786962251.117,,0,,,,-59.250,-54.241,True,0.563,-1.817,1.48,46.52
1786962251.192,,0,,,,-59.430,-54.393,True,0.559,-1.883,1.53,46.50
1786962251.292,,0,,,,-59.620,-54.553,True,0.555,-1.903,1.54,46.47
1786962251.367,,0,,,,-59.700,-54.621,True,0.554,-2.333,1.86,45.74
1786962251.442,,0,,,,-59.650,-54.579,True,0.555,-1.862,1.52,46.65
1786962251.517,,0,,,,-59.520,-54.469,True,0.557,-1.835,1.49,46.64
1786962251.592,,0,,,,-59.230,-54.224,True,0.563,-2.027,1.66,46.85
1786962251.667,,0,,,,-58.890,-53.936,True,0.570,-1.435,1.18,47.11
1786962251.742,,0,,,,-58.550,-53.649,True,0.577,-1.336,1.10,47.09
1786962251.867,,0,,,,-58.230,-53.378,True,0.583,-2.211,1.80,46.59
1786962251.967,,0,,,,-58.290,-53.429,True,0.582,-1.317,1.09,47.34
1786962252.092,,0,,,,-58.430,-53.547,True,0.579,-1.315,1.09,47.50
1786962252.142,,0,,,,-58.490,-53.598,True,0.578,-1.601,1.33,47.59
1786962252.242,,0,,,,-58.600,-53.691,True,0.576,-1.703,1.42,47.86
1786962252.317,,0,,,,-58.640,-53.725,True,0.575,-1.722,1.43,47.72
1786962252.417,,0,,,,-58.530,-53.632,True,0.577,-1.846,1.54,47.96
1786962252.492,,0,,,,-58.350,-53.480,True,0.581,-1.856,1.55,47.94
1786962252.567,,0,,,,-57.920,-53.116,True,0.589,-1.986,1.66,47.90
1786962252.667,,0,,,,-57.580,-52.829,True,0.596,-2.756,2.29,47.57
1786962252.742,,0,,,,-57.350,-52.634,True,0.601,-2.961,2.46,47.56
1786962252.792,,0,,,,-57.190,-52.499,True,0.604,-2.158,1.82,48.32
1786962252.842,,0,,,,-56.930,-52.279,True,0.609,-2.329,1.96,48.31
1786962252.892,,0,,,,-56.840,-52.203,True,0.611,-2.452,2.07,48.29
1786962252.967,,0,,,,-56.760,-52.135,True,0.613,-2.368,2.00,48.29
1786962253.017,,0,,,,-56.740,-52.119,True,0.613,-3.178,2.67,48.11
1786962253.142,,0,,,,-56.800,-52.169,True,0.612,-2.680,2.26,48.29
1786962253.242,,0,,,,-56.880,-52.237,True,0.610,-2.576,2.17,48.27
1786962253.292,,0,,,,-56.880,-52.237,True,0.610,-2.490,2.10,48.25
1786962253.367,,0,,,,-56.800,-52.169,True,0.612,-2.627,2.21,48.24
1786962253.417,,0,,,,-56.630,-52.026,True,0.615,-2.577,2.17,48.23
1786962253.542,,0,,,,-56.030,-51.518,True,0.628,-2.585,2.17,48.21
1786962253.617,,0,,,,-55.580,-51.138,True,0.637,-2.746,2.31,48.20
1786962253.692,,0,,,,-55.280,-50.884,True,0.643,-2.890,2.43,48.19
1786962254.092,,0,,,,-54.670,-50.369,True,0.656,-2.882,2.49,49.51
1786962254.242,,0,,,,-54.850,-50.521,True,0.652,-2.536,2.21,49.84
1786962254.642,,0,,,,-55.110,-50.740,True,0.647,-2.830,2.47,50.02
1786962254.717,,0,,,,-54.850,-50.521,True,0.652,-3.173,2.78,50.29
1786962254.817,,0,,,,-54.270,-50.030,True,0.664,-3.205,2.82,50.49
1786962254.867,,0,,,,-53.850,-49.675,True,0.673,-3.396,2.99,50.48
1786962254.967,,0,,,,-53.100,-49.041,True,0.689,-3.512,3.09,50.49
1786962255.042,,0,,,,-52.550,-48.576,True,0.700,-3.434,3.03,50.57
1786962255.142,,0,,,,-52.130,-48.221,True,0.709,-3.785,3.34,50.55
1786962255.267,,0,,,,-51.840,-47.976,True,0.715,-4.000,3.55,50.82
1786962255.392,,0,,,,-51.790,-47.934,True,0.716,-4.095,3.64,51.01
1786962255.542,,0,,,,-51.800,-47.942,True,0.716,-4.354,3.88,51.16
1786962255.692,,0,,,,-51.400,-47.604,True,0.724,-4.252,3.79,51.17
1786962255.792,,0,,,,-51.020,-47.283,True,0.733,-4.354,3.88,51.16
1786962256.117,,0,,,,-49.820,-46.268,True,0.758,-4.820,4.31,51.26
1786962256.167,,0,,,,-49.810,-46.260,True,0.758,-4.861,4.34,51.25
1786962256.292,,0,,,,-49.790,-46.243,True,0.759,-5.011,4.48,51.23
1786962256.342,,0,,,,-49.760,-46.218,True,0.759,-5.047,4.51,51.23
1786962256.492,,0,,,,-49.770,-46.226,True,0.759,-5.412,4.83,51.22
1786962256.617,,0,,,,-49.680,-46.150,True,0.761,-4.393,3.98,52.02
1786962256.717,,0,,,,-49.660,-46.133,True,0.762,-4.532,4.11,52.00
1786962256.792,,0,,,,-49.640,-46.116,True,0.762,-4.641,4.21,51.99
1786962256.892,,0,,,,-49.670,-46.141,True,0.761,-4.625,4.22,52.28
1786962256.942,,0,,,,-49.640,-46.116,True,0.762,-4.668,4.25,52.26
1786962257.042,,0,,,,-49.590,-46.074,True,0.763,-4.984,4.53,52.14
1786962257.117,,0,,,,-49.420,-45.930,True,0.767,-4.287,3.93,52.62
1786962257.242,,0,,,,-49.000,-45.575,True,0.776,-4.156,3.81,52.59
1786962257.342,,0,,,,-48.440,-45.115,True,0.776,-4.592,4.20,52.50
1786962257.417,,0,,,,-48.050,-44.794,True,0.776,-4.865,4.45,52.48
1786962257.517,,0,,,,-47.650,-44.465,True,0.776,-4.502,4.13,52.63
1786962257.617,,0,,,,-47.420,-44.276,True,0.776,-4.478,4.12,52.81
1786962257.717,,0,,,,-47.180,-44.079,True,0.776,-5.029,4.65,53.08
1786962257.792,,0,,,,-46.990,-43.923,True,0.776,-5.155,4.77,53.07
1786962257.892,,0,,,,-46.890,-43.841,True,0.776,-5.223,4.83,53.06
1786962257.967,,0,,,,-46.800,-43.767,True,0.776,-5.068,4.70,53.25
1786962258.042,,0,,,,-46.710,-43.693,True,0.776,-5.113,4.74,53.24
1786962258.142,,0,,,,-46.720,-43.701,True,0.776,-5.111,4.74,53.22
1786962258.192,,0,,,,-46.700,-43.685,True,0.776,-5.088,4.72,53.21
1786962258.292,,0,,,,-46.700,-43.685,True,0.776,-4.664,4.34,53.34
1786962258.367,,0,,,,-46.720,-43.701,True,0.776,-5.025,4.69,53.53
1786962258.442,,0,,,,-46.720,-43.701,True,0.776,-5.251,4.92,53.75
1786962258.542,,0,,,,-46.670,-43.660,True,0.776,-5.133,4.80,53.64
1786962258.742,,0,,,,-46.550,-43.561,True,0.776,-5.304,4.97,53.77
1786962258.867,,0,,,,-46.510,-43.528,True,0.776,-5.234,4.90,53.75
1786962258.967,,0,,,,-46.270,-43.331,True,0.776,-4.560,4.31,54.28
1786962259.067,,0,,,,-46.010,-43.117,True,0.776,-4.759,4.50,54.26
1786962259.167,,0,,,,-45.800,-42.945,True,0.776,-4.938,4.67,54.25
1786962259.267,,0,,,,-45.580,-42.764,True,0.776,-5.098,4.82,54.23
1786962259.367,,0,,,,-45.430,-42.641,True,0.776,-5.213,4.93,54.21
1786962259.442,,0,,,,-45.190,-42.443,True,0.776,-5.429,5.13,54.19
1786962259.517,,0,,,,-45.030,-42.312,True,0.776,-5.595,5.28,54.18
1786962259.592,,0,,,,-44.890,-42.197,True,0.776,-5.776,5.45,54.16
1786962259.692,,0,,,,-44.670,-42.016,True,0.776,-5.910,5.58,54.15
1786962259.792,,0,,,,-44.460,-41.843,True,0.776,-6.073,5.73,54.14
1786962259.867,,0,,,,-44.270,-41.687,True,0.776,-6.266,5.91,54.13
1786962259.942,,0,,,,-44.130,-41.572,True,0.776,-6.464,6.09,54.12
1786962259.992,,0,,,,-43.980,-41.449,True,0.776,-6.161,5.90,55.00
1786962260.067,,0,,,,-43.980,-41.449,True,0.776,-6.226,5.96,54.99
1786962260.142,,0,,,,-44.070,-41.523,True,0.776,-6.397,6.12,54.98
1786962260.242,,0,,,,-44.310,-41.720,True,0.776,-6.510,6.23,54.97
1786962260.342,,0,,,,-44.480,-41.860,True,0.776,-5.868,5.65,55.32
1786962260.417,,0,,,,-44.580,-41.942,True,0.776,-6.319,6.08,55.22
1786962260.492,,0,,,,-44.530,-41.901,True,0.776,-6.412,6.17,55.20
1786962260.592,,0,,,,-44.390,-41.786,True,0.776,-5.775,5.57,55.34
1786962260.667,,0,,,,-44.270,-41.687,True,0.776,-6.060,5.84,55.33
1786962260.767,,0,,,,-44.120,-41.564,True,0.776,-5.934,5.73,55.46
1786962260.842,,0,,,,-44.060,-41.515,True,0.776,-6.028,5.82,55.46
1786962260.892,,0,,,,-44.030,-41.490,True,0.776,-6.137,5.93,55.46
1786962260.942,,0,,,,-43.970,-41.441,True,0.776,-6.853,6.65,55.75
1786962261.042,,0,,,,-43.930,-41.408,True,0.776,-6.873,6.67,55.74
1786962261.117,,0,,,,-43.920,-41.400,True,0.776,-7.046,6.84,55.73
1786962261.167,,0,,,,-43.940,-41.416,True,0.776,-6.985,6.78,55.72
1786962261.267,,0,,,,-43.990,-41.457,True,0.776,-6.946,6.74,55.71
1786962261.342,,0,,,,-44.020,-41.482,True,0.776,-6.783,6.60,55.87
1786962261.467,,0,,,,-44.040,-41.498,True,0.776,-6.734,6.57,56.01
1786962261.567,,0,,,,-44.040,-41.498,True,0.776,-5.753,5.63,56.14
1786962261.642,,0,,,,-43.990,-41.457,True,0.776,-6.470,6.32,56.07
1786962261.742,,0,,,,-43.920,-41.400,True,0.776,-6.561,6.40,56.04
1786962261.817,,0,,,,-43.830,-41.326,True,0.776,-5.574,5.49,56.53
1786962261.917,,0,,,,-43.680,-41.202,True,0.776,-5.420,5.35,56.68
1786962261.992,,0,,,,-43.550,-41.096,True,0.776,-5.563,5.47,56.45
1786962262.067,,0,,,,-43.450,-41.013,True,0.776,-5.492,5.40,56.44
1786962262.142,,0,,,,-43.410,-40.980,True,0.776,-5.634,5.54,56.42
1786962262.217,,0,,,,-43.420,-40.989,True,0.776,-5.174,5.14,56.95
1786962262.267,,0,,,,-43.460,-41.022,True,0.776,-5.301,5.26,56.95
1786962262.342,,0,,,,-43.550,-41.096,True,0.776,-6.144,6.05,56.52
1786962262.392,,0,,,,-43.730,-41.243,True,0.776,-6.439,6.34,56.50
1786962262.467,,0,,,,-43.870,-41.359,True,0.776,-6.598,6.52,56.75
1786962262.542,,0,,,,-43.930,-41.408,True,0.776,-6.099,6.05,56.90
1786962262.617,,0,,,,-44.050,-41.507,True,0.776,-6.000,5.95,56.93
1786962262.717,,0,,,,-44.120,-41.564,True,0.776,-5.918,5.87,56.91
1786962262.817,,0,,,,-44.150,-41.589,True,0.776,-5.923,5.89,57.06
1786962262.942,,0,,,,-44.140,-41.580,True,0.776,-5.713,5.69,57.17
1786962263.042,,0,,,,-44.060,-41.515,True,0.776,-5.704,5.67,57.10
1786962263.217,,0,,,,-43.740,-41.252,True,0.776,-5.292,5.30,57.48
1786962263.317,,0,,,,-43.670,-41.194,True,0.776,-5.848,5.85,57.46
1786962263.442,,0,,,,-43.880,-41.367,True,0.776,-5.741,5.75,57.45
1786962263.492,,0,,,,-43.950,-41.424,True,0.776,-5.704,5.71,57.44
1786962263.592,,0,,,,-44.130,-41.572,True,0.776,-6.154,6.16,57.49
1786962263.692,,0,,,,-44.430,-41.819,True,0.776,-6.470,6.48,57.47
1786962263.767,,0,,,,-44.410,-41.802,True,0.776,-6.554,6.56,57.46
1786962263.817,,0,,,,-44.300,-41.712,True,0.776,-6.531,6.53,57.45
1786962263.867,,0,,,,-44.080,-41.531,True,0.776,-5.723,5.74,57.58
1786962263.967,,0,,,,-43.560,-41.104,True,0.776,-6.160,6.18,57.61
1786962264.042,,0,,,,-43.400,-40.972,True,0.776,-6.491,6.51,57.59
1786962264.192,,0,,,,-43.150,-40.767,True,0.776,-6.193,6.24,57.86
1786962264.442,,0,,,,-43.370,-40.948,True,0.776,-6.631,6.69,57.92
1786962264.592,,0,,,,-43.320,-40.907,True,0.776,-6.754,6.82,57.98
1786962264.717,,0,,,,-43.170,-40.783,True,0.776,-6.772,6.84,57.96
1786962264.867,,0,,,,-43.040,-40.676,True,0.776,-6.520,6.59,58.00
1786962264.992,,0,,,,-43.220,-40.824,True,0.776,-6.664,6.73,57.98
1786962265.067,,0,,,,-43.480,-41.038,True,0.776,-5.779,5.91,58.73
1786962265.142,,0,,,,-43.770,-41.276,True,0.776,-5.471,5.61,58.82
1786962265.217,,0,,,,-44.000,-41.465,True,0.776,-5.561,5.70,58.81
1786962265.367,,0,,,,-44.580,-41.942,True,0.776,-6.066,6.18,58.49
1786962265.442,,0,,,,-44.700,-42.041,True,0.776,-5.270,5.38,58.61
1786962265.542,,0,,,,-44.760,-42.090,True,0.776,-5.596,5.71,58.60
1786962265.617,,0,,,,-44.790,-42.115,True,0.776,-5.875,6.00,58.58
1786962265.692,,0,,,,-44.750,-42.082,True,0.776,-5.615,5.75,58.76
1786962265.767,,0,,,,-44.600,-41.959,True,0.776,-5.675,5.81,58.74
1786962265.842,,0,,,,-44.440,-41.827,True,0.776,-5.801,5.95,58.86
1786962265.917,,0,,,,-44.350,-41.753,True,0.776,-5.842,5.98,58.77
1786962266.017,,0,,,,-44.250,-41.671,True,0.776,-5.825,5.95,58.62
1786962266.092,,0,,,,-44.290,-41.704,True,0.776,-6.049,6.18,58.61
1786962266.217,,0,,,,-44.410,-41.802,True,0.776,-5.994,6.13,58.66
1786962266.292,,0,,,,-44.450,-41.835,True,0.776,-6.061,6.19,58.65
1786962266.392,,0,,,,-44.540,-41.909,True,0.776,-5.782,5.93,58.83
1786962266.467,,0,,,,-44.470,-41.852,True,0.776,-4.904,5.07,59.25
1786962266.542,,0,,,,-44.400,-41.794,True,0.776,-4.941,5.10,59.24
1786962266.592,,0,,,,-44.360,-41.761,True,0.776,-5.027,5.19,59.23
1786962266.667,,0,,,,-44.340,-41.745,True,0.776,-5.298,5.48,59.37
1786962266.742,,0,,,,-44.430,-41.819,True,0.776,-5.436,5.62,59.36
1786962266.792,,0,,,,-44.530,-41.901,True,0.776,-5.599,5.79,59.35
1786962266.892,,0,,,,-44.800,-42.123,True,0.776,-5.645,5.84,59.34
1786962266.967,,0,,,,-45.090,-42.361,True,0.776,-4.723,4.90,59.56
1786962267.042,,0,,,,-45.330,-42.559,True,0.776,-4.615,4.79,59.55
1786962267.117,,0,,,,-45.510,-42.707,True,0.776,-5.220,5.41,59.44
1786962267.192,,0,,,,-45.630,-42.805,True,0.776,-5.172,5.35,59.36
1786962267.292,,0,,,,-45.800,-42.945,True,0.776,-5.267,5.45,59.35
1786962267.392,,0,,,,-45.790,-42.937,True,0.776,-5.447,5.63,59.34
1786962267.467,,0,,,,-45.750,-42.904,True,0.776,-5.521,5.71,59.34
1786962267.542,,0,,,,-45.760,-42.912,True,0.776,-5.655,5.85,59.32
1786962267.642,,0,,,,-45.800,-42.945,True,0.776,-5.824,6.02,59.31
1786962267.717,,0,,,,-45.850,-42.986,True,0.776,-6.062,6.26,59.29
1786962267.767,,0,,,,-45.980,-43.093,True,0.776,-6.117,6.32,59.29
1786962267.842,,0,,,,-46.050,-43.150,True,0.776,-6.246,6.45,59.28
1786962267.917,,0,,,,-46.120,-43.208,True,0.776,-6.243,6.44,59.27
1786962267.992,,0,,,,-46.120,-43.208,True,0.776,-6.245,6.45,59.26
1786962268.067,,0,,,,-46.100,-43.191,True,0.776,-6.347,6.55,59.26
1786962268.192,,0,,,,-46.040,-43.142,True,0.776,-6.466,6.67,59.24
1786962268.292,,0,,,,-45.860,-42.994,True,0.776,-6.713,6.92,59.23
1786962268.367,,0,,,,-45.810,-42.953,True,0.776,-6.819,7.03,59.22
1786962268.417,,0,,,,-45.650,-42.822,True,0.776,-6.804,7.02,59.22
1786962268.492,,0,,,,-45.570,-42.756,True,0.776,-7.034,7.25,59.20
1786962268.542,,0,,,,-45.480,-42.682,True,0.776,-7.117,7.34,59.20
1786962268.642,,0,,,,-45.320,-42.550,True,0.776,-5.389,5.62,59.85
1786962268.692,,0,,,,-45.190,-42.443,True,0.776,-5.538,5.77,59.84
1786962268.767,,0,,,,-45.160,-42.419,True,0.776,-5.602,5.84,59.83
1786962268.842,,0,,,,-45.040,-42.320,True,0.776,-5.826,6.07,59.83
1786962268.942,,0,,,,-44.950,-42.246,True,0.776,-5.295,5.59,60.54
1786962269.042,,0,,,,-44.910,-42.213,True,0.776,-5.702,5.98,60.14
1786962269.117,,0,,,,-44.980,-42.271,True,0.776,-5.959,6.23,60.02
1786962269.242,,0,,,,-45.140,-42.402,True,0.776,-5.207,5.48,60.44
1786962269.317,,0,,,,-45.290,-42.526,True,0.776,-5.256,5.54,60.43
1786962269.367,,0,,,,-45.370,-42.591,True,0.776,-5.267,5.55,60.42
1786962269.442,,0,,,,-45.460,-42.665,True,0.776,-5.354,5.64,60.41
1786962269.517,,0,,,,-45.520,-42.715,True,0.776,-5.411,5.70,60.40
1786962269.592,,0,,,,-45.560,-42.748,True,0.776,-5.542,5.83,60.39
1786962269.667,,0,,,,-45.580,-42.764,True,0.776,-5.572,5.86,60.39
1786962269.717,,0,,,,-45.550,-42.739,True,0.776,-5.726,6.02,60.38
1786962269.817,,0,,,,-45.430,-42.641,True,0.776,-6.244,6.56,60.27
1786962269.892,,0,,,,-45.220,-42.468,True,0.776,-6.628,6.95,60.25
1786962269.967,,0,,,,-45.020,-42.304,True,0.776,-6.659,6.99,60.24
1786962270.042,,0,,,,-44.810,-42.131,True,0.776,-5.316,5.62,60.65
1786962270.117,,0,,,,-44.590,-41.950,True,0.776,-5.638,5.96,60.64
1786962270.217,,0,,,,-44.400,-41.794,True,0.776,-5.817,6.15,60.71
1786962270.367,,0,,,,-44.020,-41.482,True,0.776,-5.391,5.72,60.87
1786962270.442,,0,,,,-43.680,-41.202,True,0.776,-5.461,5.79,60.87
1786962270.542,,0,,,,-43.340,-40.923,True,0.776,-5.314,5.64,60.91
1786962270.617,,0,,,,-43.100,-40.726,True,0.776,-6.351,6.72,60.72
1786962270.717,,0,,,,-42.840,-40.512,True,0.776,-6.548,6.92,60.71
1786962270.792,,0,,,,-42.770,-40.454,True,0.776,-6.702,7.08,60.70
1786962270.867,,0,,,,-42.790,-40.471,True,0.776,-6.678,7.06,60.69
1786962273.942,,0,,,,-41.820,-39.674,True,0.776,-4.917,5.32,62.10
1786962274.042,,0,,,,-41.840,-39.690,True,0.776,-4.739,5.11,61.90
1786962274.117,,0,,,,-41.620,-39.509,True,0.776,-5.571,6.00,61.82
1786962274.267,,0,,,,-41.030,-39.024,True,0.776,-6.133,6.62,61.98
1786962274.367,,0,,,,-40.560,-38.638,True,0.776,-5.730,6.20,62.15
1786962274.466,,0,,,,-40.310,-38.433,True,0.776,-5.640,6.09,61.98
1786962274.542,,0,,,,-40.020,-38.194,True,0.776,-6.115,6.60,61.96
1786962274.617,,0,,,,-39.680,-37.915,True,0.776,-6.721,7.26,62.03
1786962274.667,,0,,,,-39.280,-37.586,True,0.776,-7.163,7.73,62.02
1786962274.767,,0,,,,-38.480,-36.928,True,0.776,-7.598,8.20,62.01
1786962274.842,,0,,,,-37.770,-36.345,True,0.776,-8.222,8.89,62.18
1786962274.942,,0,,,,-37.320,-35.975,True,0.776,-8.736,9.43,62.08
1786962275.016,,0,,,,-36.910,-35.647,True,0.773,-8.903,9.61,62.11
1786962275.242,,0,,,,-36.130,-35.084,True,0.750,-7.867,8.50,62.09
1786962275.366,,0,,,,-35.980,-34.976,True,0.745,-8.025,8.67,62.07
1786962275.442,,0,,,,-35.870,-34.896,True,0.742,-8.043,8.68,62.05
1786962275.542,,0,,,,-35.700,-34.774,True,0.737,-8.014,8.65,62.03
1786962275.616,,0,,,,-35.450,-34.593,True,0.730,-7.884,8.51,62.02
1786962275.716,,0,,,,-35.100,-34.341,True,0.719,-7.826,8.44,62.01
1786962275.791,,0,,,,-34.840,-34.153,True,0.712,-7.891,8.51,61.99
1786962275.866,,0,,,,-34.560,-33.951,True,0.703,-7.848,8.46,61.99
1786962275.967,,0,,,,-34.220,-33.706,True,0.693,-7.817,8.43,61.96
1786962276.067,,0,,,,-34.040,-33.576,True,0.688,-7.608,8.20,61.96
1786962276.166,,0,,,,-34.020,-33.561,True,0.688,-7.541,8.13,61.94
1786962276.241,,0,,,,-34.020,-33.561,True,0.688,-7.386,7.96,61.93
1786962276.316,,0,,,,-33.980,-33.532,True,0.686,-7.136,7.69,61.92
1786962276.391,,0,,,,-33.880,-33.460,True,0.684,-6.173,6.76,62.84
1786962276.566,,0,,,,-33.620,-33.273,True,0.676,-6.318,6.91,62.82
1786962276.641,,0,,,,-33.490,-33.179,True,0.672,-5.857,6.40,62.70
1786962276.741,,0,,,,-33.330,-33.063,True,0.668,-5.937,6.48,62.68
1786962276.841,,0,,,,-33.190,-32.962,True,0.663,-6.203,6.77,62.65
1786962276.916,,0,,,,-33.060,-32.868,True,0.660,-5.835,6.38,62.77
1786962277.266,,0,,,,-32.630,-32.558,True,0.647,-6.920,7.54,62.60
1786962277.366,,0,,,,-32.510,-32.471,True,0.644,-7.156,7.80,62.58
1786962277.491,,0,,,,-32.460,-32.435,True,0.642,-7.312,7.95,62.48
1786962277.666,,0,,,,-32.590,-32.529,True,0.646,-7.520,8.18,62.47
1786962278.041,,0,,,,-32.550,-32.500,True,0.645,-7.666,8.35,62.61
1786962278.166,,0,,,,-32.170,-32.226,True,0.634,-7.955,8.66,62.59
1786962278.241,,0,,,,-31.820,-31.973,True,0.624,-8.064,8.78,62.58
1786962280.066,,0,,,,-32.330,-32.342,True,0.639,-7.792,8.59,63.36
1786962280.191,,0,,,,-31.970,-32.082,True,0.628,-7.280,8.02,63.29
1786962280.316,,0,,,,-31.790,-31.952,True,0.623,-7.599,8.37,63.28
1786962280.392,,0,,,,-31.680,-31.872,True,0.620,-7.561,8.33,63.32
1786962280.891,,0,,,,-31.260,-31.569,True,0.608,-7.786,8.59,63.44
1786962281.391,,0,,,,-30.690,-31.158,True,0.592,-8.001,8.85,63.61
1786962281.841,,0,,,,-30.330,-30.898,True,0.582,-7.541,8.39,63.94
1786962281.941,,0,,,,-30.350,-30.913,True,0.583,-7.621,8.50,64.09
1786962282.041,,0,,,,-30.440,-30.977,True,0.585,-7.878,8.78,64.06
1786962282.616,,0,,,,-30.340,-30.905,True,0.582,-7.815,8.70,64.01
1786962285.691,,0,,,,-28.950,-29.902,True,0.544,-7.284,8.28,65.28
1786962285.766,,0,,,,-29.070,-29.989,True,0.547,-6.898,7.88,65.60
1786962285.841,,0,,,,-29.190,-30.075,True,0.550,-6.496,7.45,65.88
1786962285.941,,0,,,,-29.150,-30.046,True,0.549,-6.814,7.82,65.87
1786962286.016,,0,,,,-29.110,-30.018,True,0.548,-7.527,8.60,65.65
1786962286.116,,0,,,,-28.930,-29.888,True,0.543,-7.073,8.12,65.95
1786962286.191,,0,,,,-28.760,-29.765,True,0.539,-8.318,9.51,65.77
1786962286.266,,0,,,,-28.460,-29.548,True,0.531,-8.519,9.74,65.76
1786962286.416,,0,,,,-27.820,-29.087,True,0.513,-7.796,9.07,66.88
1786962286.466,,0,,,,-27.490,-28.848,True,0.505,-8.027,9.34,66.87
1786962286.566,,0,,,,-27.010,-28.502,True,0.492,-8.076,9.39,66.85
1786962286.641,,0,,,,-26.800,-28.350,True,0.487,-8.744,10.05,66.13
1786962286.716,,0,,,,-26.690,-28.271,True,0.484,-8.721,10.02,66.12
1786962286.791,,0,,,,-26.720,-28.293,True,0.485,-8.799,10.11,66.10
1786962286.866,,0,,,,-26.710,-28.285,True,0.484,-8.616,9.90,66.10
1786962286.941,,0,,,,-26.680,-28.264,True,0.483,-8.091,9.30,66.05
1786962287.041,,0,,,,-26.650,-28.242,True,0.483,-7.673,8.86,66.39
1786962287.091,,0,,,,-26.630,-28.228,True,0.482,-7.720,8.92,66.38
1786962287.166,,0,,,,-26.590,-28.199,True,0.481,-7.691,8.88,66.34
1786962287.266,,0,,,,-26.550,-28.170,True,0.480,-7.675,8.86,66.32
1786962287.341,,0,,,,-26.500,-28.134,True,0.479,-7.389,8.55,66.47
1786962287.441,,0,,,,-26.350,-28.026,True,0.475,-7.404,8.54,66.30
1786962287.516,,0,,,,-26.260,-27.961,True,0.473,-7.327,8.49,66.60
1786962287.566,,0,,,,-26.140,-27.874,True,0.470,-7.305,8.47,66.59
1786962287.691,,0,,,,-25.950,-27.737,True,0.465,-6.998,8.11,66.57
1786962287.766,,0,,,,-25.860,-27.672,True,0.463,-6.603,7.69,66.86
1786962287.866,,0,,,,-25.720,-27.571,True,0.459,-6.048,7.04,66.79
1786962287.941,,0,,,,-25.640,-27.513,True,0.457,-6.509,7.57,66.74
1786962288.066,,0,,,,-25.550,-27.448,True,0.455,-7.272,8.42,66.52
1786962288.141,,0,,,,-25.480,-27.398,True,0.453,-7.364,8.53,66.51
1786962288.191,,0,,,,-25.490,-27.405,True,0.453,-6.121,7.14,66.98
1786962288.291,,0,,,,-25.540,-27.441,True,0.455,-5.983,6.99,67.10
1786962288.416,,0,,,,-25.580,-27.470,True,0.456,-6.217,7.26,67.02
1786962288.466,,0,,,,-25.560,-27.455,True,0.455,-6.359,7.42,67.01
1786962288.566,,0,,,,-25.500,-27.412,True,0.454,-6.339,7.40,67.00
1786962288.666,,0,,,,-25.320,-27.282,True,0.449,-6.231,7.27,66.94
1786962288.791,,0,,,,-25.060,-27.095,True,0.443,-6.271,7.31,66.91
1786962288.866,,0,,,,-24.930,-27.001,True,0.440,-6.393,7.45,66.91
1786962288.916,,0,,,,-24.870,-26.957,True,0.438,-6.503,7.58,66.90
1786962289.041,,0,,,,-24.920,-26.994,True,0.439,-6.059,7.11,67.41
1786962289.166,,0,,,,-25.260,-27.239,True,0.448,-6.661,7.82,67.39
1786962289.241,,0,,,,-25.440,-27.369,True,0.452,-6.329,7.43,67.39
1786962289.316,,0,,,,-25.630,-27.506,True,0.457,-6.528,7.66,67.37
1786962289.391,,0,,,,-25.690,-27.549,True,0.458,-6.469,7.62,67.60
1786962289.466,,0,,,,-25.790,-27.621,True,0.461,-6.580,7.74,67.58
1786962289.541,,0,,,,-25.820,-27.643,True,0.462,-7.490,8.81,67.62
1786962289.616,,0,,,,-25.770,-27.607,True,0.460,-6.423,7.56,67.56
1786962289.691,,0,,,,-25.570,-27.463,True,0.455,-6.417,7.55,67.54
1786962289.791,,0,,,,-25.150,-27.160,True,0.445,-6.403,7.57,67.87
1786962289.866,,0,,,,-24.890,-26.972,True,0.439,-6.495,7.66,67.76
1786962289.966,,0,,,,-24.560,-26.734,True,0.431,-5.856,6.93,67.90
1786962290.016,,0,,,,-24.460,-26.662,True,0.428,-5.872,6.95,67.89
1786962290.091,,0,,,,-24.470,-26.669,True,0.429,-5.533,6.57,68.19
1786962290.166,,0,,,,-24.460,-26.662,True,0.428,-6.551,7.75,67.94
1786962290.241,,0,,,,-24.470,-26.669,True,0.429,-6.652,7.87,67.93
1786962290.291,,0,,,,-24.480,-26.676,True,0.429,-6.245,7.40,68.05
1786962290.391,,0,,,,-24.430,-26.640,True,0.428,-6.812,8.08,68.13
1786962290.466,,0,,,,-24.340,-26.575,True,0.425,-6.934,8.23,68.13
1786962290.541,,0,,,,-24.140,-26.431,True,0.421,-6.913,8.21,68.22
1786962290.591,,0,,,,-23.960,-26.301,True,0.417,-6.080,7.25,68.49
1786962290.642,,0,,,,-23.890,-26.250,True,0.415,-6.089,7.26,68.49
1786962290.741,,0,,,,-23.580,-26.026,True,0.408,-5.897,7.02,68.36
1786962290.816,,0,,,,-23.220,-25.758,True,0.405,-5.970,7.11,68.34
1786962290.916,,0,,,,-22.670,-25.318,True,0.419,-7.114,8.43,68.09
1786962290.991,,0,,,,-22.460,-25.150,True,0.424,-5.695,6.86,69.14
1786962291.091,,0,,,,-22.410,-25.110,True,0.426,-6.525,7.77,68.38
1786962291.241,,0,,,,-22.510,-25.190,True,0.423,-6.176,7.37,68.53
1786962291.341,,0,,,,-22.700,-25.342,True,0.418,-6.480,7.73,68.52
1786962291.391,,0,,,,-22.740,-25.374,True,0.417,-6.323,7.56,68.67
1786962291.466,,0,,,,-22.820,-25.438,True,0.415,-6.421,7.68,68.67
1786962291.541,,0,,,,-22.870,-25.478,True,0.414,-5.879,7.09,69.18
1786962291.616,,0,,,,-22.820,-25.438,True,0.415,-5.790,6.98,69.17
1786962291.666,,0,,,,-22.720,-25.358,True,0.418,-6.209,7.44,68.80
1786962291.766,,0,,,,-22.480,-25.166,True,0.424,-5.976,7.16,68.72
1786962291.841,,0,,,,-22.210,-24.950,True,0.431,-5.857,7.01,68.71
1786962291.941,,0,,,,-21.990,-24.774,True,0.437,-5.496,6.62,69.14
1786962292.016,,0,,,,-21.890,-24.694,True,0.439,-5.431,6.54,69.08
1786962292.091,,0,,,,-21.890,-24.694,True,0.439,-5.191,6.26,69.15
1786962292.141,,0,,,,-21.950,-24.742,True,0.438,-5.383,6.49,69.13
1786962292.241,,0,,,,-22.100,-24.862,True,0.434,-5.477,6.58,68.97
1786962292.341,,0,,,,-22.130,-24.886,True,0.433,-5.390,6.50,69.15
1786962292.416,,0,,,,-22.100,-24.862,True,0.434,-5.470,6.62,69.42
1786962292.491,,0,,,,-21.960,-24.750,True,0.438,-5.565,6.73,69.42
1786962292.566,,0,,,,-21.660,-24.511,True,0.446,-5.250,6.36,69.46
1786962292.641,,0,,,,-21.350,-24.263,True,0.454,-5.610,6.79,69.41
1786962292.741,,0,,,,-20.990,-23.975,True,0.464,-5.378,6.51,69.49
1786962292.816,,0,,,,-20.820,-23.839,True,0.469,-5.551,6.72,69.47
1786962292.916,,0,,,,-20.640,-23.695,True,0.474,-5.169,6.29,69.76
1786962292.991,,0,,,,-20.550,-23.623,True,0.477,-5.995,7.27,69.59
1786962293.091,,0,,,,-20.470,-23.559,True,0.479,-5.515,6.69,69.56
1786962293.191,,0,,,,-20.320,-23.439,True,0.483,-5.596,6.79,69.65
1786962293.316,,0,,,,-20.180,-23.327,True,0.487,-6.289,7.64,69.74
1786962293.466,,0,,,,-19.880,-23.087,True,0.496,-5.092,6.22,70.08
1786962293.541,,0,,,,-19.760,-22.991,True,0.499,-5.997,7.29,69.82
1786962293.616,,0,,,,-19.710,-22.951,True,0.501,-6.210,7.55,69.80
1786962293.816,,0,,,,-19.640,-22.895,True,0.503,-5.953,7.28,70.15
1786962294.066,,0,,,,-19.410,-22.711,True,0.510,-5.575,6.81,70.14
1786962294.166,,0,,,,-19.360,-22.671,True,0.511,-6.298,7.70,70.21
1786962294.341,,0,,,,-19.280,-22.607,True,0.513,-6.710,8.21,70.28
1786962294.491,,0,,,,-19.190,-22.535,True,0.516,-5.764,7.07,70.40
1786962294.641,,0,,,,-18.910,-22.311,True,0.524,-5.158,6.34,70.54
1786962294.691,,0,,,,-18.750,-22.183,True,0.529,-5.198,6.39,70.52
1786962294.841,,0,,,,-18.390,-21.896,True,0.540,-5.015,6.18,70.74
1786962294.916,,0,,,,-18.160,-21.712,True,0.547,-4.866,6.00,70.78
1786962294.991,,0,,,,-17.990,-21.576,True,0.552,-4.944,6.10,70.76
1786962295.091,,0,,,,-17.820,-21.440,True,0.557,-4.969,6.12,70.61
1786962295.141,,0,,,,-17.710,-21.352,True,0.561,-4.886,6.04,70.87
1786962295.216,,0,,,,-17.600,-21.264,True,0.564,-4.865,6.01,70.86
1786962295.291,,0,,,,-17.480,-21.168,True,0.568,-4.996,6.18,70.91
1786962295.366,,0,,,,-17.480,-21.168,True,0.568,-4.281,5.34,71.56
1786962295.466,,0,,,,-17.400,-21.104,True,0.570,-4.854,6.05,71.54
1786962295.566,,0,,,,-17.300,-21.024,True,0.573,-5.610,6.93,70.84
1786962295.641,,0,,,,-17.220,-20.960,True,0.576,-6.163,7.62,70.93
1786962295.741,,0,,,,-17.050,-20.824,True,0.581,-5.327,6.68,71.92
1786962295.866,,0,,,,-16.740,-20.576,True,0.591,-5.500,6.83,71.29
1786962296.016,,0,,,,-16.360,-20.272,True,0.602,-6.147,7.61,71.02
1786962296.091,,0,,,,-16.330,-20.248,True,0.603,-5.444,6.78,71.49
1786962296.166,,0,,,,-16.380,-20.288,True,0.602,-5.403,6.73,71.48
1786962296.266,,0,,,,-16.440,-20.336,True,0.600,-5.351,6.66,71.46
1786962296.466,,0,,,,-16.360,-20.272,True,0.602,-4.905,6.13,71.70
1786962296.541,,0,,,,-16.260,-20.192,True,0.606,-4.875,6.09,71.69
1786962296.641,,0,,,,-16.040,-20.016,True,0.612,-4.707,5.87,71.54
1786962296.716,,0,,,,-15.870,-19.880,True,0.618,-5.048,6.30,71.54
1786962296.791,,0,,,,-15.670,-19.720,True,0.624,-5.459,6.82,71.72
1786962296.841,,0,,,,-15.600,-19.665,True,0.626,-5.677,7.09,71.71
1786962296.916,,0,,,,-15.530,-19.609,True,0.629,-5.087,6.37,71.85
1786962297.041,,0,,,,-15.360,-19.473,True,0.634,-4.806,6.03,71.92
1786962297.166,,0,,,,-15.200,-19.345,True,0.639,-5.777,7.24,71.96
1786962297.366,,0,,,,-14.720,-18.961,True,0.654,-5.108,6.41,71.96
1786962297.466,,0,,,,-14.460,-18.753,True,0.663,-5.231,6.56,71.94
1786962297.566,,0,,,,-14.240,-18.577,True,0.670,-5.223,6.55,71.92
1786962297.666,,0,,,,-14.080,-18.449,True,0.675,-5.236,6.58,72.07
1786962297.741,,0,,,,-13.870,-18.281,True,0.682,-4.664,5.88,72.37
1786962297.816,,0,,,,-13.690,-18.137,True,0.688,-4.618,5.81,72.23
1786962297.891,,0,,,,-13.530,-18.009,True,0.693,-4.693,5.91,72.21
1786962297.966,,0,,,,-13.220,-17.761,True,0.703,-5.518,6.96,72.39
1786962298.066,,0,,,,-13.090,-17.657,True,0.707,-3.973,5.08,73.32
1786962298.116,,0,,,,-12.990,-17.577,True,0.710,-4.161,5.32,73.31
1786962298.166,,0,,,,-12.860,-17.473,True,0.715,-4.554,5.76,72.61
1786962298.266,,0,,,,-12.750,-17.385,True,0.718,-3.958,5.02,72.75
1786962298.341,,0,,,,-12.800,-17.425,True,0.716,-3.984,5.05,72.73
1786962298.441,,0,,,,-12.960,-17.553,True,0.711,-4.223,5.35,72.63
1786962298.491,,0,,,,-13.060,-17.633,True,0.708,-4.292,5.43,72.61
1786962298.616,,0,,,,-13.270,-17.801,True,0.701,-4.366,5.53,72.59
1786962298.716,,0,,,,-13.230,-17.769,True,0.702,-3.426,4.38,73.37
1786962298.791,,0,,,,-13.060,-17.633,True,0.708,-4.198,5.35,73.04
1786962298.866,,0,,,,-12.790,-17.417,True,0.717,-4.586,5.83,72.90
1786962298.941,,0,,,,-12.530,-17.210,True,0.725,-4.768,6.06,72.89
1786962298.991,,0,,,,-12.430,-17.130,True,0.729,-4.931,6.28,73.03
1786962299.066,,0,,,,-12.200,-16.946,True,0.736,-4.952,6.30,73.02
1786962299.416,,0,,,,-11.750,-16.586,True,0.751,-4.713,6.01,73.14
1786962299.491,,0,,,,-11.610,-16.474,True,0.756,-4.789,6.11,73.25
1786962299.566,,0,,,,-11.280,-16.210,True,0.766,-5.014,6.40,73.25
1786962299.641,,0,,,,-10.890,-15.874,True,0.771,-5.067,6.47,73.24
1786962299.716,,0,,,,-10.550,-15.527,True,0.757,-4.656,5.95,73.33
1786962299.791,,0,,,,-10.030,-14.996,True,0.735,-4.458,5.70,73.35
1786962299.891,,0,,,,-9.550,-14.506,True,0.715,-4.681,5.99,73.46
1786962299.966,,0,,,,-9.320,-14.272,True,0.705,-4.691,6.01,73.45
1786962300.016,,0,,,,-9.170,-14.119,True,0.699,-4.952,6.33,73.31
1786962300.116,,0,,,,-9.010,-13.955,True,0.692,-4.971,6.38,73.58
1786962300.241,,0,,,,-9.060,-14.006,True,0.695,-3.962,5.11,73.89
1786962300.316,,0,,,,-9.000,-13.945,True,0.692,-3.807,4.91,73.88
1786962300.416,,0,,,,-8.920,-13.864,True,0.689,-4.385,5.64,73.77
1786962300.491,,0,,,,-8.730,-13.670,True,0.681,-3.666,4.72,73.75
1786962300.591,,0,,,,-8.560,-13.496,True,0.674,-3.196,4.15,74.47
1786962300.741,,0,,,,-8.030,-12.955,True,0.652,-3.406,4.39,73.96
1786962300.816,,0,,,,-7.860,-12.782,True,0.645,-4.757,6.13,73.98
1786962300.966,,0,,,,-7.620,-12.537,True,0.636,-3.557,4.58,73.82
1786962301.066,,0,,,,-7.470,-12.384,True,0.629,-3.815,4.92,73.92
1786962301.141,,0,,,,-7.290,-12.200,True,0.622,-4.039,5.21,74.01
1786962301.216,,0,,,,-6.950,-11.853,True,0.609,-4.040,5.21,73.99
1786962301.266,,0,,,,-6.730,-11.629,True,0.600,-3.661,4.73,74.12
1786962301.391,,0,,,,-6.120,-11.007,True,0.576,-3.935,5.09,74.11
1786962301.491,,0,,,,-5.570,-10.445,True,0.554,-3.164,4.09,74.04
1786962301.616,,0,,,,-5.070,-9.935,True,0.535,-3.321,4.29,74.03
1786962301.666,,0,,,,-4.960,-9.823,True,0.531,-3.274,4.23,74.02
1786962301.766,,0,,,,-4.740,-9.598,True,0.522,-3.368,4.35,74.02
1786962301.991,,0,,,,-4.200,-9.047,True,0.502,-2.385,3.08,73.95
1786962302.066,,0,,,,-3.990,-8.833,True,0.494,-2.744,3.55,74.10
1786962302.416,,0,,,,-2.640,-7.456,True,0.446,-3.087,3.99,74.05
1786962302.466,,0,,,,-2.460,-7.272,True,0.440,-2.729,3.53,74.09
1786962302.541,,0,,,,-2.290,-7.099,True,0.434,-2.712,3.51,74.07
1786962302.616,,0,,,,-2.240,-7.048,True,0.432,-2.772,3.58,73.97
1786962302.716,,0,,,,-2.180,-6.986,True,0.430,-2.789,3.60,73.95
1786962302.816,,0,,,,-2.240,-7.048,True,0.432,-2.553,3.33,74.66
1786962302.866,,0,,,,-2.280,-7.088,True,0.433,-2.821,3.65,74.21
1786962302.966,,0,,,,-2.170,-6.976,True,0.430,-2.752,3.56,74.07
1786962303.066,,0,,,,-1.920,-6.721,True,0.421,-2.795,3.61,74.06
1786962303.141,,0,,,,-1.560,-6.354,True,0.410,-2.860,3.70,74.08
1786962303.216,,0,,,,-1.130,-5.862,True,0.405,-2.213,2.85,73.92
1786962303.266,,0,,,,-0.840,-5.489,True,0.410,-2.185,2.82,73.91
1786962303.366,,0,,,,-0.550,-5.115,True,0.414,-1.798,2.31,73.58
1786962303.416,,0,,,,-0.500,-5.051,True,0.415,-1.939,2.49,73.57
1786962303.566,,0,,,,-0.700,-5.308,True,0.412,-2.735,3.53,74.02
1786962303.866,,0,,,,-0.750,-5.373,True,0.411,-2.762,3.57,73.97
1786962303.941,,0,,,,-0.210,-4.678,True,0.420,-2.752,3.55,73.96
1786962304.066,,0,,,,0.750,-3.443,True,0.436,-1.527,1.96,73.66
1786962304.141,,0,,,,1.180,-2.889,True,0.443,-2.370,3.06,74.10
1786962304.191,,0,,,,1.510,-2.465,True,0.448,-2.656,3.43,74.10
1786962304.266,,0,,,,1.700,-2.220,True,0.452,-2.704,3.50,74.09
1786962304.391,,0,,,,1.740,-2.169,True,0.452,-2.609,3.37,74.09
1786962304.466,,0,,,,1.540,-2.426,True,0.449,-2.870,3.71,74.08
1786962304.541,,0,,,,1.220,-2.838,True,0.443,-2.912,3.76,74.06
1786962304.616,,0,,,,1.060,-3.044,True,0.441,-2.849,3.68,74.05
1786962304.691,,0,,,,0.930,-3.211,True,0.439,-2.455,3.19,74.50
1786962304.766,,0,,,,0.830,-3.340,True,0.437,-2.497,3.24,74.49
1786962304.841,,0,,,,0.830,-3.340,True,0.437,-2.492,3.24,74.48
1786962304.916,,0,,,,0.870,-3.288,True,0.438,-2.460,3.20,74.46
1786962305.066,,0,,,,1.140,-2.941,True,0.442,-1.101,1.40,72.68
1786962305.141,,0,,,,1.300,-2.735,True,0.445,-1.149,1.46,72.67
1786962305.266,,0,,,,1.540,-2.426,True,0.449,-1.204,1.53,72.65
1786962305.341,,0,,,,1.590,-2.362,True,0.450,-1.264,1.60,72.63
1786962305.416,,0,,,,1.590,-2.362,True,0.450,-1.351,1.71,72.63
1786962305.466,,0,,,,1.590,-2.362,True,0.450,-1.361,1.72,72.63
1786962305.541,,0,,,,1.590,-2.362,True,0.450,-1.575,2.00,72.60
1786962305.591,,0,,,,1.590,-2.362,True,0.450,-1.701,2.15,72.60
1786962305.666,,0,,,,1.590,-2.362,True,0.450,-1.873,2.37,72.59
1786962305.766,,0,,,,1.590,-2.362,True,0.450,-2.169,2.75,72.57
1786962305.841,,0,,,,1.590,-2.362,True,0.450,-2.255,2.86,72.56
1786962305.891,,0,,,,1.520,-2.452,True,0.449,-2.200,2.79,72.54
1786962305.941,,0,,,,1.730,-2.182,True,0.452,-2.927,3.79,74.30
1786962306.041,,0,,,,1.990,-1.847,True,0.457,-2.719,3.52,74.29
1786962306.116,,0,,,,2.240,-1.526,True,0.461,-2.843,3.68,74.27
1786962306.166,,0,,,,2.400,-1.320,True,0.464,-2.843,3.68,74.26
1786962306.366,,0,,,,2.490,-1.204,True,0.465,-3.132,4.06,74.23
1786962306.441,,0,,,,2.490,-1.204,True,0.465,-3.354,4.34,74.21
1786962306.516,,0,,,,2.490,-1.204,True,0.465,-3.522,4.56,74.21
1786962306.591,,0,,,,1.930,-1.924,True,0.456,-3.900,5.05,74.19
1786962306.691,,0,,,,1.820,-2.066,True,0.454,-3.696,4.78,74.19
1786962306.791,,0,,,,1.920,-1.937,True,0.455,-3.422,4.43,74.16
1786962306.866,,0,,,,2.040,-1.783,True,0.457,-3.416,4.42,74.15
1786962306.941,,0,,,,2.230,-1.538,True,0.461,-3.394,4.39,74.14
1786962307.016,,0,,,,2.480,-1.217,True,0.465,-3.452,4.46,74.12
1786962307.116,,0,,,,2.750,-0.869,True,0.470,-3.593,4.64,74.10
1786962307.191,,0,,,,2.930,-0.638,True,0.473,-3.689,4.77,74.09
1786962307.291,,0,,,,3.060,-0.470,True,0.475,-3.882,5.02,74.07
1786962307.391,,0,,,,3.090,-0.432,True,0.476,-4.049,5.23,74.06
1786962307.466,,0,,,,3.070,-0.458,True,0.475,-4.000,5.17,74.06
1786962307.541,,0,,,,3.030,-0.509,True,0.475,-3.990,5.15,74.04
1786962307.591,,0,,,,3.030,-0.509,True,0.475,-3.973,5.13,74.03
1786962307.666,,0,,,,3.010,-0.535,True,0.474,-3.930,5.07,74.03
1786962307.716,,0,,,,2.980,-0.573,True,0.474,-3.894,5.03,74.01
1786962307.841,,0,,,,2.860,-0.728,True,0.472,-3.966,5.12,73.98
1786962307.916,,0,,,,2.830,-0.766,True,0.471,-3.965,5.11,73.97
1786962307.966,,0,,,,2.760,-0.856,True,0.470,-3.999,5.16,73.96
1786962308.066,,0,,,,2.570,-1.101,True,0.467,-4.073,5.25,73.95
1786962308.141,,0,,,,2.400,-1.320,True,0.464,-4.184,5.39,73.93
1786962308.216,,0,,,,2.320,-1.423,True,0.462,-4.107,5.29,73.93
1786962308.291,,0,,,,2.350,-1.384,True,0.463,-4.205,5.42,73.92
1786962308.466,,0,,,,2.540,-1.140,True,0.466,-4.086,5.26,73.89
1786962308.516,,0,,,,2.610,-1.049,True,0.467,-4.066,5.24,73.88
1786962308.591,,0,,,,2.770,-0.844,True,0.470,-4.046,5.21,73.87
1786962308.691,,0,,,,2.850,-0.741,True,0.471,-4.152,5.35,73.85
1786962308.766,,0,,,,2.990,-0.561,True,0.474,-4.193,5.40,73.84
1786962308.866,,0,,,,3.010,-0.535,True,0.474,-4.286,5.52,73.83
1786962308.941,,0,,,,2.940,-0.625,True,0.473,-4.450,5.73,73.81
1786962309.016,,0,,,,2.870,-0.715,True,0.472,-4.515,5.81,73.80
1786962309.091,,0,,,,2.730,-0.895,True,0.469,-4.510,5.80,73.78
1786962309.141,,0,,,,2.650,-0.998,True,0.468,-4.516,5.81,73.78
1786962309.216,,0,,,,2.530,-1.152,True,0.466,-4.525,5.82,73.77
1786962309.316,,0,,,,2.480,-1.217,True,0.465,-1.281,1.58,70.74
1786962309.466,,0,,,,2.540,-1.140,True,0.466,-1.331,1.64,70.72
1786962309.566,,0,,,,2.580,-1.088,True,0.467,-2.153,2.63,69.90
1786962309.641,,0,,,,2.580,-1.088,True,0.467,-2.015,2.46,70.04
1786962309.741,,0,,,,2.580,-1.088,True,0.467,-2.089,2.55,70.03
1786962309.791,,0,,,,2.500,-1.191,True,0.465,-1.893,2.34,70.70
1786962309.866,,0,,,,2.410,-1.307,True,0.464,-1.924,2.37,70.70
1786962309.941,,0,,,,2.320,-1.423,True,0.462,-1.949,2.40,70.69
1786962309.991,,0,,,,2.200,-1.577,True,0.460,-2.072,2.56,70.68
1786962310.066,,0,,,,2.150,-1.641,True,0.459,-2.127,2.62,70.68
1786962310.141,,0,,,,2.080,-1.731,True,0.458,-2.201,2.71,70.66
1786962310.241,,0,,,,2.050,-1.770,True,0.458,-2.210,2.72,70.65
1786962310.291,,0,,,,2.030,-1.796,True,0.457,-2.214,2.73,70.65
1786962310.341,,0,,,,2.050,-1.770,True,0.458,-2.264,2.79,70.63
1786962310.441,,0,,,,2.050,-1.770,True,0.458,-2.320,2.86,70.62
1786962310.516,,0,,,,2.070,-1.744,True,0.458,-2.358,2.90,70.60
1786962310.566,,0,,,,2.070,-1.744,True,0.458,-2.341,2.88,70.59
1786962310.641,,0,,,,2.080,-1.731,True,0.458,-2.302,2.83,70.58
1786962310.716,,0,,,,2.050,-1.770,True,0.458,-2.276,2.80,70.57
1786962310.791,,0,,,,1.940,-1.912,True,0.456,-2.276,2.80,70.55
1786962310.841,,0,,,,1.930,-1.924,True,0.456,-2.230,2.75,70.55
1786962310.891,,0,,,,1.780,-2.117,True,0.453,-2.281,2.81,70.54
1786962310.966,,0,,,,1.640,-2.298,True,0.451,-2.327,2.86,70.53
1786962311.041,,0,,,,1.530,-2.439,True,0.449,-2.366,2.91,70.52
1786962311.141,,0,,,,1.540,-2.426,True,0.449,-2.432,2.99,70.50
1786962311.241,,0,,,,1.710,-2.207,True,0.452,-2.424,2.98,70.49
1786962311.391,,0,,,,2.010,-1.821,True,0.457,-2.515,3.09,70.47
1786962311.441,,0,,,,2.140,-1.654,True,0.459,-2.441,3.00,70.47
1786962311.541,,0,,,,2.170,-1.616,True,0.460,-2.420,2.97,70.45
1786962311.641,,0,,,,2.050,-1.770,True,0.458,-2.525,3.10,70.44
1786962311.741,,0,,,,1.800,-2.092,True,0.453,-2.660,3.21,69.13
1786962311.791,,0,,,,1.580,-2.375,True,0.450,-2.697,3.25,69.12
1786962311.941,,0,,,,1.300,-2.735,True,0.445,-2.714,3.27,69.09
1786962312.066,,0,,,,1.260,-2.786,True,0.444,-2.707,3.26,69.08
1786962312.166,,0,,,,1.220,-2.838,True,0.443,-2.813,3.39,69.06
1786962312.241,,0,,,,1.180,-2.889,True,0.443,-2.869,3.46,69.05
1786962312.316,,0,,,,1.100,-2.992,True,0.441,-2.894,3.49,69.04
1786962312.366,,0,,,,1.070,-3.031,True,0.441,-2.890,3.48,69.03
1786962312.466,,0,,,,0.890,-3.263,True,0.438,-2.874,3.46,69.02
1786962312.541,,0,,,,0.740,-3.456,True,0.435,-2.813,3.39,69.00
1786962312.616,,0,,,,0.560,-3.687,True,0.432,-2.754,3.31,69.00
1786962312.666,,0,,,,0.450,-3.829,True,0.431,-2.672,3.22,68.99
1786962312.766,,0,,,,0.340,-3.970,True,0.429,-2.601,3.13,68.97
1786962312.891,,0,,,,0.320,-3.996,True,0.428,-2.573,3.11,69.39
1786962312.966,,0,,,,0.340,-3.970,True,0.429,-2.646,3.20,69.38
1786962313.066,,0,,,,0.370,-3.932,True,0.429,-2.845,3.44,69.37
1786962313.141,,0,,,,0.390,-3.906,True,0.430,-3.007,3.64,69.35
1786962313.241,,0,,,,0.390,-3.906,True,0.430,-2.254,2.63,66.95
1786962313.316,,0,,,,0.390,-3.906,True,0.430,-2.374,2.77,66.94
1786962313.366,,0,,,,0.420,-3.867,True,0.430,-2.358,2.75,66.93
1786962313.441,,0,,,,0.510,-3.752,True,0.432,-2.338,2.73,66.93
1786962313.516,,0,,,,0.620,-3.610,True,0.433,-2.258,2.64,66.91
1786962313.591,,0,,,,0.740,-3.456,True,0.435,-2.254,2.63,66.90
1786962313.691,,0,,,,0.860,-3.301,True,0.437,-2.553,2.93,65.77
1786962313.766,,0,,,,0.930,-3.211,True,0.439,-2.501,2.87,65.76
1786962313.816,,0,,,,0.910,-3.237,True,0.438,-2.579,2.96,65.75
1786962313.941,,0,,,,0.720,-3.481,True,0.435,-2.732,3.13,65.73
1786962314.016,,0,,,,0.530,-3.726,True,0.432,-2.800,3.21,65.72
1786962314.091,,0,,,,0.410,-3.880,True,0.430,-2.782,3.19,65.70
1786962314.166,,0,,,,0.350,-3.957,True,0.429,-2.771,3.18,65.70
1786962314.266,,0,,,,0.500,-3.764,True,0.431,-2.723,3.12,65.68
1786962314.316,,0,,,,0.570,-3.674,True,0.433,-2.664,3.05,65.67
1786962314.416,,0,,,,0.690,-3.520,True,0.435,-2.551,2.92,65.66
1786962314.491,,0,,,,0.720,-3.481,True,0.435,-1.882,2.13,64.80
1786962314.566,,0,,,,0.610,-3.623,True,0.433,-1.793,2.03,64.78
1786962314.641,,0,,,,0.510,-3.752,True,0.432,-1.705,1.93,64.77
1786962314.691,,0,,,,0.350,-3.957,True,0.429,-1.709,1.93,64.77
1786962314.766,,0,,,,0.080,-4.305,True,0.425,-2.465,2.83,65.70
1786962314.841,,0,,,,-0.110,-4.549,True,0.421,-2.394,2.74,65.69
1786962314.916,,0,,,,-0.170,-4.626,True,0.420,-2.336,2.68,65.68
1786962314.991,,0,,,,-0.160,-4.614,True,0.421,-2.394,2.74,65.67
1786962315.091,,0,,,,0.200,-4.150,True,0.426,-2.329,2.67,65.65
1786962315.166,,0,,,,0.390,-3.906,True,0.430,-2.350,2.69,65.65
1786962315.266,,0,,,,0.760,-3.430,True,0.436,-2.331,2.67,65.64
1786962315.341,,0,,,,0.950,-3.185,True,0.439,-2.410,2.76,65.62
1786962315.391,,0,,,,1.000,-3.121,True,0.440,-2.445,2.80,65.61
1786962315.466,,0,,,,1.020,-3.095,True,0.440,-2.443,2.80,65.61
1786962315.516,,0,,,,0.990,-3.134,True,0.440,-2.405,2.70,64.34
1786962315.616,,0,,,,0.800,-3.378,True,0.436,-2.551,2.86,64.33
1786962315.666,,0,,,,0.640,-3.584,True,0.434,-2.527,2.84,64.32
1786962315.741,,0,,,,0.520,-3.739,True,0.432,-2.555,2.87,64.31
1786962315.866,,0,,,,0.390,-3.906,True,0.430,-1.636,1.81,63.45
1786962315.941,,0,,,,0.440,-3.842,True,0.430,-1.848,1.99,61.64
1786962315.991,,0,,,,0.550,-3.700,True,0.432,-1.772,1.91,61.62
1786962316.066,,0,,,,0.700,-3.507,True,0.435,-2.633,2.95,64.12
1786962316.141,,0,,,,0.880,-3.275,True,0.438,-2.546,2.85,64.11
1786962316.216,,0,,,,1.040,-3.070,True,0.440,-2.414,2.70,64.09
1786962316.316,,0,,,,1.020,-3.095,True,0.440,-2.492,2.79,64.07
1786962316.391,,0,,,,0.860,-3.301,True,0.437,-2.452,2.74,64.07
1786962316.541,,0,,,,0.420,-3.867,True,0.430,-1.950,2.18,64.02
1786962316.616,,0,,,,0.280,-4.047,True,0.428,-1.848,2.06,64.01
1786962316.741,,0,,,,0.380,-3.919,True,0.429,-1.841,2.06,63.99
1786962316.841,,0,,,,0.800,-3.378,True,0.436,-1.860,2.08,63.98
1786962316.916,,0,,,,0.980,-3.147,True,0.439,-1.867,2.08,63.97
1786962316.991,,0,,,,1.240,-2.812,True,0.444,-1.907,2.13,63.95
1786962317.166,,0,,,,1.060,-3.044,True,0.441,-1.896,2.12,63.93
1786962317.266,,0,,,,0.810,-3.365,True,0.437,-1.821,2.03,63.92
1786962317.366,,0,,,,0.630,-3.597,True,0.434,-1.753,1.96,63.90
1786962317.441,,0,,,,0.590,-3.649,True,0.433,-1.763,1.97,63.89
1786962317.491,,0,,,,0.670,-3.546,True,0.434,-1.729,1.93,63.88
1786962317.591,,0,,,,0.920,-3.224,True,0.438,-1.778,1.98,63.87
1786962317.716,,0,,,,1.210,-2.851,True,0.443,-1.919,2.14,63.87
1786962317.766,,0,,,,1.210,-2.851,True,0.443,-1.545,1.64,60.75
1786962317.866,,0,,,,1.130,-2.954,True,0.442,-1.737,1.84,60.72
1786962317.941,,0,,,,0.990,-3.134,True,0.440,-1.811,1.92,60.71
1786962318.066,,0,,,,0.590,-3.649,True,0.433,-1.983,2.11,60.84
1786962318.366,,0,,,,0.860,-3.301,True,0.437,-1.757,1.86,60.80
1786962318.441,,0,,,,1.110,-2.979,True,0.442,-1.859,1.97,60.79
1786962318.541,,0,,,,1.270,-2.774,True,0.444,-1.916,2.03,60.78
1786962318.616,,0,,,,1.240,-2.812,True,0.444,-2.893,3.11,61.69
1786962318.666,,0,,,,1.150,-2.928,True,0.442,-2.782,2.99,61.68
1786962318.741,,0,,,,0.940,-3.198,True,0.439,-2.772,2.98,61.66
1786962318.866,,0,,,,0.620,-3.610,True,0.433,-2.746,2.95,61.65
1786962318.941,,0,,,,0.570,-3.674,True,0.433,-2.075,2.08,57.36
1786962319.016,,0,,,,0.580,-3.661,True,0.433,-1.934,1.94,57.35
1786962319.066,,0,,,,0.730,-3.468,True,0.435,-1.933,1.93,57.35
1786962319.166,,0,,,,0.950,-3.185,True,0.439,-1.830,1.83,57.33
1786962319.241,,0,,,,1.180,-2.889,True,0.443,-1.815,1.85,58.41
1786962319.391,,0,,,,1.420,-2.581,True,0.447,-1.963,2.00,58.39
1786962319.466,,0,,,,1.460,-2.529,True,0.447,-2.025,2.06,58.38
1786962319.566,,0,,,,1.370,-2.645,True,0.446,-2.140,2.18,58.37
1786962319.641,,0,,,,1.190,-2.877,True,0.443,-2.302,2.34,58.35
1786962319.741,,0,,,,0.870,-3.288,True,0.438,-2.309,2.35,58.34
1786962319.791,,0,,,,0.720,-3.481,True,0.435,-2.227,2.27,58.33
1786962319.866,,0,,,,0.510,-3.752,True,0.432,-2.243,2.28,58.32
1786962319.916,,0,,,,0.410,-3.880,True,0.430,-2.226,2.27,58.32
1786962319.966,,0,,,,0.430,-3.854,True,0.430,-2.240,2.28,58.31
1786962320.066,,0,,,,0.460,-3.816,True,0.431,-2.122,2.16,58.30
1786962320.141,,0,,,,0.540,-3.713,True,0.432,-2.050,2.08,58.28
1786962320.216,,0,,,,0.610,-3.623,True,0.433,-1.922,1.90,56.66
1786962320.316,,0,,,,0.770,-3.417,True,0.436,-1.745,1.73,56.65
1786962320.416,,0,,,,0.770,-3.417,True,0.436,-1.871,1.85,56.64
1786962320.491,,0,,,,0.650,-3.571,True,0.434,-1.853,1.83,56.64
1786962320.591,,0,,,,0.430,-3.854,True,0.430,-2.624,2.63,57.45
1786962320.666,,0,,,,0.240,-4.099,True,0.427,-2.594,2.60,57.43
1786962320.741,,0,,,,0.130,-4.240,True,0.425,-2.597,2.60,57.42
1786962320.841,,0,,,,0.080,-4.305,True,0.425,-2.634,2.58,56.11
1786962320.941,,0,,,,0.220,-4.125,True,0.427,-2.593,2.54,56.09
1786962321.016,,0,,,,0.330,-3.983,True,0.429,-2.528,2.47,56.09
1786962321.141,,0,,,,0.600,-3.636,True,0.433,-2.439,2.39,56.08
1786962321.216,,0,,,,0.630,-3.597,True,0.434,-2.320,2.27,56.06
1786962321.291,,0,,,,0.780,-3.404,True,0.436,-2.245,2.20,56.05
1786962321.391,,0,,,,0.870,-3.288,True,0.438,-2.332,2.28,56.04
1786962321.466,,0,,,,0.940,-3.198,True,0.439,-2.366,2.31,56.03
1786962321.541,,0,,,,1.050,-3.057,True,0.441,-2.455,2.40,56.02
1786962321.616,,0,,,,1.130,-2.954,True,0.442,-2.542,2.48,56.01
1786962321.691,,0,,,,1.140,-2.941,True,0.442,-2.738,2.67,55.99
1786962321.766,,0,,,,1.160,-2.915,True,0.442,-2.750,2.63,54.85
1786962321.841,,0,,,,1.160,-2.915,True,0.442,-2.854,2.73,54.83
1786962321.891,,0,,,,1.120,-2.967,True,0.442,-2.938,2.81,54.82
1786962321.941,,0,,,,1.090,-3.005,True,0.441,-2.929,2.80,54.82
1786962322.066,,0,,,,1.020,-3.095,True,0.440,-2.116,1.99,53.87
1786962322.166,,0,,,,0.960,-3.172,True,0.439,-1.986,1.87,53.85
1786962322.241,,0,,,,0.960,-3.172,True,0.439,-1.875,1.76,53.85
1786962322.291,,0,,,,0.970,-3.160,True,0.439,-2.268,2.11,53.20
1786962322.391,,0,,,,1.000,-3.121,True,0.440,-2.122,1.97,53.19
1786962322.466,,0,,,,1.050,-3.057,True,0.441,-2.131,1.98,53.18
1786962322.566,,0,,,,0.940,-3.198,True,0.439,-2.104,1.95,53.17
1786962322.641,,0,,,,0.860,-3.301,True,0.437,-1.932,1.79,53.15
1786962322.716,,0,,,,0.780,-3.404,True,0.436,-2.383,2.20,52.89
1786962322.791,,0,,,,0.610,-3.623,True,0.433,-2.420,2.23,52.87
1786962322.866,,0,,,,0.540,-3.713,True,0.432,-2.161,2.00,52.92
1786962322.941,,0,,,,0.490,-3.777,True,0.431,-2.073,1.91,52.91
1786962323.041,,0,,,,0.560,-3.687,True,0.432,-1.999,1.85,52.90
1786962323.116,,0,,,,0.730,-3.468,True,0.435,-1.529,1.39,52.04
1786962323.166,,0,,,,0.920,-3.224,True,0.438,-1.762,1.64,53.39
1786962323.266,,0,,,,1.230,-2.825,True,0.444,-1.712,1.59,53.36
1786962323.341,,0,,,,1.480,-2.503,True,0.448,-1.775,1.65,53.35
1786962323.416,,0,,,,1.590,-2.362,True,0.450,-1.687,1.49,50.54
1786962323.466,,0,,,,1.670,-2.259,True,0.451,-1.668,1.47,50.54
1786962323.541,,0,,,,1.670,-2.259,True,0.451,-1.760,1.55,50.52
1786962323.616,,0,,,,1.690,-2.233,True,0.451,-1.845,1.63,50.52
1786962323.666,,0,,,,1.700,-2.220,True,0.452,-1.924,1.70,50.51
1786962323.791,,0,,,,1.790,-2.105,True,0.453,-2.814,2.48,50.43
1786962323.866,,0,,,,1.840,-2.040,True,0.454,-2.863,2.52,50.43
1786962323.966,,0,,,,1.960,-1.886,True,0.456,-2.961,2.60,50.42
1786962324.066,,0,,,,1.990,-1.847,True,0.457,-1.839,1.59,49.39
1786962324.141,,0,,,,1.950,-1.899,True,0.456,-1.824,1.57,49.38
1786962324.241,,0,,,,1.890,-1.976,True,0.455,-1.741,1.50,49.36
1786962324.341,,0,,,,1.690,-2.233,True,0.451,-2.361,2.07,50.32
1786962324.391,,0,,,,1.510,-2.465,True,0.448,-2.284,2.00,50.31
1786962324.466,,0,,,,1.360,-2.658,True,0.446,-2.113,1.84,49.88
1786962324.541,,0,,,,1.280,-2.761,True,0.444,-2.516,2.19,49.97
1786962324.616,,0,,,,1.140,-2.941,True,0.442,-2.758,2.35,48.88
1786962324.691,,0,,,,1.050,-3.057,True,0.441,-2.709,2.31,48.87
1786962324.741,,0,,,,0.980,-3.147,True,0.439,-1.488,1.29,49.51
1786962324.791,,0,,,,0.960,-3.172,True,0.439,-1.398,1.21,49.50
1786962324.916,,0,,,,1.040,-3.070,True,0.440,-1.296,1.12,49.49
1786962324.966,,0,,,,1.070,-3.031,True,0.441,-1.272,1.10,49.48
1786962325.066,,0,,,,1.290,-2.748,True,0.445,-1.313,1.11,48.65
1786962325.291,,0,,,,1.490,-2.491,True,0.448,-1.292,1.10,48.68
1786962325.366,,0,,,,1.470,-2.516,True,0.448,-1.539,1.34,50.01
1786962325.416,,0,,,,1.430,-2.568,True,0.447,-1.603,1.40,50.00
1786962325.491,,0,,,,1.330,-2.696,True,0.445,-1.563,1.32,48.46
1786962325.566,,0,,,,1.280,-2.761,True,0.444,-1.537,1.30,48.49
1786962325.766,,0,,,,1.400,-2.606,True,0.446,-2.025,1.67,47.31
1786962325.841,,0,,,,1.590,-2.362,True,0.450,-2.223,1.82,46.84
1786962325.941,,0,,,,1.900,-1.963,True,0.455,-1.168,0.97,47.38
1786962326.016,,0,,,,1.970,-1.873,True,0.456,-1.258,1.04,47.37
1786962326.116,,0,,,,1.960,-1.886,True,0.456,-1.200,0.99,47.36
1786962326.191,,0,,,,1.910,-1.950,True,0.455,-1.617,1.34,47.35
1786962326.291,,0,,,,1.710,-2.207,True,0.452,-1.581,1.31,47.34
1786962326.366,,0,,,,1.500,-2.478,True,0.448,-1.285,1.02,45.70
1786962326.441,,0,,,,1.340,-2.684,True,0.445,-1.518,1.24,46.73
1786962326.516,,0,,,,1.180,-2.889,True,0.443,-2.424,1.96,46.44
1786962326.616,,0,,,,1.010,-3.108,True,0.440,-2.466,2.00,46.42
1786962326.691,,0,,,,0.980,-3.147,True,0.439,-2.273,1.82,45.94
1786962326.766,,0,,,,1.030,-3.082,True,0.440,-2.095,1.74,47.61
1786962326.841,,0,,,,1.040,-3.070,True,0.440,-1.989,1.65,47.60
1786962327.016,,0,,,,1.160,-2.915,True,0.442,-1.417,1.14,45.95
1786962327.066,,0,,,,1.200,-2.864,True,0.443,-1.385,1.11,45.95
1786962327.141,,0,,,,1.200,-2.864,True,0.443,-2.065,1.64,45.50
1786962327.266,,0,,,,1.130,-2.954,True,0.442,-1.401,1.11,45.59
1786962327.366,,0,,,,1.020,-3.095,True,0.440,-1.903,1.51,45.43
1786962327.441,,0,,,,0.910,-3.237,True,0.438,-1.940,1.54,45.42
1786962327.541,,0,,,,0.850,-3.314,True,0.437,-2.163,1.68,44.44
1786962327.616,,0,,,,0.880,-3.275,True,0.438,-1.143,0.89,44.41
1786962327.716,,0,,,,1.020,-3.095,True,0.440,-1.614,1.26,44.76
1786962327.791,,0,,,,1.230,-2.825,True,0.444,-2.328,1.79,44.07
1786962327.866,,0,,,,1.370,-2.645,True,0.446,-2.455,1.89,44.06
1786962327.916,,0,,,,1.420,-2.581,True,0.447,-1.447,1.12,44.44
1786962327.966,,0,,,,1.550,-2.413,True,0.449,-1.466,1.14,44.44
1786962328.066,,0,,,,1.700,-2.220,True,0.452,-1.653,1.28,44.26
1786962328.191,,0,,,,1.810,-2.079,True,0.453,-2.383,1.79,43.06
1786962328.266,,0,,,,1.850,-2.027,True,0.454,-2.394,1.80,43.06
1786962328.366,,0,,,,1.730,-2.182,True,0.452,-2.502,1.88,43.05
1786962328.441,,0,,,,1.570,-2.388,True,0.449,-2.041,1.54,43.23
1786962328.516,,0,,,,1.430,-2.568,True,0.447,-1.449,1.09,42.95
1786962328.641,,0,,,,1.260,-2.786,True,0.444,-2.225,1.71,44.07
1786962328.691,,0,,,,1.160,-2.915,True,0.442,-2.722,2.01,42.34
1786962328.766,,0,,,,1.120,-2.967,True,0.442,-2.657,1.96,42.33
1786962328.841,,0,,,,1.150,-2.928,True,0.442,-2.221,1.66,42.78
1786962328.916,,0,,,,1.220,-2.838,True,0.443,-2.144,1.60,42.78
1786962328.966,,0,,,,1.270,-2.774,True,0.444,-1.446,1.07,42.33
1786962329.041,,0,,,,1.360,-2.658,True,0.446,-2.263,1.65,41.85
1786962329.141,,0,,,,1.370,-2.645,True,0.446,-2.236,1.63,41.84
1786962329.216,,0,,,,1.210,-2.851,True,0.443,-0.967,0.70,41.49
1786962329.291,,0,,,,1.050,-3.057,True,0.441,-2.294,1.65,41.28
1786962329.391,,0,,,,0.790,-3.391,True,0.436,-2.331,1.67,40.98
1786962329.466,,0,,,,0.570,-3.674,True,0.433,-2.531,1.80,40.73
1786962329.541,,0,,,,0.520,-3.739,True,0.432,-2.600,1.85,40.73
1786962329.616,,0,,,,0.580,-3.661,True,0.433,-1.420,1.02,40.97
1786962329.691,,0,,,,0.710,-3.494,True,0.435,-1.510,1.08,40.95
1786962329.791,,0,,,,1.000,-3.121,True,0.440,-1.546,1.10,40.95
1786962329.866,,0,,,,1.340,-2.684,True,0.445,-2.155,1.52,40.41
1786962329.941,,0,,,,1.530,-2.439,True,0.449,-2.288,1.60,40.00
1786962330.016,,0,,,,1.710,-2.207,True,0.452,-2.340,1.63,39.99
1786962330.141,,0,,,,1.790,-2.105,True,0.453,-1.515,1.07,40.63
1786962330.291,,0,,,,1.570,-2.388,True,0.449,-2.567,1.75,39.17
1786962330.391,,0,,,,1.320,-2.709,True,0.445,-2.192,1.51,39.56
1786962330.466,,0,,,,1.250,-2.799,True,0.444,-2.226,1.54,39.55
1786962330.566,,0,,,,1.150,-2.928,True,0.442,-2.750,1.87,39.03
1786962330.616,,0,,,,1.220,-2.838,True,0.443,-2.684,1.83,39.08
1786962330.691,,0,,,,1.290,-2.748,True,0.445,-2.595,1.77,39.07
1786962330.816,,0,,,,1.430,-2.568,True,0.447,-2.702,1.84,39.08
1786962330.891,,0,,,,1.530,-2.439,True,0.449,-2.319,1.55,38.21
1786962331.016,,0,,,,1.520,-2.452,True,0.449,-2.425,1.62,38.32
1786962331.091,,0,,,,1.440,-2.555,True,0.447,-2.559,1.70,38.08
1786962331.191,,0,,,,1.260,-2.786,True,0.444,-2.519,1.66,37.79
1786962331.266,,0,,,,1.080,-3.018,True,0.441,-2.622,1.73,37.77
1786962331.366,,0,,,,0.870,-3.288,True,0.438,-2.565,1.69,37.69
1786962331.441,,0,,,,0.760,-3.430,True,0.436,-2.341,1.53,37.51
1786962331.516,,0,,,,0.680,-3.533,True,0.434,-2.308,1.49,36.90
1786962331.591,,0,,,,0.660,-3.558,True,0.434,-2.153,1.39,36.88
1786962331.666,,0,,,,0.670,-3.546,True,0.434,-2.335,1.51,37.01
1786962331.766,,0,,,,0.690,-3.520,True,0.435,-2.286,1.48,36.99
1786962331.841,,0,,,,0.740,-3.456,True,0.435,-2.176,1.40,36.91
1786962331.916,,0,,,,0.760,-3.430,True,0.436,-2.222,1.43,36.90
1786962331.991,,0,,,,0.810,-3.365,True,0.437,-2.279,1.45,36.53
1786962332.066,,0,,,,0.860,-3.301,True,0.437,-2.390,1.51,36.30
1786962332.166,,0,,,,0.890,-3.263,True,0.438,-2.526,1.60,36.29
1786962332.216,,0,,,,0.920,-3.224,True,0.438,-2.680,1.68,35.97
1786962332.291,,0,,,,0.980,-3.147,True,0.439,-2.588,1.60,35.44
1786962332.466,,0,,,,1.080,-3.018,True,0.441,-2.467,1.53,35.48
1786962332.566,,0,,,,1.110,-2.979,True,0.442,-2.262,1.40,35.37
1786962332.641,,0,,,,1.100,-2.992,True,0.441,-2.415,1.49,35.32
1786962332.716,,0,,,,1.060,-3.044,True,0.441,-2.376,1.46,35.32
1786962332.791,,0,,,,1.030,-3.082,True,0.440,-2.225,1.37,35.25
1786962332.866,,0,,,,1.050,-3.057,True,0.441,-2.255,1.39,35.24
1786962332.966,,0,,,,1.050,-3.057,True,0.441,-2.269,1.40,35.24
1786962333.041,,0,,,,1.100,-2.992,True,0.441,-2.531,1.51,34.26
1786962333.116,,0,,,,1.120,-2.967,True,0.442,-2.590,1.55,34.26
1786962333.216,,0,,,,1.200,-2.864,True,0.443,-2.623,1.58,34.43
1786962333.316,,0,,,,1.240,-2.812,True,0.444,-2.299,1.36,33.86
1786962333.391,,0,,,,1.220,-2.838,True,0.443,-2.687,1.60,34.21
1786962333.466,,0,,,,1.140,-2.941,True,0.442,-2.834,1.65,33.42
1786962333.541,,0,,,,1.080,-3.018,True,0.441,-2.770,1.61,33.41
1786962333.616,,0,,,,0.950,-3.185,True,0.439,-2.456,1.42,33.22
1786962333.691,,0,,,,0.760,-3.430,True,0.436,-2.314,1.33,33.06
1786962333.766,,0,,,,0.670,-3.546,True,0.434,-2.311,1.33,33.06
1786962333.841,,0,,,,0.620,-3.610,True,0.433,-2.266,1.30,32.87
1786962333.891,,0,,,,0.590,-3.649,True,0.433,-2.269,1.30,32.86
1786962333.966,,0,,,,0.570,-3.674,True,0.433,-2.410,1.39,32.96
1786962334.091,,0,,,,0.570,-3.674,True,0.433,-2.354,1.35,32.83
1786962334.166,,0,,,,0.590,-3.649,True,0.433,-1.934,1.09,32.28
1786962334.266,,0,,,,0.760,-3.430,True,0.436,-2.475,1.40,32.46
1786962334.341,,0,,,,0.840,-3.327,True,0.437,-2.440,1.38,32.46
1786962334.441,,0,,,,0.940,-3.198,True,0.439,-2.496,1.40,32.08
1786962334.491,,0,,,,0.940,-3.198,True,0.439,-2.404,1.33,31.64
1786962334.591,,0,,,,0.900,-3.250,True,0.438,-2.487,1.37,31.62
1786962334.666,,0,,,,0.860,-3.301,True,0.437,-2.477,1.37,31.61
1786962334.766,,0,,,,0.750,-3.443,True,0.436,-2.339,1.28,31.25
1786962334.816,,0,,,,0.770,-3.417,True,0.436,-2.622,1.42,31.02
1786962334.891,,0,,,,0.830,-3.340,True,0.437,-2.578,1.40,31.01
1786962334.991,,0,,,,1.060,-3.044,True,0.441,-1.875,1.01,30.82
1786962335.041,,0,,,,1.210,-2.851,True,0.443,-2.287,1.23,30.72
1786962335.141,,0,,,,1.500,-2.478,True,0.448,-2.381,1.28,30.71
1786962335.216,,0,,,,1.540,-2.426,True,0.449,-2.528,1.34,30.49
1786962335.291,,0,,,,1.600,-2.349,True,0.450,-2.866,1.52,30.40
1786962335.416,,0,,,,1.430,-2.568,True,0.447,-2.664,1.40,30.14
1786962335.491,,0,,,,1.200,-2.864,True,0.443,-2.897,1.52,30.01
1786962335.591,,0,,,,0.780,-3.404,True,0.436,-2.628,1.36,29.60
1786962335.741,,0,,,,0.340,-3.970,True,0.429,-2.841,1.46,29.50
1786962335.816,,0,,,,0.280,-4.047,True,0.428,-2.476,1.26,29.23
1786962335.891,,0,,,,0.250,-4.086,True,0.427,-2.533,1.29,29.22
1786962335.991,,0,,,,0.440,-3.842,True,0.430,-2.643,1.36,29.49
1786962336.116,,0,,,,0.650,-3.571,True,0.434,-2.461,1.23,28.72
1786962336.241,,0,,,,0.620,-3.610,True,0.433,-3.057,1.54,28.85
1786962336.291,,0,,,,0.530,-3.726,True,0.432,-2.960,1.49,28.84
1786962336.366,,0,,,,0.380,-3.919,True,0.429,-2.208,1.09,28.40
1786962336.466,,0,,,,0.130,-4.240,True,0.425,-2.414,1.18,28.09
1786962336.541,,0,,,,-0.130,-4.575,True,0.421,-2.349,1.15,28.08
1786962336.641,,0,,,,-0.180,-4.639,True,0.420,-2.294,1.12,27.89
1786962336.716,,0,,,,-0.010,-4.421,True,0.423,-2.321,1.12,27.65
1786962336.791,,0,,,,0.200,-4.150,True,0.426,-2.312,1.11,27.48
1786962336.866,,0,,,,0.580,-3.661,True,0.433,-2.095,1.00,27.25
1786962336.941,,0,,,,0.740,-3.456,True,0.435,-2.057,0.98,27.25
1786962337.016,,0,,,,1.080,-3.018,True,0.441,-2.129,1.01,27.09
1786962337.091,,0,,,,1.360,-2.658,True,0.446,-2.511,1.18,26.95
1786962337.166,,0,,,,1.390,-2.619,True,0.446,-2.561,1.20,26.95
1786962337.266,,0,,,,1.280,-2.761,True,0.444,-2.818,1.31,26.68
1786962337.341,,0,,,,1.150,-2.928,True,0.442,-2.547,1.18,26.53
1786962337.441,,0,,,,0.900,-3.250,True,0.438,-2.505,1.15,26.34
1786962337.516,,0,,,,0.840,-3.327,True,0.437,-2.450,1.12,26.17
1786962337.591,,0,,,,0.750,-3.443,True,0.436,-2.435,1.11,26.16
1786962337.691,,0,,,,0.690,-3.520,True,0.435,-2.686,1.22,26.10
1786962337.791,,0,,,,0.630,-3.597,True,0.434,-2.482,1.12,25.82
1786962337.866,,0,,,,0.490,-3.777,True,0.431,-2.422,1.09,25.69
1786962337.941,,0,,,,0.310,-4.009,True,0.428,-2.477,1.11,25.68
1786962337.991,,0,,,,0.230,-4.112,True,0.427,-2.520,1.11,25.31
1786962338.066,,0,,,,0.050,-4.343,True,0.424,-2.469,1.09,25.30
1786962338.141,,0,,,,-0.070,-4.498,True,0.422,-2.405,1.06,25.14
1786962338.241,,0,,,,-0.110,-4.549,True,0.421,-2.326,1.01,24.92
1786962338.366,,0,,,,0.000,-4.408,True,0.423,-2.351,1.02,24.78
1786962338.466,,0,,,,0.160,-4.202,True,0.426,-2.328,1.01,24.76
1786962338.591,,0,,,,0.370,-3.932,True,0.429,-2.409,1.04,24.73
1786962338.666,,0,,,,0.470,-3.803,True,0.431,-2.414,1.02,24.25
1786962338.740,,0,,,,0.520,-3.739,True,0.432,-2.146,0.90,24.08
1786962338.816,,0,,,,0.500,-3.764,True,0.431,-2.672,1.12,23.92
1786962338.915,,0,,,,0.470,-3.803,True,0.431,-2.801,1.17,23.91
1786962338.991,,0,,,,0.400,-3.893,True,0.430,-2.421,1.00,23.64
1786962339.091,,0,,,,0.390,-3.906,True,0.430,-2.730,1.12,23.62
1786962339.166,,0,,,,0.350,-3.957,True,0.429,-2.431,0.99,23.30
1786962339.266,,0,,,,0.330,-3.983,True,0.429,-2.360,0.95,23.17
1786962339.366,,0,,,,0.300,-4.022,True,0.428,-2.365,0.95,22.96
1786962339.441,,0,,,,0.250,-4.086,True,0.427,-2.298,0.92,22.94
1786962339.491,,0,,,,0.210,-4.138,True,0.427,-2.295,0.90,22.56
1786962339.591,,0,,,,0.150,-4.215,True,0.426,-2.256,0.88,22.40
1786962339.666,,0,,,,0.060,-4.331,True,0.424,-2.260,0.88,22.39
1786962339.766,,0,,,,0.020,-4.382,True,0.424,-2.556,0.99,22.28
1786962339.841,,0,,,,0.020,-4.382,True,0.424,-2.183,0.84,22.09
1786962339.916,,0,,,,0.100,-4.279,True,0.425,-2.108,0.80,21.88
1786962340.015,,0,,,,0.250,-4.086,True,0.427,-2.094,0.80,21.85
1786962340.115,,0,,,,0.470,-3.803,True,0.431,-2.533,0.96,21.67
1786962340.191,,0,,,,0.620,-3.610,True,0.433,-1.992,0.75,21.49
1786962340.390,,0,,,,0.900,-3.250,True,0.438,-2.254,0.84,21.45
1786962340.540,,0,,,,0.840,-3.327,True,0.437,-2.682,0.98,20.95
1786962340.640,,0,,,,0.690,-3.520,True,0.435,-2.853,1.03,20.76
1786962340.765,,0,,,,0.640,-3.584,True,0.434,-2.868,1.02,20.43
1786962340.865,,0,,,,0.720,-3.481,True,0.435,-2.927,1.04,20.27
1786962340.966,,0,,,,1.000,-3.121,True,0.440,-3.036,1.07,20.15
1786962341.065,,0,,,,1.150,-2.928,True,0.442,-2.988,1.05,20.14
1786962341.166,,0,,,,1.180,-2.889,True,0.443,-2.926,1.03,20.12
1786962341.340,,0,,,,1.000,-3.121,True,0.440,-2.336,0.79,19.48
1786962341.490,,0,,,,0.780,-3.404,True,0.436,-2.883,0.96,19.17
1786962341.615,,0,,,,0.760,-3.430,True,0.436,-2.528,0.84,18.99
1786962341.690,,0,,,,0.880,-3.275,True,0.438,-2.586,0.85,18.82
1786962341.815,,0,,,,1.130,-2.954,True,0.442,-2.565,0.83,18.48
1786962342.065,,0,,,,1.900,-1.963,True,0.455,-2.457,0.78,18.28
1786962342.141,,0,,,,2.090,-1.719,True,0.458,-2.431,0.76,17.92
1786962342.265,,0,,,,2.280,-1.474,True,0.462,-2.783,0.86,17.71
1786962342.265,,0,,,,2.250,-1.513,True,0.461,-2.749,0.85,17.71
1786962342.390,,0,,,,2.200,-1.577,True,0.460,-2.951,0.90,17.51
1786962342.465,,0,,,,2.160,-1.628,True,0.459,-2.669,0.81,17.31
1786962342.540,,0,,,,2.030,-1.796,True,0.457,-2.862,0.86,17.16
1786962342.615,,0,,,,1.990,-1.847,True,0.457,-2.911,0.87,17.14
1786962342.665,,0,,,,2.010,-1.821,True,0.457,-2.937,0.87,16.99
1786962342.740,,0,,,,2.050,-1.770,True,0.458,-2.794,0.83,16.98
1786962342.840,,0,,,,2.050,-1.770,True,0.458,-4.253,1.25,16.87
1786962342.915,,0,,,,2.050,-1.770,True,0.458,-2.915,0.85,16.62
1786962342.965,,0,,,,2.420,-1.294,True,0.464,-2.599,0.74,16.24
1786962343.065,,0,,,,2.510,-1.178,True,0.466,-2.480,0.70,16.22
1786962343.140,,0,,,,2.480,-1.217,True,0.465,-2.466,0.69,16.07
1786962343.240,,0,,,,2.270,-1.487,True,0.461,-2.620,0.73,15.89
1786962343.340,,0,,,,2.100,-1.706,True,0.458,-2.636,0.72,15.70
1786962343.440,,0,,,,1.850,-2.027,True,0.454,-2.759,0.75,15.54
1786962343.515,,0,,,,1.770,-2.130,True,0.453,-2.758,0.74,15.37
1786962343.615,,0,,,,1.830,-2.053,True,0.454,-2.688,0.71,15.17
1786962343.690,,0,,,,2.100,-1.706,True,0.458,-2.544,0.67,15.15
1786962343.815,,0,,,,2.480,-1.217,True,0.465,-2.329,0.61,14.98
1786962343.890,,0,,,,2.800,-0.805,True,0.471,-1.800,0.55,17.62
1786962343.965,,0,,,,3.100,-0.419,True,0.476,-2.406,0.61,14.63
1786962344.040,,0,,,,3.300,-0.162,True,0.479,-2.454,0.63,14.61
1786962344.090,,0,,,,3.310,-0.149,True,0.480,-2.597,0.66,14.60
1786962344.165,,0,,,,3.340,-0.110,True,0.480,-2.602,0.66,14.60
1786962344.240,,0,,,,3.380,-0.059,True,0.481,-1.697,0.49,16.65
1786962344.290,,0,,,,3.370,-0.072,True,0.481,-1.966,0.57,16.63
1786962344.365,,0,,,,3.470,0.057,True,0.482,-3.101,0.75,13.92
1786962344.465,,0,,,,3.620,0.250,True,0.485,-3.181,0.76,13.75
1786962344.590,,0,,,,3.900,0.610,True,0.490,-2.978,0.70,13.52
1786962344.640,,0,,,,4.000,0.739,True,0.492,-2.964,0.69,13.40
1786962344.740,,0,,,,4.170,0.958,True,0.495,-2.953,0.69,13.39
1786962344.790,,0,,,,4.240,1.048,True,0.496,-2.348,0.63,15.38
1786962344.840,,0,,,,4.280,1.099,True,0.497,-2.285,0.61,15.38
1786962344.890,,0,,,,4.300,1.125,True,0.497,-3.223,0.72,12.88
1786962344.965,,0,,,,4.220,1.022,True,0.496,-1.812,0.47,14.82
1786962345.065,,0,,,,4.110,0.881,True,0.494,-1.779,0.46,14.80
1786962345.165,,0,,,,3.930,0.649,True,0.491,-2.780,0.61,12.49
1786962345.240,,0,,,,3.820,0.507,True,0.489,-2.856,0.62,12.47
1786962345.365,,0,,,,3.870,0.572,True,0.490,-0.460,0.12,14.84
1786962345.490,,0,,,,4.040,0.790,True,0.493,-0.333,0.09,14.82
1786962345.565,,0,,,,4.190,0.983,True,0.495,-1.757,0.42,13.75
1786962345.640,,0,,,,4.450,1.318,True,0.500,-1.720,0.41,13.73
1786962345.715,,0,,,,4.550,1.447,True,0.502,-1.715,0.41,13.72
1786962345.815,,0,,,,4.700,1.640,True,0.505,-2.331,0.46,11.24
1786962345.865,,0,,,,4.770,1.730,True,0.506,-2.269,0.44,11.23
1786962345.940,,0,,,,4.790,1.756,True,0.506,-1.771,0.41,13.38
1786962346.015,,0,,,,4.830,1.807,True,0.507,0.127,0.03,13.65
1786962346.115,,0,,,,4.920,1.923,True,0.509,-0.077,0.02,13.64
1786962346.190,,0,,,,5.030,2.064,True,0.511,-2.169,0.50,13.17
1786962346.315,,0,,,,5.160,2.232,True,0.513,-2.941,0.54,10.51
1786962346.390,,0,,,,5.270,2.373,True,0.515,-3.319,0.60,10.40
1786962346.465,,0,,,,5.380,2.515,True,0.517,-2.042,0.45,12.59
1786962346.565,,0,,,,5.480,2.643,True,0.519,-2.655,0.46,10.02
1786962346.640,,0,,,,5.510,2.682,True,0.519,-2.673,0.47,10.01
1786962346.690,,0,,,,5.510,2.682,True,0.519,-2.325,0.50,12.21
1786962346.790,,0,,,,5.470,2.630,True,0.519,-3.060,0.52,9.68
1786962346.915,,0,,,,5.490,2.656,True,0.519,-2.752,0.45,9.46
1786962346.990,,0,,,,5.470,2.630,True,0.519,-2.924,0.46,9.11
1786962347.065,,0,,,,5.390,2.528,True,0.517,-3.499,0.55,8.98
1786962347.140,,0,,,,5.380,2.515,True,0.517,-3.594,0.56,8.97
1786962347.265,,0,,,,5.370,2.502,True,0.517,-3.409,0.52,8.76
1786962347.365,,0,,,,5.340,2.463,True,0.516,-3.257,0.49,8.63
1786962347.465,,0,,,,5.410,2.553,True,0.518,-3.499,0.51,8.43
1786962347.490,,0,,,,5.460,2.618,True,0.518,-2.954,0.43,8.26
1786962347.640,,0,,,,5.570,2.759,True,0.521,-3.026,0.43,8.09
1786962347.715,,0,,,,5.710,2.939,True,0.523,0.030,0.00,8.98
1786962347.790,,0,,,,5.780,3.029,True,0.524,-0.032,0.00,8.97
1786962347.865,,0,,,,5.840,3.107,True,0.526,-3.265,0.51,8.89
1786962347.990,,0,,,,5.830,3.094,True,0.525,-5.267,0.70,7.63
1786962348.065,,0,,,,5.800,3.055,True,0.525,-3.439,0.44,7.35
1786962348.140,,0,,,,5.720,2.952,True,0.523,-4.754,0.69,8.36
1786962348.265,,0,,,,5.670,2.888,True,0.522,-2.940,0.36,7.06
1786962348.340,,0,,,,5.690,2.914,True,0.523,-2.813,0.35,7.04
1786962348.440,,0,,,,5.690,2.914,True,0.523,-3.220,0.45,7.93
1786962348.515,,0,,,,5.710,2.939,True,0.523,-3.468,0.40,6.53
1786962348.615,,0,,,,5.640,2.849,True,0.522,-3.697,0.42,6.51
1786962348.665,,0,,,,5.590,2.785,True,0.521,-3.809,0.43,6.50
1786962348.765,,0,,,,5.490,2.656,True,0.519,-3.606,0.39,6.15
1786962348.865,,0,,,,5.400,2.540,True,0.517,-4.187,0.44,6.02
1786962348.915,,0,,,,5.360,2.489,True,0.517,-3.999,0.41,5.86
1786962349.015,,0,,,,5.410,2.553,True,0.518,-2.843,0.34,6.79
1786962349.065,,0,,,,5.540,2.721,True,0.520,-2.906,0.34,6.79
1786962349.165,,0,,,,5.720,2.952,True,0.523,-3.624,0.35,5.51
1786962349.290,,0,,,,5.990,3.300,True,0.528,-4.400,0.41,5.37
1786962349.415,,0,,,,6.100,3.441,True,0.530,-4.192,0.37,5.03
1786962349.515,,0,,,,6.050,3.377,True,0.529,-4.498,0.39,5.01
1786962349.590,,0,,,,5.980,3.287,True,0.528,-4.956,0.41,4.74
1786962349.715,,0,,,,5.920,3.209,True,0.527,-5.163,0.41,4.58
1786962349.790,,0,,,,5.950,3.248,True,0.528,-5.219,0.42,4.57
1786962349.865,,0,,,,6.000,3.312,True,0.528,-4.949,0.38,4.43
1786962349.940,,0,,,,6.100,3.441,True,0.530,-4.971,0.37,4.27
1786962350.015,,0,,,,6.190,3.557,True,0.532,-4.889,0.35,4.15
1786962350.115,,0,,,,6.220,3.595,True,0.533,-4.974,0.35,3.98
1786962350.190,,0,,,,6.130,3.480,True,0.531,-4.800,0.32,3.83
1786962350.290,,0,,,,5.960,3.261,True,0.528,-5.199,0.34,3.70
1786962350.365,,0,,,,5.840,3.107,True,0.526,-5.260,0.34,3.70
1786962350.440,,0,,,,5.770,3.016,True,0.524,-4.700,0.29,3.57
1786962350.515,,0,,,,5.750,2.991,True,0.524,-4.352,0.26,3.47
1786962350.590,,0,,,,5.790,3.042,True,0.525,-4.453,0.27,3.45
1786962350.665,,0,,,,5.970,3.274,True,0.528,-5.481,0.32,3.36
1786962350.765,,0,,,,6.260,3.647,True,0.533,-5.209,0.29,3.24
1786962350.865,,0,,,,6.530,3.965,True,0.532,-5.923,0.33,3.15
1786962350.965,,0,,,,6.670,4.124,True,0.530,-5.590,0.30,3.03
1786962351.065,,0,,,,6.640,4.090,True,0.530,-5.856,0.31,3.02
1786962351.140,,0,,,,6.520,3.953,True,0.532,-6.190,0.32,2.99
1786962351.215,,0,,,,6.380,3.794,True,0.534,-6.468,0.34,2.99
1786962351.290,,0,,,,6.400,3.817,True,0.534,-6.753,0.35,2.98
1786962351.440,,0,,,,6.700,4.158,True,0.530,-7.082,0.36,2.95
1786962351.565,,0,,,,6.950,4.443,True,0.526,-7.401,0.38,2.93
1786962351.690,,0,,,,7.050,4.556,True,0.525,-7.667,0.39,2.90
1786962351.765,,0,,,,7.120,4.636,True,0.524,-7.608,0.38,2.89
1786962351.865,,0,,,,7.160,4.681,True,0.523,-7.766,0.39,2.87
1786962351.965,,0,,,,7.130,4.647,True,0.524,-7.746,0.38,2.85
1786962352.040,,0,,,,7.200,4.727,True,0.523,-7.711,0.38,2.82
1786962352.140,,0,,,,7.280,4.818,True,0.522,-7.788,0.38,2.80
1786962352.265,,0,,,,7.580,5.159,True,0.518,-7.815,0.38,2.79
1786962352.365,,0,,,,7.710,5.307,True,0.516,-7.916,0.38,2.77
1786962352.440,,0,,,,7.870,5.489,True,0.514,-8.120,0.39,2.76
1786962352.590,,0,,,,7.930,5.558,True,0.513,-8.085,0.38,2.72
1786962352.765,,0,,,,8.110,5.763,True,0.511,-8.069,0.38,2.70
1786962352.840,,0,,,,8.200,5.865,True,0.509,-8.094,0.38,2.68
1786962352.940,,0,,,,8.360,6.047,True,0.507,-7.917,0.37,2.66
1786962353.015,,0,,,,8.430,6.127,True,0.506,-7.845,0.36,2.65
1786962353.115,,0,,,,8.300,5.979,True,0.508,-7.741,0.35,2.63
1786962353.190,,0,,,,8.150,5.808,True,0.510,-7.700,0.35,2.61
1786962353.340,,0,,,,7.780,5.387,True,0.515,-7.811,0.35,2.59
1786962353.415,,0,,,,7.690,5.285,True,0.516,-7.564,0.34,2.58
1786962353.515,,0,,,,7.740,5.342,True,0.516,-7.493,0.33,2.56
1786962353.640,,0,,,,8.110,5.763,True,0.511,-7.472,0.33,2.53
1786962353.740,,0,,,,8.520,6.229,True,0.505,-7.461,0.33,2.51
1786962353.865,,0,,,,8.880,6.639,True,0.500,-7.237,0.31,2.49
1786962353.965,,0,,,,8.880,6.639,True,0.500,-7.335,0.32,2.47
1786962354.065,,0,,,,8.680,6.411,True,0.503,-7.585,0.32,2.46
1786962354.165,,0,,,,8.420,6.115,True,0.507,-7.541,0.32,2.44
1786962354.315,,0,,,,8.590,6.309,True,0.504,-7.660,0.32,2.40
1786962354.440,,0,,,,9.170,6.969,True,0.497,-7.738,0.32,2.38
1786962354.490,,0,,,,9.420,7.253,True,0.493,-7.629,0.31,2.37
1786962354.590,,0,,,,9.980,7.891,True,0.486,-7.929,0.32,2.35
1786962354.665,,0,,,,10.150,8.084,True,0.484,-8.007,0.33,2.34
1786962354.765,,0,,,,10.120,8.050,True,0.484,-8.115,0.33,2.32
1786962354.840,,0,,,,9.890,7.788,True,0.487,-8.290,0.33,2.30
1786962354.915,,0,,,,9.660,7.526,True,0.490,-8.202,0.33,2.29
1786962358.665,,0,,,,10.080,8.004,True,0.485,-24.606,1.75,4.21
1786962358.815,,0,,,,10.140,8.073,True,0.484,-24.467,1.75,4.21
1786962358.890,,0,,,,10.260,8.209,True,0.482,-24.538,1.74,4.20
1786962358.990,,0,,,,10.420,8.391,True,0.480,-24.574,1.74,4.19
1786962359.065,,0,,,,10.500,8.482,True,0.479,-25.682,1.93,4.44
1786962359.190,,0,,,,10.570,8.562,True,0.478,-25.803,1.92,4.42
1786962359.365,,0,,,,10.370,8.334,True,0.481,-22.388,1.34,3.52
1786962359.415,,0,,,,10.290,8.243,True,0.482,-22.456,1.34,3.51
1786962359.490,,0,,,,10.020,7.936,True,0.486,-22.435,1.33,3.49
1786962360.115,,0,,,,9.800,7.686,True,0.488,-21.794,1.28,3.46
1786962360.240,,0,,,,9.920,7.822,True,0.487,-18.324,1.11,3.55
1786962360.340,,0,,,,9.840,7.731,True,0.488,-18.436,1.12,3.53
1786962360.440,,0,,,,9.780,7.663,True,0.489,-21.104,1.26,3.49
1786962360.840,,0,,,,9.890,7.788,True,0.487,-20.803,1.24,3.50
1786962360.965,,0,,,,10.230,8.175,True,0.483,-24.993,1.45,3.43
1786962361.465,,0,,,,10.350,8.312,True,0.481,-15.022,0.88,3.40
1786962361.565,,0,,,,10.290,8.243,True,0.482,-18.279,1.07,3.41
1786962361.665,,0,,,,10.420,8.391,True,0.480,-20.874,1.18,3.30
1786962362.165,,0,,,,10.800,8.824,True,0.475,-16.785,0.95,3.29
1786962362.265,,0,,,,10.610,8.607,True,0.478,-16.592,0.94,3.28
1786962362.440,,0,,,,10.620,8.619,True,0.478,-16.356,0.92,3.25
1786962362.565,,0,,,,10.940,8.983,True,0.474,-16.232,0.90,3.23
1786962362.715,,0,,,,11.240,9.324,True,0.470,-16.220,0.90,3.21
1786962362.790,,0,,,,11.320,9.415,True,0.469,-16.161,0.89,3.20
1786962362.915,,0,,,,11.290,9.381,True,0.469,-15.992,0.88,3.18
1786962363.015,,0,,,,11.300,9.393,True,0.469,-15.858,0.87,3.17
1786962363.115,,0,,,,11.270,9.358,True,0.469,-15.690,0.85,3.15
1786962363.215,,0,,,,11.370,9.472,True,0.468,-15.508,0.84,3.14
1786962363.290,,0,,,,11.490,9.609,True,0.467,-15.364,0.83,3.13
1786962363.365,,0,,,,11.610,9.745,True,0.465,-15.326,0.82,3.12
1786962363.465,,0,,,,11.780,9.939,True,0.463,-15.179,0.82,3.11
1786962363.565,,0,,,,11.930,10.110,True,0.461,-15.031,0.80,3.09
1786962363.665,,0,,,,11.060,9.119,True,0.472,-15.047,0.80,3.09
1786962363.740,,0,,,,6.000,3.312,True,0.528,-11.871,0.63,3.07
1786962363.790,,0,,,,6.880,4.363,True,0.527,-8.832,0.47,3.07
1786962363.865,,0,,,,7.690,5.285,True,0.516,-9.315,0.50,3.06
1786962363.940,,0,,,,7.630,5.216,True,0.517,-10.058,0.53,3.05
1786962364.015,,0,,,,7.620,5.205,True,0.517,-9.968,0.53,3.04
1786962364.140,,0,,,,7.640,5.228,True,0.517,-9.561,0.50,3.02
1786962364.215,,0,,,,7.740,5.342,True,0.516,-9.266,0.49,3.01
1786962364.290,,0,,,,7.960,5.592,True,0.513,-8.944,0.47,3.00
1786962364.440,,0,,,,8.440,6.138,True,0.506,-11.070,0.57,2.99
1786962364.565,,0,,,,8.710,6.445,True,0.503,-9.068,0.47,2.97
1786962364.690,,0,,,,8.710,6.445,True,0.503,-8.818,0.45,2.95
1786962364.865,,0,,,,9.140,6.935,True,0.497,-9.429,0.48,2.94
1786962364.990,,0,,,,8.930,6.696,True,0.500,-9.781,0.49,2.91
1786962365.265,,0,,,,9.660,7.526,True,0.490,-8.048,0.40,2.89
1786962365.440,,0,,,,10.300,8.255,True,0.482,-7.535,0.38,2.86
1786962366.615,,0,,,,13.800,12.237,True,0.438,0.617,0.03,2.68
1786962366.715,,0,,,,14.250,12.750,True,0.433,1.059,0.05,2.65
1786962366.815,,0,,,,14.240,12.738,True,0.433,-7.251,0.30,2.37
1786962366.890,,0,,,,14.060,12.533,True,0.435,-6.956,0.29,2.36
1786962366.990,,0,,,,13.910,12.363,True,0.437,-6.813,0.28,2.35
1786962367.090,,0,,,,13.730,12.158,True,0.439,-6.108,0.25,2.34
1786962367.165,,0,,,,13.830,12.272,True,0.438,-5.933,0.24,2.33
1786962367.290,,0,,,,14.140,12.624,True,0.434,-4.399,0.18,2.38
1786962367.365,,0,,,,14.490,13.023,True,0.430,-3.989,0.16,2.36
1786962367.440,,0,,,,14.800,13.375,True,0.426,-3.791,0.16,2.35
1786962367.490,,0,,,,15.050,13.662,True,0.425,-11.231,0.43,2.21
1786962367.565,,0,,,,15.170,13.804,True,0.427,-11.011,0.42,2.20
1786962367.640,,0,,,,15.250,13.899,True,0.429,-11.157,0.43,2.20
1786962367.690,,0,,,,15.320,13.982,True,0.430,-11.199,0.43,2.20
1786962367.740,,0,,,,15.380,14.053,True,0.432,-5.134,0.19,2.08
1786962367.840,,0,,,,15.470,14.159,True,0.434,-5.090,0.18,2.07
1786962367.965,,0,,,,15.690,14.420,True,0.438,-4.761,0.17,2.06
1786962368.040,,0,,,,16.070,14.870,True,0.447,-4.798,0.17,2.06
1786962368.140,,0,,,,16.580,15.473,True,0.458,-4.484,0.16,2.05
1786962368.190,,0,,,,17.230,16.243,True,0.473,-4.585,0.16,2.04
1786962368.265,,0,,,,17.580,16.657,True,0.481,-4.738,0.17,2.03
1786962368.365,,0,,,,18.070,17.237,True,0.492,-4.565,0.16,2.02
1786962368.465,,0,,,,18.120,17.296,True,0.493,3.940,0.17,2.41
1786962368.540,,0,,,,18.060,17.225,True,0.492,4.053,0.17,2.40
1786962368.590,,0,,,,17.890,17.024,True,0.488,4.060,0.17,2.40
1786962368.690,,0,,,,17.840,16.965,True,0.487,-3.293,0.11,1.94
1786962368.790,,0,,,,18.060,17.225,True,0.492,-3.119,0.10,1.93
1786962368.915,,0,,,,18.600,17.864,True,0.504,-2.646,0.09,1.92
1786962368.990,,0,,,,18.920,18.243,True,0.512,2.820,0.10,2.01
1786962369.090,,0,,,,19.340,18.740,True,0.522,3.067,0.11,2.00
1786962369.190,,0,,,,19.520,18.953,True,0.526,-1.209,0.04,1.92
1786962369.290,,0,,,,19.300,18.693,True,0.521,-1.341,0.04,1.90
1786962369.440,,0,,,,18.860,18.172,True,0.511,6.830,0.29,2.44
1786962369.540,,0,,,,18.540,17.793,True,0.503,7.326,0.31,2.43
1786962369.615,,0,,,,18.400,17.627,True,0.500,7.431,0.31,2.42
