t,ns,marker_id,track_id,boresight_deg,angle_in_frame_deg,gimbal_yaw_deg,corrected_yaw_deg,yaw_correction_valid,yaw_sigma_deg,angle_error_deg,miss_distance_m,range_m
1786962005.397,,0,,,,0.030,-4.369,True,0.424,0.031,0.02,35.08
1786962005.397,,0,,,,0.030,-4.369,True,0.424,-0.035,0.02,35.08
1786962005.397,,0,,,,0.030,-4.369,True,0.424,-0.099,0.06,35.05
1786962005.397,,0,,,,0.030,-4.369,True,0.424,-0.324,0.20,35.05
1786962005.397,,0,,,,0.030,-4.369,True,0.424,-0.440,0.27,35.04
1786962005.397,,0,,,,0.030,-4.369,True,0.424,-0.670,0.41,35.02
1786962005.397,,0,,,,-0.040,-4.459,True,0.423,-0.774,0.47,35.00
1786962005.421,,0,,,,-0.030,-4.446,True,0.423,-0.799,0.49,34.99
1786962005.421,,0,,,,-0.030,-4.446,True,0.423,-0.810,0.49,34.99
1786962005.421,,0,,,,-0.030,-4.446,True,0.423,-0.705,0.43,34.97
1786962005.421,,0,,,,-0.030,-4.446,True,0.423,-0.655,0.40,34.96
1786962005.445,,0,,,,-0.030,-4.446,True,0.423,-0.652,0.40,34.94
1786962005.520,,0,,,,-0.050,-4.472,True,0.422,-0.134,0.08,35.04
1786962005.520,,0,,,,-0.060,-4.485,True,0.422,-0.231,0.14,35.03
1786962005.570,,0,,,,-0.170,-4.626,True,0.420,-0.304,0.19,35.01
1786962005.595,,0,,,,-0.220,-4.691,True,0.420,-0.380,0.23,35.00
1786962005.595,,0,,,,-0.250,-4.729,True,0.419,-0.381,0.23,34.98
1786962005.745,,0,,,,-0.250,-4.729,True,0.419,-0.406,0.25,34.96
1786962005.795,,0,,,,-0.150,-4.601,True,0.421,-0.422,0.26,34.94
1786962005.895,,0,,,,-0.060,-4.485,True,0.422,-0.559,0.34,35.01
1786962005.995,,0,,,,0.060,-4.331,True,0.424,-0.612,0.37,35.00
1786962006.045,,0,,,,0.080,-4.305,True,0.425,-0.665,0.41,34.98
1786962006.195,,0,,,,0.060,-4.331,True,0.424,-0.526,0.32,35.09
1786962006.245,,0,,,,0.000,-4.408,True,0.423,-0.626,0.38,35.08
1786962006.295,,0,,,,-0.070,-4.498,True,0.422,-0.648,0.40,35.07
1786962006.395,,0,,,,-0.260,-4.742,True,0.419,-0.578,0.35,35.06
1786962006.445,,0,,,,-0.310,-4.807,True,0.418,-0.590,0.36,35.04
1786962006.570,,0,,,,-0.330,-4.832,True,0.418,-0.549,0.34,35.03
1786962006.595,,0,,,,-0.300,-4.794,True,0.418,-0.480,0.29,35.02
1786962006.720,,0,,,,-0.150,-4.601,True,0.421,-0.689,0.42,35.18
1786962006.795,,0,,,,-0.050,-4.472,True,0.422,-0.736,0.45,35.17
1786962006.845,,0,,,,0.040,-4.356,True,0.424,-0.845,0.52,35.15
1786962006.895,,0,,,,0.040,-4.356,True,0.424,-0.930,0.57,35.14
1786962006.995,,0,,,,-0.060,-4.485,True,0.422,-0.436,0.27,34.91
1786962007.095,,0,,,,-0.330,-4.832,True,0.418,-0.561,0.34,34.89
1786962007.095,,0,,,,-0.330,-4.832,True,0.418,-0.634,0.39,34.88
1786962007.245,,0,,,,-0.600,-5.180,True,0.414,-0.605,0.37,35.06
1786962007.295,,0,,,,-0.610,-5.193,True,0.413,-0.604,0.37,35.05
1786962007.395,,0,,,,-0.600,-5.180,True,0.414,-0.588,0.36,35.04
1786962007.445,,0,,,,-0.550,-5.115,True,0.414,-0.577,0.35,35.02
1786962007.545,,0,,,,-0.450,-4.987,True,0.416,-0.621,0.38,35.01
1786962007.645,,0,,,,-0.380,-4.897,True,0.417,-0.688,0.42,34.98
1786962007.695,,0,,,,-0.350,-4.858,True,0.418,-0.744,0.45,34.98
1786962007.820,,0,,,,-0.300,-4.794,True,0.418,-0.621,0.38,34.93
1786962007.845,,0,,,,-0.280,-4.768,True,0.419,-0.651,0.40,34.92
1786962007.945,,0,,,,-0.290,-4.781,True,0.419,-0.706,0.43,34.91
1786962007.995,,0,,,,-0.280,-4.768,True,0.419,-0.753,0.46,34.90
1786962008.145,,0,,,,-0.200,-4.665,True,0.420,-0.913,0.56,35.16
1786962008.195,,0,,,,-0.160,-4.614,True,0.421,-0.972,0.60,35.14
1786962008.295,,0,,,,-0.130,-4.575,True,0.421,-1.062,0.65,35.13
1786962008.395,,0,,,,-0.210,-4.678,True,0.420,-0.745,0.45,34.94
1786962008.495,,0,,,,-0.370,-4.884,True,0.417,-0.788,0.48,34.92
1786962008.595,,0,,,,-0.530,-5.090,True,0.415,-0.801,0.49,34.91
1786962008.645,,0,,,,-0.540,-5.103,True,0.415,-0.773,0.47,34.94
1786962008.695,,0,,,,-0.580,-5.154,True,0.414,-0.763,0.47,34.93
1786962008.820,,0,,,,-0.540,-5.103,True,0.415,-0.635,0.39,35.02
1786962008.895,,0,,,,-0.410,-4.935,True,0.417,-0.872,0.53,35.07
1786962008.995,,0,,,,-0.080,-4.511,True,0.422,-0.554,0.34,34.82
1786962009.045,,0,,,,-0.020,-4.433,True,0.423,-0.519,0.32,34.80
1786962009.145,,0,,,,0.160,-4.202,True,0.426,-0.353,0.21,34.90
1786962009.245,,0,,,,0.140,-4.228,True,0.426,-0.540,0.33,34.83
1786962009.295,,0,,,,0.100,-4.279,True,0.425,-0.649,0.39,34.82
1786962009.395,,0,,,,-0.040,-4.459,True,0.423,-0.695,0.42,34.81
1786962009.495,,0,,,,-0.170,-4.626,True,0.420,-0.720,0.44,34.79
1786962009.545,,0,,,,-0.200,-4.665,True,0.420,-0.779,0.47,34.78
1786962009.620,,0,,,,-0.180,-4.639,True,0.420,-0.798,0.48,34.76
1786962009.695,,0,,,,-0.180,-4.639,True,0.420,-0.861,0.52,34.75
1786962009.795,,0,,,,-0.080,-4.511,True,0.422,-0.878,0.53,34.75
1786962009.895,,0,,,,0.060,-4.331,True,0.424,-0.862,0.52,34.72
1786962009.995,,0,,,,0.110,-4.266,True,0.425,-0.941,0.57,34.71
1786962010.045,,0,,,,0.110,-4.266,True,0.425,-1.053,0.64,34.68
1786962010.145,,0,,,,0.050,-4.343,True,0.424,-1.096,0.66,34.67
1786962010.195,,0,,,,-0.010,-4.421,True,0.423,-1.199,0.73,34.66
1786962010.295,,0,,,,-0.190,-4.652,True,0.420,-1.202,0.73,34.64
1786962010.395,,0,,,,-0.380,-4.897,True,0.417,-1.214,0.73,34.63
1786962010.445,,0,,,,-0.400,-4.922,True,0.417,-1.262,0.76,34.61
1786962010.545,,0,,,,-0.420,-4.948,True,0.416,-1.242,0.75,34.60
1786962010.595,,0,,,,-0.390,-4.910,True,0.417,-1.247,0.75,34.59
1786962010.695,,0,,,,-0.150,-4.601,True,0.421,-1.268,0.76,34.57
1786962010.795,,0,,,,0.070,-4.318,True,0.424,-1.433,0.86,34.56
1786962010.895,,0,,,,0.360,-3.945,True,0.429,-1.567,0.94,34.53
1786962010.945,,0,,,,0.440,-3.842,True,0.430,-1.693,1.02,34.53
1786962010.995,,0,,,,0.450,-3.829,True,0.431,-1.837,1.11,34.51
1786962011.095,,0,,,,0.410,-3.880,True,0.430,-1.977,1.19,34.50
1786962011.220,,0,,,,0.190,-4.163,True,0.426,-2.010,1.21,34.49
1786962011.245,,0,,,,0.120,-4.253,True,0.425,-2.010,1.21,34.47
1786962011.295,,0,,,,0.050,-4.343,True,0.424,-1.976,1.19,34.46
1786962011.395,,0,,,,-0.110,-4.549,True,0.421,-2.024,1.22,34.45
1786962011.495,,0,,,,-0.200,-4.665,True,0.420,-2.046,1.23,34.43
1786962011.545,,0,,,,-0.240,-4.717,True,0.419,-2.099,1.26,34.42
1786962011.695,,0,,,,-0.240,-4.717,True,0.419,-2.276,1.37,34.39
1786962011.770,,0,,,,-0.210,-4.678,True,0.420,-2.394,1.44,34.38
1786962011.845,,0,,,,-0.180,-4.639,True,0.420,-2.422,1.45,34.35
1786962011.945,,0,,,,-0.040,-4.459,True,0.423,-2.517,1.51,34.34
1786962012.045,,0,,,,0.080,-4.305,True,0.425,-2.626,1.57,34.32
1786962012.095,,0,,,,0.130,-4.240,True,0.425,-2.727,1.63,34.31
1786962012.195,,0,,,,0.130,-4.240,True,0.425,-2.867,1.72,34.29
1786962012.295,,0,,,,0.060,-4.331,True,0.424,-3.071,1.84,34.28
1786962012.395,,0,,,,-0.120,-4.562,True,0.421,-3.256,1.95,34.27
1786962012.395,,0,,,,-0.120,-4.562,True,0.421,-3.353,2.00,34.25
1786962012.495,,0,,,,-0.350,-4.858,True,0.418,-3.404,2.03,34.24
1786962012.595,,0,,,,-0.430,-4.961,True,0.416,-3.419,2.04,34.22
1786962012.695,,0,,,,-0.500,-5.051,True,0.415,-3.434,2.05,34.20
1786962012.795,,0,,,,-0.430,-4.961,True,0.416,-3.393,2.02,34.19
1786962012.895,,0,,,,-0.210,-4.678,True,0.420,-3.420,2.04,34.17
1786962012.945,,0,,,,0.040,-4.356,True,0.424,-3.457,2.06,34.17
1786962012.995,,0,,,,0.210,-4.138,True,0.427,-3.540,2.11,34.15
1786962013.370,,0,,,,-0.080,-4.511,True,0.422,-0.975,0.58,34.01
1786962013.395,,0,,,,-0.160,-4.614,True,0.421,-0.994,0.59,33.99
1786962013.495,,0,,,,-0.520,-5.077,True,0.415,-1.001,0.59,33.98
1786962013.545,,0,,,,-0.560,-5.128,True,0.414,-0.931,0.55,33.97
1786962013.645,,0,,,,-0.430,-4.961,True,0.416,-0.660,0.39,33.87
1786962013.695,,0,,,,-0.290,-4.781,True,0.419,-0.690,0.41,33.86
1786962013.795,,0,,,,0.170,-4.189,True,0.426,-0.813,0.48,33.85
1786962013.845,,0,,,,0.420,-3.867,True,0.430,-0.897,0.53,33.83
1786962013.895,,0,,,,0.550,-3.700,True,0.432,-0.846,0.50,33.79
1786962014.020,,0,,,,0.620,-3.610,True,0.433,-1.011,0.60,33.77
1786962014.095,,0,,,,0.300,-4.022,True,0.428,-1.190,0.70,33.76
1786962014.145,,0,,,,0.120,-4.253,True,0.425,-1.382,0.81,33.75
1786962014.195,,0,,,,-0.060,-4.485,True,0.422,-1.185,0.70,33.77
1786962014.245,,0,,,,-0.300,-4.794,True,0.418,-1.281,0.75,33.76
1786962014.345,,0,,,,-0.680,-5.283,True,0.412,-1.367,0.81,33.75
1786962014.395,,0,,,,-0.770,-5.398,True,0.411,-1.250,0.74,33.73
1786962014.495,,0,,,,-0.710,-5.321,True,0.412,-0.913,0.54,33.73
1786962014.545,,0,,,,-0.550,-5.115,True,0.414,-1.016,0.60,33.73
1786962014.645,,0,,,,-0.110,-4.549,True,0.421,-1.085,0.64,33.70
1786962014.695,,0,,,,0.060,-4.331,True,0.424,-1.171,0.69,33.69
1786962014.795,,0,,,,0.470,-3.803,True,0.431,-1.220,0.72,33.61
1786962014.895,,0,,,,0.520,-3.739,True,0.432,-1.350,0.79,33.59
1786962014.995,,0,,,,0.300,-4.022,True,0.428,-1.111,0.65,33.55
1786962015.095,,0,,,,0.050,-4.343,True,0.424,-1.255,0.73,33.53
1786962015.095,,0,,,,0.050,-4.343,True,0.424,-1.382,0.81,33.53
1786962015.195,,0,,,,-0.350,-4.858,True,0.418,-1.337,0.78,33.51
1786962015.295,,0,,,,-0.520,-5.077,True,0.415,-0.908,0.53,33.37
1786962015.445,,0,,,,-0.210,-4.678,True,0.420,-0.796,0.46,33.35
1786962015.495,,0,,,,-0.070,-4.498,True,0.422,-0.976,0.57,33.34
1786962015.545,,0,,,,0.090,-4.292,True,0.425,-0.994,0.58,33.24
1786962015.695,,0,,,,0.490,-3.777,True,0.431,-1.217,0.71,33.21
1786962015.795,,0,,,,0.380,-3.919,True,0.429,-1.563,0.91,33.20
1786962015.845,,0,,,,0.220,-4.125,True,0.427,-1.662,0.96,33.17
1786962015.945,,0,,,,-0.110,-4.549,True,0.421,-1.705,0.99,33.17
1786962015.995,,0,,,,-0.220,-4.691,True,0.420,-1.746,1.01,33.15
1786962016.095,,0,,,,-0.420,-4.948,True,0.416,-1.370,0.79,33.00
1786962016.195,,0,,,,-0.380,-4.897,True,0.417,-1.365,0.79,32.99
1786962016.195,,0,,,,-0.380,-4.897,True,0.417,-1.326,0.76,32.97
1786962016.295,,0,,,,-0.190,-4.652,True,0.420,-1.336,0.77,32.96
1786962016.395,,0,,,,0.000,-4.408,True,0.423,-0.993,0.57,32.98
1786962016.395,,0,,,,0.000,-4.408,True,0.423,-1.047,0.60,32.96
1786962016.495,,0,,,,0.020,-4.382,True,0.424,-1.151,0.66,32.94
1786962016.595,,0,,,,-0.060,-4.485,True,0.422,-1.250,0.72,32.94
1786962016.595,,0,,,,-0.060,-4.485,True,0.422,-1.338,0.77,32.92
1786962016.720,,0,,,,-0.150,-4.601,True,0.421,-1.220,0.70,32.82
1786962016.795,,0,,,,-0.140,-4.588,True,0.421,-1.234,0.71,32.79
1786962016.845,,0,,,,-0.070,-4.498,True,0.422,-1.299,0.74,32.77
1786962016.945,,0,,,,0.130,-4.240,True,0.425,-1.198,0.69,32.81
1786962016.995,,0,,,,0.180,-4.176,True,0.426,-1.341,0.76,32.57
1786962017.070,,0,,,,0.330,-3.983,True,0.429,-1.494,0.85,32.55
1786962017.145,,0,,,,0.380,-3.919,True,0.429,-1.341,0.77,32.72
1786962017.195,,0,,,,0.370,-3.932,True,0.429,-1.465,0.84,32.71
1786962017.295,,0,,,,0.220,-4.125,True,0.427,-1.280,0.73,32.73
1786962017.320,,0,,,,0.220,-4.125,True,0.427,-1.325,0.76,32.73
1786962017.445,,0,,,,0.080,-4.305,True,0.425,-1.465,0.83,32.53
1786962017.495,,0,,,,0.020,-4.382,True,0.424,-1.517,0.86,32.52
1786962017.595,,0,,,,0.050,-4.343,True,0.424,-1.346,0.76,32.44
1786962017.695,,0,,,,0.170,-4.189,True,0.426,-0.980,0.56,32.54
1786962017.795,,0,,,,0.400,-3.893,True,0.430,-1.412,0.80,32.41
1786962017.845,,0,,,,0.510,-3.752,True,0.432,-1.501,0.85,32.39
1786962017.895,,0,,,,0.610,-3.623,True,0.433,-1.574,0.89,32.38
1786962017.995,,0,,,,0.720,-3.481,True,0.435,-1.728,0.98,32.37
1786962018.045,,0,,,,0.720,-3.481,True,0.435,-1.825,1.03,32.35
1786962018.095,,0,,,,0.700,-3.507,True,0.435,-1.986,1.12,32.34
1786962018.195,,0,,,,0.640,-3.584,True,0.434,-2.026,1.14,32.32
1786962018.295,,0,,,,0.440,-3.842,True,0.430,-2.041,1.15,32.31
1786962018.420,,0,,,,0.220,-4.125,True,0.427,-2.056,1.16,32.30
1786962018.445,,0,,,,0.200,-4.150,True,0.426,-2.002,1.13,32.27
1786962018.595,,0,,,,0.130,-4.240,True,0.425,-1.988,1.12,32.26
1786962018.695,,0,,,,0.260,-4.073,True,0.427,-2.075,1.17,32.23
1786962018.770,,0,,,,0.350,-3.957,True,0.429,-2.180,1.23,32.23
1786962018.895,,0,,,,0.420,-3.867,True,0.430,-2.203,1.24,32.20
1786962018.995,,0,,,,0.470,-3.803,True,0.431,-2.286,1.28,32.20
1786962018.995,,0,,,,0.470,-3.803,True,0.431,-2.490,1.40,32.18
1786962019.095,,0,,,,0.590,-3.649,True,0.433,-2.663,1.49,32.17
1786962019.195,,0,,,,0.620,-3.610,True,0.433,-2.823,1.58,32.16
1786962019.245,,0,,,,0.610,-3.623,True,0.433,-2.916,1.63,32.13
1786962019.345,,0,,,,0.630,-3.597,True,0.434,-2.942,1.65,32.12
1786962019.445,,0,,,,0.540,-3.713,True,0.432,-2.979,1.67,32.09
1786962019.545,,0,,,,0.480,-3.790,True,0.431,-2.986,1.67,32.08
1786962019.595,,0,,,,0.480,-3.790,True,0.431,-2.962,1.66,32.06
1786962019.695,,0,,,,0.530,-3.726,True,0.432,-3.089,1.73,32.04
1786962019.745,,0,,,,0.560,-3.687,True,0.432,-3.129,1.75,32.04
1786962019.795,,0,,,,0.590,-3.649,True,0.433,-3.118,1.74,32.03
1786962019.845,,0,,,,0.630,-3.597,True,0.434,-3.183,1.78,32.01
1786962019.895,,0,,,,0.690,-3.520,True,0.435,-3.235,1.81,32.00
1786962019.995,,0,,,,0.800,-3.378,True,0.436,-3.327,1.86,31.99
1786962020.095,,0,,,,0.850,-3.314,True,0.437,-3.406,1.90,31.97
1786962020.145,,0,,,,0.880,-3.275,True,0.438,-3.449,1.92,31.96
1786962020.195,,0,,,,0.910,-3.237,True,0.438,-3.450,1.92,31.94
1786962020.320,,0,,,,1.030,-3.082,True,0.440,-3.449,1.92,31.92
1786962020.395,,0,,,,1.110,-2.979,True,0.442,-3.448,1.92,31.91
1786962020.445,,0,,,,1.110,-2.979,True,0.442,-3.539,1.97,31.89
1786962020.545,,0,,,,1.030,-3.082,True,0.440,-3.735,2.08,31.88
1786962020.645,,0,,,,0.860,-3.301,True,0.437,-3.792,2.11,31.86
1786962020.695,,0,,,,0.730,-3.468,True,0.435,-3.821,2.12,31.85
1786962020.795,,0,,,,0.610,-3.623,True,0.433,-3.733,2.07,31.83
1786962020.895,,0,,,,0.440,-3.842,True,0.430,-3.700,2.05,31.81
1786962020.995,,0,,,,0.440,-3.842,True,0.430,-3.727,2.07,31.80
1786962021.045,,0,,,,0.490,-3.777,True,0.431,-3.837,2.13,31.78
1786962021.095,,0,,,,0.650,-3.571,True,0.434,-3.712,2.06,31.77
1786962021.220,,0,,,,0.900,-3.250,True,0.438,-3.855,2.13,31.75
1786962021.295,,0,,,,1.080,-3.018,True,0.441,-3.911,2.16,31.73
1786962021.345,,0,,,,1.150,-2.928,True,0.442,-4.006,2.22,31.72
1786962021.445,,0,,,,1.130,-2.954,True,0.442,-4.160,2.30,31.70
1786962021.495,,0,,,,1.100,-2.992,True,0.441,-4.383,2.42,31.69
1786962021.595,,0,,,,0.850,-3.314,True,0.437,-4.496,2.48,31.68
1786962021.645,,0,,,,0.790,-3.391,True,0.436,-4.664,2.57,31.66
1786962024.245,,0,,,,1.000,-3.121,True,0.440,-2.439,1.27,29.87
1786962024.320,,0,,,,1.030,-3.082,True,0.440,-2.455,1.28,29.86
1786962024.370,,0,,,,1.080,-3.018,True,0.441,-2.472,1.29,29.85
1786962024.495,,0,,,,1.290,-2.748,True,0.445,-2.509,1.31,29.82
1786962024.595,,0,,,,1.420,-2.581,True,0.447,-2.668,1.39,29.81
1786962024.645,,0,,,,1.450,-2.542,True,0.447,-2.726,1.42,29.79
1786962024.695,,0,,,,1.530,-2.439,True,0.449,-2.789,1.45,29.78
1786962024.795,,0,,,,1.560,-2.400,True,0.449,-2.842,1.48,29.76
1786962024.895,,0,,,,1.510,-2.465,True,0.448,-2.748,1.42,29.54
1786962024.995,,0,,,,1.340,-2.684,True,0.445,-2.789,1.44,29.53
1786962025.120,,0,,,,1.100,-2.992,True,0.441,-2.884,1.48,29.50
1786962025.195,,0,,,,0.970,-3.160,True,0.439,-2.978,1.53,29.49
1786962025.295,,0,,,,0.820,-3.353,True,0.437,-2.934,1.51,29.47
1786962025.395,,0,,,,0.700,-3.507,True,0.435,-3.033,1.56,29.44
1786962025.495,,0,,,,0.630,-3.597,True,0.434,-3.132,1.61,29.42
1786962025.545,,0,,,,0.650,-3.571,True,0.434,-3.144,1.61,29.41
1786962025.645,,0,,,,0.690,-3.520,True,0.435,-3.001,1.54,29.39
1786962025.745,,0,,,,0.710,-3.494,True,0.435,-3.132,1.61,29.38
1786962025.795,,0,,,,0.740,-3.456,True,0.435,-3.200,1.64,29.36
1786962025.895,,0,,,,0.760,-3.430,True,0.436,-3.318,1.70,29.35
1786962025.995,,0,,,,0.780,-3.404,True,0.436,-3.165,1.61,29.14
1786962026.045,,0,,,,0.800,-3.378,True,0.436,-3.283,1.67,29.13
1786962026.145,,0,,,,0.910,-3.237,True,0.438,-3.297,1.67,29.12
1786962026.195,,0,,,,0.980,-3.147,True,0.439,-3.394,1.72,29.11
1786962026.294,,0,,,,1.080,-3.018,True,0.441,-2.092,1.00,27.28
1786962026.345,,0,,,,1.130,-2.954,True,0.442,-2.211,1.05,27.27
1786962026.394,,0,,,,1.140,-2.941,True,0.442,-2.257,1.07,27.25
1786962026.495,,0,,,,1.160,-2.915,True,0.442,-2.354,1.12,27.23
1786962026.594,,0,,,,1.210,-2.851,True,0.443,-2.492,1.18,27.21
1786962026.694,,0,,,,1.200,-2.864,True,0.443,-2.530,1.20,27.19
1786962026.694,,0,,,,1.200,-2.864,True,0.443,-2.551,1.21,27.19
1786962026.794,,0,,,,1.160,-2.915,True,0.442,-2.591,1.23,27.17
1786962026.895,,0,,,,1.120,-2.967,True,0.442,-2.357,1.12,27.15
1786962026.995,,0,,,,1.010,-3.108,True,0.440,-2.331,1.10,27.14
1786962027.095,,0,,,,0.870,-3.288,True,0.438,-2.519,1.19,27.12
1786962027.145,,0,,,,0.820,-3.353,True,0.437,-2.520,1.19,27.11
1786962027.194,,0,,,,0.750,-3.443,True,0.436,-2.581,1.22,27.09
1786962027.294,,0,,,,0.720,-3.481,True,0.435,-2.564,1.21,27.08
1786962027.394,,0,,,,0.660,-3.558,True,0.434,-2.606,1.23,27.07
1786962027.445,,0,,,,0.680,-3.533,True,0.434,-2.604,1.23,27.05
1786962027.519,,0,,,,0.680,-3.533,True,0.434,-2.594,1.22,27.04
1786962027.595,,0,,,,0.700,-3.507,True,0.435,-2.547,1.20,27.03
1786962027.694,,0,,,,0.700,-3.507,True,0.435,-2.688,1.27,27.01
1786962027.794,,0,,,,0.720,-3.481,True,0.435,-2.717,1.28,27.00
1786962027.845,,0,,,,0.750,-3.443,True,0.436,-2.774,1.31,26.98
1786962027.894,,0,,,,0.820,-3.353,True,0.437,-2.773,1.30,26.97
1786962027.994,,0,,,,0.970,-3.160,True,0.439,-2.868,1.35,26.95
1786962028.045,,0,,,,1.060,-3.044,True,0.441,-3.020,1.42,26.94
1786962028.094,,0,,,,1.200,-2.864,True,0.443,-3.064,1.44,26.92
1786962028.194,,0,,,,1.330,-2.696,True,0.445,-3.105,1.46,26.90
1786962028.294,,0,,,,1.380,-2.632,True,0.446,-3.176,1.49,26.88
1786962028.394,,0,,,,1.320,-2.709,True,0.445,-3.189,1.49,26.87
1786962028.494,,0,,,,1.220,-2.838,True,0.443,-3.188,1.49,26.86
1786962028.545,,0,,,,1.150,-2.928,True,0.442,-3.202,1.50,26.85
1786962028.594,,0,,,,1.170,-2.902,True,0.443,-3.173,1.48,26.83
1786962028.744,,0,,,,1.250,-2.799,True,0.444,-3.073,1.44,26.81
1786962028.844,,0,,,,1.330,-2.696,True,0.445,-3.212,1.50,26.79
1786962028.894,,0,,,,1.340,-2.684,True,0.445,-3.304,1.54,26.78
1786962028.994,,0,,,,1.320,-2.709,True,0.445,-3.243,1.51,26.77
1786962029.094,,0,,,,1.170,-2.902,True,0.443,-3.351,1.56,26.75
1786962029.194,,0,,,,0.980,-3.147,True,0.439,-3.276,1.53,26.74
1786962029.244,,0,,,,0.820,-3.353,True,0.437,-3.159,1.47,26.72
1786962029.294,,0,,,,0.790,-3.391,True,0.436,-3.136,1.46,26.71
1786962029.419,,0,,,,0.720,-3.481,True,0.435,-3.158,1.47,26.70
1786962029.594,,0,,,,0.770,-3.417,True,0.436,-2.953,1.37,26.67
1786962048.194,,0,,,,0.110,-4.266,True,0.425,-2.865,1.17,23.42
1786962048.294,,0,,,,0.230,-4.112,True,0.427,-2.709,1.11,23.41
1786962048.344,,0,,,,0.420,-3.867,True,0.430,-2.564,1.05,23.40
1786962048.394,,0,,,,0.460,-3.816,True,0.431,-2.409,0.98,23.39
1786962048.494,,0,,,,0.550,-3.700,True,0.432,-2.880,1.17,23.27
1786962048.594,,0,,,,0.500,-3.764,True,0.431,-2.805,1.14,23.25
1786962048.694,,0,,,,0.280,-4.047,True,0.428,-2.635,1.07,23.23
1786962048.794,,0,,,,0.150,-4.215,True,0.426,-2.556,1.04,23.22
1786962048.844,,0,,,,0.080,-4.305,True,0.425,-2.413,0.98,23.20
1786962048.894,,0,,,,0.040,-4.356,True,0.424,-2.274,0.92,23.19
1786962048.944,,0,,,,0.060,-4.331,True,0.424,-2.131,0.86,23.18
1786962049.094,,0,,,,0.210,-4.138,True,0.427,-3.244,1.30,22.95
1786962049.244,,0,,,,0.340,-3.970,True,0.429,-3.036,1.21,22.93
1786962049.294,,0,,,,0.400,-3.893,True,0.430,-3.405,1.37,23.00
1786962049.394,,0,,,,0.420,-3.867,True,0.430,-3.342,1.34,22.98
1786962049.494,,0,,,,0.440,-3.842,True,0.430,-3.273,1.31,22.97
1786962049.594,,0,,,,0.560,-3.687,True,0.432,-3.266,1.31,22.95
1786962049.644,,0,,,,0.670,-3.546,True,0.434,-3.137,1.26,22.95
1786962049.744,,0,,,,0.870,-3.288,True,0.438,-2.996,1.20,22.92
1786962049.794,,0,,,,0.910,-3.237,True,0.438,-2.877,1.15,22.90
1786962049.894,,0,,,,1.040,-3.070,True,0.440,-3.696,1.47,22.86
1786962050.019,,0,,,,1.050,-3.057,True,0.441,-3.583,1.43,22.84
1786962050.094,,0,,,,0.980,-3.147,True,0.439,-3.433,1.37,22.82
1786962050.194,,0,,,,0.720,-3.481,True,0.435,-3.812,1.52,22.82
1786962050.294,,0,,,,0.560,-3.687,True,0.432,-3.665,1.46,22.80
1786962050.369,,0,,,,0.500,-3.764,True,0.431,-3.464,1.38,22.79
1786962050.444,,0,,,,0.490,-3.777,True,0.431,-3.250,1.29,22.77
1786962050.494,,0,,,,0.450,-3.829,True,0.431,-3.113,1.24,22.77
1786962050.544,,0,,,,0.490,-3.777,True,0.431,-2.942,1.17,22.75
1786962050.644,,0,,,,0.420,-3.867,True,0.430,-2.793,1.11,22.74
1786962050.744,,0,,,,0.310,-4.009,True,0.428,-2.664,1.06,22.72
1786962050.844,,0,,,,0.160,-4.202,True,0.426,-2.452,0.97,22.70
1786962050.944,,0,,,,0.080,-4.305,True,0.425,-2.298,0.91,22.68
1786962051.094,,0,,,,0.130,-4.240,True,0.425,-4.336,1.71,22.56
1786962051.194,,0,,,,0.270,-4.060,True,0.428,-4.249,1.67,22.54
1786962051.344,,0,,,,0.390,-3.906,True,0.430,-4.097,1.61,22.51
1786962051.394,,0,,,,0.400,-3.893,True,0.430,-3.905,1.53,22.50
1786962051.494,,0,,,,0.460,-3.816,True,0.431,-3.690,1.45,22.49
1786962051.594,,0,,,,0.500,-3.764,True,0.431,-3.556,1.39,22.47
1786962051.694,,0,,,,0.650,-3.571,True,0.434,-3.383,1.32,22.45
1786962051.869,,0,,,,0.730,-3.468,True,0.435,-3.173,1.24,22.43
1786962051.944,,0,,,,0.680,-3.533,True,0.434,-3.046,1.19,22.41
1786962052.294,,0,,,,0.330,-3.983,True,0.429,-2.554,1.00,22.34
1786962052.344,,0,,,,0.330,-3.983,True,0.429,-2.342,0.91,22.33
1786962052.444,,0,,,,0.480,-3.790,True,0.431,-1.485,0.58,22.32
1786962052.594,,0,,,,0.680,-3.533,True,0.434,-0.837,0.33,22.30
1786962052.594,,0,,,,0.680,-3.533,True,0.434,-0.509,0.20,22.29
1786962052.694,,0,,,,0.630,-3.597,True,0.434,-0.327,0.13,22.27
1786962052.744,,0,,,,0.560,-3.687,True,0.432,-0.030,0.01,22.26
1786962052.844,,0,,,,0.360,-3.945,True,0.429,0.115,0.04,22.25
1786962052.894,,0,,,,0.280,-4.047,True,0.428,0.279,0.11,22.23
1786962052.994,,0,,,,0.010,-4.395,True,0.423,0.633,0.25,22.22
1786962053.094,,0,,,,0.030,-4.369,True,0.424,0.938,0.36,22.21
1786962053.144,,0,,,,0.050,-4.343,True,0.424,1.309,0.51,22.20
1786962053.194,,0,,,,0.140,-4.228,True,0.426,1.488,0.58,22.19
1786962053.294,,0,,,,0.280,-4.047,True,0.428,1.722,0.67,22.17
1786962053.394,,0,,,,0.520,-3.739,True,0.432,1.862,0.72,22.16
1786962053.494,,0,,,,0.690,-3.520,True,0.435,1.972,0.76,22.14
1786962053.594,,0,,,,0.750,-3.443,True,0.436,2.098,0.81,22.12
1786962053.694,,0,,,,0.730,-3.468,True,0.435,2.260,0.87,22.10
1786962053.794,,0,,,,0.630,-3.597,True,0.434,2.430,0.94,22.09
1786962053.844,,0,,,,0.610,-3.623,True,0.433,2.681,1.03,22.07
1786962053.894,,0,,,,0.620,-3.610,True,0.433,3.146,1.21,22.06
1786962053.944,,0,,,,0.590,-3.649,True,0.433,3.522,1.35,22.05
1786962054.044,,0,,,,0.650,-3.571,True,0.434,3.821,1.47,22.04
1786962054.119,,0,,,,0.720,-3.481,True,0.435,4.070,1.56,22.03
1786962054.194,,0,,,,0.780,-3.404,True,0.436,4.222,1.62,22.02
1786962054.244,,0,,,,0.750,-3.443,True,0.436,4.388,1.68,22.01
1786962054.344,,0,,,,0.780,-3.404,True,0.436,4.644,1.78,22.00
1786962054.394,,0,,,,0.790,-3.391,True,0.436,4.782,1.83,21.99
1786962054.494,,0,,,,0.730,-3.468,True,0.435,5.038,1.93,21.98
1786962056.194,,0,,,,1.100,-2.992,True,0.441,-3.867,1.52,22.54
1786962056.244,,0,,,,1.150,-2.928,True,0.442,-3.734,1.47,22.52
1786962056.294,,0,,,,1.250,-2.799,True,0.444,-3.660,1.44,22.51
1786962056.394,,0,,,,1.190,-2.877,True,0.443,-3.565,1.40,22.49
1786962056.494,,0,,,,0.990,-3.134,True,0.440,-3.288,1.29,22.48
1786962056.544,,0,,,,0.900,-3.250,True,0.438,-3.007,1.18,22.47
1786962056.644,,0,,,,0.620,-3.610,True,0.433,-2.642,1.03,22.45
1786962056.694,,0,,,,0.500,-3.764,True,0.431,-2.309,0.90,22.43
1786962056.794,,0,,,,0.400,-3.893,True,0.430,-1.926,0.75,22.42
1786962056.894,,0,,,,0.410,-3.880,True,0.430,-1.582,0.62,22.41
1786962056.994,,0,,,,0.580,-3.661,True,0.433,-3.391,1.34,22.68
1786962057.069,,0,,,,0.720,-3.481,True,0.435,-3.208,1.27,22.67
1786962057.094,,0,,,,0.760,-3.430,True,0.436,-3.076,1.22,22.66
1786962057.194,,0,,,,0.970,-3.160,True,0.439,-2.981,1.18,22.65
1786962057.319,,0,,,,1.190,-2.877,True,0.443,-2.861,1.13,22.63
1786962057.394,,0,,,,1.250,-2.799,True,0.444,-2.837,1.12,22.61
1786962057.444,,0,,,,1.220,-2.838,True,0.443,-2.739,1.08,22.60
1786962057.569,,0,,,,1.190,-2.877,True,0.443,-2.607,1.03,22.57
1786962057.619,,0,,,,1.170,-2.902,True,0.443,-2.424,0.95,22.56
1786962057.694,,0,,,,1.160,-2.915,True,0.442,-2.217,0.87,22.55
1786962057.794,,0,,,,1.150,-2.928,True,0.442,-1.953,0.77,22.53
1786962057.869,,0,,,,1.170,-2.902,True,0.443,-1.456,0.57,22.52
1786962057.894,,0,,,,1.180,-2.889,True,0.443,-1.331,0.52,22.51
1786962057.994,,0,,,,1.200,-2.864,True,0.443,-0.585,0.23,22.49
1786962058.094,,0,,,,1.140,-2.941,True,0.442,-0.530,0.21,22.48
1786962058.144,,0,,,,1.090,-3.005,True,0.441,-0.375,0.15,22.47
1786962058.219,,0,,,,0.950,-3.185,True,0.439,-0.228,0.09,22.46
1786962058.294,,0,,,,0.810,-3.365,True,0.437,-0.064,0.03,22.45
1786962058.344,,0,,,,0.620,-3.610,True,0.433,0.021,0.01,22.44
1786962058.444,,0,,,,0.360,-3.945,True,0.429,0.221,0.09,22.42
1786962058.544,,0,,,,0.280,-4.047,True,0.428,0.904,0.35,22.40
1786962058.594,,0,,,,0.280,-4.047,True,0.428,1.227,0.48,22.39
1786962058.719,,0,,,,0.300,-4.022,True,0.428,1.244,0.49,22.37
1786962058.794,,0,,,,0.320,-3.996,True,0.428,1.319,0.51,22.36
1786962058.869,,0,,,,0.280,-4.047,True,0.428,1.507,0.59,22.34
1786962058.994,,0,,,,0.330,-3.983,True,0.429,1.685,0.66,22.33
1786962058.994,,0,,,,0.330,-3.983,True,0.429,1.872,0.73,22.31
1786962059.044,,0,,,,0.370,-3.932,True,0.429,1.986,0.77,22.30
1786962059.144,,0,,,,0.500,-3.764,True,0.431,2.188,0.85,22.28
1786962059.244,,0,,,,0.670,-3.546,True,0.434,2.316,0.90,22.27
1786962059.344,,0,,,,0.810,-3.365,True,0.437,2.393,0.93,22.25
1786962059.394,,0,,,,0.820,-3.353,True,0.437,2.366,0.92,22.24
1786962059.494,,0,,,,0.700,-3.507,True,0.435,2.511,0.97,22.23
1786962059.594,,0,,,,0.480,-3.790,True,0.431,2.769,1.07,22.21
1786962059.694,,0,,,,0.390,-3.906,True,0.430,2.887,1.12,22.20
1786962063.194,,0,,,,-0.020,-4.433,True,0.423,-3.775,1.71,25.96
1786962063.294,,0,,,,-0.010,-4.421,True,0.423,-3.633,1.64,25.94
1786962063.344,,0,,,,0.000,-4.408,True,0.423,-3.461,1.57,25.92
1786962063.444,,0,,,,0.010,-4.395,True,0.423,-3.267,1.49,26.08
1786962063.494,,0,,,,0.030,-4.369,True,0.424,-3.154,1.43,26.07
1786962063.594,,0,,,,0.080,-4.305,True,0.425,-2.916,1.33,26.05
1786962063.694,,0,,,,0.100,-4.279,True,0.425,-2.885,1.31,26.04
1786962063.744,,0,,,,0.090,-4.292,True,0.425,-3.483,1.61,26.47
1786962063.819,,0,,,,0.070,-4.318,True,0.424,-3.463,1.60,26.45
1786962063.894,,0,,,,0.030,-4.369,True,0.424,-3.469,1.60,26.43
1786962063.994,,0,,,,-0.070,-4.498,True,0.422,-3.340,1.54,26.42
1786962064.044,,0,,,,-0.150,-4.601,True,0.421,-3.641,1.70,26.71
1786962064.144,,0,,,,-0.310,-4.807,True,0.418,-3.398,1.58,26.70
1786962064.194,,0,,,,-0.380,-4.897,True,0.417,-3.284,1.53,26.68
1786962064.294,,0,,,,-0.580,-5.154,True,0.414,-3.023,1.41,26.66
1786962064.394,,0,,,,-0.690,-5.296,True,0.412,-2.876,1.34,26.64
1786962064.494,,0,,,,-0.740,-5.360,True,0.411,-2.614,1.21,26.63
1786962064.594,,0,,,,-0.680,-5.283,True,0.412,-2.960,1.41,27.38
1786962064.594,,0,,,,-0.680,-5.283,True,0.412,-2.877,1.37,27.37
1786962064.694,,0,,,,-0.690,-5.296,True,0.412,-2.878,1.37,27.35
1786962064.794,,0,,,,-0.650,-5.244,True,0.413,-2.946,1.40,27.33
1786962064.894,,0,,,,-0.600,-5.180,True,0.414,-3.276,1.58,27.63
1786962064.994,,0,,,,-0.600,-5.180,True,0.414,-3.259,1.57,27.61
1786962065.094,,0,,,,-0.640,-5.231,True,0.413,-3.216,1.55,27.59
1786962065.094,,0,,,,-0.640,-5.231,True,0.413,-3.210,1.54,27.58
1786962065.194,,0,,,,-0.610,-5.193,True,0.413,-2.545,1.21,27.17
1786962065.244,,0,,,,-0.570,-5.141,True,0.414,-2.446,1.16,27.15
1786962065.344,,0,,,,-0.380,-4.897,True,0.417,-2.390,1.13,27.14
1786962065.394,,0,,,,-0.270,-4.755,True,0.419,-2.226,1.05,27.13
1786962065.494,,0,,,,-0.050,-4.472,True,0.422,-3.303,1.62,28.08
1786962065.594,,0,,,,0.200,-4.150,True,0.426,-3.197,1.57,28.07
1786962065.694,,0,,,,0.230,-4.112,True,0.427,-3.119,1.55,28.49
1786962065.744,,0,,,,0.200,-4.150,True,0.426,-3.039,1.51,28.48
1786962065.794,,0,,,,0.100,-4.279,True,0.425,-3.022,1.50,28.47
1786962065.894,,0,,,,-0.040,-4.459,True,0.423,-2.791,1.39,28.45
1786962065.994,,0,,,,-0.130,-4.575,True,0.421,-2.891,1.45,28.72
1786962066.044,,0,,,,-0.140,-4.588,True,0.421,-2.700,1.35,28.70
1786962066.094,,0,,,,-0.100,-4.536,True,0.422,-2.490,1.25,28.70
1786962066.194,,0,,,,0.030,-4.369,True,0.424,-2.356,1.18,28.68
1786962066.294,,0,,,,0.100,-4.279,True,0.425,-2.617,1.33,29.06
1786962066.394,,0,,,,0.130,-4.240,True,0.425,-2.712,1.37,29.04
1786962066.494,,0,,,,0.070,-4.318,True,0.424,-2.702,1.37,29.02
1786962066.594,,0,,,,0.030,-4.369,True,0.424,-2.700,1.37,29.16
1786962066.644,,0,,,,-0.040,-4.459,True,0.423,-2.596,1.32,29.15
1786962066.744,,0,,,,-0.110,-4.549,True,0.421,-2.413,1.23,29.13
1786962066.794,,0,,,,-0.110,-4.549,True,0.421,-2.235,1.14,29.11
1786962066.919,,0,,,,0.010,-4.395,True,0.423,-1.620,0.81,28.75
1786962066.994,,0,,,,0.180,-4.176,True,0.426,-0.702,0.35,28.35
1786962067.094,,0,,,,0.310,-4.009,True,0.428,-0.803,0.40,28.57
1786962067.194,,0,,,,0.450,-3.829,True,0.431,-0.781,0.39,28.55
1786962067.294,,0,,,,0.460,-3.816,True,0.431,-2.437,1.28,30.02
1786962067.369,,0,,,,0.500,-3.764,True,0.431,-2.341,1.23,30.01
1786962067.444,,0,,,,0.540,-3.713,True,0.432,-2.229,1.17,29.99
1786962067.594,,0,,,,0.570,-3.674,True,0.433,-2.265,1.20,30.28
1786962067.644,,0,,,,0.580,-3.661,True,0.433,-2.232,1.18,30.26
1786962067.744,,0,,,,0.590,-3.649,True,0.433,-1.485,0.77,29.70
1786962067.794,,0,,,,0.510,-3.752,True,0.432,-1.518,0.79,29.69
1786962067.894,,0,,,,0.390,-3.906,True,0.430,-1.478,0.77,29.67
1786962067.994,,0,,,,0.340,-3.970,True,0.429,-2.157,1.15,30.59
1786962067.994,,0,,,,0.340,-3.970,True,0.429,-2.041,1.09,30.57
1786962068.094,,0,,,,0.390,-3.906,True,0.430,-0.272,0.14,29.51
1786962068.194,,0,,,,0.570,-3.674,True,0.433,-1.872,1.01,30.90
1786962068.244,,0,,,,0.660,-3.558,True,0.434,-1.746,0.94,30.88
1786962068.344,,0,,,,0.850,-3.314,True,0.437,-0.106,0.06,29.72
1786962068.394,,0,,,,0.900,-3.250,True,0.438,-0.345,0.18,29.82
1786962068.494,,0,,,,0.860,-3.301,True,0.437,-0.941,0.50,30.27
1786962068.594,,0,,,,0.700,-3.507,True,0.435,-1.922,1.05,31.36
1786962068.644,,0,,,,0.580,-3.661,True,0.433,-1.876,1.03,31.34
1786962068.744,,0,,,,0.370,-3.932,True,0.429,-1.943,1.06,31.35
1786962068.794,,0,,,,0.380,-3.919,True,0.429,-1.875,1.03,31.34
1786962068.894,,0,,,,0.440,-3.842,True,0.430,-0.836,0.44,30.26
1786962068.994,,0,,,,0.670,-3.546,True,0.434,-0.516,0.27,30.41
1786962069.094,,0,,,,0.880,-3.275,True,0.438,-1.761,0.97,31.68
1786962069.194,,0,,,,1.010,-3.108,True,0.440,-1.215,0.66,31.22
1786962069.244,,0,,,,1.010,-3.108,True,0.440,0.411,0.22,30.12
1786962069.344,,0,,,,0.950,-3.185,True,0.439,-1.909,1.07,32.10
1786962069.444,,0,,,,0.730,-3.468,True,0.435,-2.130,1.20,32.19
1786962069.569,,0,,,,0.580,-3.661,True,0.433,-2.098,1.18,32.17
1786962069.594,,0,,,,0.510,-3.752,True,0.432,0.333,0.18,30.53
1786962069.694,,0,,,,0.420,-3.867,True,0.430,-0.985,0.54,31.35
1786962069.794,,0,,,,0.400,-3.893,True,0.430,-0.771,0.42,31.35
1786962069.844,,0,,,,0.420,-3.867,True,0.430,-0.720,0.39,31.34
1786962069.944,,0,,,,0.480,-3.790,True,0.431,0.584,0.31,30.82
1786962070.144,,0,,,,0.590,-3.649,True,0.433,-1.679,0.96,32.93
1786962070.194,,0,,,,0.530,-3.726,True,0.432,-1.677,0.96,32.91
1786962070.294,,0,,,,0.440,-3.842,True,0.430,-0.107,0.06,31.10
1786962070.444,,0,,,,-0.020,-4.433,True,0.423,0.167,0.09,31.33
1786962070.494,,0,,,,-0.080,-4.511,True,0.422,0.236,0.13,31.47
1786962070.594,,0,,,,-0.190,-4.652,True,0.420,0.288,0.16,31.51
1786962070.644,,0,,,,-0.180,-4.639,True,0.420,0.390,0.21,31.48
1786962070.744,,0,,,,-0.100,-4.536,True,0.422,-1.693,0.99,33.49
1786962070.844,,0,,,,-0.030,-4.446,True,0.423,0.549,0.30,31.76
1786962070.944,,0,,,,-0.020,-4.433,True,0.423,-0.916,0.52,32.48
1786962070.994,,0,,,,-0.060,-4.485,True,0.422,-0.885,0.50,32.47
1786962071.094,,0,,,,-0.120,-4.562,True,0.421,-0.861,0.49,32.68
1786962071.169,,0,,,,-0.150,-4.601,True,0.421,-1.077,0.61,32.69
1786962071.269,,0,,,,-0.080,-4.511,True,0.422,-1.091,0.62,32.66
1786962071.344,,0,,,,0.000,-4.408,True,0.423,-0.886,0.51,32.92
1786962071.444,,0,,,,0.110,-4.266,True,0.425,-0.953,0.55,32.89
1786962071.519,,0,,,,0.110,-4.266,True,0.425,-0.119,0.07,32.47
1786962071.594,,0,,,,0.050,-4.343,True,0.424,-0.139,0.08,32.61
1786962071.694,,0,,,,-0.120,-4.562,True,0.421,-0.251,0.14,32.59
1786962071.844,,0,,,,-0.240,-4.717,True,0.419,-0.016,0.01,32.57
1786962072.019,,0,,,,0.060,-4.331,True,0.424,-0.193,0.11,32.90
1786962072.044,,0,,,,0.160,-4.202,True,0.426,-0.166,0.10,32.88
1786962072.244,,0,,,,0.210,-4.138,True,0.427,-1.727,1.04,34.39
1786962072.294,,0,,,,0.060,-4.331,True,0.424,-0.680,0.39,33.27
1786962072.394,,0,,,,-0.310,-4.807,True,0.418,-0.666,0.39,33.25
1786962072.444,,0,,,,-0.460,-5.000,True,0.416,-1.733,1.05,34.56
1786962072.544,,0,,,,-0.720,-5.334,True,0.412,-0.639,0.37,33.52
1786962072.594,,0,,,,-0.750,-5.373,True,0.411,-0.516,0.30,33.50
1786962072.719,,0,,,,-0.600,-5.180,True,0.414,-0.310,0.18,33.61
1786962072.794,,0,,,,-0.400,-4.922,True,0.417,-0.296,0.17,33.59
1786962072.894,,0,,,,-0.150,-4.601,True,0.421,-0.343,0.20,33.57
1786962073.294,,0,,,,-1.360,-6.150,True,0.403,-1.179,0.70,34.19
1786962073.444,,0,,,,-1.640,-6.435,True,0.412,-0.801,0.48,34.43
1786962073.494,,0,,,,-1.640,-6.435,True,0.412,-0.785,0.47,34.66
1786962073.594,,0,,,,-1.540,-6.333,True,0.409,-0.818,0.49,34.63
1786962073.694,,0,,,,-1.290,-6.068,True,0.403,-1.165,0.71,34.87
1786962073.794,,0,,,,-1.130,-5.862,True,0.405,-1.333,0.81,34.85
1786962073.894,,0,,,,-1.090,-5.810,True,0.406,-1.417,0.86,34.96
1786962073.944,,0,,,,-1.120,-5.849,True,0.405,-1.871,1.15,35.13
1786962073.994,,0,,,,-1.160,-5.900,True,0.405,-2.032,1.24,35.10
1786962074.194,,0,,,,-1.490,-6.282,True,0.407,-2.060,1.27,35.43
1786962074.494,,0,,,,-1.960,-6.762,True,0.423,-2.427,1.51,35.65
1786962074.894,,0,,,,-1.270,-6.042,True,0.403,-2.387,1.50,36.10
1786962074.994,,0,,,,-1.250,-6.016,True,0.403,-2.514,1.59,36.24
1786962075.194,,0,,,,-1.620,-6.415,True,0.411,-2.234,1.42,36.34
1786962075.694,,0,,,,-1.170,-5.913,True,0.405,-1.729,1.12,37.13
1786962075.794,,0,,,,-0.910,-5.579,True,0.409,-1.679,1.09,37.11
1786962075.894,,0,,,,-0.640,-5.231,True,0.413,-1.763,1.15,37.22
1786962075.944,,0,,,,-0.650,-5.244,True,0.413,-1.964,1.28,37.28
1786962076.044,,0,,,,-0.870,-5.527,True,0.409,-1.669,1.09,37.46
1786962076.194,,0,,,,-1.660,-6.456,True,0.413,-0.859,0.56,37.52
1786962076.294,,0,,,,-1.970,-6.772,True,0.423,-0.651,0.43,38.03
1786962076.794,,0,,,,-1.060,-5.772,True,0.406,-0.734,0.49,38.19
1786962076.844,,0,,,,-1.010,-5.707,True,0.407,-0.732,0.49,38.30
1786962076.894,,0,,,,-0.990,-5.682,True,0.407,-0.684,0.46,38.28
1786962076.994,,0,,,,-1.110,-5.836,True,0.406,-0.595,0.40,38.49
1786962077.094,,0,,,,-1.290,-6.068,True,0.403,-0.474,0.32,38.73
1786962077.194,,0,,,,-1.490,-6.282,True,0.407,-0.363,0.25,38.77
1786962077.294,,0,,,,-1.520,-6.313,True,0.408,-0.409,0.28,38.75
1786962077.344,,0,,,,-1.480,-6.272,True,0.407,-0.481,0.33,38.74
1786962077.444,,0,,,,-1.280,-6.055,True,0.403,-0.228,0.15,38.71
1786962077.494,,0,,,,-1.100,-5.823,True,0.406,0.302,0.21,39.01
1786962077.594,,0,,,,-0.880,-5.540,True,0.409,0.422,0.29,39.00
1786962077.694,,0,,,,-0.700,-5.308,True,0.412,0.384,0.26,38.97
1786962077.744,,0,,,,-0.670,-5.270,True,0.412,-0.102,0.07,39.35
1786962077.894,,0,,,,-0.760,-5.386,True,0.411,0.124,0.09,39.51
1786962077.994,,0,,,,-0.970,-5.656,True,0.408,0.469,0.33,39.69
1786962078.094,,0,,,,-1.180,-5.926,True,0.404,0.424,0.30,39.91
1786962078.144,,0,,,,-1.240,-6.003,True,0.404,0.483,0.34,39.90
1786962078.494,,0,,,,-1.440,-6.231,True,0.406,0.364,0.25,40.09
1786962078.594,,0,,,,-1.400,-6.190,True,0.404,0.416,0.29,40.06
1786962078.694,,0,,,,-1.330,-6.119,True,0.402,0.245,0.17,40.39
1786962078.794,,0,,,,-1.280,-6.055,True,0.403,-0.044,0.03,40.37
1786962078.894,,0,,,,-1.170,-5.913,True,0.405,-0.162,0.11,40.35
1786962087.593,,0,,,,-13.240,-17.777,True,0.702,15.672,13.80,51.10
1786962087.693,,0,,,,-13.330,-17.849,True,0.699,16.551,14.88,52.24
1786962087.743,,0,,,,-13.390,-17.897,True,0.697,16.217,14.26,51.07
1786962088.093,,0,,,,-14.030,-18.409,True,0.677,0.569,0.51,51.69
1786962088.143,,0,,,,-14.130,-18.489,True,0.673,-0.230,0.21,51.66
1786962088.293,,0,,,,-14.350,-18.665,True,0.666,0.487,0.45,52.78
1786962088.444,,0,,,,-14.370,-18.681,True,0.666,-1.254,1.14,52.12
1786962088.893,,0,,,,-13.890,-18.297,True,0.681,-1.586,1.46,52.92
1786962089.393,,0,,,,-14.150,-18.505,True,0.673,-1.596,1.49,53.55
1786962089.493,,0,,,,-14.140,-18.497,True,0.673,-1.313,1.22,53.13
1786962089.843,,0,,,,-14.080,-18.449,True,0.675,-2.307,2.15,53.53
1786962089.968,,0,,,,-14.300,-18.625,True,0.668,-1.469,1.40,54.56
1786962090.244,,0,,,,-14.800,-19.025,True,0.652,-2.486,2.36,54.36
1786962090.593,,0,,,,-14.230,-18.569,True,0.670,-1.968,1.88,54.71
1786962090.693,,0,,,,-14.150,-18.505,True,0.673,-1.424,1.37,55.19
1786962090.768,,0,,,,-14.170,-18.521,True,0.672,-1.622,1.56,55.18
1786962090.843,,0,,,,-14.340,-18.657,True,0.667,-1.982,1.92,55.53
1786962090.943,,0,,,,-14.500,-18.785,True,0.661,-2.079,2.00,55.08
1786962090.993,,0,,,,-14.590,-18.857,True,0.659,-2.113,2.03,55.06
1786962091.093,,0,,,,-14.600,-18.865,True,0.658,-2.147,2.06,55.04
1786962091.193,,0,,,,-14.520,-18.801,True,0.661,-1.818,1.76,55.49
1786962091.268,,0,,,,-14.390,-18.697,True,0.665,-1.828,1.77,55.46
1786962091.293,,0,,,,-14.260,-18.593,True,0.669,-2.784,2.69,55.40
1786962091.443,,0,,,,-14.040,-18.417,True,0.676,-1.954,1.91,55.91
1786962091.493,,0,,,,-14.040,-18.417,True,0.676,-2.095,2.04,55.89
1786962091.593,,0,,,,-14.130,-18.489,True,0.673,-1.989,1.94,55.92
1786962091.693,,0,,,,-14.280,-18.609,True,0.668,-2.373,2.31,55.83
1786962091.743,,0,,,,-14.410,-18.713,True,0.664,-2.024,1.99,56.35
1786962091.793,,0,,,,-14.510,-18.793,True,0.661,-2.054,2.02,56.34
1786962091.893,,0,,,,-14.690,-18.937,True,0.655,-1.950,1.92,56.31
1786962091.993,,0,,,,-14.740,-18.977,True,0.654,-2.190,2.16,56.45
1786962092.043,,0,,,,-14.710,-18.953,True,0.655,-2.334,2.30,56.43
1786962092.093,,0,,,,-14.700,-18.945,True,0.655,-2.285,2.25,56.41
1786962092.193,,0,,,,-8.260,-13.190,True,0.662,-2.612,2.57,56.40
1786962092.393,,0,,,,7.730,5.330,True,0.516,-15.004,14.72,56.84
1786962092.443,,0,,,,8.220,5.888,True,0.509,-22.840,22.06,56.82
1786962092.518,,0,,,,8.590,6.309,True,0.504,-25.840,24.56,56.35
1786962092.668,,0,,,,8.710,6.445,True,0.503,-25.791,24.82,57.05
1786962092.693,,0,,,,8.720,6.457,True,0.503,-26.116,25.10,57.03
1786962092.793,,0,,,,8.750,6.491,True,0.502,-26.234,25.20,57.00
1786962092.893,,0,,,,8.820,6.570,True,0.501,-26.396,25.33,56.98
1786962094.993,,0,,,,1.030,-3.082,True,0.440,4.857,4.97,58.68
1786962095.043,,0,,,,0.800,-3.378,True,0.436,3.541,3.62,58.66
1786962095.093,,0,,,,0.670,-3.546,True,0.434,3.308,3.39,58.73
1786962095.193,,0,,,,0.330,-3.983,True,0.429,2.726,2.79,58.72
1786962095.243,,0,,,,0.320,-3.996,True,0.428,2.217,2.26,58.42
1786962095.393,,0,,,,0.560,-3.687,True,0.432,2.117,2.16,58.48
1786962095.493,,0,,,,0.840,-3.327,True,0.437,1.987,2.05,59.10
1786962095.593,,0,,,,1.030,-3.082,True,0.440,1.646,1.69,58.91
1786962095.643,,0,,,,1.060,-3.044,True,0.441,1.154,1.19,58.89
1786962095.743,,0,,,,0.950,-3.185,True,0.439,1.111,1.15,59.34
1786962095.793,,0,,,,0.820,-3.353,True,0.437,1.338,1.38,59.06
1786962095.843,,0,,,,0.660,-3.558,True,0.434,1.204,1.24,59.04
1786962095.893,,0,,,,0.350,-3.957,True,0.429,1.072,1.10,59.03
1786962095.993,,0,,,,-0.290,-4.781,True,0.419,1.037,1.08,59.45
1786962096.093,,0,,,,-0.590,-5.167,True,0.414,1.050,1.08,59.17
1786962096.193,,0,,,,-0.580,-5.154,True,0.414,0.708,0.73,58.96
1786962096.193,,0,,,,-0.580,-5.154,True,0.414,0.853,0.88,58.94
1786962096.293,,0,,,,-0.400,-4.922,True,0.417,2.231,2.32,59.65
1786962096.393,,0,,,,0.270,-4.060,True,0.428,1.947,2.03,59.63
1786962096.493,,0,,,,0.810,-3.365,True,0.437,1.817,1.89,59.60
1786962096.543,,0,,,,0.940,-3.198,True,0.439,1.688,1.76,59.58
1786962096.643,,0,,,,1.110,-2.979,True,0.442,1.444,1.50,59.56
1786962096.743,,0,,,,0.990,-3.134,True,0.440,1.176,1.22,59.53
1786962096.793,,0,,,,0.750,-3.443,True,0.436,0.950,0.99,59.52
1786962096.893,,0,,,,0.330,-3.983,True,0.429,0.893,0.93,59.50
1786962096.993,,0,,,,-0.110,-4.549,True,0.421,0.894,0.93,59.48
1786962097.068,,0,,,,-0.320,-4.819,True,0.418,0.173,0.18,59.53
1786962097.093,,0,,,,-0.350,-4.858,True,0.418,0.253,0.26,59.51
1786962097.193,,0,,,,-0.230,-4.704,True,0.420,0.299,0.31,59.49
1786962097.293,,0,,,,0.060,-4.331,True,0.424,0.275,0.29,59.47
1786962097.368,,0,,,,0.220,-4.125,True,0.427,0.722,0.75,59.74
1786962097.443,,0,,,,0.330,-3.983,True,0.429,0.459,0.48,59.71
1786962097.593,,0,,,,0.050,-4.343,True,0.424,1.268,1.33,60.03
1786962097.693,,0,,,,-0.430,-4.961,True,0.416,0.740,0.77,59.73
1786962097.793,,0,,,,-0.880,-5.540,True,0.409,0.314,0.33,59.81
1786962097.918,,0,,,,-1.140,-5.875,True,0.405,1.082,1.13,60.08
1786962097.943,,0,,,,-1.150,-5.887,True,0.405,1.025,1.07,60.06
1786962098.043,,0,,,,-1.120,-5.849,True,0.405,0.617,0.65,59.98
1786962098.143,,0,,,,-0.860,-5.514,True,0.409,-0.011,0.01,59.89
1786962098.243,,0,,,,-0.500,-5.051,True,0.415,-0.103,0.11,59.87
1786962098.343,,0,,,,-0.230,-4.704,True,0.420,-0.295,0.31,59.84
1786962098.468,,0,,,,0.010,-4.395,True,0.423,-0.350,0.37,59.81
1786962098.493,,0,,,,0.010,-4.395,True,0.423,-0.628,0.66,59.79
1786962098.618,,0,,,,-0.100,-4.536,True,0.422,-0.797,0.83,59.77
1786962098.718,,0,,,,-0.400,-4.922,True,0.417,-0.120,0.13,60.01
1786962098.793,,0,,,,-0.580,-5.154,True,0.414,-0.148,0.15,59.99
1786962098.843,,0,,,,-0.690,-5.296,True,0.412,-0.216,0.23,59.97
1786962098.993,,0,,,,-0.820,-5.463,True,0.410,-0.268,0.28,59.95
1786962098.993,,0,,,,-0.820,-5.463,True,0.410,-0.159,0.17,59.93
1786962102.093,,0,,,,-0.470,-5.012,True,0.416,-0.140,0.15,60.49
1786962102.193,,0,,,,-0.200,-4.665,True,0.420,-0.191,0.20,60.47
1786962102.293,,0,,,,0.130,-4.240,True,0.425,-0.247,0.26,60.46
1786962102.343,,0,,,,0.210,-4.138,True,0.427,-0.330,0.35,60.44
1786962102.493,,0,,,,0.410,-3.880,True,0.430,-0.383,0.40,60.43
1786962102.593,,0,,,,0.370,-3.932,True,0.429,0.364,0.38,60.43
1786962102.643,,0,,,,0.290,-4.035,True,0.428,0.275,0.29,60.41
1786962102.793,,0,,,,-0.040,-4.459,True,0.423,0.133,0.14,60.39
1786962102.793,,0,,,,-0.100,-4.536,True,0.422,0.066,0.07,60.37
1786962102.893,,0,,,,-0.310,-4.807,True,0.418,0.008,0.01,60.57
1786962102.993,,0,,,,-0.510,-5.064,True,0.415,0.659,0.69,60.27
1786962103.093,,0,,,,-0.640,-5.231,True,0.413,0.720,0.76,60.35
1786962103.168,,0,,,,-0.740,-5.360,True,0.411,0.654,0.69,60.56
1786962103.193,,0,,,,-0.790,-5.424,True,0.411,0.600,0.63,60.55
1786962103.293,,0,,,,-0.890,-5.553,True,0.409,0.550,0.58,60.54
1786962103.418,,0,,,,-1.030,-5.733,True,0.407,0.018,0.02,60.70
1786962103.443,,0,,,,-1.100,-5.823,True,0.406,-0.124,0.13,60.68
1786962103.543,,0,,,,-1.180,-5.926,True,0.404,0.500,0.53,60.76
1786962103.593,,0,,,,-1.210,-5.965,True,0.404,0.388,0.41,60.74
1786962103.693,,0,,,,-1.170,-5.913,True,0.405,0.333,0.35,60.72
1786962103.793,,0,,,,-1.100,-5.823,True,0.406,0.484,0.51,60.53
1786962103.893,,0,,,,-0.940,-5.617,True,0.408,0.440,0.47,60.51
1786962103.993,,0,,,,-0.710,-5.321,True,0.412,1.012,1.07,60.34
1786962103.993,,0,,,,-0.710,-5.321,True,0.412,1.015,1.07,60.33
1786962104.093,,0,,,,-0.380,-4.897,True,0.417,0.935,0.98,60.31
1786962104.193,,0,,,,-0.050,-4.472,True,0.422,-0.586,0.62,60.75
1786962104.293,,0,,,,0.180,-4.176,True,0.426,-0.740,0.78,60.73
1786962104.368,,0,,,,0.350,-3.957,True,0.429,-0.832,0.88,60.71
1786962104.443,,0,,,,0.430,-3.854,True,0.430,0.684,0.72,60.35
1786962104.543,,0,,,,0.410,-3.880,True,0.430,0.228,0.24,60.68
1786962104.643,,0,,,,0.330,-3.983,True,0.429,0.608,0.64,60.34
1786962104.768,,0,,,,0.150,-4.215,True,0.426,0.943,0.99,60.32
1786962104.918,,0,,,,-0.120,-4.562,True,0.421,1.137,1.20,60.34
1786962104.943,,0,,,,-0.160,-4.614,True,0.421,1.091,1.15,60.33
1786962105.118,,0,,,,-0.550,-5.115,True,0.414,0.892,0.94,60.51
1786962105.218,,0,,,,-0.710,-5.321,True,0.412,0.972,1.03,60.51
1786962105.318,,0,,,,-0.670,-5.270,True,0.412,0.969,1.02,60.49
1786962105.393,,0,,,,-0.540,-5.103,True,0.415,1.272,1.34,60.27
1786962105.593,,0,,,,0.060,-4.331,True,0.424,1.219,1.28,60.07
1786962105.718,,0,,,,0.180,-4.176,True,0.426,1.011,1.06,60.05
1786962105.843,,0,,,,0.190,-4.163,True,0.426,0.756,0.79,60.02
1786962105.993,,0,,,,0.190,-4.163,True,0.426,1.447,1.51,59.97
1786962106.093,,0,,,,0.260,-4.073,True,0.427,1.419,1.48,59.94
1786962106.193,,0,,,,0.390,-3.906,True,0.430,2.957,3.07,59.43
1786962106.318,,0,,,,0.520,-3.739,True,0.432,0.596,0.63,60.71
1786962106.393,,0,,,,0.470,-3.803,True,0.431,0.452,0.48,60.70
1786962106.468,,0,,,,0.420,-3.867,True,0.430,0.396,0.42,60.68
1786962106.493,,0,,,,0.330,-3.983,True,0.429,0.281,0.30,60.67
1786962106.643,,0,,,,-0.020,-4.433,True,0.423,1.029,1.08,59.94
1786962106.768,,0,,,,-0.360,-4.871,True,0.417,0.241,0.25,60.59
1786962106.793,,0,,,,-0.480,-5.025,True,0.416,0.304,0.32,60.57
1786962106.893,,0,,,,-0.610,-5.193,True,0.413,1.296,1.35,59.81
1786962106.943,,0,,,,-0.660,-5.257,True,0.413,1.227,1.28,59.80
1786962106.993,,0,,,,-0.660,-5.257,True,0.413,1.133,1.18,59.80
1786962107.118,,0,,,,-0.530,-5.090,True,0.415,0.840,0.88,60.01
1786962107.143,,0,,,,-0.530,-5.090,True,0.415,0.788,0.82,60.00
1786962107.193,,0,,,,-0.390,-4.910,True,0.417,0.686,0.72,59.99
1786962107.293,,0,,,,-0.060,-4.485,True,0.422,0.457,0.48,59.97
1786962107.393,,0,,,,0.140,-4.228,True,0.426,1.313,1.36,59.36
1786962107.493,,0,,,,0.350,-3.957,True,0.429,0.656,0.68,59.77
1786962107.593,,0,,,,0.610,-3.623,True,0.433,0.710,0.74,60.05
1786962107.693,,0,,,,0.710,-3.494,True,0.435,0.053,0.06,60.00
1786962107.793,,0,,,,0.790,-3.391,True,0.436,0.626,0.65,59.70
1786962107.843,,0,,,,0.790,-3.391,True,0.436,0.510,0.53,59.69
1786962107.943,,0,,,,0.630,-3.597,True,0.434,1.007,1.04,59.42
1786962108.043,,0,,,,0.380,-3.919,True,0.429,0.222,0.23,59.78
1786962108.143,,0,,,,0.180,-4.176,True,0.426,0.344,0.36,59.75
1786962108.193,,0,,,,0.080,-4.305,True,0.425,0.259,0.27,59.73
1786962108.318,,0,,,,-0.090,-4.524,True,0.422,0.694,0.72,59.86
1786962108.343,,0,,,,-0.100,-4.536,True,0.422,0.724,0.76,59.83
1786962108.393,,0,,,,-0.110,-4.549,True,0.421,0.740,0.77,59.82
1786962108.493,,0,,,,-0.140,-4.588,True,0.421,0.495,0.51,59.42
1786962108.593,,0,,,,-0.190,-4.652,True,0.420,-0.474,0.50,60.58
1786962108.693,,0,,,,-0.250,-4.729,True,0.419,0.324,0.34,59.72
1786962108.743,,0,,,,-0.290,-4.781,True,0.419,0.318,0.33,59.78
1786962108.843,,0,,,,-0.320,-4.819,True,0.418,0.344,0.36,59.48
1786962108.893,,0,,,,-0.340,-4.845,True,0.418,0.267,0.28,59.47
1786962109.018,,0,,,,-0.310,-4.807,True,0.418,0.512,0.53,59.41
1786962109.043,,0,,,,-0.300,-4.794,True,0.418,0.437,0.45,59.38
1786962109.193,,0,,,,-0.130,-4.575,True,0.421,0.286,0.30,59.36
1786962109.318,,0,,,,-0.090,-4.524,True,0.422,0.181,0.19,59.09
1786962109.418,,0,,,,-0.050,-4.472,True,0.422,0.208,0.21,59.18
1786962109.493,,0,,,,-0.090,-4.524,True,0.422,0.159,0.16,59.16
1786962109.543,,0,,,,-0.130,-4.575,True,0.421,0.045,0.05,59.15
1786962109.593,,0,,,,-0.200,-4.665,True,0.420,-0.016,0.02,59.21
1786962109.693,,0,,,,-0.400,-4.922,True,0.417,-0.424,0.44,59.59
1786962109.793,,0,,,,-0.590,-5.167,True,0.414,0.049,0.05,59.00
1786962109.893,,0,,,,-0.750,-5.373,True,0.411,0.129,0.13,59.01
1786962109.943,,0,,,,-0.790,-5.424,True,0.411,-0.103,0.11,58.99
1786962110.093,,0,,,,-0.750,-5.373,True,0.411,0.112,0.12,58.97
1786962110.093,,0,,,,-0.750,-5.373,True,0.411,0.004,0.00,58.95
1786962110.193,,0,,,,-0.720,-5.334,True,0.412,-0.679,0.71,59.84
1786962110.293,,0,,,,-0.670,-5.270,True,0.412,-0.401,0.41,58.79
1786962110.393,,0,,,,-0.610,-5.193,True,0.413,0.001,0.00,59.47
1786962110.393,,0,,,,-0.610,-5.193,True,0.413,-0.142,0.15,59.46
1786962110.543,,0,,,,-0.570,-5.141,True,0.414,-0.403,0.41,58.46
1786962110.593,,0,,,,-0.560,-5.128,True,0.414,-0.305,0.31,58.55
1786962110.693,,0,,,,-0.470,-5.012,True,0.416,-0.295,0.30,58.54
1786962110.793,,0,,,,-0.430,-4.961,True,0.416,-0.969,1.00,59.41
1786962110.893,,0,,,,-0.280,-4.768,True,0.419,-0.860,0.88,58.81
1786962110.943,,0,,,,-0.240,-4.717,True,0.419,-0.469,0.48,58.68
1786962110.993,,0,,,,-0.180,-4.639,True,0.420,-0.502,0.51,58.67
1786962111.093,,0,,,,-0.090,-4.524,True,0.422,-0.037,0.04,58.05
1786962111.143,,0,,,,-0.050,-4.472,True,0.422,-0.085,0.09,58.04
1786962111.293,,0,,,,-0.020,-4.433,True,0.423,0.071,0.07,57.80
1786962111.343,,0,,,,-0.050,-4.472,True,0.422,0.056,0.06,57.79
1786962111.443,,0,,,,-0.190,-4.652,True,0.420,-0.391,0.40,59.24
1786962111.543,,0,,,,-0.370,-4.884,True,0.417,-0.453,0.46,58.52
1786962111.593,,0,,,,-0.470,-5.012,True,0.416,-0.426,0.43,58.50
1786962111.693,,0,,,,-0.670,-5.270,True,0.412,0.619,0.62,57.78
1786962111.793,,0,,,,-0.750,-5.373,True,0.411,-0.713,0.73,58.64
1786962111.893,,0,,,,-0.740,-5.360,True,0.411,-0.708,0.72,58.61
1786962111.943,,0,,,,-0.740,-5.360,True,0.411,-0.739,0.76,58.60
1786962112.043,,0,,,,-0.620,-5.205,True,0.413,0.201,0.20,57.53
1786962112.143,,0,,,,-0.540,-5.103,True,0.415,-0.095,0.10,57.92
1786962112.193,,0,,,,-0.510,-5.064,True,0.415,-0.224,0.23,57.90
1786962112.293,,0,,,,-0.470,-5.012,True,0.416,-0.159,0.16,57.82
1786962112.393,,0,,,,-0.350,-4.858,True,0.418,0.303,0.31,58.22
1786962112.443,,0,,,,-0.350,-4.858,True,0.418,0.180,0.18,58.06
1786962112.543,,0,,,,-0.200,-4.665,True,0.420,0.157,0.16,58.04
1786962112.593,,0,,,,-0.160,-4.614,True,0.421,-0.111,0.11,57.79
1786962112.693,,0,,,,0.010,-4.395,True,0.423,0.612,0.61,57.33
1786962112.768,,0,,,,0.060,-4.331,True,0.424,0.536,0.54,57.32
1786962112.843,,0,,,,0.140,-4.228,True,0.426,0.482,0.48,57.30
1786962112.893,,0,,,,0.160,-4.202,True,0.426,0.817,0.82,57.33
1786962112.993,,0,,,,0.120,-4.253,True,0.425,0.700,0.70,57.31
1786962113.093,,0,,,,0.050,-4.343,True,0.424,0.592,0.59,57.29
1786962113.193,,0,,,,-0.010,-4.421,True,0.423,0.309,0.31,57.02
1786962113.293,,0,,,,-0.070,-4.498,True,0.422,-0.190,0.19,58.13
1786962113.343,,0,,,,-0.090,-4.524,True,0.422,-0.175,0.18,58.12
1786962113.393,,0,,,,-0.120,-4.562,True,0.421,-0.173,0.18,58.11
1786962113.543,,0,,,,-0.110,-4.549,True,0.421,-0.058,0.06,57.25
1786962113.593,,0,,,,-0.090,-4.524,True,0.422,-0.008,0.01,57.23
1786962113.693,,0,,,,-0.140,-4.588,True,0.421,0.036,0.04,57.22
1786962113.743,,0,,,,-0.170,-4.626,True,0.420,0.059,0.06,57.20
1786962113.843,,0,,,,-0.230,-4.704,True,0.420,0.035,0.04,57.18
1786962113.893,,0,,,,-0.250,-4.729,True,0.419,-0.005,0.01,57.16
1786962113.993,,0,,,,-0.290,-4.781,True,0.419,-0.061,0.06,57.15
1786962114.118,,0,,,,-0.220,-4.691,True,0.420,-0.011,0.01,57.83
1786962114.193,,0,,,,-0.160,-4.614,True,0.421,-0.058,0.06,57.82
1786962114.193,,0,,,,-0.160,-4.614,True,0.421,-0.097,0.10,57.80
1786962114.293,,0,,,,-0.040,-4.459,True,0.423,-0.170,0.17,57.79
1786962114.343,,0,,,,0.000,-4.408,True,0.423,0.578,0.57,56.47
1786962114.443,,0,,,,0.130,-4.240,True,0.425,0.328,0.33,57.23
1786962114.543,,0,,,,0.260,-4.073,True,0.427,0.251,0.25,57.21
1786962114.593,,0,,,,0.300,-4.022,True,0.428,0.201,0.20,57.19
1786962114.693,,0,,,,0.450,-3.829,True,0.431,0.410,0.40,56.26
1786962114.743,,0,,,,0.590,-3.649,True,0.433,0.342,0.34,56.25
1786962114.793,,0,,,,0.680,-3.533,True,0.434,0.324,0.32,56.23
1786962114.893,,0,,,,0.800,-3.378,True,0.436,0.214,0.21,56.22
1786962114.993,,0,,,,0.850,-3.314,True,0.437,-0.128,0.13,56.86
1786962115.043,,0,,,,0.810,-3.365,True,0.437,1.272,1.24,55.81
1786962115.093,,0,,,,0.730,-3.468,True,0.435,1.206,1.17,55.80
1786962115.193,,0,,,,0.550,-3.700,True,0.432,0.540,0.53,56.58
1786962115.293,,0,,,,0.260,-4.073,True,0.427,0.908,0.89,55.93
1786962115.393,,0,,,,0.040,-4.356,True,0.424,1.049,1.01,55.29
1786962115.493,,0,,,,0.000,-4.408,True,0.423,0.956,0.92,55.27
1786962115.593,,0,,,,0.050,-4.343,True,0.424,1.750,1.69,55.28
1786962115.618,,0,,,,0.050,-4.343,True,0.424,1.754,1.69,55.26
1786962115.693,,0,,,,0.160,-4.202,True,0.426,1.704,1.64,55.25
1786962115.793,,0,,,,0.340,-3.970,True,0.429,1.631,1.57,55.22
1786962115.893,,0,,,,0.410,-3.880,True,0.430,0.999,0.96,55.31
1786962115.943,,0,,,,0.440,-3.842,True,0.430,0.891,0.86,55.30
1786962116.043,,0,,,,0.390,-3.906,True,0.430,-0.052,0.05,55.56
1786962116.093,,0,,,,0.310,-4.009,True,0.428,0.607,0.58,54.80
1786962116.193,,0,,,,0.210,-4.138,True,0.427,0.546,0.52,54.78
1786962116.243,,0,,,,0.150,-4.215,True,0.426,0.514,0.49,54.76
1786962116.293,,0,,,,0.120,-4.253,True,0.425,0.493,0.47,54.76
1786962116.393,,0,,,,0.040,-4.356,True,0.424,0.260,0.25,55.52
1786962116.443,,0,,,,0.070,-4.318,True,0.424,0.268,0.26,55.50
1786962116.593,,0,,,,0.210,-4.138,True,0.427,0.288,0.28,56.46
1786962116.593,,0,,,,0.210,-4.138,True,0.427,0.296,0.29,56.45
1786962116.693,,0,,,,0.290,-4.035,True,0.428,0.209,0.21,56.43
1786962116.793,,0,,,,0.460,-3.816,True,0.431,0.647,0.61,54.43
1786962116.843,,0,,,,0.520,-3.739,True,0.432,0.565,0.54,54.41
1786962116.993,,0,,,,0.660,-3.558,True,0.434,0.493,0.47,54.39
1786962117.043,,0,,,,0.650,-3.571,True,0.434,0.544,0.51,53.32
1786962117.093,,0,,,,0.650,-3.571,True,0.434,0.374,0.35,53.31
1786962117.193,,0,,,,0.500,-3.764,True,0.431,1.068,1.01,54.14
1786962117.293,,0,,,,0.400,-3.893,True,0.430,1.003,0.95,54.12
1786962117.293,,0,,,,0.400,-3.893,True,0.430,0.979,0.92,54.11
1786962117.443,,0,,,,0.340,-3.970,True,0.429,0.278,0.27,54.68
1786962117.493,,0,,,,0.400,-3.893,True,0.430,0.302,0.29,54.67
1786962117.593,,0,,,,0.480,-3.790,True,0.431,0.217,0.21,54.44
1786962117.693,,0,,,,0.590,-3.649,True,0.433,0.193,0.18,53.91
1786962117.793,,0,,,,0.420,-3.867,True,0.430,0.534,0.50,53.68
1786962117.893,,0,,,,0.130,-4.240,True,0.425,0.024,0.02,55.10
1786962117.893,,0,,,,0.130,-4.240,True,0.425,-0.045,0.04,55.09
1786962117.993,,0,,,,-0.230,-4.704,True,0.420,-0.084,0.08,55.08
1786962118.093,,0,,,,-0.600,-5.180,True,0.414,-0.143,0.14,55.06
1786962118.143,,0,,,,-0.680,-5.283,True,0.412,-0.090,0.09,55.05
1786962118.193,,0,,,,-0.640,-5.231,True,0.413,0.057,0.06,55.03
1786962118.293,,0,,,,-0.300,-4.794,True,0.418,-0.077,0.07,55.01
1786962118.418,,0,,,,0.150,-4.215,True,0.426,0.594,0.54,52.10
1786962118.443,,0,,,,0.320,-3.996,True,0.428,0.565,0.51,52.07
1786962118.493,,0,,,,0.400,-3.893,True,0.430,0.453,0.41,52.06
1786962118.593,,0,,,,0.590,-3.649,True,0.433,0.317,0.29,52.05
1786962118.643,,0,,,,0.590,-3.649,True,0.433,0.245,0.22,52.03
1786962118.743,,0,,,,0.320,-3.996,True,0.428,-0.040,0.04,52.83
1786962118.843,,0,,,,-0.030,-4.446,True,0.423,0.187,0.18,53.99
1786962118.918,,0,,,,-0.120,-4.562,True,0.421,-0.049,0.05,52.49
1786962118.993,,0,,,,-0.230,-4.704,True,0.420,0.479,0.44,52.59
1786962119.093,,0,,,,-0.070,-4.498,True,0.422,0.594,0.54,52.57
1786962119.143,,0,,,,0.020,-4.382,True,0.424,1.198,1.10,52.70
1786962119.193,,0,,,,0.250,-4.086,True,0.427,1.287,1.18,52.68
1786962119.293,,0,,,,0.680,-3.533,True,0.434,1.205,1.11,52.67
1786962119.393,,0,,,,1.110,-2.979,True,0.442,0.712,0.65,52.64
1786962119.443,,0,,,,1.130,-2.954,True,0.442,0.468,0.43,52.62
1786962119.543,,0,,,,1.100,-2.992,True,0.441,0.312,0.29,52.60
1786962119.643,,0,,,,0.850,-3.314,True,0.437,0.093,0.08,52.34
1786962119.693,,0,,,,0.690,-3.520,True,0.435,0.065,0.06,52.32
1786962119.793,,0,,,,0.270,-4.060,True,0.428,0.659,0.61,53.07
1786962119.843,,0,,,,0.090,-4.292,True,0.425,0.804,0.73,51.64
1786962119.893,,0,,,,-0.080,-4.511,True,0.422,0.944,0.85,51.63
1786962119.993,,0,,,,-0.230,-4.704,True,0.420,1.074,0.97,51.62
1786962120.043,,0,,,,-0.230,-4.704,True,0.420,1.220,1.10,51.60
1786962120.143,,0,,,,-0.170,-4.626,True,0.420,0.770,0.72,53.41
1786962120.193,,0,,,,-0.110,-4.549,True,0.421,0.302,0.28,53.39
1786962120.293,,0,,,,0.060,-4.331,True,0.424,0.368,0.33,51.45
1786962120.418,,0,,,,0.170,-4.189,True,0.426,0.406,0.36,51.44
1786962120.493,,0,,,,0.170,-4.189,True,0.426,-0.230,0.21,51.41
1786962120.593,,0,,,,0.080,-4.305,True,0.425,1.615,1.42,50.25
1786962120.593,,0,,,,0.080,-4.305,True,0.425,1.686,1.48,50.24
1786962120.693,,0,,,,-0.020,-4.433,True,0.423,1.480,1.33,51.47
1786962120.843,,0,,,,-0.220,-4.691,True,0.420,0.797,0.72,51.43
1786962120.943,,0,,,,-0.210,-4.678,True,0.420,-0.153,0.14,50.69
1786962121.093,,0,,,,0.020,-4.382,True,0.424,-0.446,0.39,50.65
1786962121.143,,0,,,,0.040,-4.356,True,0.424,-0.638,0.56,50.64
1786962121.243,,0,,,,0.230,-4.112,True,0.427,-0.836,0.74,50.58
1786962121.293,,0,,,,0.230,-4.112,True,0.427,-0.975,0.86,50.57
1786962121.418,,0,,,,0.220,-4.125,True,0.427,-0.837,0.73,50.18
1786962121.443,,0,,,,0.140,-4.228,True,0.426,-0.955,0.84,50.16
1786962121.493,,0,,,,0.090,-4.292,True,0.425,-0.961,0.84,50.15
1786962121.593,,0,,,,-0.140,-4.588,True,0.421,-0.672,0.59,50.15
1786962121.693,,0,,,,-0.420,-4.948,True,0.416,0.386,0.34,50.21
1786962121.893,,0,,,,-0.380,-4.897,True,0.417,-0.083,0.07,48.86
1786962121.943,,0,,,,-0.300,-4.794,True,0.418,-0.149,0.13,48.84
1786962122.043,,0,,,,-0.120,-4.562,True,0.421,-0.670,0.59,50.60
1786962122.093,,0,,,,-0.030,-4.446,True,0.423,0.276,0.24,49.06
1786962122.193,,0,,,,0.080,-4.305,True,0.425,-0.262,0.22,49.15
1786962122.293,,0,,,,0.080,-4.305,True,0.425,-0.152,0.13,49.33
1786962122.343,,0,,,,0.010,-4.395,True,0.423,-0.242,0.21,49.32
1786962122.393,,0,,,,-0.070,-4.498,True,0.422,-0.315,0.27,49.31
1786962122.493,,0,,,,-0.340,-4.845,True,0.418,-0.362,0.31,49.29
1786962122.543,,0,,,,-0.410,-4.935,True,0.417,-0.366,0.32,49.28
1786962122.693,,0,,,,-0.670,-5.270,True,0.412,-0.631,0.54,49.10
1786962122.743,,0,,,,-0.650,-5.244,True,0.413,-0.683,0.59,49.09
1786962122.843,,0,,,,-0.670,-5.270,True,0.412,-0.251,0.21,48.41
1786962122.943,,0,,,,-0.670,-5.270,True,0.412,0.218,0.18,48.36
1786962122.993,,0,,,,-0.630,-5.218,True,0.413,-0.232,0.20,48.37
1786962123.093,,0,,,,-0.650,-5.244,True,0.413,-0.924,0.81,49.91
1786962123.193,,0,,,,-0.760,-5.386,True,0.411,-1.178,1.02,49.50
1786962123.193,,0,,,,-0.760,-5.386,True,0.411,-1.300,1.12,49.49
1786962123.293,,0,,,,-0.920,-5.591,True,0.409,-1.336,1.15,49.47
1786962123.418,,0,,,,-1.070,-5.784,True,0.406,0.149,0.13,48.57
1786962123.418,,0,,,,-1.070,-5.784,True,0.406,0.111,0.09,48.55
1786962123.493,,0,,,,-1.020,-5.720,True,0.407,-0.725,0.61,48.54
1786962123.593,,0,,,,-0.890,-5.553,True,0.409,-0.696,0.58,47.86
1786962123.643,,0,,,,-0.720,-5.334,True,0.412,-0.884,0.74,48.28
1786962123.718,,0,,,,-0.610,-5.193,True,0.413,-1.086,0.91,48.27
1786962123.793,,0,,,,-0.450,-4.987,True,0.416,-0.958,0.81,48.45
1786962123.918,,0,,,,-0.390,-4.910,True,0.417,-0.699,0.58,47.50
1786962123.943,,0,,,,-0.400,-4.922,True,0.417,-0.803,0.67,47.49
1786962123.993,,0,,,,-0.460,-5.000,True,0.416,-1.169,0.96,46.99
1786962124.093,,0,,,,-0.580,-5.154,True,0.414,-1.260,1.05,47.84
1786962124.193,,0,,,,-0.800,-5.437,True,0.410,-0.780,0.65,48.06
1786962124.243,,0,,,,-0.860,-5.514,True,0.409,-0.728,0.61,48.03
1786962124.343,,0,,,,-1.000,-5.694,True,0.407,-0.424,0.35,47.77
1786962124.493,,0,,,,-1.070,-5.784,True,0.406,-0.900,0.76,48.14
1786962124.593,,0,,,,-1.120,-5.849,True,0.405,-0.906,0.75,47.47
1786962124.693,,0,,,,-1.100,-5.823,True,0.406,-1.552,1.31,48.44
1786962124.743,,0,,,,-1.080,-5.797,True,0.406,-0.400,0.33,46.87
1786962124.843,,0,,,,-1.030,-5.733,True,0.407,-0.539,0.44,46.85
1786962124.943,,0,,,,-0.890,-5.553,True,0.409,-0.658,0.54,46.83
1786962124.993,,0,,,,-0.810,-5.450,True,0.410,-0.789,0.64,46.81
1786962125.093,,0,,,,-0.580,-5.154,True,0.414,-0.918,0.75,46.79
1786962125.193,,0,,,,-0.440,-4.974,True,0.416,-0.969,0.79,46.77
1786962125.243,,0,,,,-0.430,-4.961,True,0.416,-1.059,0.86,46.75
1786962125.293,,0,,,,-0.450,-4.987,True,0.416,-1.142,0.93,46.74
1786962125.393,,0,,,,-0.530,-5.090,True,0.415,-1.106,0.90,46.73
1786962125.493,,0,,,,-0.630,-5.218,True,0.413,-1.039,0.85,46.69
1786962125.593,,0,,,,-0.640,-5.231,True,0.413,-1.021,0.83,46.68
1786962125.693,,0,,,,-0.620,-5.205,True,0.413,-1.011,0.82,46.64
1786962125.793,,0,,,,-0.600,-5.180,True,0.414,-1.013,0.82,46.62
1786962125.793,,0,,,,-0.600,-5.180,True,0.414,-1.031,0.84,46.60
1786962125.893,,0,,,,-0.570,-5.141,True,0.414,-1.050,0.85,46.59
1786962125.993,,0,,,,-0.640,-5.231,True,0.413,-1.093,0.89,46.57
1786962126.043,,0,,,,-0.660,-5.257,True,0.413,-1.119,0.91,46.55
1786962126.093,,0,,,,-0.720,-5.334,True,0.412,-0.251,0.20,46.00
1786962126.193,,0,,,,-0.780,-5.411,True,0.411,-0.240,0.19,45.99
1786962126.293,,0,,,,-0.810,-5.450,True,0.410,-0.264,0.21,45.97
1786962126.343,,0,,,,-0.800,-5.437,True,0.410,-0.294,0.24,45.96
1786962126.418,,0,,,,-0.800,-5.437,True,0.410,-0.710,0.57,45.63
1786962126.493,,0,,,,-0.760,-5.386,True,0.411,-0.288,0.22,44.48
1786962126.543,,0,,,,-0.730,-5.347,True,0.412,-0.296,0.23,44.47
1786962126.643,,0,,,,-0.620,-5.205,True,0.413,-0.730,0.57,44.58
1786962126.693,,0,,,,-0.560,-5.128,True,0.414,0.169,0.14,46.00
1786962126.793,,0,,,,-0.460,-5.000,True,0.416,-0.038,0.03,44.72
1786962126.893,,0,,,,-0.360,-4.871,True,0.417,-0.087,0.07,44.70
1786962126.993,,0,,,,-0.420,-4.948,True,0.416,-1.161,0.93,45.73
1786962127.118,,0,,,,-0.410,-4.935,True,0.417,-1.136,0.90,45.50
1786962127.118,,0,,,,-0.410,-4.935,True,0.417,-1.205,0.96,45.49
1786962127.193,,0,,,,-0.390,-4.910,True,0.417,-0.836,0.65,44.87
1786962127.293,,0,,,,-0.420,-4.948,True,0.416,-0.833,0.65,44.85
1786962127.343,,0,,,,-0.380,-4.897,True,0.417,-1.377,1.09,45.43
1786962127.443,,0,,,,-0.460,-5.000,True,0.416,-1.382,1.09,45.40
1786962127.543,,0,,,,-0.500,-5.051,True,0.415,0.115,0.09,43.60
1786962127.643,,0,,,,-0.640,-5.231,True,0.413,-0.494,0.38,44.29
1786962127.693,,0,,,,-0.700,-5.308,True,0.412,-1.480,1.16,44.76
1786962127.793,,0,,,,-0.830,-5.476,True,0.410,-1.562,1.22,44.74
1786962127.893,,0,,,,-0.900,-5.566,True,0.409,-1.577,1.23,44.72
1786962128.018,,0,,,,-0.840,-5.489,True,0.410,-1.631,1.27,44.71
1786962128.093,,0,,,,-0.760,-5.386,True,0.411,-1.727,1.35,44.68
1786962128.193,,0,,,,-0.490,-5.038,True,0.415,-0.740,0.57,43.96
1786962128.293,,0,,,,-0.360,-4.871,True,0.417,-0.874,0.67,43.94
1786962128.393,,0,,,,-0.220,-4.691,True,0.420,-1.119,0.86,43.91
1786962128.493,,0,,,,-0.180,-4.639,True,0.420,-1.269,0.97,43.66
1786962128.693,,0,,,,-0.420,-4.948,True,0.416,-0.059,0.04,42.34
1786962128.768,,0,,,,-0.540,-5.103,True,0.415,-0.023,0.02,42.32
1786962128.893,,0,,,,-0.860,-5.514,True,0.409,-0.545,0.40,41.81
1786962128.993,,0,,,,-0.960,-5.643,True,0.408,-0.325,0.24,41.80
1786962129.093,,0,,,,-0.980,-5.669,True,0.408,-0.323,0.24,41.78
1786962129.243,,0,,,,-0.950,-5.630,True,0.408,-0.418,0.31,42.66
1786962129.293,,0,,,,-0.960,-5.643,True,0.408,-0.476,0.35,42.65
1786962129.393,,0,,,,-0.960,-5.643,True,0.408,-0.369,0.27,41.52
1786962129.493,,0,,,,-0.960,-5.643,True,0.408,-0.974,0.72,42.17
1786962129.593,,0,,,,-0.960,-5.643,True,0.408,-1.031,0.76,42.16
1786962129.643,,0,,,,-0.910,-5.579,True,0.409,-1.147,0.84,42.13
1786962129.793,,0,,,,-0.790,-5.424,True,0.411,-0.920,0.68,42.07
1786962129.843,,0,,,,-0.690,-5.296,True,0.412,-1.039,0.76,42.05
1786962129.893,,0,,,,-0.640,-5.231,True,0.413,-1.390,1.04,42.76
1786962129.993,,0,,,,-0.470,-5.012,True,0.416,-1.601,1.18,42.41
1786962130.093,,0,,,,-0.320,-4.819,True,0.418,-1.026,0.75,41.79
1786962130.143,,0,,,,-0.290,-4.781,True,0.419,-1.133,0.83,41.77
1786962130.243,,0,,,,-0.290,-4.781,True,0.419,-1.617,1.20,42.39
1786962130.293,,0,,,,-0.320,-4.819,True,0.418,-1.831,1.35,42.37
1786962130.393,,0,,,,-0.500,-5.051,True,0.415,-1.858,1.37,42.35
1786962130.493,,0,,,,-0.660,-5.257,True,0.413,-1.263,0.91,41.32
1786962130.543,,0,,,,-0.820,-5.463,True,0.410,-1.578,1.15,41.66
1786962130.593,,0,,,,-0.900,-5.566,True,0.409,-1.581,1.15,41.64
1786962130.718,,0,,,,-1.080,-5.797,True,0.406,-1.694,1.23,41.68
1786962130.818,,0,,,,-1.070,-5.784,True,0.406,-1.691,1.23,41.67
1786962130.843,,0,,,,-1.060,-5.772,True,0.406,-1.677,1.22,41.65
1786962130.893,,0,,,,-0.990,-5.682,True,0.407,-1.655,1.20,41.64
1786962130.993,,0,,,,-0.780,-5.411,True,0.411,-1.689,1.23,41.62
1786962131.043,,0,,,,-0.650,-5.244,True,0.413,-1.678,1.22,41.60
1786962131.093,,0,,,,-0.590,-5.167,True,0.414,-1.715,1.24,41.59
1786962131.143,,0,,,,-0.540,-5.103,True,0.415,-1.779,1.29,41.57
1786962131.243,,0,,,,-0.560,-5.128,True,0.414,-1.914,1.39,41.55
1786962131.343,,0,,,,-0.680,-5.283,True,0.412,-2.025,1.47,41.53
1786962131.443,,0,,,,-0.920,-5.591,True,0.409,-0.552,0.39,40.04
1786962131.593,,0,,,,-1.130,-5.862,True,0.405,-0.681,0.48,40.02
1786962131.643,,0,,,,-1.140,-5.875,True,0.405,-0.786,0.55,40.00
1786962131.693,,0,,,,-1.100,-5.823,True,0.406,-1.442,1.03,40.78
1786962131.793,,0,,,,-0.950,-5.630,True,0.408,-1.027,0.72,39.91
1786962131.843,,0,,,,-0.910,-5.579,True,0.409,-1.087,0.76,39.88
1786962131.943,,0,,,,-0.730,-5.347,True,0.412,-1.586,1.12,40.46
1786962132.093,,0,,,,-0.680,-5.283,True,0.412,-1.623,1.14,40.41
1786962132.193,,0,,,,-0.900,-5.566,True,0.409,-1.676,1.18,40.39
1786962132.293,,0,,,,-1.100,-5.823,True,0.406,-1.677,1.18,40.37
1786962132.343,,0,,,,-1.180,-5.926,True,0.404,-1.665,1.17,40.35
1786962132.443,,0,,,,-1.200,-5.952,True,0.404,-1.693,1.19,40.32
1786962132.518,,0,,,,-1.150,-5.887,True,0.405,-1.708,1.20,40.31
1786962132.593,,0,,,,-1.050,-5.759,True,0.407,-1.846,1.30,40.29
1786962132.643,,0,,,,-0.930,-5.604,True,0.408,-1.891,1.33,40.27
1786962132.693,,0,,,,-0.900,-5.566,True,0.409,-0.421,0.28,37.95
1786962132.793,,0,,,,-0.840,-5.489,True,0.410,-0.605,0.40,37.94
1786962132.793,,0,,,,-0.840,-5.489,True,0.410,-0.733,0.49,37.92
1786962132.918,,0,,,,-0.880,-5.540,True,0.409,-0.936,0.62,37.90
1786962132.993,,0,,,,-0.990,-5.682,True,0.407,-1.787,1.23,39.44
1786962133.093,,0,,,,-1.030,-5.733,True,0.407,-0.946,0.63,38.45
1786962133.143,,0,,,,-1.040,-5.746,True,0.407,-0.922,0.62,38.43
1786962133.243,,0,,,,-0.990,-5.682,True,0.407,-0.974,0.65,38.48
1786962133.293,,0,,,,-0.940,-5.617,True,0.408,-1.632,1.11,38.94
1786962133.443,,0,,,,-0.830,-5.476,True,0.410,-1.822,1.23,38.72
1786962133.493,,0,,,,-0.840,-5.489,True,0.410,-0.927,0.62,38.14
1786962133.593,,0,,,,-0.940,-5.617,True,0.408,-1.799,1.21,38.56
1786962133.643,,0,,,,-0.960,-5.643,True,0.408,-1.824,1.23,38.54
1786962133.743,,0,,,,-1.170,-5.913,True,0.405,-1.908,1.28,38.52
1786962133.893,,0,,,,-1.220,-5.977,True,0.404,-1.811,1.20,38.07
1786962133.943,,0,,,,-1.140,-5.875,True,0.405,-1.834,1.22,38.05
1786962134.093,,0,,,,-0.900,-5.566,True,0.409,-1.930,1.28,38.02
1786962134.193,,0,,,,-0.680,-5.283,True,0.412,-2.077,1.38,37.99
1786962134.243,,0,,,,-0.620,-5.205,True,0.413,-2.223,1.47,37.96
1786962134.293,,0,,,,-0.610,-5.193,True,0.413,-2.405,1.59,37.95
1786962134.393,,0,,,,-0.690,-5.296,True,0.412,-2.469,1.63,37.92
1786962134.493,,0,,,,-0.850,-5.501,True,0.410,-1.627,1.07,37.73
1786962134.543,,0,,,,-0.980,-5.669,True,0.408,-1.578,1.04,37.71
1786962134.618,,0,,,,-1.130,-5.862,True,0.405,-1.547,1.02,37.69
1786962134.693,,0,,,,-1.220,-5.977,True,0.404,-1.525,1.00,37.67
1786962134.793,,0,,,,-1.170,-5.913,True,0.405,-1.500,0.99,37.65
1786962134.843,,0,,,,-1.120,-5.849,True,0.405,-1.472,0.97,37.63
1786962134.943,,0,,,,-0.840,-5.489,True,0.410,-1.590,1.04,37.61
1786962134.993,,0,,,,-0.740,-5.360,True,0.411,-1.445,0.94,37.11
1786962135.043,,0,,,,-0.580,-5.154,True,0.414,-1.521,0.98,37.08
1786962135.143,,0,,,,-0.490,-5.038,True,0.415,-1.628,1.05,37.06
1786962135.243,,0,,,,-0.650,-5.244,True,0.413,-1.715,1.11,37.04
1786962135.368,,0,,,,-0.930,-5.604,True,0.408,-1.750,1.11,36.46
1786962135.393,,0,,,,-1.230,-5.990,True,0.404,-1.151,0.74,36.61
1786962135.493,,0,,,,-1.370,-6.160,True,0.403,-1.193,0.76,36.55
1786962135.543,,0,,,,-1.410,-6.201,True,0.405,-1.160,0.74,36.54
1786962135.593,,0,,,,-1.340,-6.129,True,0.402,-1.089,0.69,36.47
1786962135.718,,0,,,,-1.080,-5.797,True,0.406,-0.253,0.16,35.35
1786962135.743,,0,,,,-0.830,-5.476,True,0.410,-0.271,0.17,35.33
1786962135.793,,0,,,,-0.720,-5.334,True,0.412,-0.369,0.23,35.31
1786962135.893,,0,,,,-0.170,-4.626,True,0.420,-0.515,0.32,35.27
1786962135.993,,0,,,,0.130,-4.240,True,0.425,-1.190,0.74,35.81
1786962136.093,,0,,,,0.300,-4.022,True,0.428,-1.368,0.85,35.79
1786962136.143,,0,,,,0.260,-4.073,True,0.427,-1.534,0.96,35.76
1786962136.193,,0,,,,0.270,-4.060,True,0.428,-1.615,1.01,35.74
1786962136.293,,0,,,,-0.030,-4.446,True,0.423,-1.530,0.95,35.72
1786962136.343,,0,,,,-0.250,-4.729,True,0.419,-1.424,0.89,35.70
1786962136.443,,0,,,,-0.750,-5.373,True,0.411,-1.450,0.90,35.67
1786962136.543,,0,,,,-1.060,-5.772,True,0.406,-1.375,0.86,35.65
1786962136.643,,0,,,,-1.280,-6.055,True,0.403,-0.225,0.14,34.58
1786962136.693,,0,,,,-1.260,-6.029,True,0.403,-0.312,0.19,34.56
1786962136.793,,0,,,,-1.120,-5.849,True,0.405,-0.433,0.26,34.54
1786962136.843,,0,,,,-1.010,-5.707,True,0.407,-0.471,0.28,34.52
1786962137.043,,0,,,,-0.560,-5.128,True,0.414,-1.334,0.81,34.82
1786962137.093,,0,,,,-0.550,-5.115,True,0.414,-1.532,0.93,34.80
1786962137.193,,0,,,,-0.570,-5.141,True,0.414,-1.512,0.91,34.66
1786962137.318,,0,,,,-0.720,-5.334,True,0.412,-1.516,0.92,34.62
1786962137.418,,0,,,,-0.850,-5.501,True,0.410,-1.779,1.07,34.53
1786962137.443,,0,,,,-0.890,-5.553,True,0.409,-1.758,1.06,34.51
1786962137.543,,0,,,,-0.930,-5.604,True,0.408,-1.691,1.01,34.08
1786962137.593,,0,,,,-0.910,-5.579,True,0.409,-1.651,0.98,34.06
1786962137.693,,0,,,,-0.810,-5.450,True,0.410,-1.648,0.98,34.04
1786962137.843,,0,,,,-0.620,-5.205,True,0.413,-1.675,0.99,34.00
1786962138.193,,0,,,,-0.610,-5.193,True,0.413,-1.803,1.05,33.39
1786962138.293,,0,,,,-0.820,-5.463,True,0.410,-2.023,1.18,33.35
1786962138.343,,0,,,,-0.940,-5.617,True,0.408,-2.140,1.24,33.34
1786962138.493,,0,,,,-1.070,-5.784,True,0.406,-2.119,1.22,32.97
1786962138.593,,0,,,,-1.090,-5.810,True,0.406,-2.145,1.23,32.95
1786962138.643,,0,,,,-1.100,-5.823,True,0.406,-2.196,1.26,32.94
1786962138.693,,0,,,,-1.090,-5.810,True,0.406,-2.224,1.28,32.92
1786962138.793,,0,,,,-1.010,-5.707,True,0.407,-1.891,1.08,32.59
1786962138.843,,0,,,,-0.950,-5.630,True,0.408,-1.900,1.08,32.56
1786962138.943,,0,,,,-0.870,-5.527,True,0.409,-1.835,1.04,32.53
1786962139.043,,0,,,,-0.810,-5.450,True,0.410,-1.448,0.82,32.44
1786962139.093,,0,,,,-0.840,-5.489,True,0.410,-1.470,0.83,32.42
1786962139.193,,0,,,,-1.000,-5.694,True,0.407,-1.505,0.85,32.40
1786962139.268,,0,,,,-1.170,-5.913,True,0.405,-1.649,0.92,32.02
1786962139.318,,0,,,,-1.300,-6.080,True,0.403,-1.745,0.97,32.01
1786962139.393,,0,,,,-1.480,-6.272,True,0.407,-1.877,1.05,31.98
1786962139.493,,0,,,,-1.590,-6.384,True,0.410,-2.031,1.13,31.96
1786962139.593,,0,,,,-1.510,-6.303,True,0.408,-2.232,1.24,31.87
1786962139.693,,0,,,,-1.180,-5.926,True,0.404,-2.307,1.28,31.85
1786962139.693,,0,,,,-1.180,-5.926,True,0.404,-2.328,1.29,31.83
1786962139.793,,0,,,,-0.860,-5.514,True,0.409,-2.457,1.36,31.81
1786962139.893,,0,,,,-0.590,-5.167,True,0.414,-1.728,0.95,31.59
1786962139.993,,0,,,,-0.420,-4.948,True,0.416,-1.845,1.02,31.57
1786962140.043,,0,,,,-0.400,-4.922,True,0.417,-1.903,1.05,31.55
1786962140.143,,0,,,,-0.490,-5.038,True,0.415,-2.119,1.15,31.09
1786962140.243,,0,,,,-0.720,-5.334,True,0.412,-2.050,1.11,31.07
1786962140.293,,0,,,,-0.960,-5.643,True,0.408,-2.022,1.10,31.05
1786962140.393,,0,,,,-1.180,-5.926,True,0.404,-1.778,0.96,30.80
1786962140.493,,0,,,,-1.410,-6.201,True,0.405,-1.856,1.00,30.79
1786962140.543,,0,,,,-1.470,-6.262,True,0.407,-1.867,1.00,30.77
1786962140.593,,0,,,,-1.490,-6.282,True,0.407,-1.927,1.03,30.75
1786962140.693,,0,,,,-1.370,-6.160,True,0.403,-1.807,0.96,30.32
1786962140.743,,0,,,,-1.280,-6.055,True,0.403,-1.855,0.98,30.30
1786962140.868,,0,,,,-0.900,-5.566,True,0.409,-1.943,1.03,30.28
1786962140.893,,0,,,,-0.800,-5.437,True,0.410,-2.026,1.07,30.26
1786962140.993,,0,,,,-0.620,-5.205,True,0.413,-1.864,0.98,30.15
1786962141.093,,0,,,,-0.570,-5.141,True,0.414,-1.961,1.03,30.13
1786962141.193,,0,,,,-0.620,-5.205,True,0.413,-2.028,1.07,30.11
1786962141.243,,0,,,,-0.690,-5.296,True,0.412,-2.061,1.08,30.10
1786962141.293,,0,,,,-0.750,-5.373,True,0.411,-2.128,1.12,30.08
1786962141.393,,0,,,,-0.880,-5.540,True,0.409,-2.087,1.10,30.07
1786962141.443,,0,,,,-0.920,-5.591,True,0.409,-2.049,1.07,30.05
1786962141.493,,0,,,,-0.910,-5.579,True,0.409,-1.586,0.82,29.50
1786962141.593,,0,,,,-0.760,-5.386,True,0.411,-1.637,0.84,29.47
1786962141.668,,0,,,,-0.640,-5.231,True,0.413,-1.672,0.86,29.46
1786962141.693,,0,,,,-0.600,-5.180,True,0.414,-1.722,0.89,29.45
1786962141.793,,0,,,,-0.360,-4.871,True,0.417,-1.689,0.86,29.16
1786962141.893,,0,,,,-0.230,-4.704,True,0.420,-1.851,0.94,29.13
1786962141.993,,0,,,,-0.100,-4.536,True,0.422,-2.016,1.02,29.11
1786962142.118,,0,,,,-0.130,-4.575,True,0.421,-1.776,0.90,28.97
1786962142.193,,0,,,,-0.300,-4.794,True,0.418,-1.750,0.88,28.80
1786962142.293,,0,,,,-0.580,-5.154,True,0.414,-1.558,0.78,28.65
1786962142.393,,0,,,,-0.950,-5.630,True,0.408,-1.486,0.74,28.53
1786962142.493,,0,,,,-1.130,-5.862,True,0.405,-1.249,0.62,28.33
1786962142.543,,0,,,,-1.140,-5.875,True,0.405,-1.178,0.58,28.30
1786962142.643,,0,,,,-1.050,-5.759,True,0.407,-1.058,0.52,28.30
1786962142.768,,0,,,,-0.830,-5.476,True,0.410,-1.062,0.52,28.13
1786962142.793,,0,,,,-0.750,-5.373,True,0.411,-1.202,0.59,28.12
1786962142.893,,0,,,,-0.540,-5.103,True,0.415,-1.207,0.59,27.93
1786962142.943,,0,,,,-0.500,-5.051,True,0.415,-1.368,0.67,27.92
1786962143.043,,0,,,,-0.420,-4.948,True,0.416,-1.205,0.58,27.78
1786962143.093,,0,,,,-0.440,-4.974,True,0.416,-1.157,0.56,27.66
1786962143.193,,0,,,,-0.480,-5.025,True,0.416,-1.291,0.62,27.64
1786962143.243,,0,,,,-0.540,-5.103,True,0.415,-1.380,0.66,27.55
1786962143.343,,0,,,,-0.610,-5.193,True,0.413,-1.485,0.71,27.52
1786962143.493,,0,,,,-0.620,-5.205,True,0.413,-1.549,0.74,27.50
1786962143.493,,0,,,,-0.620,-5.205,True,0.413,-1.623,0.78,27.49
1786962143.593,,0,,,,-0.560,-5.128,True,0.414,-1.703,0.82,27.47
1786962143.693,,0,,,,-0.470,-5.012,True,0.416,-1.816,0.87,27.44
1786962143.793,,0,,,,-0.340,-4.845,True,0.418,-1.852,0.89,27.43
1786962143.793,,0,,,,-0.340,-4.845,True,0.418,-1.873,0.90,27.42
1786962143.893,,0,,,,-0.280,-4.768,True,0.419,-1.965,0.94,27.41
1786962143.993,,0,,,,-0.320,-4.819,True,0.418,-0.823,0.38,26.74
1786962144.043,,0,,,,-0.360,-4.871,True,0.417,-1.019,0.47,26.72
1786962144.093,,0,,,,-0.400,-4.922,True,0.417,-1.434,0.67,26.70
1786962144.193,,0,,,,-0.490,-5.038,True,0.415,-1.346,0.63,26.68
1786962144.293,,0,,,,-0.540,-5.103,True,0.415,-1.011,0.47,26.50
1786962144.343,,0,,,,-0.580,-5.154,True,0.414,-1.505,0.70,26.48
1786962144.443,,0,,,,-0.640,-5.231,True,0.413,-1.770,0.82,26.46
1786962144.493,,0,,,,-0.700,-5.308,True,0.412,-1.992,0.92,26.44
1786962144.593,,0,,,,-0.820,-5.463,True,0.410,-2.152,0.99,26.28
1786962144.693,,0,,,,-0.920,-5.591,True,0.409,-1.966,0.90,26.13
1786962144.768,,0,,,,-0.960,-5.643,True,0.408,-1.749,0.80,26.08
1786962144.893,,0,,,,-0.990,-5.682,True,0.407,-1.774,0.80,25.94
1786962144.893,,0,,,,-0.990,-5.682,True,0.407,-1.723,0.78,25.93
1786962144.993,,0,,,,-0.910,-5.579,True,0.409,-1.491,0.67,25.83
1786962145.093,,0,,,,-0.800,-5.437,True,0.410,-1.439,0.65,25.72
1786962145.193,,0,,,,-0.770,-5.398,True,0.411,-1.348,0.60,25.65
1786962145.243,,0,,,,-0.770,-5.398,True,0.411,-1.426,0.64,25.63
1786962145.343,,0,,,,-0.760,-5.386,True,0.411,-1.035,0.46,25.42
1786962145.393,,0,,,,-0.770,-5.398,True,0.411,-1.052,0.46,25.32
1786962145.493,,0,,,,-0.780,-5.411,True,0.411,-1.232,0.54,25.30
1786962145.543,,0,,,,-0.770,-5.398,True,0.411,-1.389,0.61,25.29
1786962145.593,,0,,,,-0.710,-5.321,True,0.412,-1.523,0.67,25.27
1786962145.693,,0,,,,-0.520,-5.077,True,0.415,-1.557,0.68,25.13
1786962145.793,,0,,,,-0.340,-4.845,True,0.418,-1.512,0.66,25.01
1786962145.893,,0,,,,-0.020,-4.433,True,0.423,-1.700,0.74,25.00
1786962145.943,,0,,,,0.030,-4.369,True,0.424,-1.522,0.66,24.75
1786962145.993,,0,,,,0.120,-4.253,True,0.425,-1.694,0.73,24.74
1786962146.093,,0,,,,0.180,-4.176,True,0.426,-1.914,0.83,24.72
1786962146.193,,0,,,,0.040,-4.356,True,0.424,-1.969,0.85,24.71
1786962146.318,,0,,,,-0.100,-4.536,True,0.422,-1.566,0.67,24.51
1786962146.392,,0,,,,-0.260,-4.742,True,0.419,-1.311,0.56,24.34
1786962146.443,,0,,,,-0.360,-4.871,True,0.417,-1.239,0.53,24.32
1786962146.543,,0,,,,-0.540,-5.103,True,0.415,-0.951,0.40,24.22
1786962146.643,,0,,,,-0.620,-5.205,True,0.413,-1.094,0.46,24.04
1786962146.693,,0,,,,-0.620,-5.205,True,0.413,-0.821,0.34,24.01
1786962146.793,,0,,,,-0.550,-5.115,True,0.414,-1.081,0.45,23.93
1786962146.893,,0,,,,-0.330,-4.832,True,0.418,-1.317,0.55,23.91
1786962146.992,,0,,,,-0.110,-4.549,True,0.421,-1.473,0.61,23.89
1786962147.092,,0,,,,0.140,-4.228,True,0.426,-1.972,0.82,23.87
1786962147.192,,0,,,,0.130,-4.240,True,0.425,-2.150,0.89,23.86
1786962147.292,,0,,,,0.000,-4.408,True,0.423,-2.214,0.92,23.84
1786962147.443,,0,,,,-0.320,-4.819,True,0.418,-1.220,0.50,23.35
1786962147.592,,0,,,,-0.330,-4.832,True,0.418,-1.286,0.52,23.33
1786962147.667,,0,,,,-0.210,-4.678,True,0.420,-1.495,0.61,23.31
1786962147.692,,0,,,,-0.110,-4.549,True,0.421,-1.665,0.68,23.30
1786962147.792,,0,,,,0.050,-4.343,True,0.424,-1.911,0.78,23.28
1786962147.892,,0,,,,0.120,-4.253,True,0.425,-2.155,0.87,23.26
1786962147.967,,0,,,,0.080,-4.305,True,0.425,-2.348,0.95,23.25
1786962148.067,,0,,,,0.000,-4.408,True,0.423,-2.620,1.06,23.22
1786962148.092,,0,,,,-0.050,-4.472,True,0.422,-2.802,1.13,23.21
1786962148.192,,0,,,,-0.210,-4.678,True,0.420,-2.971,1.20,23.19
1786962148.242,,0,,,,-0.230,-4.704,True,0.420,-3.096,1.25,23.18
1786962148.342,,0,,,,-0.240,-4.717,True,0.419,-3.269,1.32,23.16
1786962148.417,,0,,,,-0.220,-4.691,True,0.420,-3.441,1.39,23.15
1786962148.492,,0,,,,-0.140,-4.588,True,0.421,-3.581,1.44,23.13
1786962148.592,,0,,,,-0.070,-4.498,True,0.422,-3.615,1.46,23.12
1786962148.717,,0,,,,-0.050,-4.472,True,0.422,-3.701,1.49,23.11
1786962148.742,,0,,,,-0.100,-4.536,True,0.422,-3.854,1.55,23.10
1786962148.842,,0,,,,-0.190,-4.652,True,0.420,-4.014,1.62,23.08
1786962148.892,,0,,,,-0.230,-4.704,True,0.420,-4.072,1.64,23.06
1786962148.992,,0,,,,-0.330,-4.832,True,0.418,-4.189,1.68,23.05
1786962149.092,,0,,,,-0.320,-4.819,True,0.418,-4.815,1.93,23.01
1786962149.192,,0,,,,-0.270,-4.755,True,0.419,-5.392,2.16,22.99
1786962149.242,,0,,,,-0.220,-4.691,True,0.420,-5.395,2.16,22.98
1786962149.342,,0,,,,-0.170,-4.626,True,0.420,-5.421,2.17,22.96
1786962149.392,,0,,,,-0.130,-4.575,True,0.421,-5.560,2.22,22.94
1786962149.492,,0,,,,-0.030,-4.446,True,0.423,-5.878,2.35,22.92
1786962149.592,,0,,,,0.040,-4.356,True,0.424,-6.113,2.44,22.90
1786962149.692,,0,,,,0.040,-4.356,True,0.424,-2.328,0.86,21.24
1786962149.792,,0,,,,0.010,-4.395,True,0.423,-2.465,0.91,21.23
1786962149.892,,0,,,,-0.030,-4.446,True,0.423,-2.596,0.96,21.22
1786962149.942,,0,,,,0.000,-4.408,True,0.423,-2.197,0.80,20.94
1786962149.992,,0,,,,0.050,-4.343,True,0.424,-2.124,0.78,20.93
1786962150.092,,0,,,,0.190,-4.163,True,0.426,-2.086,0.76,20.91
1786962150.192,,0,,,,0.380,-3.919,True,0.429,-2.182,0.80,20.89
1786962150.292,,0,,,,0.510,-3.752,True,0.432,-2.394,0.87,20.87
1786962150.392,,0,,,,0.520,-3.739,True,0.432,-2.666,0.97,20.85
1786962150.492,,0,,,,0.430,-3.854,True,0.430,-3.122,1.13,20.82
1786962150.542,,0,,,,0.420,-3.867,True,0.430,-3.440,1.25,20.80
1786962150.642,,0,,,,0.320,-3.996,True,0.428,-2.046,0.72,20.25
1786962150.742,,0,,,,0.210,-4.138,True,0.427,-2.224,0.79,20.23
1786962150.792,,0,,,,0.250,-4.086,True,0.427,-2.240,0.79,20.22
1786962150.892,,0,,,,0.360,-3.945,True,0.429,-1.883,0.66,20.10
1786962150.967,,0,,,,0.500,-3.764,True,0.431,-1.497,0.52,19.91
1786962150.992,,0,,,,0.550,-3.700,True,0.432,-1.674,0.58,19.90
1786962151.092,,0,,,,0.810,-3.365,True,0.437,-1.682,0.58,19.90
1786962151.217,,0,,,,0.870,-3.288,True,0.438,-3.911,1.39,20.45
1786962151.292,,0,,,,0.910,-3.237,True,0.438,-0.825,0.28,19.62
1786962151.292,,0,,,,0.910,-3.237,True,0.438,-0.973,0.33,19.60
1786962151.392,,0,,,,0.770,-3.417,True,0.436,-0.829,0.28,19.54
1786962151.517,,0,,,,0.510,-3.752,True,0.432,-0.516,0.18,19.47
1786962151.592,,0,,,,0.290,-4.035,True,0.428,-0.766,0.26,19.32
1786962151.642,,0,,,,0.230,-4.112,True,0.427,-0.903,0.30,19.30
1786962151.692,,0,,,,0.050,-4.343,True,0.424,-1.098,0.37,19.29
1786962151.792,,0,,,,0.080,-4.305,True,0.425,-1.394,0.47,19.27
1786962151.892,,0,,,,0.240,-4.099,True,0.427,-1.804,0.61,19.25
1786962151.992,,0,,,,0.640,-3.584,True,0.434,-1.581,0.53,19.07
1786962152.217,,0,,,,1.120,-2.967,True,0.442,-1.253,0.41,18.95
1786962152.242,,0,,,,1.140,-2.941,True,0.442,-1.692,0.56,18.98
1786962152.717,,0,,,,-0.190,-4.652,True,0.420,-1.392,0.45,18.41
1786962152.792,,0,,,,-0.120,-4.562,True,0.421,-1.377,0.44,18.39
1786962152.792,,0,,,,-0.120,-4.562,True,0.421,-1.614,0.52,18.37
1786962152.892,,0,,,,0.140,-4.228,True,0.426,-1.354,0.43,18.24
1786962152.992,,0,,,,0.590,-3.649,True,0.433,-1.629,0.52,18.15
1786962152.992,,0,,,,0.590,-3.649,True,0.433,-1.948,0.62,18.13
1786962153.092,,0,,,,1.050,-3.057,True,0.441,-3.062,0.97,18.12
1786962153.142,,0,,,,1.260,-2.786,True,0.444,-3.628,1.15,18.11
1786962153.242,,0,,,,1.500,-2.478,True,0.448,-3.433,1.07,17.94
1786962153.342,,0,,,,1.500,-2.478,True,0.448,-2.936,0.92,17.92
1786962153.467,,0,,,,1.280,-2.761,True,0.444,-2.143,0.67,17.79
1786962153.492,,0,,,,1.250,-2.799,True,0.444,-2.599,0.81,17.78
1786962153.592,,0,,,,0.990,-3.134,True,0.440,-2.549,0.79,17.76
1786962153.642,,0,,,,0.900,-3.250,True,0.438,-2.778,0.87,17.87
1786962153.742,,0,,,,0.780,-3.404,True,0.436,-2.889,0.89,17.72
1786962153.842,,0,,,,0.750,-3.443,True,0.436,-2.790,0.86,17.70
1786962153.892,,0,,,,0.860,-3.301,True,0.437,-2.808,0.87,17.69
1786962153.992,,0,,,,0.990,-3.134,True,0.440,-2.921,0.90,17.67
1786962154.092,,0,,,,1.070,-3.031,True,0.441,-3.027,0.93,17.65
1786962154.192,,0,,,,1.120,-2.967,True,0.442,-3.154,0.97,17.64
1786962154.192,,0,,,,1.120,-2.967,True,0.442,-3.235,0.99,17.63
1786962154.292,,0,,,,1.010,-3.108,True,0.440,-3.355,1.03,17.61
1786962154.392,,0,,,,0.820,-3.353,True,0.437,-3.467,1.06,17.60
1786962154.442,,0,,,,0.730,-3.468,True,0.435,-3.567,1.09,17.58
1786962154.542,,0,,,,0.530,-3.726,True,0.432,-3.616,1.11,17.57
1786962154.642,,0,,,,0.470,-3.803,True,0.431,-3.668,1.12,17.56
1786962154.692,,0,,,,0.460,-3.816,True,0.431,-3.660,1.12,17.55
1786962154.792,,0,,,,0.590,-3.649,True,0.433,-3.577,1.09,17.54
1786962154.892,,0,,,,0.800,-3.378,True,0.436,-3.499,1.07,17.52
1786962154.992,,0,,,,0.920,-3.224,True,0.438,-3.498,1.07,17.51
1786962155.042,,0,,,,1.000,-3.121,True,0.440,-3.538,1.08,17.50
1786962155.092,,0,,,,1.050,-3.057,True,0.441,-3.674,1.12,17.48
1786962155.192,,0,,,,1.090,-3.005,True,0.441,-3.628,1.11,17.47
1786962155.292,,0,,,,1.090,-3.005,True,0.441,-3.679,1.12,17.45
1786962155.392,,0,,,,1.060,-3.044,True,0.441,-3.799,1.15,17.43
1786962155.492,,0,,,,1.120,-2.967,True,0.442,-3.936,1.20,17.41
1786962155.542,,0,,,,1.130,-2.954,True,0.442,-4.065,1.23,17.40
1786962155.592,,0,,,,1.270,-2.774,True,0.444,-4.248,1.29,17.39
1786962155.767,,0,,,,1.560,-2.400,True,0.449,-4.523,1.37,17.37
1786962155.792,,0,,,,1.600,-2.349,True,0.450,-4.514,1.37,17.36
1786962155.892,,0,,,,1.730,-2.182,True,0.452,-4.564,1.38,17.35
1786962155.992,,0,,,,1.760,-2.143,True,0.453,2.497,0.71,16.24
1786962156.042,,0,,,,1.640,-2.298,True,0.451,2.359,0.67,16.23
1786962156.142,,0,,,,1.490,-2.491,True,0.448,2.332,0.66,16.22
1786962156.192,,0,,,,1.170,-2.902,True,0.443,3.556,0.99,16.03
1786962156.292,,0,,,,0.730,-3.468,True,0.435,4.017,1.12,15.93
1786962156.342,,0,,,,0.580,-3.661,True,0.433,4.095,1.14,15.91
1786962156.392,,0,,,,0.470,-3.803,True,0.431,4.092,1.13,15.90
1786962156.492,,0,,,,0.200,-4.150,True,0.426,5.006,1.37,15.73
1786962156.842,,0,,,,-0.020,-4.433,True,0.423,4.594,1.25,15.55
1786962156.892,,0,,,,0.000,-4.408,True,0.423,4.436,1.20,15.55
1786962199.717,,0,,,,61.320,59.618,True,0.860,-8.423,4.36,29.78
1786962199.792,,0,,,,61.320,59.618,True,0.860,-9.505,4.92,29.77
1786962199.792,,0,,,,61.320,59.618,True,0.860,-9.867,5.10,29.75
1786962199.892,,0,,,,60.500,58.809,True,0.860,-11.479,5.93,29.80
1786962199.992,,0,,,,60.560,58.868,True,0.860,-13.168,6.28,27.56
1786962200.067,,0,,,,60.530,58.839,True,0.860,-13.141,6.26,27.54
1786962200.142,,0,,,,60.220,58.533,True,0.860,-12.947,6.17,27.53
1786962200.192,,0,,,,59.880,58.198,True,0.860,-11.958,6.14,29.61
1786962200.317,,0,,,,59.420,57.744,True,0.860,-11.445,5.87,29.60
1786962200.392,,0,,,,59.000,57.330,True,0.860,-10.883,5.59,29.59
1786962200.492,,0,,,,58.840,57.172,True,0.860,-13.300,6.29,27.33
1786962200.492,,0,,,,58.840,57.172,True,0.860,-12.879,6.09,27.32
1786962200.592,,0,,,,58.840,57.172,True,0.860,-12.612,5.96,27.30
1786962200.692,,0,,,,59.390,57.714,True,0.860,-12.272,5.80,27.29
1786962200.792,,0,,,,60.310,58.622,True,0.860,-12.706,5.99,27.22
1786962200.842,,0,,,,60.450,58.760,True,0.860,-12.550,5.91,27.20
1786962200.892,,0,,,,60.860,59.164,True,0.860,-12.546,5.90,27.18
1786962201.067,,0,,,,60.720,59.026,True,0.860,-13.991,6.55,27.09
1786962201.092,,0,,,,60.640,58.947,True,0.860,-13.789,6.45,27.07
1786962201.217,,0,,,,60.010,58.326,True,0.860,-14.097,6.66,27.33
1786962201.317,,0,,,,59.720,58.040,True,0.860,-13.599,6.42,27.32
1786962201.342,,0,,,,59.610,57.931,True,0.860,-13.271,6.27,27.30
1786962201.442,,0,,,,59.550,57.872,True,0.860,-12.832,6.06,27.29
1786962201.492,,0,,,,59.530,57.852,True,0.860,-12.195,5.76,27.28
1786962201.592,,0,,,,59.520,57.843,True,0.860,-11.657,5.51,27.27
1786962201.692,,0,,,,58.990,57.320,True,0.860,-11.277,5.33,27.26
1786962201.767,,0,,,,58.410,56.748,True,0.860,-10.907,5.16,27.25
1786962201.792,,0,,,,58.110,56.452,True,0.860,-9.937,4.70,27.23
1786962201.917,,0,,,,57.230,55.584,True,0.860,-11.179,5.25,27.06
1786962201.917,,0,,,,57.230,55.584,True,0.860,-10.524,4.94,27.06
1786962201.992,,0,,,,56.260,54.627,True,0.860,-10.233,4.81,27.05
1786962202.042,,0,,,,55.510,53.887,True,0.860,-9.358,4.39,27.00
1786962202.142,,0,,,,54.250,52.714,True,0.860,-8.251,3.87,26.98
1786962202.192,,0,,,,53.710,52.270,True,0.860,-6.723,3.16,26.96
1786962202.292,,0,,,,52.860,51.571,True,0.860,-6.415,2.97,26.62
1786962202.642,,0,,,,50.550,49.673,True,0.860,-4.665,2.16,26.57
1786962202.842,,0,,,,47.830,47.437,True,0.860,-5.238,2.42,26.56
1786962202.892,,0,,,,46.410,46.270,True,0.860,-4.638,2.15,26.55
1786962203.092,,0,,,,44.490,44.692,True,0.860,-4.229,1.95,26.46
1786962203.417,,0,,,,42.700,43.221,True,0.860,-3.124,1.45,26.67
1786962203.467,,0,,,,42.540,43.072,True,0.861,-5.348,2.48,26.58
1786962203.517,,0,,,,42.420,42.957,True,0.861,-6.361,2.94,26.57
1786962203.592,,0,,,,42.180,42.728,True,0.863,-7.196,3.31,26.42
1786962203.792,,0,,,,42.190,42.738,True,0.863,-6.382,2.93,26.36
1786962203.892,,0,,,,42.000,42.556,True,0.864,-7.278,3.34,26.33
1786962203.992,,0,,,,41.670,42.241,True,0.866,-7.213,3.31,26.35
1786962204.067,,0,,,,41.580,42.156,True,0.867,-6.958,3.20,26.41
1786962204.117,,0,,,,41.440,42.022,True,0.868,-7.051,3.24,26.40
1786962204.192,,0,,,,40.900,41.506,True,0.871,-8.747,4.05,26.62
1786962204.317,,0,,,,40.420,41.048,True,0.874,-8.243,3.81,26.59
1786962204.392,,0,,,,39.850,40.504,True,0.878,-7.926,3.66,26.57
1786962204.592,,0,,,,38.950,39.645,True,0.884,-7.120,3.29,26.53
1786962204.592,,0,,,,38.950,39.645,True,0.884,-7.544,3.48,26.52
1786962204.692,,0,,,,38.550,39.263,True,0.886,-7.091,3.27,26.50
1786962204.692,,0,,,,38.550,39.263,True,0.886,-6.344,2.93,26.49
1786962204.792,,0,,,,37.880,38.624,True,0.891,-6.352,2.93,26.46
1786962204.892,,0,,,,36.880,37.669,True,0.897,-7.093,3.27,26.49
1786962204.942,,0,,,,36.610,37.411,True,0.899,-6.893,3.18,26.48
1786962205.017,,0,,,,36.130,36.953,True,0.902,-6.830,3.13,26.32
1786962205.092,,0,,,,35.910,36.743,True,0.903,-6.439,2.96,26.41
1786962205.192,,0,,,,35.840,36.676,True,0.904,-6.741,3.10,26.41
1786962205.242,,0,,,,35.860,36.696,True,0.903,-6.618,3.04,26.39
1786962205.367,,0,,,,36.140,36.963,True,0.902,-5.704,2.69,27.04
1786962205.492,,0,,,,36.200,37.020,True,0.901,-6.770,3.12,26.44
1786962205.542,,0,,,,36.140,36.963,True,0.902,-6.357,2.93,26.43
1786962205.592,,0,,,,36.060,36.886,True,0.902,-5.366,2.46,26.36
1786962205.742,,0,,,,35.750,36.591,True,0.904,-4.591,2.11,26.33
1786962205.842,,0,,,,35.440,36.295,True,0.906,-4.103,1.88,26.31
1786962205.892,,0,,,,35.140,36.008,True,0.908,-4.645,2.19,26.99
1786962205.992,,0,,,,34.780,35.665,True,0.910,-4.254,2.00,26.97
1786962206.142,,0,,,,33.890,34.815,True,0.916,-5.800,2.67,26.44
1786962206.242,,0,,,,33.690,34.624,True,0.917,-6.952,3.27,26.98
1786962206.317,,0,,,,33.680,34.615,True,0.917,-6.424,3.02,26.96
1786962206.392,,0,,,,33.520,34.462,True,0.918,-6.135,2.88,26.94
1786962206.492,,0,,,,33.320,34.271,True,0.920,-5.630,2.64,26.92
1786962206.592,,0,,,,33.380,34.328,True,0.919,-4.385,2.03,26.54
1786962206.642,,0,,,,33.410,34.357,True,0.919,-4.742,2.19,26.52
1786962206.692,,0,,,,33.550,34.491,True,0.918,-4.180,1.93,26.51
1786962206.792,,0,,,,33.740,34.672,True,0.917,-4.043,1.88,26.59
1786962206.892,,0,,,,33.930,34.853,True,0.916,-3.590,1.66,26.59
1786962206.917,,0,,,,33.930,34.853,True,0.916,-3.274,1.52,26.57
1786962206.942,,0,,,,34.110,35.025,True,0.915,-3.163,1.47,26.56
1786962206.992,,0,,,,34.240,35.149,True,0.914,-2.864,1.33,26.54
1786962207.092,,0,,,,34.020,34.939,True,0.915,-2.784,1.29,26.52
1786962207.192,,0,,,,33.310,34.261,True,0.920,-2.982,1.38,26.51
1786962207.242,,0,,,,32.980,33.946,True,0.922,-3.386,1.56,26.48
1786962207.291,,0,,,,32.640,33.622,True,0.924,-3.382,1.56,26.46
1786962207.442,,0,,,,31.510,32.427,True,0.898,-3.159,1.46,26.44
1786962207.492,,0,,,,31.390,32.296,True,0.893,-2.633,1.21,26.44
1786962207.591,,0,,,,31.890,32.844,True,0.911,-2.373,1.09,26.43
1786962207.642,,0,,,,32.160,33.140,True,0.920,-1.636,0.76,26.44
1786962207.717,,0,,,,33.200,34.156,True,0.921,-1.090,0.50,26.44
1786962207.791,,0,,,,34.660,35.550,True,0.911,-0.481,0.22,26.44
1786962207.966,,0,,,,37.640,38.395,True,0.892,-3.836,1.80,26.95
1786962208.017,,0,,,,38.180,38.910,True,0.889,-2.653,1.25,26.95
1786962208.091,,0,,,,41.170,41.764,True,0.869,-0.776,0.36,26.94
1786962208.291,,0,,,,43.170,43.607,True,0.860,-1.621,0.76,27.00
1786962208.341,,0,,,,43.820,44.141,True,0.860,-1.417,0.67,26.97
1786962208.541,,0,,,,43.880,44.191,True,0.860,-1.976,0.93,27.03
1786962208.591,,0,,,,43.510,43.886,True,0.860,-2.480,1.17,27.01
1786962208.691,,0,,,,42.510,43.043,True,0.861,-4.842,2.28,27.03
1786962208.791,,0,,,,42.190,42.738,True,0.863,-4.761,2.26,27.29
1786962208.891,,0,,,,42.300,42.843,True,0.862,-5.120,2.43,27.28
1786962208.991,,0,,,,43.090,43.541,True,0.860,-6.218,2.94,27.13
1786962209.091,,0,,,,45.620,45.621,True,0.860,-7.312,3.45,27.13
1786962209.191,,0,,,,47.480,47.149,True,0.860,-9.659,4.69,27.93
1786962209.241,,0,,,,48.380,47.889,True,0.860,-10.245,4.97,27.93
1786962209.316,,0,,,,50.690,49.788,True,0.860,-10.050,4.87,27.93
1786962209.416,,0,,,,53.330,51.958,True,0.860,-9.646,4.57,27.29
1786962209.491,,0,,,,55.270,53.651,True,0.860,-6.845,3.25,27.23
1786962209.591,,0,,,,57.860,56.205,True,0.860,-6.608,3.13,27.23
1786962209.816,,0,,,,61.230,59.529,True,0.860,-7.928,3.75,27.21
1786962209.841,,0,,,,61.930,60.220,True,0.860,-8.382,3.96,27.19
1786962209.891,,0,,,,62.550,60.831,True,0.860,-8.518,4.02,27.17
1786962209.991,,0,,,,63.480,61.748,True,0.860,-9.113,4.30,27.14
1786962210.091,,0,,,,63.750,62.015,True,0.860,-11.014,5.34,27.96
1786962210.266,,0,,,,63.620,61.886,True,0.860,-13.163,6.25,27.47
1786962210.491,,0,,,,64.370,62.626,True,0.860,-13.434,6.38,27.47
1786962210.591,,0,,,,65.010,63.324,True,0.871,-13.812,6.59,27.62
1786962210.716,,0,,,,66.150,64.674,True,0.909,-14.045,6.70,27.61
1786962210.791,,0,,,,67.020,65.703,True,0.937,-13.667,6.52,27.60
1786962210.891,,0,,,,68.260,67.171,True,0.979,-11.017,5.25,27.48
1786962210.941,,0,,,,68.790,67.798,True,0.996,-10.373,4.95,27.47
1786962211.066,,0,,,,70.580,69.917,True,1.056,-10.494,5.01,27.49
1786962211.091,,0,,,,71.070,70.497,True,1.072,-13.457,6.44,27.67
1786962211.191,,0,,,,72.040,71.645,True,1.105,-16.718,8.60,29.91
1786962211.241,,0,,,,72.370,72.035,True,1.116,-16.531,8.51,29.90
1786962211.366,,0,,,,73.040,72.825,True,1.137,-14.427,7.01,28.15
1786962211.391,,0,,,,73.320,73.132,True,1.137,-14.489,7.04,28.15
1786962211.491,,0,,,,73.680,73.526,True,1.137,-14.179,6.89,28.14
1786962211.541,,0,,,,73.780,73.636,True,1.137,-13.998,6.80,28.12
1786962211.641,,0,,,,73.900,73.767,True,1.137,-12.590,6.05,27.75
1786962211.716,,0,,,,73.830,73.691,True,1.137,-13.349,6.44,27.88
1786962211.791,,0,,,,73.630,73.471,True,1.137,-13.227,6.41,28.00
1786962211.941,,0,,,,73.300,73.110,True,1.137,-12.439,6.01,27.92
1786962212.041,,0,,,,73.150,72.945,True,1.137,-11.992,5.84,28.11
1786962212.091,,0,,,,73.140,72.934,True,1.137,-11.551,5.63,28.10
1786962212.216,,0,,,,73.260,73.066,True,1.137,-11.883,5.82,28.27
1786962212.241,,0,,,,73.340,73.154,True,1.137,-11.276,5.53,28.26
1786962212.391,,0,,,,73.640,73.482,True,1.137,-11.110,5.55,28.80
1786962212.391,,0,,,,73.640,73.482,True,1.137,-10.634,5.31,28.80
1786962212.491,,0,,,,74.030,73.910,True,1.137,-10.302,5.10,28.53
1786962212.591,,0,,,,74.520,74.447,True,1.137,-11.224,5.49,28.22
1786962212.641,,0,,,,74.860,74.819,True,1.137,-10.578,5.27,28.73
1786962212.741,,0,,,,75.420,75.433,True,1.137,-10.184,5.07,28.70
1786962212.791,,0,,,,75.540,75.565,True,1.137,-10.100,5.03,28.70
1786962212.891,,0,,,,75.790,75.839,True,1.137,-12.476,6.41,29.67
1786962212.991,,0,,,,75.810,75.860,True,1.137,-12.330,6.33,29.65
1786962213.041,,0,,,,75.770,75.817,True,1.137,-12.304,6.32,29.64
1786962213.141,,0,,,,75.600,75.630,True,1.137,-11.112,5.50,28.56
1786962213.191,,0,,,,75.480,75.499,True,1.137,-11.017,5.46,28.55
1786962213.341,,0,,,,75.100,75.082,True,1.137,-10.743,5.32,28.52
1786962213.391,,0,,,,74.930,74.896,True,1.137,-10.992,5.49,28.77
1786962213.491,,0,,,,74.660,74.600,True,1.137,-12.419,6.28,29.22
1786962213.591,,0,,,,74.430,74.348,True,1.137,-12.102,6.12,29.21
1786962213.641,,0,,,,74.350,74.260,True,1.137,-11.785,5.96,29.20
1786962213.741,,0,,,,74.060,73.943,True,1.137,-10.359,5.27,29.33
1786962213.791,,0,,,,73.980,73.855,True,1.137,-9.737,4.96,29.32
1786962213.941,,0,,,,73.900,73.767,True,1.137,-9.286,4.73,29.29
1786962213.991,,0,,,,73.940,73.811,True,1.137,-8.929,4.55,29.29
1786962214.091,,0,,,,73.930,73.800,True,1.137,-10.057,5.03,28.81
1786962214.141,,0,,,,73.910,73.778,True,1.137,-10.080,5.04,28.79
1786962214.191,,0,,,,73.940,73.811,True,1.137,-9.706,4.85,28.78
1786962214.291,,0,,,,73.990,73.866,True,1.137,-9.835,4.93,28.84
1786962214.391,,0,,,,73.970,73.844,True,1.137,-10.312,5.20,29.04
1786962214.491,,0,,,,73.820,73.680,True,1.137,-10.227,5.15,29.03
1786962214.591,,0,,,,73.600,73.439,True,1.137,-10.070,5.08,29.04
1786962214.691,,0,,,,73.280,73.088,True,1.137,-10.373,5.24,29.11
1786962214.691,,0,,,,73.240,73.044,True,1.137,-10.251,5.18,29.09
1786962214.791,,0,,,,72.800,72.544,True,1.131,-10.312,5.22,29.14
1786962214.841,,0,,,,72.620,72.331,True,1.124,-10.244,5.18,29.12
1786962214.941,,0,,,,72.140,71.763,True,1.108,-9.958,5.03,29.11
1786962214.991,,0,,,,71.940,71.526,True,1.102,-9.652,4.88,29.09
1786962215.116,,0,,,,71.450,70.946,True,1.085,-9.371,4.73,29.06
1786962215.191,,0,,,,71.070,70.497,True,1.072,-9.242,4.67,29.05
1786962215.291,,0,,,,70.600,69.940,True,1.057,-9.098,4.59,29.04
1786962215.341,,0,,,,70.290,69.574,True,1.046,-8.992,4.53,29.02
1786962215.391,,0,,,,70.080,69.325,True,1.039,-8.938,4.51,29.01
1786962215.516,,0,,,,69.620,68.781,True,1.024,-8.796,4.43,28.99
1786962215.641,,0,,,,69.590,68.745,True,1.023,-8.584,4.32,28.97
1786962215.691,,0,,,,69.690,68.863,True,1.026,-11.292,5.88,30.03
1786962215.791,,0,,,,70.080,69.325,True,1.039,-11.089,5.77,30.01
1786962215.891,,0,,,,70.430,69.739,True,1.051,-11.005,5.73,30.00
1786962215.991,,0,,,,70.550,69.881,True,1.055,-11.587,5.98,29.76
1786962216.091,,0,,,,70.400,69.704,True,1.050,-11.010,5.66,29.63
1786962216.191,,0,,,,69.900,69.112,True,1.033,-11.231,5.78,29.68
1786962216.266,,0,,,,69.580,68.733,True,1.023,-11.223,5.77,29.66
1786962216.366,,0,,,,68.970,68.011,True,1.002,-11.209,5.76,29.64
1786962216.441,,0,,,,68.590,67.562,True,0.990,-11.269,5.79,29.62
1786962216.491,,0,,,,68.410,67.348,True,0.984,-11.153,5.73,29.60
1786962216.541,,0,,,,68.160,67.053,True,0.975,-11.136,5.71,29.58
1786962216.691,,0,,,,67.770,66.591,True,0.962,-10.657,5.47,29.57
1786962216.766,,0,,,,67.660,66.461,True,0.959,-10.140,5.20,29.54
1786962216.791,,0,,,,67.540,66.319,True,0.955,-9.826,5.04,29.53
1786962216.891,,0,,,,67.100,65.798,True,0.940,-9.410,4.83,29.52
1786962216.891,,0,,,,67.100,65.798,True,0.940,-9.044,4.64,29.50
1786962216.991,,0,,,,66.840,65.490,True,0.931,-8.639,4.43,29.48
1786962217.116,,0,,,,66.610,65.218,True,0.924,-8.571,4.39,29.47
1786962217.191,,0,,,,66.510,65.100,True,0.920,-8.379,4.29,29.44
1786962217.291,,0,,,,66.470,65.052,True,0.919,-8.242,4.22,29.43
1786962217.291,,0,,,,66.470,65.052,True,0.919,-8.231,4.21,29.41
1786962217.391,,0,,,,66.600,65.206,True,0.923,-11.489,5.98,30.01
1786962217.491,,0,,,,66.670,65.289,True,0.926,-11.540,6.00,30.00
1786962217.541,,0,,,,66.680,65.301,True,0.926,-11.615,6.04,29.98
1786962217.641,,0,,,,66.590,65.194,True,0.923,-11.576,6.01,29.97
1786962217.691,,0,,,,66.450,65.029,True,0.919,-12.478,6.55,30.33
1786962217.791,,0,,,,66.170,64.697,True,0.909,-12.232,6.42,30.32
1786962217.891,,0,,,,65.750,64.200,True,0.895,-12.107,6.36,30.30
1786962217.941,,0,,,,65.370,63.750,True,0.883,-11.971,6.28,30.27
1786962218.041,,0,,,,64.570,62.823,True,0.860,-12.134,6.38,30.36
1786962218.091,,0,,,,64.310,62.567,True,0.860,-11.878,6.24,30.34
1786962218.191,,0,,,,63.400,61.669,True,0.860,-11.568,6.08,30.31
1786962218.291,,0,,,,62.680,60.959,True,0.860,-11.993,6.32,30.44
1786962218.491,,0,,,,61.980,60.269,True,0.860,-12.383,6.54,30.49
1786962218.591,,0,,,,61.980,60.269,True,0.860,-12.423,6.58,30.60
1786962218.591,,0,,,,61.980,60.269,True,0.860,-11.959,6.34,30.59
1786962218.716,,0,,,,62.160,60.446,True,0.860,-11.608,6.15,30.57
1786962218.791,,0,,,,62.330,60.614,True,0.860,-11.099,5.88,30.55
1786962218.891,,0,,,,62.320,60.604,True,0.860,-10.725,5.68,30.53
1786962218.941,,0,,,,62.070,60.358,True,0.860,-10.339,5.47,30.50
1786962219.041,,0,,,,61.440,59.736,True,0.860,-9.983,5.28,30.49
1786962219.091,,0,,,,60.990,59.292,True,0.860,-9.758,5.16,30.47
1786962219.191,,0,,,,60.320,58.632,True,0.860,-118.262,5.45,6.19
1786962219.291,,0,,,,59.690,58.010,True,0.860,-118.217,5.45,6.18
1786962219.391,,0,,,,59.330,57.655,True,0.860,-118.555,5.42,6.17
1786962219.491,,0,,,,59.020,57.349,True,0.860,-118.882,5.39,6.16
1786962219.591,,0,,,,58.700,57.034,True,0.860,-119.423,5.35,6.15
1786962219.641,,0,,,,58.440,56.777,True,0.860,-119.661,5.33,6.13
1786962219.716,,0,,,,58.220,56.560,True,0.860,-119.573,5.32,6.12
1786962219.791,,0,,,,57.910,56.255,True,0.860,-119.375,5.32,6.10
1786962219.891,,0,,,,57.460,55.811,True,0.860,-119.449,5.30,6.09
1786962219.991,,0,,,,56.400,54.765,True,0.860,-119.534,5.29,6.08
1786962220.041,,0,,,,56.120,54.489,True,0.860,-119.266,5.29,6.06
1786962220.091,,0,,,,55.600,53.976,True,0.860,-119.194,5.29,6.06
1786962220.141,,0,,,,55.370,53.749,True,0.860,-119.102,5.28,6.05
1786962220.341,,0,,,,54.530,52.944,True,0.860,-119.025,5.27,6.02
1786962220.441,,0,,,,54.390,52.829,True,0.860,-119.006,5.26,6.01
1786962220.491,,0,,,,54.320,52.771,True,0.860,-118.974,5.25,6.00
1786962220.591,,0,,,,54.390,52.829,True,0.860,-118.977,5.24,5.99
1786962220.691,,0,,,,54.410,52.845,True,0.860,-118.952,5.22,5.97
1786962220.741,,0,,,,54.270,52.730,True,0.860,-118.931,5.21,5.96
1786962220.791,,0,,,,54.120,52.607,True,0.860,-118.833,5.21,5.95
1786962220.891,,0,,,,53.670,52.237,True,0.860,-10.740,5.82,31.23
1786962220.941,,0,,,,53.410,52.023,True,0.860,-10.447,5.66,31.21
1786962220.991,,0,,,,52.800,51.522,True,0.860,-10.321,5.59,31.20
1786962221.091,,0,,,,52.000,50.864,True,0.860,-10.076,5.45,31.16
1786962221.191,,0,,,,51.050,50.084,True,0.860,-10.305,5.60,31.30
1786962221.291,,0,,,,50.350,49.508,True,0.860,-9.821,5.34,31.28
1786962221.391,,0,,,,49.740,49.007,True,0.860,-9.371,5.09,31.25
1786962221.441,,0,,,,49.380,48.711,True,0.860,-8.971,4.87,31.23
1786962221.541,,0,,,,48.750,48.193,True,0.860,-9.602,5.22,31.28
1786962221.616,,0,,,,48.500,47.988,True,0.860,-9.320,5.06,31.27
1786962221.691,,0,,,,48.240,47.774,True,0.860,-8.845,4.80,31.25
1786962221.816,,0,,,,47.560,47.215,True,0.860,-8.808,4.82,31.45
1786962221.891,,0,,,,47.180,46.903,True,0.860,-8.395,4.59,31.44
1786962221.941,,0,,,,46.830,46.615,True,0.860,-8.078,4.41,31.41
1786962222.041,,0,,,,46.270,46.155,True,0.860,-8.581,4.69,31.42
1786962222.141,,0,,,,45.660,45.654,True,0.860,-8.502,4.64,31.39
1786962222.291,,0,,,,44.890,45.021,True,0.860,-8.836,4.87,31.71
1786962222.291,,0,,,,44.890,45.021,True,0.860,-8.683,4.78,31.69
1786962222.516,,0,,,,43.680,44.026,True,0.860,-8.148,4.49,31.66
1786962222.616,,0,,,,42.670,43.196,True,0.860,-8.540,4.70,31.67
1786962222.641,,0,,,,42.450,42.986,True,0.861,-8.160,4.49,31.65
1786962222.716,,0,,,,41.640,42.213,True,0.866,-7.519,4.14,31.62
1786962222.791,,0,,,,41.070,41.669,True,0.870,-6.896,3.79,31.58
1786962222.891,,0,,,,40.450,41.077,True,0.874,-7.271,4.01,31.66
1786962222.891,,0,,,,40.450,41.077,True,0.874,-6.979,3.85,31.65
1786962223.041,,0,,,,40.010,40.657,True,0.877,-6.495,3.58,31.62
1786962223.091,,0,,,,39.930,40.581,True,0.877,-6.215,3.42,31.61
1786962223.216,,0,,,,39.990,40.638,True,0.877,-6.928,3.84,31.83
1786962223.241,,0,,,,39.980,40.628,True,0.877,-6.759,3.74,31.81
1786962223.366,,0,,,,39.740,40.399,True,0.879,-6.591,3.65,31.82
1786962223.491,,0,,,,38.600,39.311,True,0.886,-6.404,3.55,31.80
1786962223.491,,0,,,,38.600,39.311,True,0.886,-6.142,3.40,31.78
1786962223.591,,0,,,,37.540,38.299,True,0.893,-6.819,3.78,31.88
1786962223.691,,0,,,,36.450,37.259,True,0.900,-6.586,3.65,31.85
1786962223.816,,0,,,,35.530,36.381,True,0.906,-6.510,3.61,31.82
1786962223.841,,0,,,,35.180,36.046,True,0.908,-6.112,3.39,31.80
1786962223.991,,0,,,,34.190,35.101,True,0.914,-5.583,3.09,31.77
1786962224.041,,0,,,,34.020,34.939,True,0.915,-5.250,2.91,31.75
1786962224.091,,0,,,,33.790,34.720,True,0.917,-4.979,2.75,31.73
1786962224.191,,0,,,,33.340,34.290,True,0.920,-4.680,2.59,31.71
1786962224.291,,0,,,,32.740,33.717,True,0.924,-4.250,2.35,31.70
1786962224.341,,0,,,,32.370,33.364,True,0.926,-4.258,2.35,31.67
1786962224.441,,0,,,,32.030,32.997,True,0.916,-3.640,2.01,31.65
1786962224.516,,0,,,,31.950,32.910,True,0.913,-3.263,1.80,31.63
1786962224.591,,0,,,,31.710,32.647,True,0.905,-3.092,1.71,31.62
1786962224.666,,0,,,,31.510,32.427,True,0.898,-2.959,1.63,31.60
1786962224.691,,0,,,,31.340,32.241,True,0.892,-2.826,1.56,31.59
1786962224.741,,0,,,,31.080,31.956,True,0.883,-2.614,1.44,31.57
1786962224.891,,0,,,,29.910,30.674,True,0.842,-5.601,3.15,32.25
1786962224.941,,0,,,,29.640,30.378,True,0.833,-5.270,2.96,32.22
1786962225.041,,0,,,,28.830,29.490,True,0.805,-5.053,2.84,32.20
1786962225.116,,0,,,,28.160,28.756,True,0.782,-4.714,2.64,32.17
1786962225.241,,0,,,,27.460,27.989,True,0.759,-3.684,2.07,32.14
1786962225.341,,0,,,,27.070,27.562,True,0.745,-3.472,1.94,32.10
1786962225.441,,0,,,,26.530,26.970,True,0.727,-3.433,1.92,32.08
1786962225.491,,0,,,,26.280,26.696,True,0.719,-3.217,1.80,32.05
1786962225.591,,0,,,,25.860,26.236,True,0.705,-4.529,2.57,32.50
1786962225.691,,0,,,,25.350,25.677,True,0.688,-4.052,2.30,32.49
1786962225.741,,0,,,,25.150,25.458,True,0.681,-3.798,2.15,32.47
1786962225.791,,0,,,,24.980,25.271,True,0.675,-3.521,1.99,32.46
1786962225.891,,0,,,,24.680,24.942,True,0.665,-3.172,1.80,32.44
1786962225.941,,0,,,,24.630,24.888,True,0.664,-2.707,1.53,32.42
1786962226.041,,0,,,,24.230,24.449,True,0.651,-2.428,1.37,32.40
1786962226.141,,0,,,,23.540,23.693,True,0.628,-2.031,1.15,32.37
1786962226.241,,0,,,,22.930,22.990,True,0.611,-3.374,1.92,32.55
1786962226.291,,0,,,,22.300,22.244,True,0.595,-3.031,1.72,32.52
1786962226.441,,0,,,,20.740,20.397,True,0.556,-2.287,1.30,32.49
1786962226.491,,0,,,,20.270,19.841,True,0.545,-2.460,1.41,32.75
1786962226.591,,0,,,,19.700,19.166,True,0.531,-2.788,1.59,32.67
1786962226.641,,0,,,,19.580,19.024,True,0.528,-2.372,1.35,32.65
1786962226.691,,0,,,,19.540,18.977,True,0.527,-2.036,1.16,32.72
1786962226.741,,0,,,,19.480,18.906,True,0.525,-1.748,1.00,32.70
1786962226.841,,0,,,,19.100,18.456,True,0.516,-1.583,0.90,32.68
1786962226.891,,0,,,,19.000,18.338,True,0.514,-1.357,0.77,32.65
1786962227.016,,0,,,,18.580,17.841,True,0.504,-1.038,0.59,32.63
1786962227.091,,0,,,,18.310,17.521,True,0.498,-0.770,0.44,32.62
1786962227.191,,0,,,,17.830,16.953,True,0.486,-0.448,0.26,32.59
1786962227.291,,0,,,,17.070,16.053,True,0.469,-0.236,0.13,32.57
1786962227.391,,0,,,,16.580,15.473,True,0.458,0.136,0.08,32.54
1786962227.491,,0,,,,16.240,15.071,True,0.450,0.398,0.23,32.53
1786962227.591,,0,,,,16.050,14.846,True,0.446,0.609,0.35,32.49
1786962227.591,,0,,,,16.050,14.846,True,0.446,0.642,0.36,32.48
1786962227.691,,0,,,,15.770,14.514,True,0.440,0.726,0.41,32.46
1786962227.791,,0,,,,15.580,14.290,True,0.436,1.075,0.61,32.43
1786962227.891,,0,,,,15.360,14.029,True,0.431,1.398,0.79,32.41
1786962227.991,,0,,,,15.000,13.603,True,0.424,1.699,0.96,32.38
1786962228.116,,0,,,,14.540,13.080,True,0.429,1.942,1.10,32.36
1786962228.141,,0,,,,14.380,12.897,True,0.431,2.203,1.24,32.33
1786962228.241,,0,,,,14.050,12.522,True,0.435,2.612,1.47,32.32
1786962228.291,,0,,,,13.980,12.442,True,0.436,2.899,1.63,32.30
1786962228.391,,0,,,,13.550,11.953,True,0.441,3.088,1.74,32.27
1786962228.491,,0,,,,12.900,11.213,True,0.449,3.491,1.96,32.25
1786962228.591,,0,,,,12.270,10.496,True,0.457,3.736,2.10,32.22
1786962228.716,,0,,,,11.740,9.893,True,0.464,3.973,2.23,32.19
1786962228.816,,0,,,,11.550,9.677,True,0.466,4.177,2.34,32.17
1786962228.891,,0,,,,11.450,9.563,True,0.467,4.447,2.49,32.16
1786962228.991,,0,,,,11.420,9.529,True,0.468,4.744,2.66,32.13
1786962229.041,,0,,,,11.430,9.541,True,0.467,5.104,2.86,32.11
1786962229.141,,0,,,,11.380,9.484,True,0.468,5.251,2.94,32.09
1786962229.241,,0,,,,10.870,8.903,True,0.475,5.393,3.01,32.06
1786962229.341,,0,,,,10.250,8.198,True,0.483,5.866,3.27,32.03
1786962229.441,,0,,,,9.670,7.538,True,0.490,6.262,3.49,32.01
1786962229.491,,0,,,,9.380,7.208,True,0.494,6.568,3.66,31.99
1786962229.616,,0,,,,8.780,6.525,True,0.502,6.824,3.80,31.98
1786962229.641,,0,,,,8.540,6.252,True,0.505,7.268,4.04,31.96
1786962229.691,,0,,,,8.310,5.990,True,0.508,0.096,0.06,33.41
1786962229.791,,0,,,,7.850,5.467,True,0.514,0.470,0.27,33.39
1786962229.891,,0,,,,7.390,4.943,True,0.520,0.774,0.45,33.38
1786962229.941,,0,,,,7.160,4.681,True,0.523,1.037,0.60,33.35
1786962229.991,,0,,,,6.830,4.306,True,0.528,1.200,0.70,33.34
1786962230.091,,0,,,,6.460,3.885,True,0.533,1.521,0.88,33.32
1786962230.191,,0,,,,6.050,3.377,True,0.529,1.715,1.00,33.30
1786962230.241,,0,,,,5.870,3.145,True,0.526,2.110,1.23,33.27
1786962230.341,,0,,,,5.610,2.811,True,0.521,2.541,1.47,33.25
1786962230.416,,0,,,,5.460,2.618,True,0.518,2.827,1.64,33.23
1786962230.491,,0,,,,5.170,2.244,True,0.513,2.941,1.70,33.21
1786962230.541,,0,,,,4.860,1.846,True,0.507,3.042,1.76,33.19
1786962230.616,,0,,,,4.600,1.511,True,0.503,3.148,1.82,33.18
1786962230.691,,0,,,,4.190,0.983,True,0.495,1.209,0.71,33.63
1786962230.766,,0,,,,3.850,0.546,True,0.489,1.201,0.70,33.61
1786962230.791,,0,,,,3.670,0.314,True,0.486,1.285,0.75,33.60
1786962230.891,,0,,,,3.370,-0.072,True,0.481,1.328,0.78,33.59
1786962230.891,,0,,,,3.370,-0.072,True,0.481,1.508,0.88,33.57
1786962231.016,,0,,,,2.970,-0.586,True,0.474,1.328,0.78,33.55
1786962231.116,,0,,,,2.570,-1.101,True,0.467,1.674,0.98,33.53
1786962231.141,,0,,,,2.450,-1.255,True,0.464,1.948,1.14,33.51
1786962231.291,,0,,,,1.790,-2.105,True,0.453,2.174,1.27,33.49
1786962231.341,,0,,,,1.670,-2.259,True,0.451,2.224,1.30,33.46
1786962231.391,,0,,,,1.190,-2.877,True,0.443,2.373,1.38,33.45
1786962231.491,,0,,,,0.810,-3.365,True,0.437,2.571,1.50,33.42
1786962231.591,,0,,,,0.410,-3.880,True,0.430,0.112,0.07,33.85
1786962231.641,,0,,,,0.210,-4.138,True,0.427,0.186,0.11,33.83
1786962231.741,,0,,,,-0.140,-4.588,True,0.421,0.170,0.10,33.80
1786962231.841,,0,,,,-0.470,-5.012,True,0.416,0.085,0.05,33.78
1786962231.941,,0,,,,-0.770,-5.398,True,0.411,-1.117,0.66,33.89
1786962232.016,,0,,,,-0.880,-5.540,True,0.409,-1.020,0.60,33.96
1786962232.091,,0,,,,-1.080,-5.797,True,0.406,-0.968,0.57,33.94
1786962232.191,,0,,,,-1.160,-5.900,True,0.405,-1.003,0.59,33.92
1786962232.291,,0,,,,-1.210,-5.965,True,0.404,-1.312,0.78,33.99
1786962232.391,,0,,,,-1.250,-6.016,True,0.403,-1.134,0.67,33.96
1786962232.491,,0,,,,-1.260,-6.029,True,0.403,-2.144,1.27,33.97
1786962232.566,,0,,,,-1.310,-6.093,True,0.402,-1.935,1.15,33.95
1786962232.641,,0,,,,-1.480,-6.272,True,0.407,-1.783,1.06,34.06
1786962232.691,,0,,,,-1.660,-6.456,True,0.413,-2.179,1.30,34.06
1786962232.791,,0,,,,-1.900,-6.701,True,0.421,-2.135,1.27,34.04
1786962232.891,,0,,,,-2.580,-7.394,True,0.444,-1.988,1.18,34.02
1786962232.991,,0,,,,-3.030,-7.854,True,0.459,-1.806,1.07,34.01
1786962233.091,,0,,,,-3.360,-8.190,True,0.471,-1.538,0.91,33.97
1786962233.266,,0,,,,-3.540,-8.374,True,0.478,-1.376,0.82,33.94
1786962233.341,,0,,,,-3.650,-8.486,True,0.482,-1.133,0.67,33.91
1786962233.441,,0,,,,-3.850,-8.690,True,0.489,-0.952,0.56,33.90
1786962233.541,,0,,,,-4.130,-8.976,True,0.499,-0.669,0.40,33.87
1786962233.616,,0,,,,-4.280,-9.129,True,0.505,-0.359,0.21,33.86
1786962233.741,,0,,,,-4.830,-9.690,True,0.526,0.082,0.05,33.82
1786962233.891,,0,,,,-5.250,-10.119,True,0.542,-1.881,1.12,34.00
1786962233.991,,0,,,,-5.460,-10.333,True,0.550,-1.544,0.92,33.97
1786962234.116,,0,,,,-5.820,-10.700,True,0.564,-1.713,1.02,34.08
1786962234.241,,0,,,,-6.370,-11.262,True,0.585,-1.927,1.15,34.09
1786962234.416,,0,,,,-6.950,-11.853,True,0.609,-1.520,0.90,34.05
1786962234.491,,0,,,,-7.300,-12.211,True,0.623,-1.086,0.65,34.03
1786962234.591,,0,,,,-7.790,-12.711,True,0.642,-1.302,0.77,34.02
1786962234.716,,0,,,,-8.230,-13.160,True,0.660,-1.059,0.63,34.01
1786962234.791,,0,,,,-8.560,-13.496,True,0.674,-0.705,0.42,33.99
1786962234.891,,0,,,,-8.760,-13.700,True,0.682,-0.442,0.26,33.97
1786962235.016,,0,,,,-9.200,-14.149,True,0.700,-0.077,0.05,33.95
1786962235.091,,0,,,,-9.520,-14.476,True,0.714,0.041,0.02,33.93
1786962235.191,,0,,,,-10.030,-14.996,True,0.735,0.360,0.21,33.90
1786962235.291,,0,,,,-10.440,-15.415,True,0.752,0.660,0.39,33.89
1786962235.391,,0,,,,-10.940,-15.925,True,0.773,0.927,0.55,33.86
1786962235.466,,0,,,,-11.300,-16.226,True,0.766,1.265,0.75,33.84
1786962235.541,,0,,,,-11.780,-16.610,True,0.750,1.452,0.86,33.83
1786962235.591,,0,,,,-12.240,-16.978,True,0.735,1.699,1.00,33.81
1786962235.716,,0,,,,-12.670,-17.321,True,0.721,2.020,1.19,33.79
1786962235.791,,0,,,,-13.050,-17.625,True,0.708,2.160,1.27,33.77
1786962235.891,,0,,,,-13.390,-17.897,True,0.697,2.390,1.41,33.75
1786962235.991,,0,,,,-13.780,-18.209,True,0.685,2.474,1.46,33.73
1786962236.091,,0,,,,-14.200,-18.545,True,0.671,2.743,1.61,33.71
1786962236.191,,0,,,,-14.450,-18.745,True,0.663,2.633,1.55,33.69
1786962236.291,,0,,,,-14.760,-18.993,True,0.653,2.724,1.60,33.68
1786962236.416,,0,,,,-15.210,-19.353,True,0.639,2.849,1.67,33.65
1786962236.491,,0,,,,-15.620,-19.681,True,0.626,2.953,1.73,33.64
1786962236.591,,0,,,,-16.070,-20.040,True,0.612,2.968,1.74,33.62
1786962236.591,,0,,,,-16.070,-20.040,True,0.612,3.099,1.82,33.61
1786962236.691,,0,,,,-16.620,-20.480,True,0.594,3.214,1.88,33.60
1786962236.766,,0,,,,-16.820,-20.640,True,0.588,3.270,1.92,33.59
1786962236.791,,0,,,,-17.030,-20.808,True,0.582,3.315,1.94,33.58
1786962236.841,,0,,,,-17.100,-20.864,True,0.579,3.358,1.97,33.56
1786962236.891,,0,,,,-17.280,-21.008,True,0.574,3.413,2.00,33.55
1786962236.941,,0,,,,-17.440,-21.136,True,0.569,3.356,1.96,33.53
1786962237.091,,0,,,,-18.000,-21.584,True,0.552,3.361,1.97,33.51
1786962237.691,,0,,,,-19.550,-22.823,True,0.505,-3.565,2.15,34.55
1786962237.791,,0,,,,-19.570,-22.839,True,0.505,-3.718,2.24,34.53
1786962237.891,,0,,,,-19.680,-22.927,True,0.502,-3.724,2.24,34.53
1786962237.941,,0,,,,-19.790,-23.015,True,0.498,-3.996,2.40,34.37
1786962237.991,,0,,,,-19.890,-23.095,True,0.496,-4.076,2.44,34.37
1786962238.091,,0,,,,-20.210,-23.351,True,0.486,-3.955,2.37,34.36
1786962238.141,,0,,,,-20.320,-23.439,True,0.483,-3.836,2.30,34.34
1786962238.241,,0,,,,-20.560,-23.631,True,0.476,-4.463,2.67,34.37
1786962238.291,,0,,,,-20.830,-23.847,True,0.469,-4.261,2.55,34.36
1786962238.391,,0,,,,-21.090,-24.055,True,0.461,-4.196,2.51,34.34
1786962238.441,,0,,,,-21.180,-24.127,True,0.459,-4.017,2.41,34.33
1786962238.516,,0,,,,-21.380,-24.287,True,0.453,-4.429,2.66,34.43
1786962238.591,,0,,,,-21.760,-24.591,True,0.443,-4.256,2.55,34.42
1786962238.691,,0,,,,-22.270,-24.998,True,0.429,-4.107,2.46,34.40
1786962238.791,,0,,,,-22.760,-25.390,True,0.417,-5.017,3.02,34.56
1786962238.891,,0,,,,-23.320,-25.838,True,0.402,-4.866,2.93,34.55
1786962238.991,,0,,,,-23.600,-26.041,True,0.408,-4.655,2.80,34.53
1786962239.091,,0,,,,-23.640,-26.070,True,0.409,-4.368,2.63,34.52
1786962239.191,,0,,,,-23.600,-26.041,True,0.408,-4.072,2.45,34.49
1786962239.241,,0,,,,-23.570,-26.019,True,0.408,-3.822,2.30,34.48
1786962239.316,,0,,,,-23.580,-26.026,True,0.408,-3.709,2.23,34.48
1786962239.391,,0,,,,-23.640,-26.070,True,0.409,-4.075,2.46,34.56
1786962239.491,,0,,,,-23.840,-26.214,True,0.414,-3.891,2.34,34.54
1786962239.591,,0,,,,-24.120,-26.416,True,0.420,-3.880,2.34,34.53
1786962239.741,,0,,,,-24.640,-26.791,True,0.433,-5.031,3.06,34.86
1786962239.791,,0,,,,-24.720,-26.849,True,0.434,-4.875,2.96,34.85
1786962239.941,,0,,,,-25.180,-27.181,True,0.446,-4.575,2.78,34.83
1786962239.991,,0,,,,-25.410,-27.347,True,0.451,-4.215,2.56,34.82
1786962240.166,,0,,,,-26.040,-27.802,True,0.467,-3.796,2.30,34.79
1786962240.241,,0,,,,-26.440,-28.091,True,0.477,-3.692,2.24,34.77
1786962240.416,,0,,,,-27.250,-28.675,True,0.498,-3.448,2.09,34.75
1786962240.491,,0,,,,-27.720,-29.014,True,0.511,-3.280,1.99,34.74
1786962240.491,,0,,,,-27.720,-29.014,True,0.511,-3.287,1.99,34.73
1786962240.591,,0,,,,-28.240,-29.390,True,0.525,-2.995,1.81,34.72
1786962240.666,,0,,,,-28.530,-29.599,True,0.532,-2.875,1.74,34.71
1786962240.691,,0,,,,-28.690,-29.714,True,0.537,-2.703,1.64,34.70
1786962240.791,,0,,,,-29.030,-29.960,True,0.546,-2.360,1.43,34.69
1786962240.841,,0,,,,-29.160,-30.054,True,0.550,-2.396,1.45,34.68
1786962240.891,,0,,,,-29.250,-30.119,True,0.552,-2.263,1.37,34.67
1786962240.941,,0,,,,-29.350,-30.191,True,0.555,-2.084,1.26,34.66
1786962241.041,,0,,,,-29.460,-30.270,True,0.558,-1.823,1.10,34.65
1786962241.091,,0,,,,-29.490,-30.292,True,0.559,-1.734,1.05,34.64
1786962241.191,,0,,,,-29.930,-30.609,True,0.571,-1.691,1.02,34.63
1786962241.341,,0,,,,-30.550,-31.057,True,0.588,-1.282,0.77,34.61
1786962241.441,,0,,,,-31.060,-31.425,True,0.602,-1.288,0.78,34.60
1786962241.491,,0,,,,-31.350,-31.634,True,0.611,-1.116,0.67,34.59
1786962241.591,,0,,,,-32.080,-32.161,True,0.631,-1.008,0.61,34.58
1786962241.691,,0,,,,-32.600,-32.536,True,0.646,-1.193,0.72,34.57
1786962241.791,,0,,,,-33.230,-32.991,True,0.665,-5.031,3.21,36.57
1786962241.891,,0,,,,-33.810,-33.410,True,0.681,-4.936,3.15,36.56
1786962241.991,,0,,,,-34.220,-33.706,True,0.693,-4.934,3.14,36.54
1786962242.066,,0,,,,-34.440,-33.864,True,0.700,-5.281,3.30,35.91
1786962242.141,,0,,,,-34.660,-34.023,True,0.706,-5.250,3.28,35.89
1786962242.191,,0,,,,-34.790,-34.117,True,0.710,-5.145,3.22,35.88
1786962242.291,,0,,,,-34.940,-34.225,True,0.715,-4.842,3.03,35.88
1786962242.366,,0,,,,-35.070,-34.319,True,0.718,-5.371,3.38,36.13
1786962242.491,,0,,,,-35.700,-34.774,True,0.737,-5.335,3.36,36.12
1786962242.566,,0,,,,-35.910,-34.925,True,0.743,-5.091,3.20,36.11
1786962242.591,,0,,,,-36.040,-35.019,True,0.747,-5.340,3.39,36.48
1786962242.691,,0,,,,-36.340,-35.236,True,0.756,-5.182,3.29,36.47
1786962242.791,,0,,,,-36.790,-35.560,True,0.769,-4.955,3.15,36.46
1786962242.916,,0,,,,-37.310,-35.967,True,0.776,-4.946,3.14,36.45
1786962242.991,,0,,,,-37.520,-36.139,True,0.776,-4.846,3.08,36.43
1786962243.091,,0,,,,-37.780,-36.353,True,0.776,-4.724,3.00,36.42
1786962243.191,,0,,,,-37.910,-36.460,True,0.776,-5.762,3.74,37.23
1786962243.291,,0,,,,-38.020,-36.550,True,0.776,-5.683,3.69,37.22
1786962243.391,,0,,,,-38.260,-36.748,True,0.776,-5.608,3.63,37.19
1786962243.491,,0,,,,-38.660,-37.076,True,0.776,-5.593,3.62,37.19
1786962243.541,,0,,,,-39.030,-37.380,True,0.776,-5.419,3.51,37.17
1786962243.641,,0,,,,-39.590,-37.841,True,0.776,-5.294,3.43,37.17
1786962243.766,,0,,,,-40.130,-38.285,True,0.776,-5.155,3.34,37.16
1786962243.866,,0,,,,-40.330,-38.449,True,0.776,-4.835,3.13,37.15
1786962243.941,,0,,,,-40.360,-38.474,True,0.776,-4.652,3.01,37.13
1786962244.066,,0,,,,-40.390,-38.498,True,0.776,-4.525,2.93,37.12
1786962244.141,,0,,,,-40.510,-38.597,True,0.776,-4.348,2.81,37.11
1786962244.291,,0,,,,-41.070,-39.057,True,0.776,-4.326,2.81,37.22
1786962244.391,,0,,,,-41.550,-39.452,True,0.776,-4.307,2.79,37.21
1786962244.441,,0,,,,-42.000,-39.822,True,0.776,-5.484,3.67,38.38
1786962244.616,,0,,,,-43.110,-40.734,True,0.776,-4.521,2.96,37.62
1786962244.641,,0,,,,-43.330,-40.915,True,0.776,-4.243,2.78,37.61
1786962244.691,,0,,,,-43.520,-41.071,True,0.776,-4.478,2.95,37.72
1786962244.791,,0,,,,-43.850,-41.342,True,0.776,-4.248,2.79,37.71
1786962244.891,,0,,,,-44.140,-41.580,True,0.776,-4.099,2.69,37.70
1786962244.941,,0,,,,-44.460,-41.843,True,0.776,-3.912,2.57,37.69
1786962244.991,,0,,,,-44.540,-41.909,True,0.776,-3.645,2.40,37.68
1786962245.091,,0,,,,-44.910,-42.213,True,0.776,-3.420,2.25,37.67
1786962245.191,,0,,,,-45.300,-42.534,True,0.776,-3.233,2.12,37.65
1786962245.291,,0,,,,-45.830,-42.970,True,0.776,-3.003,1.97,37.65
1786962245.391,,0,,,,-46.140,-43.224,True,0.776,-2.935,1.93,37.64
1786962245.491,,0,,,,-46.620,-43.619,True,0.776,-2.911,1.93,38.04
1786962245.591,,0,,,,-46.910,-43.857,True,0.776,-2.735,1.82,38.04
1786962245.691,,0,,,,-47.200,-44.096,True,0.776,-2.643,1.75,38.03
1786962245.791,,0,,,,-47.530,-44.367,True,0.776,-3.908,2.66,39.09
1786962245.941,,0,,,,-48.350,-45.041,True,0.776,-2.798,1.88,38.47
1786962246.041,,0,,,,-48.860,-45.460,True,0.776,-3.179,2.14,38.60
1786962246.141,,0,,,,-49.440,-45.947,True,0.766,-3.171,2.13,38.57
1786962246.191,,0,,,,-49.670,-46.141,True,0.761,-3.315,2.23,38.56
1786962246.316,,0,,,,-50.330,-46.699,True,0.747,-3.348,2.25,38.56
1786962246.416,,0,,,,-50.900,-47.181,True,0.735,-3.291,2.21,38.55
1786962246.441,,0,,,,-51.100,-47.350,True,0.731,-3.089,2.08,38.54
1786962246.591,,0,,,,-51.740,-47.891,True,0.717,-3.424,2.33,39.07
1786962246.691,,0,,,,-52.220,-48.297,True,0.707,-3.140,2.14,39.05
1786962246.791,,0,,,,-52.620,-48.635,True,0.699,-3.472,2.40,39.63
1786962246.916,,0,,,,-52.970,-48.931,True,0.691,-3.145,2.18,39.76
1786962246.991,,0,,,,-53.230,-49.151,True,0.686,-2.973,2.06,39.75
1786962247.166,,0,,,,-53.450,-49.337,True,0.681,-2.949,2.05,39.92
1786962247.241,,0,,,,-53.480,-49.362,True,0.681,-2.726,1.90,39.91
1786962247.341,,0,,,,-53.610,-49.472,True,0.678,-2.048,1.43,40.02
1786962247.691,,0,,,,-54.660,-50.360,True,0.656,-2.769,1.96,40.64
1786962247.741,,0,,,,-55.010,-50.656,True,0.649,-2.815,2.00,40.63
1786962247.841,,0,,,,-55.530,-51.096,True,0.638,-2.564,1.83,40.83
1786962247.941,,0,,,,-55.960,-51.459,True,0.629,-2.436,1.74,40.89
1786962248.041,,0,,,,-56.220,-51.679,True,0.624,-2.548,1.83,41.16
1786962248.141,,0,,,,-56.600,-52.000,True,0.616,-2.579,1.85,41.16
1786962248.191,,0,,,,-56.850,-52.212,True,0.611,-2.503,1.80,41.15
1786962248.291,,0,,,,-57.240,-52.541,True,0.603,-2.379,1.71,41.28
1786962248.441,,0,,,,-57.780,-52.998,True,0.592,-2.724,1.98,41.68
1786962248.491,,0,,,,-57.890,-53.091,True,0.590,-2.512,1.83,41.66
1786962248.591,,0,,,,-58.110,-53.277,True,0.585,-2.308,1.69,41.95
1786962248.641,,0,,,,-58.150,-53.311,True,0.585,-2.203,1.61,41.94
1786962248.741,,0,,,,-58.150,-53.311,True,0.585,-2.045,1.50,42.06
1786962248.791,,0,,,,-58.090,-53.260,True,0.586,-2.029,1.49,42.06
1786962248.841,,0,,,,-57.990,-53.175,True,0.588,-1.912,1.40,42.05
1786962248.891,,0,,,,-57.930,-53.125,True,0.589,-1.866,1.37,42.05
1786962248.991,,0,,,,-57.800,-53.015,True,0.592,-0.403,0.31,43.92
1786962248.991,,0,,,,-57.800,-53.015,True,0.592,-0.498,0.38,43.92
1786962249.091,,0,,,,-57.790,-53.006,True,0.592,-1.698,1.27,42.95
1786962249.191,,0,,,,-57.920,-53.116,True,0.589,-1.932,1.45,42.95
1786962249.316,,0,,,,-58.150,-53.311,True,0.585,-2.031,1.52,42.94
1786962249.391,,0,,,,-58.400,-53.522,True,0.580,-3.035,2.28,42.98
1786962249.491,,0,,,,-58.700,-53.776,True,0.574,-3.084,2.31,42.97
1786962249.591,,0,,,,-58.900,-53.945,True,0.570,-2.734,2.06,43.12
1786962249.791,,0,,,,-58.760,-53.826,True,0.572,-1.638,1.26,44.02
1786962249.841,,0,,,,-58.690,-53.767,True,0.574,-0.781,0.61,44.94
1786962249.916,,0,,,,-58.560,-53.657,True,0.576,-0.877,0.69,44.93
1786962250.016,,0,,,,-58.540,-53.640,True,0.577,-1.815,1.40,44.34
1786962250.091,,0,,,,-58.620,-53.708,True,0.575,-2.289,1.77,44.42
1786962250.191,,0,,,,-58.830,-53.885,True,0.571,-2.262,1.76,44.63
1786962250.291,,0,,,,-59.280,-54.266,True,0.562,-2.756,2.13,44.35
1786962250.391,,0,,,,-59.580,-54.519,True,0.556,-2.688,2.08,44.34
1786962250.541,,0,,,,-59.740,-54.655,True,0.553,-1.806,1.42,45.10
1786962250.641,,0,,,,-59.610,-54.545,True,0.555,-1.813,1.43,45.09
1786962250.691,,0,,,,-59.360,-54.334,True,0.560,-1.222,0.98,45.94
1786962250.791,,0,,,,-59.090,-54.105,True,0.566,-1.423,1.14,46.10
1786962250.916,,0,,,,-58.990,-54.021,True,0.568,-2.477,1.97,45.48
1786962251.016,,0,,,,-59.040,-54.063,True,0.567,-1.577,1.27,46.25
1786962251.041,,0,,,,-59.110,-54.122,True,0.565,-1.728,1.39,46.24
1786962251.091,,0,,,,-59.200,-54.198,True,0.564,-1.841,1.49,46.52
1786962251.191,,0,,,,-59.430,-54.393,True,0.559,-1.817,1.47,46.49
1786962251.291,,0,,,,-59.620,-54.553,True,0.555,-1.884,1.53,46.48
1786962251.391,,0,,,,-59.700,-54.621,True,0.554,-2.288,1.83,45.74
1786962251.491,,0,,,,-59.520,-54.469,True,0.557,-1.762,1.43,46.65
1786962251.541,,0,,,,-59.370,-54.342,True,0.560,-1.908,1.56,46.85
1786962251.591,,0,,,,-59.150,-54.156,True,0.565,-1.977,1.62,46.84
1786962251.716,,0,,,,-58.810,-53.869,True,0.571,-1.669,1.37,47.16
1786962251.741,,0,,,,-58.550,-53.649,True,0.577,-1.579,1.30,47.15
1786962251.891,,0,,,,-58.220,-53.370,True,0.583,-1.369,1.13,47.36
1786962251.966,,0,,,,-58.240,-53.387,True,0.583,-1.307,1.08,47.34
1786962252.091,,0,,,,-58.430,-53.547,True,0.579,-1.266,1.05,47.49
1786962252.191,,0,,,,-58.540,-53.640,True,0.577,-1.589,1.32,47.59
1786962252.241,,0,,,,-58.600,-53.691,True,0.576,-1.641,1.37,47.85
1786962252.291,,0,,,,-58.640,-53.725,True,0.575,-1.784,1.49,47.84
1786962252.391,,0,,,,-58.600,-53.691,True,0.576,-1.740,1.45,47.72
1786962252.491,,0,,,,-58.300,-53.437,True,0.582,-1.737,1.45,47.91
1786962252.591,,0,,,,-57.920,-53.116,True,0.589,-2.509,2.08,47.58
1786962252.691,,0,,,,-57.580,-52.829,True,0.596,-1.926,1.62,48.16
1786962252.741,,0,,,,-57.280,-52.575,True,0.602,-2.100,1.76,48.15
1786962252.791,,0,,,,-57.190,-52.499,True,0.604,-2.276,1.91,48.14
1786962252.916,,0,,,,-56.840,-52.203,True,0.611,-2.247,1.89,48.30
1786962252.941,,0,,,,-56.780,-52.152,True,0.612,-2.383,2.01,48.29
1786962252.991,,0,,,,-56.750,-52.127,True,0.613,-2.504,2.11,48.28
1786962253.041,,0,,,,-56.740,-52.119,True,0.613,-3.047,2.56,48.12
1786962253.091,,0,,,,-56.780,-52.152,True,0.612,-3.134,2.63,48.11
1786962253.241,,0,,,,-56.880,-52.237,True,0.610,-2.558,2.16,48.29
1786962253.341,,0,,,,-56.820,-52.186,True,0.612,-2.351,1.98,48.26
1786962253.416,,0,,,,-56.700,-52.085,True,0.614,-2.361,1.99,48.25
1786962253.441,,0,,,,-56.630,-52.026,True,0.615,-2.462,2.07,48.24
1786962253.491,,0,,,,-56.350,-51.789,True,0.621,-2.141,1.83,49.11
1786962253.641,,0,,,,-55.490,-51.062,True,0.639,-2.400,2.06,49.09
1786962253.716,,0,,,,-55.200,-50.817,True,0.645,-2.605,2.23,49.08
1786962253.791,,0,,,,-54.880,-50.546,True,0.651,-2.459,2.12,49.45
1786962254.191,,0,,,,-54.780,-50.462,True,0.653,-2.653,2.31,49.85
1786962254.341,,0,,,,-54.970,-50.622,True,0.650,-2.530,2.20,49.74
1786962254.741,,0,,,,-54.650,-50.352,True,0.656,-2.913,2.56,50.29
1786962254.816,,0,,,,-54.270,-50.030,True,0.664,-3.299,2.89,50.28
1786962254.891,,0,,,,-53.850,-49.675,True,0.673,-3.283,2.89,50.50
1786962254.991,,0,,,,-52.950,-48.914,True,0.692,-3.869,3.40,50.34
1786962255.041,,0,,,,-52.550,-48.576,True,0.700,-3.373,2.98,50.58
1786962255.141,,0,,,,-52.130,-48.221,True,0.709,-3.738,3.30,50.56
1786962255.241,,0,,,,-51.860,-47.993,True,0.715,-4.007,3.55,50.83
1786962255.341,,0,,,,-51.790,-47.934,True,0.716,-4.209,3.73,50.81
1786962255.491,,0,,,,-51.840,-47.976,True,0.715,-4.161,3.70,51.00
1786962255.641,,0,,,,-51.620,-47.790,True,0.720,-4.346,3.86,50.98
1786962255.791,,0,,,,-51.020,-47.283,True,0.733,-4.458,3.96,50.95
1786962255.891,,0,,,,-50.430,-46.784,True,0.745,-4.524,4.02,50.94
1786962256.191,,0,,,,-49.800,-46.251,True,0.759,-4.960,4.40,50.88
1786962256.241,,0,,,,-49.810,-46.260,True,0.758,-5.010,4.44,50.88
1786962256.391,,0,,,,-49.760,-46.218,True,0.759,-5.133,4.55,50.86
1786962256.466,,0,,,,-49.760,-46.218,True,0.759,-4.529,4.14,52.40
1786962256.591,,0,,,,-49.710,-46.175,True,0.760,-4.884,4.46,52.38
1786962256.716,,0,,,,-49.660,-46.133,True,0.762,-5.063,4.62,52.36
1786962256.791,,0,,,,-49.640,-46.116,True,0.762,-4.732,4.29,51.98
1786962256.916,,0,,,,-49.650,-46.125,True,0.762,-4.531,4.12,52.20
1786962256.991,,0,,,,-49.640,-46.116,True,0.762,-4.888,4.44,52.11
1786962257.091,,0,,,,-49.470,-45.972,True,0.766,-4.307,3.95,52.63
1786962257.141,,0,,,,-49.350,-45.871,True,0.768,-4.325,3.97,52.61
1786962257.191,,0,,,,-49.160,-45.710,True,0.772,-4.171,3.83,52.60
1786962257.391,,0,,,,-48.220,-44.934,True,0.776,-4.595,4.21,52.50
1786962257.441,,0,,,,-47.950,-44.712,True,0.776,-4.520,4.16,52.76
1786962257.566,,0,,,,-47.570,-44.400,True,0.776,-4.950,4.54,52.64
1786962257.591,,0,,,,-47.420,-44.276,True,0.776,-5.149,4.72,52.63
1786962257.691,,0,,,,-47.200,-44.096,True,0.776,-5.342,4.90,52.62
1786962257.791,,0,,,,-47.030,-43.956,True,0.776,-5.524,5.06,52.60
1786962257.891,,0,,,,-46.830,-43.791,True,0.776,-4.867,4.50,53.03
1786962258.016,,0,,,,-46.750,-43.726,True,0.776,-5.075,4.71,53.25
1786962258.091,,0,,,,-46.730,-43.709,True,0.776,-5.031,4.67,53.20
1786962258.166,,0,,,,-46.720,-43.701,True,0.776,-5.035,4.68,53.32
1786962258.191,,0,,,,-46.720,-43.701,True,0.776,-5.010,4.65,53.30
1786962258.291,,0,,,,-46.680,-43.668,True,0.776,-4.767,4.43,53.35
1786962258.391,,0,,,,-46.720,-43.701,True,0.776,-4.936,4.63,53.76
1786962258.491,,0,,,,-46.710,-43.693,True,0.776,-4.918,4.60,53.66
1786962258.541,,0,,,,-46.670,-43.660,True,0.776,-5.061,4.73,53.64
1786962258.641,,0,,,,-46.600,-43.602,True,0.776,-5.269,4.93,53.67
1786962258.791,,0,,,,-46.510,-43.528,True,0.776,-5.471,5.11,53.64
1786962258.991,,0,,,,-46.230,-43.298,True,0.776,-4.479,4.24,54.28
1786962259.041,,0,,,,-46.090,-43.183,True,0.776,-4.692,4.44,54.27
1786962259.191,,0,,,,-45.770,-42.920,True,0.776,-5.522,5.22,54.28
1786962259.316,,0,,,,-45.510,-42.707,True,0.776,-5.664,5.36,54.27
1786962259.341,,0,,,,-45.460,-42.665,True,0.776,-5.808,5.49,54.25
1786962259.441,,0,,,,-45.190,-42.443,True,0.776,-5.994,5.66,54.23
1786962259.541,,0,,,,-44.990,-42.279,True,0.776,-5.623,5.33,54.40
1786962259.591,,0,,,,-44.810,-42.131,True,0.776,-5.544,5.28,54.63
1786962259.691,,0,,,,-44.600,-41.959,True,0.776,-5.666,5.40,54.74
1786962259.816,,0,,,,-44.410,-41.802,True,0.776,-5.391,5.15,54.81
1786962259.891,,0,,,,-44.220,-41.646,True,0.776,-5.683,5.43,54.80
1786962259.991,,0,,,,-43.980,-41.449,True,0.776,-5.673,5.43,54.89
1786962260.041,,0,,,,-43.950,-41.424,True,0.776,-6.180,5.92,55.02
1786962260.091,,0,,,,-43.980,-41.449,True,0.776,-6.304,6.04,55.01
1786962260.166,,0,,,,-44.070,-41.523,True,0.776,-6.048,5.78,54.87
1786962260.266,,0,,,,-44.360,-41.761,True,0.776,-6.101,5.84,54.95
1786962260.291,,0,,,,-44.450,-41.835,True,0.776,-6.168,5.90,54.94
1786962260.391,,0,,,,-44.580,-41.942,True,0.776,-6.246,5.98,54.92
1786962260.491,,0,,,,-44.530,-41.901,True,0.776,-5.758,5.55,55.35
1786962260.591,,0,,,,-44.390,-41.786,True,0.776,-5.867,5.66,55.33
1786962260.691,,0,,,,-44.220,-41.646,True,0.776,-5.959,5.74,55.32
1786962260.791,,0,,,,-44.120,-41.564,True,0.776,-6.217,5.99,55.30
1786962260.916,,0,,,,-44.030,-41.490,True,0.776,-6.766,6.57,55.74
1786962260.916,,0,,,,-44.030,-41.490,True,0.776,-6.865,6.66,55.73
1786962260.991,,0,,,,-43.940,-41.416,True,0.776,-7.005,6.80,55.73
1786962261.041,,0,,,,-43.930,-41.408,True,0.776,-6.966,6.76,55.72
1786962261.141,,0,,,,-43.930,-41.408,True,0.776,-7.003,6.79,55.71
1786962261.191,,0,,,,-43.940,-41.416,True,0.776,-7.180,6.96,55.70
1786962261.291,,0,,,,-44.000,-41.465,True,0.776,-7.171,6.95,55.69
1786962261.341,,0,,,,-44.020,-41.482,True,0.776,-7.371,7.14,55.67
1786962261.441,,0,,,,-44.050,-41.507,True,0.776,-7.476,7.24,55.66
1786962261.591,,0,,,,-44.020,-41.482,True,0.776,-7.184,6.96,55.64
1786962261.641,,0,,,,-44.020,-41.482,True,0.776,-7.266,7.04,55.63
1786962261.741,,0,,,,-43.920,-41.400,True,0.776,-7.142,6.91,55.61
1786962261.841,,0,,,,-43.800,-41.301,True,0.776,-7.210,6.98,55.60
1786962261.891,,0,,,,-43.740,-41.252,True,0.776,-5.354,5.29,56.69
1786962261.991,,0,,,,-43.550,-41.096,True,0.776,-5.585,5.52,56.67
1786962262.091,,0,,,,-43.430,-40.997,True,0.776,-5.779,5.70,56.66
1786962262.191,,0,,,,-43.410,-40.980,True,0.776,-5.051,5.01,56.96
1786962262.241,,0,,,,-43.420,-40.989,True,0.776,-5.181,5.14,56.95
1786962262.291,,0,,,,-43.510,-41.063,True,0.776,-5.929,5.84,56.52
1786962262.391,,0,,,,-43.730,-41.243,True,0.776,-5.927,5.86,56.76
1786962262.391,,0,,,,-43.730,-41.243,True,0.776,-6.072,6.00,56.76
1786962262.516,,0,,,,-43.890,-41.375,True,0.776,-6.046,5.99,56.90
1786962262.616,,0,,,,-44.030,-41.490,True,0.776,-6.146,6.10,56.93
1786962262.641,,0,,,,-44.070,-41.523,True,0.776,-6.099,6.05,56.93
1786962262.691,,0,,,,-44.120,-41.564,True,0.776,-6.048,6.01,57.06
1786962262.791,,0,,,,-44.150,-41.589,True,0.776,-5.970,5.93,57.04
1786962262.891,,0,,,,-44.160,-41.597,True,0.776,-5.701,5.67,57.11
1786962263.041,,0,,,,-44.060,-41.515,True,0.776,-5.444,5.42,57.11
1786962263.141,,0,,,,-43.900,-41.383,True,0.776,-5.058,5.07,57.51
1786962263.316,,0,,,,-43.670,-41.194,True,0.776,-5.462,5.47,57.43
1786962263.391,,0,,,,-43.790,-41.293,True,0.776,-6.344,6.34,57.36
1786962263.541,,0,,,,-43.950,-41.424,True,0.776,-6.053,6.07,57.59
1786962263.591,,0,,,,-44.130,-41.572,True,0.776,-6.005,6.02,57.59
1786962263.691,,0,,,,-44.440,-41.827,True,0.776,-6.259,6.28,57.57
1786962263.791,,0,,,,-44.300,-41.712,True,0.776,-6.267,6.28,57.56
1786962263.841,,0,,,,-44.160,-41.597,True,0.776,-6.343,6.36,57.55
1786962263.891,,0,,,,-43.910,-41.391,True,0.776,-5.706,5.73,57.60
1786962264.016,,0,,,,-43.490,-41.046,True,0.776,-6.170,6.19,57.61
1786962264.041,,0,,,,-43.360,-40.939,True,0.776,-6.450,6.47,57.59
1786962264.141,,0,,,,-43.170,-40.783,True,0.776,-6.160,6.21,57.85
1786962264.266,,0,,,,-43.170,-40.783,True,0.776,-6.759,6.80,57.81
1786962264.491,,0,,,,-43.380,-40.956,True,0.776,-6.781,6.84,57.91
1786962264.691,,0,,,,-43.170,-40.783,True,0.776,-6.369,6.44,58.02
1786962264.791,,0,,,,-43.080,-40.709,True,0.776,-6.437,6.50,58.00
1786962264.991,,0,,,,-43.280,-40.874,True,0.776,-5.785,5.92,58.74
1786962265.091,,0,,,,-43.570,-41.112,True,0.776,-5.896,6.03,58.73
1786962265.191,,0,,,,-43.920,-41.400,True,0.776,-5.537,5.68,58.83
1786962265.241,,0,,,,-44.080,-41.531,True,0.776,-5.583,5.72,58.82
1786962265.291,,0,,,,-44.290,-41.704,True,0.776,-5.760,5.90,58.81
1786962265.466,,0,,,,-44.730,-42.065,True,0.776,-5.868,5.97,58.43
1786962265.566,,0,,,,-44.760,-42.090,True,0.776,-5.904,6.01,58.41
1786962265.641,,0,,,,-44.770,-42.098,True,0.776,-6.377,6.49,58.40
1786962265.691,,0,,,,-44.750,-42.082,True,0.776,-5.980,6.12,58.75
1786962265.816,,0,,,,-44.530,-41.901,True,0.776,-5.844,5.99,58.86
1786962265.841,,0,,,,-44.440,-41.827,True,0.776,-5.892,6.04,58.86
1786962265.941,,0,,,,-44.310,-41.720,True,0.776,-5.984,6.13,58.77
1786962265.991,,0,,,,-44.280,-41.696,True,0.776,-5.944,6.09,58.76
1786962266.091,,0,,,,-44.290,-41.704,True,0.776,-6.019,6.15,58.61
1786962266.191,,0,,,,-44.410,-41.802,True,0.776,-6.047,6.20,58.85
1786962266.291,,0,,,,-44.480,-41.860,True,0.776,-6.089,6.22,58.66
1786962266.391,,0,,,,-44.520,-41.893,True,0.776,-4.870,5.03,59.25
1786962266.491,,0,,,,-44.430,-41.819,True,0.776,-4.675,4.80,58.87
1786962266.541,,0,,,,-44.400,-41.794,True,0.776,-4.731,4.85,58.85
1786962266.641,,0,,,,-44.350,-41.753,True,0.776,-5.336,5.50,59.13
1786962266.691,,0,,,,-44.370,-41.770,True,0.776,-5.415,5.58,59.12
1786962266.816,,0,,,,-44.530,-41.901,True,0.776,-5.369,5.55,59.36
1786962266.866,,0,,,,-44.710,-42.049,True,0.776,-5.211,5.39,59.37
1786962266.891,,0,,,,-44.800,-42.123,True,0.776,-5.304,5.49,59.36
1786962266.991,,0,,,,-45.260,-42.501,True,0.776,-4.675,4.85,59.56
1786962267.041,,0,,,,-45.330,-42.559,True,0.776,-4.643,4.82,59.55
1786962267.141,,0,,,,-45.560,-42.748,True,0.776,-5.186,5.37,59.44
1786962267.191,,0,,,,-45.660,-42.830,True,0.776,-5.079,5.26,59.37
1786962267.291,,0,,,,-45.800,-42.945,True,0.776,-5.213,5.39,59.36
1786962267.416,,0,,,,-45.790,-42.937,True,0.776,-5.310,5.49,59.34
1786962267.491,,0,,,,-45.750,-42.904,True,0.776,-5.521,5.71,59.33
1786962267.591,,0,,,,-45.750,-42.904,True,0.776,-5.672,5.86,59.32
1786962267.641,,0,,,,-45.800,-42.945,True,0.776,-5.849,6.04,59.31
1786962267.741,,0,,,,-45.910,-43.035,True,0.776,-6.086,6.29,59.29
1786962267.791,,0,,,,-45.990,-43.101,True,0.776,-6.182,6.38,59.28
1786962267.891,,0,,,,-46.120,-43.208,True,0.776,-6.265,6.47,59.28
1786962267.966,,0,,,,-46.130,-43.216,True,0.776,-6.269,6.47,59.27
1786962267.991,,0,,,,-46.120,-43.208,True,0.776,-6.246,6.45,59.26
1786962268.116,,0,,,,-46.100,-43.191,True,0.776,-6.294,6.50,59.26
1786962268.191,,0,,,,-46.040,-43.142,True,0.776,-6.439,6.64,59.24
1786962268.291,,0,,,,-45.900,-43.027,True,0.776,-6.567,6.77,59.23
1786962268.391,,0,,,,-45.710,-42.871,True,0.776,-6.802,7.01,59.22
1786962268.441,,0,,,,-45.640,-42.813,True,0.776,-6.924,7.14,59.21
1786962268.491,,0,,,,-45.570,-42.756,True,0.776,-6.916,7.13,59.21
1786962268.590,,0,,,,-45.450,-42.657,True,0.776,-5.188,5.41,59.85
1786962268.641,,0,,,,-45.320,-42.550,True,0.776,-5.365,5.60,59.85
1786962268.690,,0,,,,-45.250,-42.493,True,0.776,-5.522,5.76,59.84
1786962268.815,,0,,,,-45.090,-42.361,True,0.776,-5.756,6.00,59.83
1786962268.890,,0,,,,-44.970,-42.263,True,0.776,-5.129,5.41,60.55
1786962268.990,,0,,,,-44.930,-42.230,True,0.776,-5.547,5.81,60.15
1786962269.041,,0,,,,-44.910,-42.213,True,0.776,-5.748,6.02,60.14
1786962269.090,,0,,,,-44.940,-42.238,True,0.776,-5.922,6.19,59.99
1786962269.190,,0,,,,-45.110,-42.378,True,0.776,-5.141,5.42,60.44
1786962269.365,,0,,,,-45.340,-42.567,True,0.776,-5.248,5.53,60.43
1786962269.390,,0,,,,-45.430,-42.641,True,0.776,-6.198,6.50,60.17
1786962269.515,,0,,,,-45.490,-42.690,True,0.776,-6.249,6.55,60.16
1786962269.540,,0,,,,-45.530,-42.723,True,0.776,-6.329,6.63,60.15
1786962269.590,,0,,,,-45.560,-42.748,True,0.776,-6.410,6.71,60.14
1786962269.690,,0,,,,-45.580,-42.764,True,0.776,-6.027,6.33,60.28
1786962269.741,,0,,,,-45.530,-42.723,True,0.776,-6.132,6.44,60.26
1786962269.790,,0,,,,-45.500,-42.698,True,0.776,-5.428,5.72,60.45
1786962269.890,,0,,,,-45.290,-42.526,True,0.776,-5.561,5.86,60.44
1786962269.990,,0,,,,-44.920,-42.222,True,0.776,-5.368,5.67,60.59
1786962270.090,,0,,,,-44.650,-42.000,True,0.776,-5.413,5.72,60.65
1786962270.165,,0,,,,-44.530,-41.901,True,0.776,-5.507,5.83,60.73
1786962270.215,,0,,,,-44.450,-41.835,True,0.776,-5.753,6.09,60.73
1786962270.290,,0,,,,-44.230,-41.654,True,0.776,-5.443,5.77,60.84
1786962270.465,,0,,,,-43.580,-41.120,True,0.776,-5.550,5.89,60.87
1786962270.540,,0,,,,-43.310,-40.898,True,0.776,-5.549,5.89,60.91
1786962270.590,,0,,,,-43.100,-40.726,True,0.776,-6.467,6.84,60.72
1786962270.715,,0,,,,-42.840,-40.512,True,0.776,-6.534,6.91,60.71
1786962270.815,,0,,,,-42.770,-40.454,True,0.776,-6.709,7.09,60.70
1786962270.890,,0,,,,-42.790,-40.471,True,0.776,-6.774,7.16,60.69
1786962270.990,,0,,,,-42.940,-40.594,True,0.776,-6.790,7.17,60.68
1786962274.090,,0,,,,-41.780,-39.641,True,0.776,-5.359,5.78,61.83
1786962274.090,,0,,,,-41.780,-39.641,True,0.776,-5.461,5.88,61.82
1786962274.190,,0,,,,-41.400,-39.328,True,0.776,-5.616,6.05,61.81
1786962274.365,,0,,,,-40.560,-38.638,True,0.776,-5.240,5.68,62.15
1786962274.440,,0,,,,-40.340,-38.457,True,0.776,-5.523,5.96,61.91
1786962274.540,,0,,,,-40.020,-38.194,True,0.776,-5.901,6.37,61.99
1786962274.665,,0,,,,-39.280,-37.586,True,0.776,-6.651,7.18,62.03
1786962274.690,,0,,,,-39.190,-37.512,True,0.776,-7.044,7.61,62.02
1786962274.790,,0,,,,-38.480,-36.928,True,0.776,-7.669,8.30,62.19
1786962274.890,,0,,,,-37.650,-36.246,True,0.776,-8.321,9.00,62.18
1786962274.940,,0,,,,-37.320,-35.975,True,0.776,-8.748,9.46,62.17
1786962275.040,,0,,,,-36.910,-35.647,True,0.773,-8.878,9.59,62.16
1786962275.090,,0,,,,-36.640,-35.452,True,0.765,-9.194,9.93,62.15
1786962275.215,,0,,,,-36.230,-35.156,True,0.753,-9.536,10.29,62.14
1786962275.290,,0,,,,-36.090,-35.055,True,0.749,-9.796,10.57,62.13
1786962275.390,,0,,,,-35.980,-34.976,True,0.745,-10.204,11.00,62.11
1786962275.440,,0,,,,-35.870,-34.896,True,0.742,-10.174,10.97,62.10
1786962275.540,,0,,,,-35.700,-34.774,True,0.737,-9.883,10.65,62.08
1786962275.590,,0,,,,-35.530,-34.651,True,0.732,-9.746,10.51,62.07
1786962275.690,,0,,,,-35.100,-34.341,True,0.719,-9.678,10.43,62.05
1786962275.790,,0,,,,-34.840,-34.153,True,0.712,-9.625,10.37,62.04
1786962275.890,,0,,,,-34.450,-33.872,True,0.700,-7.759,8.46,62.63
1786962275.965,,0,,,,-34.240,-33.720,True,0.694,-7.841,8.54,62.62
1786962276.090,,0,,,,-34.050,-33.583,True,0.688,-7.828,8.53,62.61
1786962276.190,,0,,,,-34.030,-33.568,True,0.688,-7.605,8.28,62.59
1786962276.290,,0,,,,-33.990,-33.540,True,0.687,-7.452,8.12,62.58
1786962276.340,,0,,,,-33.960,-33.518,True,0.686,-7.226,7.87,62.57
1786962276.390,,0,,,,-33.880,-33.460,True,0.684,-6.984,7.61,62.56
1786962276.490,,0,,,,-33.730,-33.352,True,0.679,-6.508,7.06,62.25
1786962276.690,,0,,,,-33.410,-33.121,True,0.670,-6.719,7.28,62.23
1786962276.790,,0,,,,-33.270,-33.020,True,0.666,-5.673,6.20,62.74
1786962276.840,,0,,,,-33.140,-32.926,True,0.662,-5.893,6.44,62.72
1786962276.940,,0,,,,-33.060,-32.868,True,0.660,-5.832,6.38,62.77
1786962276.990,,0,,,,-32.990,-32.818,True,0.658,-6.039,6.60,62.76
1786962277.340,,0,,,,-32.510,-32.471,True,0.644,-6.944,7.57,62.59
1786962277.440,,0,,,,-32.480,-32.450,True,0.643,-6.317,6.91,62.76
1786962277.590,,0,,,,-32.490,-32.457,True,0.643,-6.474,7.10,62.94
1786962277.790,,0,,,,-32.720,-32.623,True,0.650,-6.369,7.03,63.33
1786962278.090,,0,,,,-32.430,-32.414,True,0.642,-7.815,8.51,62.60
1786962278.265,,0,,,,-31.820,-31.973,True,0.624,-7.257,7.92,62.72
1786962278.340,,0,,,,-31.470,-31.721,True,0.614,-7.532,8.22,62.70
1786962280.990,,0,,,,-31.050,-31.418,True,0.602,-7.650,8.45,63.51
1786962281.490,,0,,,,-30.700,-31.165,True,0.592,-7.557,8.38,63.75
1786962281.890,,0,,,,-30.340,-30.905,True,0.582,-7.442,8.30,64.10
1786962282.040,,0,,,,-30.440,-30.977,True,0.585,-7.718,8.61,64.09
1786962282.140,,0,,,,-30.570,-31.071,True,0.589,-7.954,8.87,64.08
1786962282.690,,0,,,,-30.080,-30.718,True,0.575,-7.882,8.81,64.25
1786962285.790,,0,,,,-29.070,-29.989,True,0.547,-6.738,7.70,65.59
1786962285.865,,0,,,,-29.170,-30.061,True,0.550,-6.472,7.42,65.86
1786962285.940,,0,,,,-29.160,-30.054,True,0.550,-6.158,7.07,65.94
1786962286.040,,0,,,,-29.090,-30.003,True,0.548,-7.326,8.37,65.67
1786962286.115,,0,,,,-28.970,-29.917,True,0.544,-7.925,9.05,65.65
1786962286.190,,0,,,,-28.760,-29.765,True,0.539,-7.473,8.58,65.96
1786962286.290,,0,,,,-28.280,-29.419,True,0.526,-8.557,9.79,65.77
1786962286.340,,0,,,,-28.130,-29.310,True,0.522,-8.806,10.07,65.76
1786962286.490,,0,,,,-27.390,-28.776,True,0.502,-9.169,10.51,65.94
1786962286.590,,0,,,,-26.950,-28.459,True,0.490,-8.894,10.23,66.15
1786962286.690,,0,,,,-26.700,-28.278,True,0.484,-8.426,9.67,66.03
1786962286.765,,0,,,,-26.700,-28.278,True,0.484,-8.543,9.81,66.01
1786962286.790,,0,,,,-26.720,-28.293,True,0.485,-8.429,9.67,66.00
1786962286.890,,0,,,,-26.710,-28.285,True,0.484,-8.090,9.33,66.29
1786962287.015,,0,,,,-26.660,-28.249,True,0.483,-8.166,9.38,66.07
1786962287.040,,0,,,,-26.670,-28.257,True,0.483,-7.716,8.92,66.42
1786962287.140,,0,,,,-26.620,-28.220,True,0.482,-7.866,9.08,66.34
1786962287.190,,0,,,,-26.590,-28.199,True,0.481,-7.836,9.04,66.33
1786962287.240,,0,,,,-26.550,-28.170,True,0.480,-7.584,8.77,66.49
1786962287.340,,0,,,,-26.500,-28.134,True,0.479,-7.570,8.76,66.47
1786962287.440,,0,,,,-26.350,-28.026,True,0.475,-7.505,8.66,66.30
1786962287.540,,0,,,,-26.230,-27.939,True,0.472,-7.567,8.77,66.60
1786962287.590,,0,,,,-26.140,-27.874,True,0.470,-6.947,8.06,66.60
1786962287.690,,0,,,,-25.950,-27.737,True,0.465,-6.763,7.88,66.88
1786962287.790,,0,,,,-25.810,-27.636,True,0.461,-6.896,8.03,66.86
1786962287.890,,0,,,,-25.660,-27.528,True,0.458,-6.177,7.18,66.77
1786962287.940,,0,,,,-25.640,-27.513,True,0.457,-6.930,8.04,66.64
1786962288.040,,0,,,,-25.550,-27.448,True,0.455,-6.614,7.69,66.74
1786962288.165,,0,,,,-25.480,-27.398,True,0.453,-7.396,8.56,66.53
1786962288.190,,0,,,,-25.490,-27.405,True,0.453,-7.457,8.63,66.51
1786962288.290,,0,,,,-25.540,-27.441,True,0.455,-6.010,7.03,67.10
1786962288.415,,0,,,,-25.580,-27.470,True,0.456,-5.943,6.95,67.08
1786962288.490,,0,,,,-25.560,-27.455,True,0.455,-6.021,7.03,67.06
1786962288.615,,0,,,,-25.420,-27.354,True,0.452,-6.114,7.14,67.05
1786962288.690,,0,,,,-25.210,-27.203,True,0.446,-6.043,7.06,67.03
1786962288.765,,0,,,,-25.120,-27.138,True,0.444,-6.156,7.18,66.95
1786962288.890,,0,,,,-24.920,-26.994,True,0.439,-6.287,7.33,66.94
1786962288.990,,0,,,,-24.910,-26.986,True,0.439,-6.481,7.55,66.92
1786962288.990,,0,,,,-24.910,-26.986,True,0.439,-6.737,7.85,66.91
1786962289.140,,0,,,,-25.140,-27.152,True,0.445,-6.587,7.73,67.40
1786962289.290,,0,,,,-25.580,-27.470,True,0.456,-5.778,6.81,67.61
1786962289.340,,0,,,,-25.650,-27.520,True,0.457,-5.986,7.05,67.59
1786962289.390,,0,,,,-25.710,-27.564,True,0.459,-6.341,7.46,67.59
1786962289.490,,0,,,,-25.790,-27.621,True,0.461,-6.536,7.69,67.58
1786962289.590,,0,,,,-25.800,-27.629,True,0.461,-7.439,8.75,67.61
1786962289.590,,0,,,,-25.800,-27.629,True,0.461,-7.455,8.77,67.60
1786962289.690,,0,,,,-25.610,-27.492,True,0.456,-6.388,7.52,67.55
1786962289.790,,0,,,,-25.150,-27.160,True,0.445,-6.426,7.60,67.89
1786962289.890,,0,,,,-24.730,-26.856,True,0.435,-6.516,7.69,67.77
1786962289.940,,0,,,,-24.620,-26.777,True,0.432,-6.601,7.79,67.76
1786962290.065,,0,,,,-24.460,-26.662,True,0.428,-6.791,8.04,67.98
1786962290.090,,0,,,,-24.470,-26.669,True,0.429,-5.498,6.53,68.19
1786962290.190,,0,,,,-24.460,-26.662,True,0.428,-5.560,6.61,68.17
1786962290.290,,0,,,,-24.470,-26.669,True,0.429,-6.650,7.87,67.92
1786962290.340,,0,,,,-24.460,-26.662,True,0.428,-6.326,7.50,68.07
1786962290.390,,0,,,,-24.430,-26.640,True,0.428,-6.417,7.61,68.06
1786962290.490,,0,,,,-24.300,-26.546,True,0.424,-6.697,7.96,68.23
1786962290.540,,0,,,,-24.190,-26.467,True,0.422,-6.915,8.21,68.22
1786962290.640,,0,,,,-23.890,-26.250,True,0.415,-7.051,8.37,68.20
1786962290.690,,0,,,,-23.670,-26.091,True,0.410,-5.835,6.95,68.37
1786962290.740,,0,,,,-23.580,-26.026,True,0.408,-5.840,6.96,68.36
1786962290.840,,0,,,,-23.110,-25.670,True,0.408,-7.133,8.46,68.10
1786962290.890,,0,,,,-22.820,-25.438,True,0.415,-7.241,8.58,68.09
1786962291.015,,0,,,,-22.460,-25.150,True,0.424,-6.489,7.74,68.44
1786962291.090,,0,,,,-22.410,-25.110,True,0.426,-5.761,6.94,69.13
1786962291.190,,0,,,,-22.470,-25.158,True,0.424,-6.712,7.99,68.38
1786962291.365,,0,,,,-22.730,-25.366,True,0.417,-6.422,7.66,68.53
1786962291.390,,0,,,,-22.740,-25.374,True,0.417,-6.316,7.55,68.67
1786962291.515,,0,,,,-22.840,-25.454,True,0.415,-5.766,6.95,69.19
1786962291.540,,0,,,,-22.870,-25.478,True,0.414,-5.848,7.05,69.18
1786962291.640,,0,,,,-22.770,-25.398,True,0.416,-6.194,7.42,68.80
1786962291.690,,0,,,,-22.660,-25.310,True,0.419,-6.174,7.40,68.79
1786962291.790,,0,,,,-22.400,-25.102,True,0.426,-5.912,7.08,68.72
1786962291.890,,0,,,,-22.090,-24.854,True,0.434,-5.740,6.92,69.16
1786962291.940,,0,,,,-21.990,-24.774,True,0.437,-5.716,6.89,69.14
1786962291.990,,0,,,,-21.890,-24.694,True,0.439,-5.605,6.75,69.08
1786962292.090,,0,,,,-21.890,-24.694,True,0.439,-5.239,6.31,69.14
1786962292.190,,0,,,,-22.000,-24.782,True,0.437,-5.359,6.44,68.98
1786962292.240,,0,,,,-22.100,-24.862,True,0.434,-5.522,6.64,68.96
1786962292.365,,0,,,,-22.130,-24.886,True,0.433,-5.310,6.40,69.16
1786962292.440,,0,,,,-22.020,-24.798,True,0.436,-5.416,6.55,69.44
1786962292.490,,0,,,,-21.860,-24.670,True,0.440,-5.541,6.70,69.43
1786962292.590,,0,,,,-21.580,-24.447,True,0.448,-5.179,6.27,69.47
1786962292.640,,0,,,,-21.350,-24.263,True,0.454,-5.360,6.49,69.46
1786962292.740,,0,,,,-20.990,-23.975,True,0.464,-5.428,6.57,69.48
1786962292.840,,0,,,,-20.820,-23.839,True,0.469,-5.055,6.15,69.78
1786962292.915,,0,,,,-20.640,-23.695,True,0.474,-5.795,7.03,69.59
1786962292.990,,0,,,,-20.550,-23.623,True,0.477,-5.462,6.62,69.57
1786962293.090,,0,,,,-20.470,-23.559,True,0.479,-5.512,6.68,69.55
1786962293.190,,0,,,,-20.320,-23.439,True,0.483,-5.351,6.49,69.63
1786962293.290,,0,,,,-20.210,-23.351,True,0.486,-6.403,7.78,69.75
1786962293.390,,0,,,,-20.010,-23.191,True,0.492,-6.425,7.80,69.73
1786962293.565,,0,,,,-19.760,-22.991,True,0.499,-5.184,6.33,70.09
1786962293.590,,0,,,,-19.760,-22.991,True,0.499,-5.391,6.58,70.07
1786962293.715,,0,,,,-19.680,-22.927,True,0.502,-5.515,6.73,70.06
1786962294.190,,0,,,,-19.360,-22.671,True,0.511,-6.347,7.76,70.24
1786962294.290,,0,,,,-19.300,-22.623,True,0.513,-6.081,7.43,70.13
1786962294.465,,0,,,,-19.190,-22.535,True,0.516,-5.784,7.10,70.40
1786962294.640,,0,,,,-18.840,-22.255,True,0.526,-5.353,6.58,70.53
1786962294.740,,0,,,,-18.580,-22.048,True,0.534,-5.280,6.49,70.51
1786962294.790,,0,,,,-18.510,-21.992,True,0.536,-5.228,6.42,70.50
1786962294.890,,0,,,,-18.270,-21.800,True,0.544,-5.058,6.24,70.75
1786962294.990,,0,,,,-17.990,-21.576,True,0.552,-4.945,6.10,70.78
1786962295.090,,0,,,,-17.800,-21.424,True,0.558,-5.045,6.21,70.62
1786962295.190,,0,,,,-17.640,-21.296,True,0.563,-4.641,5.74,70.92
1786962295.240,,0,,,,-17.560,-21.232,True,0.565,-4.759,5.88,70.91
1786962295.315,,0,,,,-17.480,-21.168,True,0.568,-5.253,6.49,70.85
1786962295.415,,0,,,,-17.470,-21.160,True,0.568,-4.485,5.60,71.55
1786962295.515,,0,,,,-17.350,-21.064,True,0.572,-4.922,6.08,70.86
1786962295.590,,0,,,,-17.300,-21.024,True,0.573,-5.564,6.87,70.84
1786962295.665,,0,,,,-17.220,-20.960,True,0.576,-6.180,7.64,70.95
1786962295.740,,0,,,,-17.050,-20.824,True,0.581,-5.296,6.64,71.95
1786962295.840,,0,,,,-16.810,-20.632,True,0.588,-5.598,6.96,71.31
1786962295.990,,0,,,,-16.360,-20.272,True,0.602,-5.309,6.59,71.23
1786962296.090,,0,,,,-16.330,-20.248,True,0.603,-5.352,6.67,71.49
1786962296.190,,0,,,,-16.380,-20.288,True,0.602,-5.709,7.08,71.13
1786962296.265,,0,,,,-16.390,-20.296,True,0.601,-5.721,7.09,71.12
1786962296.366,,0,,,,-16.490,-20.376,True,0.598,-4.910,6.20,72.40
1786962296.540,,0,,,,-16.260,-20.192,True,0.606,-4.345,5.44,71.85
1786962296.590,,0,,,,-16.150,-20.104,True,0.609,-4.358,5.46,71.83
1786962296.690,,0,,,,-15.890,-19.896,True,0.617,-4.791,5.97,71.54
1786962296.790,,0,,,,-15.670,-19.720,True,0.624,-5.469,6.84,71.72
1786962296.890,,0,,,,-15.580,-19.649,True,0.627,-5.638,7.04,71.70
1786962296.940,,0,,,,-15.480,-19.569,True,0.630,-5.813,7.26,71.69
1786962296.990,,0,,,,-15.390,-19.497,True,0.633,-4.815,6.04,71.92
1786962297.165,,0,,,,-15.200,-19.345,True,0.639,-5.881,7.37,71.94
1786962297.290,,0,,,,-14.870,-19.081,True,0.650,-5.523,6.95,72.19
1786962297.440,,0,,,,-14.570,-18.841,True,0.659,-5.169,6.48,71.94
1786962297.565,,0,,,,-14.240,-18.577,True,0.670,-4.736,5.95,72.03
1786962297.640,,0,,,,-14.090,-18.457,True,0.675,-5.315,6.68,72.08
1786962297.740,,0,,,,-13.870,-18.281,True,0.682,-5.396,6.78,72.05
1786962297.840,,0,,,,-13.640,-18.097,True,0.689,-4.553,5.73,72.22
1786962297.890,,0,,,,-13.530,-18.009,True,0.693,-4.787,6.03,72.21
1786962297.990,,0,,,,-13.220,-17.761,True,0.703,-5.586,7.05,72.39
1786962298.090,,0,,,,-12.990,-17.577,True,0.710,-3.911,5.00,73.32
1786962298.140,,0,,,,-12.980,-17.569,True,0.711,-4.453,5.64,72.61
1786962298.190,,0,,,,-12.820,-17.441,True,0.716,-4.562,5.77,72.60
1786962298.290,,0,,,,-12.750,-17.385,True,0.718,-4.021,5.10,72.75
1786962298.390,,0,,,,-12.880,-17.489,True,0.714,-3.978,5.06,72.90
1786962298.440,,0,,,,-12.960,-17.553,True,0.711,-4.064,5.17,72.89
1786962298.490,,0,,,,-13.060,-17.633,True,0.708,-4.011,5.10,72.88
1786962298.590,,0,,,,-13.230,-17.769,True,0.702,-4.094,5.20,72.86
1786962298.690,,0,,,,-13.240,-17.777,True,0.702,-4.433,5.63,72.84
1786962298.790,,0,,,,-13.060,-17.633,True,0.708,-4.168,5.31,73.04
1786962298.890,,0,,,,-12.670,-17.321,True,0.721,-4.510,5.73,72.90
1786962298.965,,0,,,,-12.530,-17.210,True,0.725,-4.631,5.88,72.88
1786962299.040,,0,,,,-12.290,-17.018,True,0.733,-4.845,6.17,73.03
1786962299.090,,0,,,,-12.160,-16.914,True,0.737,-4.928,6.27,73.02
1786962299.140,,0,,,,-12.070,-16.842,True,0.740,-4.938,6.29,73.08
1786962299.490,,0,,,,-11.610,-16.474,True,0.756,-4.772,6.09,73.26
1786962299.590,,0,,,,-11.210,-16.154,True,0.769,-5.160,6.59,73.27
1786962299.640,,0,,,,-10.890,-15.874,True,0.771,-5.144,6.57,73.26
1786962299.740,,0,,,,-10.320,-15.292,True,0.747,-4.719,6.03,73.33
1786962299.790,,0,,,,-10.140,-15.108,True,0.740,-4.381,5.60,73.35
1786962299.890,,0,,,,-9.550,-14.506,True,0.715,-4.595,5.88,73.46
1786962299.990,,0,,,,-9.220,-14.170,True,0.701,-4.810,6.15,73.32
1786962300.065,,0,,,,-9.130,-14.078,True,0.697,-4.853,6.20,73.31
1786962300.115,,0,,,,-9.090,-14.037,True,0.696,-4.911,6.30,73.58
1786962300.190,,0,,,,-9.020,-13.966,True,0.693,-4.993,6.40,73.57
1786962300.290,,0,,,,-9.020,-13.966,True,0.693,-3.895,5.02,73.88
1786962300.390,,0,,,,-8.980,-13.925,True,0.691,-4.414,5.68,73.77
1786962300.515,,0,,,,-8.730,-13.670,True,0.681,-4.686,6.03,73.79
1786962300.615,,0,,,,-8.440,-13.374,True,0.669,-3.728,4.80,73.76
1786962300.690,,0,,,,-8.280,-13.211,True,0.662,-3.256,4.23,74.46
1786962300.840,,0,,,,-7.860,-12.782,True,0.645,-3.467,4.47,73.97
1786962300.890,,0,,,,-7.820,-12.741,True,0.644,-3.774,4.86,73.84
1786962301.090,,0,,,,-7.380,-12.292,True,0.626,-3.916,5.05,74.00
1786962301.190,,0,,,,-6.950,-11.853,True,0.609,-3.511,4.54,74.12
1786962301.240,,0,,,,-6.820,-11.721,True,0.603,-3.569,4.61,74.10
1786962301.290,,0,,,,-6.560,-11.456,True,0.593,-3.653,4.72,74.09
1786962301.390,,0,,,,-6.030,-10.915,True,0.572,-3.642,4.70,73.96
1786962301.490,,0,,,,-5.570,-10.445,True,0.554,-3.956,5.11,74.11
1786962301.590,,0,,,,-5.230,-10.098,True,0.541,-3.258,4.21,74.04
1786962301.690,,0,,,,-4.860,-9.721,True,0.527,-3.446,4.45,74.02
1786962301.740,,0,,,,-4.760,-9.619,True,0.523,-3.426,4.42,74.01
1786962301.840,,0,,,,-4.620,-9.476,True,0.518,-3.475,4.49,74.02
1786962302.115,,0,,,,-3.770,-8.609,True,0.486,-2.752,3.55,74.00
1786962302.190,,0,,,,-3.420,-8.252,True,0.473,-2.590,3.34,73.99
1786962302.490,,0,,,,-2.400,-7.211,True,0.437,-3.963,5.15,74.49
1786962302.590,,0,,,,-2.280,-7.088,True,0.433,-2.738,3.54,74.09
1786962302.665,,0,,,,-2.220,-7.027,True,0.431,-2.778,3.59,73.98
1786962302.690,,0,,,,-2.180,-6.986,True,0.430,-2.808,3.62,73.97
1786962302.790,,0,,,,-2.250,-7.058,True,0.432,-2.550,3.32,74.68
1786962302.915,,0,,,,-2.290,-7.099,True,0.434,-2.186,2.82,73.83
1786962302.940,,0,,,,-2.220,-7.027,True,0.431,-2.183,2.81,73.81
1786962303.040,,0,,,,-2.060,-6.864,True,0.426,-2.715,3.51,74.06
1786962303.140,,0,,,,-1.560,-6.354,True,0.410,-2.734,3.53,74.08
1786962303.240,,0,,,,-1.050,-5.759,True,0.407,-2.160,2.79,73.91
1786962303.290,,0,,,,-0.840,-5.489,True,0.410,-2.244,2.89,73.90
1786962303.390,,0,,,,-0.550,-5.115,True,0.414,-1.817,2.33,73.57
1786962303.490,,0,,,,-0.550,-5.115,True,0.414,-2.654,3.43,74.04
1786962303.490,,0,,,,-0.550,-5.115,True,0.414,-2.873,3.71,74.03
1786962303.690,,0,,,,-1.060,-5.772,True,0.406,-2.024,2.60,73.53
1786962303.990,,0,,,,0.090,-4.292,True,0.425,-1.496,1.94,74.27
1786962304.040,,0,,,,0.400,-3.893,True,0.430,-1.445,1.86,73.69
1786962304.140,,0,,,,1.300,-2.735,True,0.445,-2.322,3.00,74.12
1786962304.265,,0,,,,1.700,-2.220,True,0.452,-2.327,3.01,74.10
1786962304.290,,0,,,,1.740,-2.169,True,0.452,-2.469,3.19,74.09
1786962304.340,,0,,,,1.800,-2.092,True,0.453,-2.613,3.38,74.07
1786962304.490,,0,,,,1.400,-2.606,True,0.446,-2.898,3.74,74.06
1786962304.540,,0,,,,1.220,-2.838,True,0.443,-2.984,3.85,74.04
1786962304.640,,0,,,,0.970,-3.160,True,0.439,-2.901,3.75,74.03
1786962304.690,,0,,,,0.890,-3.263,True,0.438,-2.707,3.49,74.01
1786962304.815,,0,,,,0.830,-3.340,True,0.437,-2.429,3.16,74.49
1786962304.890,,0,,,,0.840,-3.327,True,0.437,-2.361,3.07,74.48
1786962304.940,,0,,,,0.900,-3.250,True,0.438,-2.312,3.00,74.46
1786962304.990,,0,,,,0.950,-3.185,True,0.439,-2.368,3.08,74.45
1786962305.190,,0,,,,1.400,-2.606,True,0.446,-2.585,3.34,74.04
1786962305.240,,0,,,,1.530,-2.439,True,0.449,-2.656,3.43,74.02
1786962305.340,,0,,,,1.590,-2.362,True,0.450,-1.225,1.56,72.91
1786962305.465,,0,,,,1.590,-2.362,True,0.450,-1.295,1.65,72.90
1786962305.490,,0,,,,1.590,-2.362,True,0.450,-1.373,1.75,72.89
1786962305.615,,0,,,,1.590,-2.362,True,0.450,-1.480,1.88,72.87
1786962305.640,,0,,,,1.590,-2.362,True,0.450,-1.636,2.08,72.87
1786962305.715,,0,,,,1.590,-2.362,True,0.450,-1.796,2.28,72.86
1786962305.740,,0,,,,1.590,-2.362,True,0.450,-1.999,2.54,72.85
1786962305.840,,0,,,,1.590,-2.362,True,0.450,-2.120,2.69,72.83
1786962305.890,,0,,,,1.570,-2.388,True,0.449,-2.095,2.66,72.82
1786962305.990,,0,,,,1.920,-1.937,True,0.455,-1.966,2.50,72.80
1786962306.040,,0,,,,1.990,-1.847,True,0.457,-1.875,2.38,72.80
1786962306.115,,0,,,,2.240,-1.526,True,0.461,-1.977,2.51,72.78
1786962306.215,,0,,,,2.430,-1.281,True,0.464,-2.071,2.63,72.76
1786962306.290,,0,,,,2.540,-1.140,True,0.466,-2.197,2.79,72.75
1786962306.440,,0,,,,2.490,-1.204,True,0.465,-2.526,3.21,72.72
1786962306.540,,0,,,,2.490,-1.204,True,0.465,-2.676,3.40,72.71
1786962306.615,,0,,,,1.930,-1.924,True,0.456,-2.992,3.79,72.70
1786962306.715,,0,,,,1.830,-2.053,True,0.454,-2.744,3.48,72.69
1786962306.815,,0,,,,1.960,-1.886,True,0.456,-2.544,3.23,72.67
1786962306.840,,0,,,,2.020,-1.809,True,0.457,-2.533,3.21,72.66
1786962306.940,,0,,,,2.290,-1.461,True,0.462,-2.574,3.26,72.64
1786962307.040,,0,,,,2.600,-1.062,True,0.467,-2.652,3.36,72.63
1786962307.090,,0,,,,2.720,-0.908,True,0.469,-2.767,3.51,72.61
1786962307.215,,0,,,,2.970,-0.586,True,0.474,-2.944,3.73,72.60
1786962307.290,,0,,,,3.040,-0.496,True,0.475,-3.053,3.87,72.58
1786962307.390,,0,,,,3.090,-0.432,True,0.476,-3.193,4.04,72.57
1786962307.490,,0,,,,3.080,-0.445,True,0.476,-3.236,4.10,72.56
1786962307.590,,0,,,,3.040,-0.496,True,0.475,-3.201,4.05,72.54
1786962307.640,,0,,,,3.010,-0.535,True,0.474,-3.176,4.02,72.53
1786962307.690,,0,,,,3.000,-0.548,True,0.474,-3.160,4.00,72.52
1786962307.765,,0,,,,2.980,-0.573,True,0.474,-3.121,3.95,72.51
1786962307.790,,0,,,,2.910,-0.663,True,0.473,-3.120,3.95,72.50
1786962307.940,,0,,,,2.800,-0.805,True,0.471,-3.183,4.02,72.47
1786962307.990,,0,,,,2.690,-0.947,True,0.469,-3.219,4.07,72.46
1786962308.065,,0,,,,2.570,-1.101,True,0.467,-3.280,4.15,72.46
1786962308.140,,0,,,,2.460,-1.242,True,0.465,-3.333,4.21,72.44
1786962308.240,,0,,,,2.340,-1.397,True,0.463,-3.341,4.22,72.43
1786962308.290,,0,,,,2.350,-1.384,True,0.463,-3.265,4.12,72.42
1786962308.390,,0,,,,2.420,-1.294,True,0.464,-3.429,4.33,72.41
1786962308.565,,0,,,,2.690,-0.947,True,0.469,-3.342,4.22,72.38
1786962308.590,,0,,,,2.750,-0.869,True,0.470,-3.326,4.20,72.38
1786962308.690,,0,,,,2.890,-0.689,True,0.472,-3.283,4.14,72.36
1786962308.790,,0,,,,2.990,-0.561,True,0.474,-3.403,4.29,72.35
1786962309.290,,0,,,,2.490,-1.204,True,0.465,-1.460,1.81,71.01
1786962309.415,,0,,,,2.490,-1.204,True,0.465,-1.484,1.84,71.00
1786962309.540,,0,,,,2.580,-1.088,True,0.467,-1.618,2.00,70.97
1786962309.640,,0,,,,2.580,-1.088,True,0.467,-1.984,2.42,70.03
1786962309.740,,0,,,,2.540,-1.140,True,0.466,-2.092,2.56,70.02
1786962309.840,,0,,,,2.440,-1.268,True,0.464,-2.248,2.75,70.01
1786962309.890,,0,,,,2.420,-1.294,True,0.464,-2.277,2.78,70.00
1786962309.940,,0,,,,2.320,-1.423,True,0.462,-2.340,2.86,69.99
1786962309.990,,0,,,,2.240,-1.526,True,0.461,-2.415,2.95,69.98
1786962310.115,,0,,,,2.120,-1.680,True,0.459,-2.495,3.05,69.97
1786962310.215,,0,,,,2.080,-1.731,True,0.458,-2.564,3.13,69.96
1786962310.315,,0,,,,2.030,-1.796,True,0.457,-2.602,3.18,69.95
1786962310.315,,0,,,,2.030,-1.796,True,0.457,-2.606,3.18,69.94
1786962310.415,,0,,,,2.040,-1.783,True,0.457,-2.630,3.21,69.93
1786962310.440,,0,,,,2.050,-1.770,True,0.458,-2.671,3.26,69.92
1786962310.490,,0,,,,2.070,-1.744,True,0.458,-2.706,3.30,69.90
1786962310.590,,0,,,,2.070,-1.744,True,0.458,-2.717,3.31,69.89
1786962310.640,,0,,,,2.080,-1.731,True,0.458,-2.697,3.29,69.88
1786962311.090,,0,,,,1.510,-2.465,True,0.448,-1.521,1.85,69.53
1786962311.090,,0,,,,1.510,-2.465,True,0.448,-1.496,1.81,69.52
1786962311.240,,0,,,,1.710,-2.207,True,0.452,-1.608,1.95,69.51
1786962311.340,,0,,,,1.920,-1.937,True,0.455,-1.877,2.26,69.03
1786962311.490,,0,,,,2.170,-1.616,True,0.460,-1.932,2.33,69.01
1786962311.540,,0,,,,2.170,-1.616,True,0.460,-1.854,2.23,69.00
1786962311.640,,0,,,,2.050,-1.770,True,0.458,-1.955,2.35,68.99
1786962311.690,,0,,,,1.890,-1.976,True,0.455,-1.953,2.35,68.98
1786962311.790,,0,,,,1.580,-2.375,True,0.450,-1.955,2.35,68.97
1786962311.890,,0,,,,1.360,-2.658,True,0.446,-1.985,2.39,68.95
1786962312.040,,0,,,,1.290,-2.748,True,0.445,-1.946,2.34,68.93
1786962312.140,,0,,,,1.230,-2.825,True,0.444,-2.032,2.44,68.91
1786962312.240,,0,,,,1.160,-2.915,True,0.442,-1.797,2.20,70.12
1786962312.340,,0,,,,1.090,-3.005,True,0.441,-1.856,2.27,70.11
1786962312.390,,0,,,,1.020,-3.095,True,0.440,-1.886,2.31,70.10
1786962312.490,,0,,,,0.820,-3.353,True,0.437,-1.878,2.30,70.09
1786962312.590,,0,,,,0.670,-3.546,True,0.434,-1.804,2.21,70.07
1786962312.640,,0,,,,0.560,-3.687,True,0.432,-1.760,2.15,70.06
1786962312.690,,0,,,,0.450,-3.829,True,0.431,-1.691,2.07,70.05
1786962312.790,,0,,,,0.360,-3.945,True,0.429,-1.608,1.97,70.04
1786962312.840,,0,,,,0.340,-3.970,True,0.429,-1.576,1.93,70.03
1786962312.990,,0,,,,0.320,-3.996,True,0.428,-1.676,2.05,70.01
1786962313.065,,0,,,,0.370,-3.932,True,0.429,-1.295,1.52,67.44
1786962313.140,,0,,,,0.370,-3.932,True,0.429,-1.467,1.73,67.43
1786962313.240,,0,,,,0.390,-3.906,True,0.430,-1.612,1.90,67.42
1786962313.340,,0,,,,0.420,-3.867,True,0.430,-1.742,2.05,67.41
1786962313.390,,0,,,,0.420,-3.867,True,0.430,-1.760,2.07,67.40
1786962313.465,,0,,,,0.510,-3.752,True,0.432,-1.713,2.01,67.39
1786962313.565,,0,,,,0.640,-3.584,True,0.434,-1.650,1.94,67.38
1786962313.590,,0,,,,0.740,-3.456,True,0.435,-1.618,1.90,67.37
1786962313.690,,0,,,,0.900,-3.250,True,0.438,-2.178,2.51,66.17
1786962313.815,,0,,,,0.910,-3.237,True,0.438,-2.226,2.57,66.15
1786962313.890,,0,,,,0.850,-3.314,True,0.437,-2.273,2.62,66.14
1786962313.890,,0,,,,0.850,-3.314,True,0.437,-2.344,2.70,66.13
1786962314.040,,0,,,,0.530,-3.726,True,0.432,-2.441,2.82,66.11
1786962314.090,,0,,,,0.410,-3.880,True,0.430,-2.455,2.83,66.10
1786962314.190,,0,,,,0.360,-3.945,True,0.429,-2.317,2.65,65.48
1786962314.240,,0,,,,0.470,-3.803,True,0.431,-2.266,2.59,65.47
1786962314.390,,0,,,,0.690,-3.520,True,0.435,-2.444,2.79,65.41
1786962314.415,,0,,,,0.690,-3.520,True,0.435,-2.353,2.68,65.40
1786962314.490,,0,,,,0.720,-3.481,True,0.435,-2.332,2.66,65.39
1786962314.540,,0,,,,0.670,-3.546,True,0.434,-2.204,2.51,65.37
1786962314.640,,0,,,,0.450,-3.829,True,0.431,-2.159,2.46,65.37
1786962314.740,,0,,,,0.200,-4.150,True,0.426,-2.184,2.49,65.36
1786962314.790,,0,,,,-0.010,-4.421,True,0.423,-2.110,2.41,65.35
1786962314.890,,0,,,,-0.150,-4.601,True,0.421,-1.293,1.47,65.01
1786962314.940,,0,,,,-0.170,-4.626,True,0.420,-1.228,1.39,65.00
1786962314.990,,0,,,,-0.160,-4.614,True,0.421,-1.251,1.42,64.99
1786962315.090,,0,,,,0.070,-4.318,True,0.424,-1.250,1.42,64.98
1786962315.190,,0,,,,0.520,-3.739,True,0.432,-1.253,1.42,64.96
1786962315.290,,0,,,,0.800,-3.378,True,0.436,-1.336,1.51,64.95
1786962315.415,,0,,,,1.000,-3.121,True,0.440,-1.330,1.51,64.94
1786962315.490,,0,,,,1.030,-3.082,True,0.440,-1.663,1.89,64.99
1786962315.490,,0,,,,1.030,-3.082,True,0.440,-1.721,1.95,64.98
1786962315.590,,0,,,,0.850,-3.314,True,0.437,-1.777,2.01,64.98
1786962315.590,,0,,,,0.850,-3.314,True,0.437,-1.900,2.15,64.97
1786962315.690,,0,,,,0.580,-3.661,True,0.433,-1.893,2.15,64.96
1786962315.740,,0,,,,0.520,-3.739,True,0.432,-1.711,1.90,63.78
1786962315.840,,0,,,,0.410,-3.880,True,0.430,-1.678,1.87,63.78
1786962315.940,,0,,,,0.430,-3.854,True,0.430,-1.523,1.69,63.76
1786962316.015,,0,,,,0.550,-3.700,True,0.432,-1.487,1.65,63.75
1786962316.090,,0,,,,0.740,-3.456,True,0.435,-2.567,2.87,64.13
1786962316.140,,0,,,,0.880,-3.275,True,0.438,-2.505,2.80,64.12
1786962316.215,,0,,,,1.010,-3.108,True,0.440,-2.427,2.71,64.10
1786962316.290,,0,,,,1.040,-3.070,True,0.440,-2.486,2.78,64.09
1786962316.390,,0,,,,0.860,-3.301,True,0.437,-1.644,1.80,62.81
1786962316.490,,0,,,,0.550,-3.700,True,0.432,-1.650,1.81,62.80
1786962316.590,,0,,,,0.280,-4.047,True,0.428,-1.693,1.86,62.79
1786962316.640,,0,,,,0.300,-4.022,True,0.428,-1.510,1.65,62.77
1786962316.690,,0,,,,0.320,-3.996,True,0.428,-1.481,1.62,62.76
1786962316.840,,0,,,,0.800,-3.378,True,0.436,-2.466,2.71,62.90
1786962316.940,,0,,,,1.160,-2.915,True,0.442,-2.491,2.73,62.88
1786962317.015,,0,,,,1.240,-2.812,True,0.444,-2.175,2.38,62.77
1786962317.090,,0,,,,1.270,-2.774,True,0.444,-2.133,2.34,62.76
1786962317.265,,0,,,,0.810,-3.365,True,0.437,-2.225,2.41,62.05
1786962317.340,,0,,,,0.670,-3.546,True,0.434,-2.234,2.43,62.28
1786962317.440,,0,,,,0.590,-3.649,True,0.433,-2.165,2.35,62.27
1786962317.565,,0,,,,0.800,-3.378,True,0.436,-2.104,2.29,62.26
1786962317.590,,0,,,,0.880,-3.275,True,0.438,-2.153,2.34,62.25
1786962317.840,,0,,,,1.170,-2.902,True,0.443,-1.773,1.88,60.74
1786962317.890,,0,,,,1.130,-2.954,True,0.442,-1.753,1.86,60.73
1786962317.990,,0,,,,0.840,-3.327,True,0.437,-1.771,1.88,60.72
1786962318.040,,0,,,,0.710,-3.494,True,0.435,-1.782,1.89,60.71
1786962318.465,,0,,,,1.130,-2.954,True,0.442,-2.468,2.61,60.67
1786962318.590,,0,,,,1.240,-2.812,True,0.444,-1.422,1.49,60.05
1786962318.590,,0,,,,1.240,-2.812,True,0.444,-1.566,1.64,60.04
1786962318.690,,0,,,,1.050,-3.057,True,0.441,-2.899,3.12,61.68
1786962318.740,,0,,,,0.900,-3.250,True,0.438,-2.814,3.03,61.67
1786962318.865,,0,,,,0.620,-3.610,True,0.433,-2.786,3.00,61.66
1786962318.990,,0,,,,0.580,-3.661,True,0.433,-2.653,2.85,61.64
1786962319.065,,0,,,,0.680,-3.533,True,0.434,-2.502,2.69,61.63
1786962319.090,,0,,,,0.790,-3.391,True,0.436,-2.361,2.54,61.62
1786962319.190,,0,,,,1.060,-3.044,True,0.441,-1.300,1.34,58.96
1786962319.265,,0,,,,1.240,-2.812,True,0.444,-1.378,1.42,58.95
1786962319.340,,0,,,,1.400,-2.606,True,0.446,-1.458,1.50,58.93
1786962319.440,,0,,,,1.460,-2.529,True,0.447,-2.486,2.52,58.14
1786962319.590,,0,,,,1.270,-2.774,True,0.444,-2.708,2.75,58.12
1786962319.665,,0,,,,1.110,-2.979,True,0.442,-2.965,3.05,58.88
1786962319.740,,0,,,,0.870,-3.288,True,0.438,-2.964,3.04,58.86
1786962319.840,,0,,,,0.610,-3.623,True,0.433,-2.852,2.93,58.85
1786962319.890,,0,,,,0.470,-3.803,True,0.431,-2.851,2.93,58.84
1786962319.965,,0,,,,0.400,-3.893,True,0.430,-2.854,2.93,58.83
1786962319.990,,0,,,,0.410,-3.880,True,0.430,-2.753,2.83,58.83
1786962320.090,,0,,,,0.470,-3.803,True,0.431,-2.722,2.79,58.82
1786962320.190,,0,,,,0.600,-3.636,True,0.433,-2.109,2.17,58.92
1786962320.265,,0,,,,0.720,-3.481,True,0.435,-2.031,2.09,58.92
1786962320.290,,0,,,,0.780,-3.404,True,0.436,-1.984,2.04,58.91
1786962320.390,,0,,,,0.770,-3.417,True,0.436,-2.186,2.20,57.79
1786962320.490,,0,,,,0.650,-3.571,True,0.434,-2.234,2.25,57.78
1786962320.590,,0,,,,0.430,-3.854,True,0.430,-2.266,2.28,57.77
1786962320.715,,0,,,,0.180,-4.176,True,0.426,-2.270,2.29,57.75
1786962320.790,,0,,,,0.050,-4.343,True,0.424,-2.601,2.55,56.13
1786962320.790,,0,,,,0.050,-4.343,True,0.424,-2.546,2.49,56.12
1786962320.965,,0,,,,0.220,-4.125,True,0.427,-2.562,2.51,56.10
1786962321.040,,0,,,,0.360,-3.945,True,0.429,-2.551,2.50,56.09
1786962321.090,,0,,,,0.510,-3.752,True,0.432,-2.479,2.43,56.08
1786962321.190,,0,,,,0.630,-3.597,True,0.434,-1.289,1.24,55.32
1786962321.315,,0,,,,0.780,-3.404,True,0.436,-1.190,1.15,55.31
1786962321.390,,0,,,,0.870,-3.288,True,0.438,-1.198,1.16,55.30
1786962321.490,,0,,,,0.950,-3.185,True,0.439,-1.184,1.10,53.26
1786962321.590,,0,,,,1.080,-3.018,True,0.441,-1.971,1.88,54.74
1786962321.640,,0,,,,1.130,-2.954,True,0.442,-2.078,1.98,54.73
1786962321.690,,0,,,,1.140,-2.941,True,0.442,-2.656,2.54,54.85
1786962321.790,,0,,,,1.170,-2.902,True,0.443,-2.737,2.62,54.84
1786962321.890,,0,,,,1.120,-2.967,True,0.442,-2.594,2.45,54.23
1786962321.940,,0,,,,1.090,-3.005,True,0.441,-2.681,2.54,54.22
1786962321.990,,0,,,,1.050,-3.057,True,0.441,-2.679,2.53,54.21
1786962322.040,,0,,,,1.030,-3.082,True,0.440,-2.153,2.02,53.89
1786962322.140,,0,,,,0.970,-3.160,True,0.439,-2.053,1.93,53.87
1786962322.265,,0,,,,0.970,-3.160,True,0.439,-1.868,1.76,53.87
1786962322.340,,0,,,,0.990,-3.134,True,0.440,-2.278,2.12,53.22
1786962322.415,,0,,,,1.040,-3.070,True,0.440,-2.174,2.02,53.21
1786962322.490,,0,,,,1.050,-3.057,True,0.441,-1.189,1.13,54.24
1786962322.540,,0,,,,0.970,-3.160,True,0.439,-1.171,1.11,54.23
1786962322.691,,0,,,,0.810,-3.365,True,0.437,-2.325,2.15,52.89
1786962322.740,,0,,,,0.730,-3.468,True,0.435,-2.330,2.15,52.88
1786962322.790,,0,,,,0.650,-3.571,True,0.434,-2.175,2.01,52.93
1786962322.890,,0,,,,0.510,-3.752,True,0.432,-2.153,1.99,52.92
1786962322.990,,0,,,,0.540,-3.713,True,0.432,-2.080,1.92,52.91
1786962323.040,,0,,,,0.600,-3.636,True,0.433,-1.563,1.42,52.04
1786962323.090,,0,,,,0.730,-3.468,True,0.435,-1.532,1.39,52.03
1786962323.190,,0,,,,0.990,-3.134,True,0.440,-1.983,1.81,52.29
1786962323.240,,0,,,,1.190,-2.877,True,0.443,-1.711,1.59,53.38
1786962323.415,,0,,,,1.590,-2.362,True,0.450,-1.711,1.51,50.55
1786962323.440,,0,,,,1.640,-2.298,True,0.451,-1.731,1.53,50.54
1786962323.490,,0,,,,1.670,-2.259,True,0.451,-1.739,1.53,50.53
1786962323.590,,0,,,,1.660,-2.272,True,0.451,-1.791,1.58,50.52
1786962323.665,,0,,,,1.690,-2.233,True,0.451,-1.850,1.63,50.51
1786962323.690,,0,,,,1.700,-2.220,True,0.452,-1.943,1.71,50.51
1786962323.790,,0,,,,1.790,-2.105,True,0.453,-2.800,2.46,50.44
1786962323.890,,0,,,,1.890,-1.976,True,0.455,-2.870,2.53,50.43
1786962323.940,,0,,,,1.940,-1.912,True,0.456,-2.901,2.55,50.42
1786962324.115,,0,,,,2.000,-1.834,True,0.457,-1.778,1.53,49.40
1786962324.140,,0,,,,1.950,-1.899,True,0.456,-1.782,1.54,49.39
1786962324.240,,0,,,,1.940,-1.912,True,0.456,-1.810,1.56,49.38
1786962324.340,,0,,,,1.690,-2.233,True,0.451,-2.416,2.12,50.32
1786962324.465,,0,,,,1.420,-2.581,True,0.447,-2.246,1.96,49.90
1786962324.490,,0,,,,1.360,-2.658,True,0.446,-2.185,1.90,49.89
1786962324.590,,0,,,,1.200,-2.864,True,0.443,-2.526,2.20,49.98
1786962324.640,,0,,,,1.100,-2.992,True,0.441,-2.758,2.35,48.89
1786962324.690,,0,,,,1.050,-3.057,True,0.441,-2.715,2.32,48.88
1786962324.790,,0,,,,0.960,-3.172,True,0.439,-1.617,1.40,49.74
1786962324.840,,0,,,,0.960,-3.172,True,0.439,-1.531,1.33,49.73
1786962324.890,,0,,,,1.000,-3.121,True,0.440,-1.469,1.27,49.72
1786962324.990,,0,,,,1.130,-2.954,True,0.442,-1.432,1.24,49.71
1786962325.040,,0,,,,1.160,-2.915,True,0.442,-1.395,1.21,49.70
1786962325.190,,0,,,,1.460,-2.529,True,0.447,-1.296,1.10,48.69
1786962325.390,,0,,,,1.440,-2.555,True,0.447,-1.450,1.23,48.47
1786962325.440,,0,,,,1.400,-2.606,True,0.446,-1.517,1.28,48.46
1786962325.490,,0,,,,1.360,-2.658,True,0.446,-1.584,1.34,48.45
1786962325.590,,0,,,,1.290,-2.748,True,0.445,-1.555,1.32,48.47
1786962325.690,,0,,,,1.340,-2.684,True,0.445,-1.455,1.21,47.67
1786962325.890,,0,,,,1.780,-2.117,True,0.453,-2.176,1.78,46.85
1786962325.890,,0,,,,1.780,-2.117,True,0.453,-2.230,1.82,46.84
1786962326.040,,0,,,,1.970,-1.873,True,0.456,-1.117,0.92,47.38
1786962326.090,,0,,,,1.970,-1.873,True,0.456,-1.138,0.94,47.38
1786962326.215,,0,,,,1.910,-1.950,True,0.455,-1.133,0.94,47.36
1786962326.315,,0,,,,1.670,-2.259,True,0.451,-1.575,1.30,47.35
1786962326.415,,0,,,,1.400,-2.606,True,0.446,-1.273,1.02,45.71
1786962326.465,,0,,,,1.340,-2.684,True,0.445,-1.511,1.23,46.75
1786962326.565,,0,,,,1.150,-2.928,True,0.442,-2.355,1.91,46.45
1786962326.590,,0,,,,1.010,-3.108,True,0.440,-2.394,1.94,46.43
1786962326.690,,0,,,,0.980,-3.147,True,0.439,-2.023,1.68,47.61
1786962326.790,,0,,,,1.030,-3.082,True,0.440,-1.637,1.31,46.02
1786962326.890,,0,,,,1.110,-2.979,True,0.442,-1.602,1.29,46.01
1786962326.940,,0,,,,1.110,-2.979,True,0.442,-2.396,1.89,45.10
1786962327.090,,0,,,,1.200,-2.864,True,0.443,-1.425,1.14,45.96
1786962327.190,,0,,,,1.200,-2.864,True,0.443,-2.063,1.64,45.50
1786962327.265,,0,,,,1.150,-2.928,True,0.442,-2.140,1.70,45.50
1786962327.390,,0,,,,0.990,-3.134,True,0.440,-2.166,1.68,44.44
1786962327.440,,0,,,,0.910,-3.237,True,0.438,-2.177,1.69,44.43
1786962327.565,,0,,,,0.850,-3.314,True,0.437,-2.154,1.65,43.97
1786962327.640,,0,,,,0.910,-3.237,True,0.438,-1.128,0.87,44.42
1786962327.690,,0,,,,1.020,-3.095,True,0.440,-1.134,0.88,44.41
1786962327.790,,0,,,,1.160,-2.915,True,0.442,-1.644,1.28,44.76
1786962327.915,,0,,,,1.420,-2.581,True,0.447,-2.330,1.79,44.08
1786962327.940,,0,,,,1.550,-2.413,True,0.449,-2.482,1.91,44.07
1786962327.990,,0,,,,1.590,-2.362,True,0.450,-1.488,1.15,44.44
1786962328.090,,0,,,,1.730,-2.182,True,0.452,-1.293,0.96,42.55
1786962328.190,,0,,,,1.810,-2.079,True,0.453,-1.383,1.03,42.54
1786962328.290,,0,,,,1.820,-2.066,True,0.454,-2.457,1.85,43.07
1786962328.390,,0,,,,1.660,-2.272,True,0.451,-2.605,1.93,42.55
1786962328.490,,0,,,,1.430,-2.568,True,0.447,-1.417,1.06,42.96
1786962328.540,,0,,,,1.360,-2.658,True,0.446,-1.395,1.05,42.95
1786962328.590,,0,,,,1.280,-2.761,True,0.444,-1.409,1.06,42.94
1786962328.690,,0,,,,1.190,-2.877,True,0.443,-2.715,2.01,42.34
1786962328.790,,0,,,,1.120,-2.967,True,0.442,-2.313,1.73,42.79
1786962328.840,,0,,,,1.150,-2.928,True,0.442,-2.217,1.65,42.78
1786962328.939,,0,,,,1.260,-2.786,True,0.444,-1.483,1.10,42.33
1786962328.989,,0,,,,1.330,-2.696,True,0.445,-1.462,1.08,42.32
1786962329.065,,0,,,,1.360,-2.658,True,0.446,-2.312,1.69,41.85
1786962329.140,,0,,,,1.370,-2.645,True,0.446,-0.978,0.71,41.50
1786962329.240,,0,,,,1.210,-2.851,True,0.443,-2.456,1.77,41.40
1786962329.290,,0,,,,1.050,-3.057,True,0.441,-2.428,1.75,41.39
1786962329.414,,0,,,,0.790,-3.391,True,0.436,-2.287,1.65,41.28
1786962329.489,,0,,,,0.570,-3.674,True,0.433,-2.312,1.65,40.99
1786962329.615,,0,,,,0.540,-3.713,True,0.432,-2.510,1.78,40.73
1786962329.639,,0,,,,0.600,-3.636,True,0.433,-2.485,1.77,40.72
1786962329.689,,0,,,,0.710,-3.494,True,0.435,-1.525,1.09,40.95
1786962329.789,,0,,,,1.100,-2.992,True,0.441,-2.200,1.55,40.42
1786962329.889,,0,,,,1.480,-2.503,True,0.448,-2.163,1.53,40.41
1786962329.990,,0,,,,1.710,-2.207,True,0.452,-2.283,1.59,40.00
1786962330.039,,0,,,,1.740,-2.169,True,0.452,-1.410,1.00,40.65
1786962330.114,,0,,,,1.790,-2.105,True,0.453,-1.406,1.00,40.64
1786962330.239,,0,,,,1.700,-2.220,True,0.452,-2.778,1.92,39.68
1786962330.414,,0,,,,1.280,-2.761,True,0.444,-2.721,1.86,39.17
1786962330.489,,0,,,,1.220,-2.838,True,0.443,-2.829,1.93,39.04
1786962330.589,,0,,,,1.170,-2.902,True,0.443,-2.746,1.87,39.09
1786962330.639,,0,,,,1.230,-2.825,True,0.444,-2.606,1.78,39.08
1786962330.689,,0,,,,1.290,-2.748,True,0.445,-2.551,1.74,39.07
1786962330.789,,0,,,,1.430,-2.568,True,0.447,-2.770,1.89,39.08
1786962330.889,,0,,,,1.530,-2.439,True,0.449,-2.389,1.59,38.19
1786962330.989,,0,,,,1.510,-2.465,True,0.448,-2.513,1.68,38.24
1786962331.089,,0,,,,1.440,-2.555,True,0.447,-2.471,1.65,38.33
1786962331.189,,0,,,,1.230,-2.825,True,0.444,-2.627,1.75,38.08
1786962331.314,,0,,,,0.970,-3.160,True,0.439,-2.564,1.69,37.70
1786962331.339,,0,,,,0.900,-3.250,True,0.438,-2.545,1.67,37.69
1786962331.439,,0,,,,0.760,-3.430,True,0.436,-2.333,1.53,37.51
1786962331.489,,0,,,,0.700,-3.507,True,0.435,-2.292,1.50,37.51
1786962331.589,,0,,,,0.660,-3.558,True,0.434,-2.181,1.40,36.89
1786962331.689,,0,,,,0.670,-3.546,True,0.434,-2.316,1.50,37.02
1786962331.764,,0,,,,0.720,-3.481,True,0.435,-2.287,1.48,37.00
1786962331.864,,0,,,,0.740,-3.456,True,0.435,-2.290,1.48,36.98
1786962331.914,,0,,,,0.760,-3.430,True,0.436,-2.166,1.38,36.54
1786962331.989,,0,,,,0.810,-3.365,True,0.437,-2.334,1.48,36.29
1786962332.089,,0,,,,0.860,-3.301,True,0.437,-2.452,1.55,36.27
1786962332.189,,0,,,,0.920,-3.224,True,0.438,-2.468,1.56,36.18
1786962332.289,,0,,,,0.980,-3.147,True,0.439,-2.711,1.70,35.98
1786962332.314,,0,,,,1.000,-3.121,True,0.440,-2.740,1.72,35.98
1786962332.390,,0,,,,1.050,-3.057,True,0.441,-2.629,1.63,35.44
1786962332.589,,0,,,,1.110,-2.979,True,0.442,-2.621,1.62,35.34
1786962332.639,,0,,,,1.100,-2.992,True,0.441,-2.459,1.52,35.33
1786962332.739,,0,,,,1.050,-3.057,True,0.441,-2.346,1.44,35.27
1786962332.789,,0,,,,1.030,-3.082,True,0.440,-2.272,1.40,35.26
1786962332.889,,0,,,,1.030,-3.082,True,0.440,-2.235,1.37,35.24
1786962332.964,,0,,,,1.050,-3.057,True,0.441,-2.271,1.40,35.24
1786962333.039,,0,,,,1.100,-2.992,True,0.441,-2.516,1.50,34.26
1786962333.139,,0,,,,1.150,-2.928,True,0.442,-2.465,1.48,34.45
1786962333.189,,0,,,,1.200,-2.864,True,0.443,-2.581,1.55,34.43
1786962333.289,,0,,,,1.260,-2.786,True,0.444,-2.284,1.35,33.86
1786962333.389,,0,,,,1.220,-2.838,True,0.443,-2.639,1.58,34.21
1786962333.489,,0,,,,1.150,-2.928,True,0.442,-2.280,1.33,33.51
1786962333.589,,0,,,,0.970,-3.160,True,0.439,-2.750,1.60,33.41
1786962333.639,,0,,,,0.890,-3.263,True,0.438,-2.754,1.60,33.40
1786962333.689,,0,,,,0.790,-3.391,True,0.436,-2.332,1.35,33.06
1786962333.789,,0,,,,0.650,-3.571,True,0.434,-2.278,1.31,33.05
1786962333.839,,0,,,,0.610,-3.623,True,0.433,-2.279,1.31,33.04
1786962333.939,,0,,,,0.570,-3.674,True,0.433,-2.350,1.35,32.96
1786962333.989,,0,,,,0.570,-3.674,True,0.433,-2.332,1.34,32.86
1786962334.039,,0,,,,0.560,-3.687,True,0.432,-2.340,1.34,32.84
1786962334.189,,0,,,,0.670,-3.546,True,0.434,-1.876,1.06,32.27
1786962334.289,,0,,,,0.770,-3.417,True,0.436,-2.463,1.40,32.46
1786962334.414,,0,,,,0.900,-3.250,True,0.438,-2.348,1.31,32.07
1786962334.464,,0,,,,0.950,-3.185,True,0.439,-2.488,1.39,32.10
1786962334.489,,0,,,,0.940,-3.198,True,0.439,-2.547,1.43,32.09
1786962334.589,,0,,,,0.900,-3.250,True,0.438,-2.483,1.37,31.64
1786962334.689,,0,,,,0.820,-3.353,True,0.437,-2.512,1.38,31.40
1786962334.789,,0,,,,0.780,-3.404,True,0.436,-2.621,1.42,31.03
1786962334.839,,0,,,,0.770,-3.417,True,0.436,-2.669,1.44,31.01
1786962334.889,,0,,,,0.890,-3.263,True,0.438,-2.014,1.08,30.84
1786962334.989,,0,,,,1.110,-2.979,True,0.442,-1.960,1.05,30.83
1786962335.089,,0,,,,1.360,-2.658,True,0.446,-2.289,1.23,30.70
1786962335.139,,0,,,,1.500,-2.478,True,0.448,-2.323,1.24,30.50
1786962335.239,,0,,,,1.600,-2.349,True,0.450,-2.696,1.43,30.41
1786962335.289,,0,,,,1.600,-2.349,True,0.450,-2.814,1.49,30.40
1786962335.389,,0,,,,1.470,-2.516,True,0.448,-2.666,1.40,30.15
1786962335.489,,0,,,,1.130,-2.954,True,0.442,-2.896,1.52,30.01
1786962335.589,,0,,,,0.780,-3.404,True,0.436,-2.567,1.33,29.61
1786962335.714,,0,,,,0.420,-3.867,True,0.430,-2.872,1.48,29.50
1786962335.814,,0,,,,0.300,-4.022,True,0.428,-2.473,1.26,29.23
1786962335.889,,0,,,,0.300,-4.022,True,0.428,-2.395,1.22,29.22
1786962335.989,,0,,,,0.520,-3.739,True,0.432,-2.543,1.31,29.49
1786962336.089,,0,,,,0.630,-3.597,True,0.434,-2.395,1.21,28.91
1786962336.189,,0,,,,0.650,-3.571,True,0.434,-2.396,1.20,28.71
1786962336.289,,0,,,,0.580,-3.661,True,0.433,-2.990,1.51,28.86
1786962336.389,,0,,,,0.260,-4.073,True,0.427,-2.479,1.22,28.18
1786962336.439,,0,,,,0.130,-4.240,True,0.425,-2.473,1.22,28.17
1786962336.539,,0,,,,-0.100,-4.536,True,0.422,-2.403,1.18,28.09
1786962336.639,,0,,,,-0.180,-4.639,True,0.420,-2.240,1.09,27.90
1786962336.764,,0,,,,0.030,-4.369,True,0.424,-2.285,1.10,27.65
1786962336.789,,0,,,,0.200,-4.150,True,0.426,-2.390,1.15,27.63
1786962336.889,,0,,,,0.660,-3.558,True,0.434,-2.306,1.10,27.46
1786962336.964,,0,,,,0.850,-3.314,True,0.437,-2.140,1.02,27.25
1786962337.064,,0,,,,1.220,-2.838,True,0.443,-2.165,1.02,27.11
1786962337.114,,0,,,,1.360,-2.658,True,0.446,-2.264,1.07,27.10
1786962337.214,,0,,,,1.370,-2.645,True,0.446,-2.713,1.26,26.70
1786962337.289,,0,,,,1.240,-2.812,True,0.444,-2.559,1.18,26.53
1786962337.389,,0,,,,1.030,-3.082,True,0.440,-2.598,1.20,26.53
1786962337.464,,0,,,,0.900,-3.250,True,0.438,-2.516,1.16,26.34
1786962337.539,,0,,,,0.810,-3.365,True,0.437,-2.437,1.11,26.18
1786962337.589,,0,,,,0.750,-3.443,True,0.436,-2.429,1.11,26.17
1786962337.689,,0,,,,0.690,-3.520,True,0.435,-2.671,1.22,26.12
1786962337.789,,0,,,,0.590,-3.649,True,0.433,-2.402,1.08,25.82
1786962337.889,,0,,,,0.440,-3.842,True,0.430,-2.460,1.09,25.48
1786962337.939,,0,,,,0.310,-4.009,True,0.428,-2.476,1.10,25.47
1786962338.039,,0,,,,0.150,-4.215,True,0.426,-2.502,1.10,25.31
1786962338.089,,0,,,,0.000,-4.408,True,0.423,-2.488,1.09,25.15
1786962338.139,,0,,,,-0.070,-4.498,True,0.422,-2.421,1.06,25.15
1786962338.239,,0,,,,-0.140,-4.588,True,0.421,-2.367,1.03,24.92
1786962338.339,,0,,,,-0.020,-4.433,True,0.423,-2.308,1.00,24.78
1786962338.489,,0,,,,0.200,-4.150,True,0.426,-2.411,1.04,24.75
1786962338.589,,0,,,,0.410,-3.880,True,0.430,-2.255,0.95,24.27
1786962338.689,,0,,,,0.500,-3.764,True,0.431,-2.037,0.86,24.09
1786962338.789,,0,,,,0.490,-3.777,True,0.431,-2.156,0.91,24.08
1786962338.839,,0,,,,0.510,-3.752,True,0.432,-2.648,1.10,23.92
1786962338.914,,0,,,,0.470,-3.803,True,0.431,-2.760,1.15,23.91
1786962338.989,,0,,,,0.400,-3.893,True,0.430,-2.434,1.00,23.66
1786962339.089,,0,,,,0.390,-3.906,True,0.430,-2.755,1.14,23.65
1786962339.189,,0,,,,0.340,-3.970,True,0.429,-2.377,0.97,23.30
1786962339.264,,0,,,,0.330,-3.983,True,0.429,-2.317,0.94,23.17
1786962339.339,,0,,,,0.300,-4.022,True,0.428,-2.255,0.91,23.17
1786962339.439,,0,,,,0.250,-4.086,True,0.427,-2.320,0.93,22.94
1786962339.539,,0,,,,0.180,-4.176,True,0.426,-2.297,0.90,22.56
1786962339.589,,0,,,,0.150,-4.215,True,0.426,-2.251,0.88,22.41
1786962339.689,,0,,,,0.040,-4.356,True,0.424,-2.588,1.01,22.29
1786962339.789,,0,,,,0.020,-4.382,True,0.424,-2.545,0.99,22.28
1786962339.889,,0,,,,0.090,-4.292,True,0.425,-2.192,0.84,22.09
1786962339.889,,0,,,,0.090,-4.292,True,0.425,-2.092,0.81,22.08
1786962340.014,,0,,,,0.300,-4.022,True,0.428,-2.339,0.89,21.69
1786962340.089,,0,,,,0.470,-3.803,True,0.431,-2.446,0.92,21.67
1786962340.189,,0,,,,0.620,-3.610,True,0.433,-2.054,0.77,21.49
1786962340.289,,0,,,,0.830,-3.340,True,0.437,-2.052,0.77,21.48
1786962340.489,,0,,,,0.870,-3.288,True,0.438,-2.566,0.94,20.96
1786962340.589,,0,,,,0.740,-3.456,True,0.435,-2.760,1.00,20.76
1786962340.689,,0,,,,0.630,-3.597,True,0.434,-2.796,1.00,20.44
1786962340.889,,0,,,,0.770,-3.417,True,0.436,-2.838,1.00,20.27
1786962340.939,,0,,,,0.940,-3.198,True,0.439,-2.921,1.03,20.15
1786962341.089,,0,,,,1.150,-2.928,True,0.442,-2.986,1.05,20.13
1786962341.189,,0,,,,1.180,-2.889,True,0.443,-2.829,0.97,19.71
1786962341.289,,0,,,,1.000,-3.121,True,0.440,-2.339,0.80,19.51
1786962341.389,,0,,,,0.870,-3.288,True,0.438,-2.876,0.97,19.37
1786962341.589,,0,,,,0.770,-3.417,True,0.436,-2.534,0.84,18.99
1786962341.689,,0,,,,0.880,-3.275,True,0.438,-2.497,0.82,18.79
1786962341.789,,0,,,,1.130,-2.954,True,0.442,-2.562,0.83,18.62
1786962341.889,,0,,,,1.390,-2.619,True,0.446,-2.501,0.81,18.49
1786962342.189,,0,,,,2.140,-1.654,True,0.459,-2.640,0.82,17.73
1786962342.264,,0,,,,2.260,-1.500,True,0.461,-2.788,0.86,17.71
1786962342.364,,0,,,,2.220,-1.551,True,0.461,-2.896,0.89,17.53
1786962342.414,,0,,,,2.200,-1.577,True,0.460,-2.552,0.77,17.33
1786962342.489,,0,,,,2.120,-1.680,True,0.459,-2.683,0.80,17.16
1786962342.564,,0,,,,2.030,-1.796,True,0.457,-2.750,0.82,17.15
1786962342.689,,0,,,,2.020,-1.809,True,0.457,-2.788,0.83,16.96
1786962342.714,,0,,,,2.020,-1.809,True,0.457,-2.759,0.82,16.96
1786962342.814,,0,,,,2.050,-1.770,True,0.458,-4.424,1.30,16.90
1786962342.839,,0,,,,2.050,-1.770,True,0.458,-3.067,0.89,16.64
1786962342.939,,0,,,,2.050,-1.770,True,0.458,-2.913,0.84,16.46
1786962342.989,,0,,,,2.480,-1.217,True,0.465,-2.794,0.80,16.45
1786962343.064,,0,,,,2.510,-1.178,True,0.466,-2.526,0.72,16.25
1786962343.164,,0,,,,2.450,-1.255,True,0.464,-2.614,0.73,15.91
1786962343.264,,0,,,,2.270,-1.487,True,0.461,-2.613,0.72,15.89
1786962343.339,,0,,,,2.100,-1.706,True,0.458,-2.636,0.72,15.71
1786962343.464,,0,,,,1.850,-2.027,True,0.454,-2.701,0.73,15.55
1786962343.564,,0,,,,1.790,-2.105,True,0.453,-2.693,0.72,15.36
1786962343.589,,0,,,,1.830,-2.053,True,0.454,-2.602,0.70,15.35
1786962343.689,,0,,,,2.100,-1.706,True,0.458,-2.540,0.67,15.16
1786962343.789,,0,,,,2.480,-1.217,True,0.465,-2.332,0.61,15.00
1786962343.914,,0,,,,2.890,-0.689,True,0.472,-1.780,0.55,17.64
1786962343.989,,0,,,,3.160,-0.342,True,0.477,-2.450,0.63,14.64
1786962344.089,,0,,,,3.300,-0.162,True,0.479,-2.511,0.64,14.62
1786962344.139,,0,,,,3.320,-0.136,True,0.480,-2.664,0.68,14.61
1786962344.189,,0,,,,3.360,-0.084,True,0.480,-2.697,0.69,14.60
1786962344.239,,0,,,,3.380,-0.059,True,0.481,-1.775,0.52,16.66
1786962344.289,,0,,,,3.370,-0.072,True,0.481,-1.881,0.55,16.66
1786962344.414,,0,,,,3.530,0.134,True,0.483,-3.099,0.75,13.93
1786962344.439,,0,,,,3.570,0.186,True,0.484,-3.170,0.77,13.91
1786962344.539,,0,,,,3.800,0.482,True,0.488,-2.983,0.70,13.54
1786962344.689,,0,,,,4.110,0.881,True,0.494,-2.897,0.67,13.20
1786962344.764,,0,,,,4.170,0.958,True,0.495,-2.883,0.66,13.20
1786962344.789,,0,,,,4.240,1.048,True,0.496,-2.373,0.64,15.38
1786962344.889,,0,,,,4.300,1.125,True,0.497,-2.294,0.62,15.37
1786962344.939,,0,,,,4.260,1.074,True,0.497,-3.215,0.72,12.88
1786962344.989,,0,,,,4.210,1.009,True,0.496,-3.224,0.72,12.87
1786962345.089,,0,,,,4.070,0.829,True,0.493,-1.819,0.47,14.80
1786962345.139,,0,,,,3.980,0.713,True,0.492,-2.857,0.62,12.50
1786962345.289,,0,,,,3.820,0.507,True,0.489,-2.893,0.63,12.48
1786962345.339,,0,,,,3.840,0.533,True,0.489,-2.775,0.60,12.46
1786962345.439,,0,,,,3.930,0.649,True,0.491,-0.358,0.09,14.84
1786962345.614,,0,,,,4.290,1.112,True,0.497,-2.424,0.50,11.76
1786962345.639,,0,,,,4.450,1.318,True,0.500,-1.765,0.42,13.75
1786962345.739,,0,,,,4.620,1.537,True,0.503,-1.761,0.42,13.74
1786962345.789,,0,,,,4.670,1.601,True,0.504,-1.804,0.43,13.73
1786962345.889,,0,,,,4.790,1.756,True,0.506,-1.822,0.43,13.39
1786962345.939,,0,,,,4.790,1.756,True,0.506,-1.790,0.42,13.38
1786962346.039,,0,,,,4.870,1.858,True,0.508,0.198,0.05,13.65
1786962346.089,,0,,,,4.920,1.923,True,0.509,-1.997,0.46,13.19
1786962346.189,,0,,,,5.030,2.064,True,0.511,-2.126,0.49,13.18
1786962346.289,,0,,,,5.120,2.180,True,0.512,-2.892,0.53,10.51
1786962346.414,,0,,,,5.300,2.412,True,0.516,-3.312,0.60,10.39
1786962346.489,,0,,,,5.380,2.515,True,0.517,-2.033,0.45,12.58
1786962346.589,,0,,,,5.480,2.643,True,0.519,-2.675,0.47,10.04
1786962346.664,,0,,,,5.520,2.695,True,0.520,-2.345,0.50,12.22
1786962346.764,,0,,,,5.530,2.708,True,0.520,-2.874,0.49,9.68
1786962346.789,,0,,,,5.470,2.630,True,0.519,-2.866,0.48,9.67
1786962346.889,,0,,,,5.490,2.656,True,0.519,-2.794,0.46,9.47
1786962346.989,,0,,,,5.470,2.630,True,0.519,-2.783,0.46,9.45
1786962347.039,,0,,,,5.420,2.566,True,0.518,-2.852,0.47,9.44
1786962347.164,,0,,,,5.380,2.515,True,0.517,-2.914,0.46,9.10
1786962347.239,,0,,,,5.360,2.489,True,0.517,-3.060,0.47,8.76
1786962347.339,,0,,,,5.330,2.450,True,0.516,-3.475,0.52,8.63
1786962347.464,,0,,,,5.410,2.553,True,0.518,-3.275,0.48,8.43
1786962347.564,,0,,,,5.530,2.708,True,0.520,-3.129,0.45,8.26
1786962347.589,,0,,,,5.530,2.708,True,0.520,-3.040,0.44,8.25
1786962347.764,,0,,,,5.750,2.991,True,0.524,-0.022,0.00,9.00
1786962347.789,,0,,,,5.790,3.042,True,0.525,-0.151,0.02,8.98
1786962347.889,,0,,,,5.840,3.107,True,0.526,-3.267,0.51,8.91
1786962347.989,,0,,,,5.830,3.094,True,0.525,-5.191,0.69,7.66
1786962348.089,,0,,,,5.770,3.016,True,0.524,-3.404,0.44,7.38
1786962348.139,,0,,,,5.720,2.952,True,0.523,-3.347,0.43,7.36
1786962348.239,,0,,,,5.650,2.862,True,0.522,-4.641,0.68,8.35
1786962348.364,,0,,,,5.690,2.914,True,0.523,-2.792,0.34,7.04
1786962348.464,,0,,,,5.690,2.914,True,0.523,-3.155,0.44,7.94
1786962348.539,,0,,,,5.710,2.939,True,0.523,-3.370,0.38,6.53
1786962348.589,,0,,,,5.680,2.901,True,0.523,-3.588,0.41,6.51
1786962348.689,,0,,,,5.540,2.721,True,0.520,-3.485,0.37,6.16
1786962348.789,,0,,,,5.430,2.579,True,0.518,-4.083,0.43,6.04
1786962348.914,,0,,,,5.370,2.502,True,0.517,-3.866,0.40,5.87
1786962348.939,,0,,,,5.380,2.515,True,0.517,-3.914,0.40,5.86
1786962348.989,,0,,,,5.400,2.540,True,0.517,-2.768,0.33,6.79
1786962349.089,,0,,,,5.540,2.721,True,0.520,-3.500,0.34,5.52
1786962349.189,,0,,,,5.790,3.042,True,0.525,-4.210,0.40,5.39
1786962349.239,,0,,,,5.870,3.145,True,0.526,-4.318,0.40,5.38
1786962349.389,,0,,,,6.100,3.441,True,0.530,-4.188,0.38,5.19
1786962349.514,,0,,,,6.050,3.377,True,0.529,-4.860,0.41,4.90
1786962349.589,,0,,,,5.990,3.300,True,0.528,-5.045,0.43,4.88
1786962349.689,,0,,,,5.920,3.209,True,0.527,-5.098,0.41,4.58
1786962349.789,,0,,,,5.950,3.248,True,0.528,-5.107,0.41,4.57
1786962349.889,,0,,,,6.070,3.402,True,0.530,-4.884,0.38,4.42
1786962349.939,,0,,,,6.100,3.441,True,0.530,-4.973,0.37,4.27
1786962350.039,,0,,,,6.200,3.570,True,0.532,-4.904,0.35,4.15
1786962350.089,,0,,,,6.200,3.570,True,0.532,-4.886,0.35,4.13
1786962350.189,,0,,,,6.130,3.480,True,0.531,-5.029,0.35,3.96
1786962350.289,,0,,,,5.960,3.261,True,0.528,-4.813,0.32,3.82
1786962350.389,,0,,,,5.790,3.042,True,0.525,-5.320,0.34,3.69
1786962350.439,,0,,,,5.770,3.016,True,0.524,-4.649,0.29,3.57
1786962350.564,,0,,,,5.790,3.042,True,0.525,-4.326,0.26,3.47
1786962350.589,,0,,,,5.850,3.119,True,0.526,-5.290,0.31,3.37
1786962350.714,,0,,,,6.100,3.441,True,0.530,-5.030,0.29,3.26
1786962350.739,,0,,,,6.210,3.583,True,0.532,-5.017,0.28,3.24
1786962350.839,,0,,,,6.480,3.908,True,0.533,-5.790,0.32,3.16
1786962350.939,,0,,,,6.680,4.135,True,0.530,-5.470,0.29,3.04
1786962351.064,,0,,,,6.640,4.090,True,0.530,-5.353,0.28,2.96
1786962351.139,,0,,,,6.530,3.965,True,0.532,-6.355,0.32,2.89
1786962351.239,,0,,,,6.380,3.794,True,0.534,-5.915,0.29,2.83
1786962351.314,,0,,,,6.430,3.851,True,0.533,-6.056,0.30,2.82
1786962351.389,,0,,,,6.550,3.987,True,0.532,-6.362,0.31,2.81
1786962351.539,,0,,,,6.920,4.408,True,0.527,-5.971,0.28,2.70
1786962351.689,,0,,,,7.050,4.556,True,0.525,-7.459,0.35,2.68
1786962351.789,,0,,,,7.120,4.636,True,0.524,-7.690,0.35,2.65
1786962351.839,,0,,,,7.140,4.659,True,0.524,-7.818,0.36,2.63
1786962351.989,,0,,,,7.140,4.659,True,0.524,-7.695,0.35,2.61
1786962352.039,,0,,,,7.200,4.727,True,0.523,-7.742,0.35,2.59
1786962352.164,,0,,,,7.320,4.864,True,0.521,-7.656,0.34,2.57
1786962352.239,,0,,,,7.540,5.114,True,0.518,-7.827,0.35,2.55
1786962352.339,,0,,,,7.610,5.194,True,0.517,-7.866,0.35,2.53
1786962352.489,,0,,,,7.910,5.535,True,0.513,-8.064,0.35,2.52
1786962352.539,,0,,,,7.890,5.512,True,0.514,-8.041,0.35,2.50
1786962352.689,,0,,,,7.980,5.615,True,0.512,-7.975,0.34,2.47
1786962352.889,,0,,,,8.250,5.922,True,0.509,-7.990,0.34,2.44
1786962352.964,,0,,,,8.360,6.047,True,0.507,-7.814,0.33,2.42
1786962353.039,,0,,,,8.410,6.104,True,0.507,-7.805,0.33,2.41
1786962353.089,,0,,,,8.390,6.081,True,0.507,-7.602,0.32,2.39
1786962353.189,,0,,,,8.150,5.808,True,0.510,-7.524,0.31,2.38
1786962353.289,,0,,,,7.920,5.546,True,0.513,-7.463,0.31,2.36
1786962353.439,,0,,,,7.700,5.296,True,0.516,-7.543,0.31,2.34
1786962353.489,,0,,,,7.710,5.307,True,0.516,-7.264,0.29,2.32
1786962353.614,,0,,,,7.960,5.592,True,0.513,-7.186,0.29,2.30
1786962353.739,,0,,,,8.520,6.229,True,0.505,-7.074,0.28,2.28
1786962353.839,,0,,,,8.850,6.605,True,0.501,-7.242,0.28,2.26
1786962353.989,,0,,,,8.840,6.593,True,0.501,-6.926,0.27,2.24
1786962354.039,,0,,,,8.740,6.479,True,0.502,-7.197,0.28,2.22
1786962354.189,,0,,,,8.400,6.093,True,0.507,-7.316,0.28,2.20
1786962354.289,,0,,,,8.590,6.309,True,0.504,-7.434,0.28,2.18
1786962354.414,,0,,,,8.830,6.582,True,0.501,-7.300,0.27,2.15
1786962354.539,,0,,,,9.710,7.583,True,0.490,-7.240,0.27,2.13
1786962354.589,,0,,,,9.920,7.822,True,0.487,-7.424,0.27,2.11
1786962354.689,,0,,,,10.200,8.141,True,0.483,-7.664,0.28,2.10
1786962354.739,,0,,,,10.160,8.095,True,0.484,-7.623,0.28,2.08
1786962354.889,,0,,,,9.720,7.595,True,0.489,-7.920,0.28,2.06
1786962354.964,,0,,,,9.540,7.390,True,0.492,-7.826,0.28,2.05
1786962354.989,,0,,,,9.410,7.242,True,0.494,-7.688,0.27,2.04
1786962355.089,,0,,,,9.290,7.105,True,0.495,-7.692,0.27,2.02
1786962355.189,,0,,,,9.290,7.105,True,0.495,-7.494,0.26,2.01
1786962355.264,,0,,,,9.410,7.242,True,0.494,-7.381,0.26,2.00
1786962355.289,,0,,,,9.450,7.287,True,0.493,-7.178,0.25,1.98
1786962355.439,,0,,,,9.700,7.572,True,0.490,-7.094,0.24,1.97
1786962355.539,,0,,,,9.720,7.595,True,0.489,-6.885,0.23,1.94
1786962358.739,,0,,,,10.120,8.050,True,0.484,-20.555,1.27,3.61
1786962358.914,,0,,,,10.310,8.266,True,0.482,-20.608,1.26,3.59
1786962358.989,,0,,,,10.420,8.391,True,0.480,-20.400,1.27,3.63
1786962359.089,,0,,,,10.510,8.494,True,0.479,-20.467,1.27,3.62
1786962359.189,,0,,,,10.570,8.562,True,0.478,-20.451,1.26,3.61
1786962359.289,,0,,,,10.480,8.459,True,0.480,-22.905,1.39,3.57
1786962359.464,,0,,,,10.130,8.061,True,0.484,-22.912,1.38,3.54
1786962359.489,,0,,,,10.020,7.936,True,0.486,-20.874,1.27,3.56
1786962359.614,,0,,,,9.720,7.595,True,0.489,-20.836,1.26,3.55
1786962360.189,,0,,,,9.910,7.811,True,0.487,-23.355,1.36,3.44
1786962360.339,,0,,,,9.840,7.731,True,0.488,-20.728,1.23,3.49
1786962360.389,,0,,,,9.790,7.674,True,0.489,-20.748,1.23,3.48
1786962360.539,,0,,,,9.720,7.595,True,0.489,-20.161,1.20,3.49
1786962360.964,,0,,,,10.190,8.129,True,0.483,-20.551,1.23,3.51
1786962361.039,,0,,,,10.370,8.334,True,0.481,-12.692,0.78,3.55
1786962361.589,,0,,,,10.310,8.266,True,0.482,-20.675,1.15,3.27
1786962361.639,,0,,,,10.330,8.289,True,0.482,-20.469,1.14,3.27
1786962361.789,,0,,,,10.670,8.676,True,0.477,-20.191,1.12,3.24
1786962362.239,,0,,,,10.650,8.653,True,0.477,-19.668,1.07,3.18
1786962362.339,,0,,,,10.530,8.516,True,0.479,-19.448,1.05,3.17
1786962362.539,,0,,,,10.900,8.937,True,0.474,-19.244,1.03,3.14
1786962362.639,,0,,,,11.110,9.176,True,0.472,-19.208,1.03,3.13
1786962362.789,,0,,,,11.320,9.415,True,0.469,-19.167,1.02,3.10
1786962362.889,,0,,,,11.300,9.393,True,0.469,-19.067,1.01,3.09
1786962362.989,,0,,,,11.300,9.393,True,0.469,-18.933,1.00,3.07
1786962363.089,,0,,,,11.260,9.347,True,0.470,-18.779,0.98,3.06
1786962363.189,,0,,,,11.300,9.393,True,0.469,-18.626,0.97,3.04
1786962363.289,,0,,,,11.490,9.609,True,0.467,-18.464,0.96,3.03
1786962363.389,,0,,,,11.680,9.825,True,0.464,-18.377,0.95,3.02
1786962363.439,,0,,,,11.780,9.939,True,0.463,-18.318,0.95,3.01
1786962363.539,,0,,,,11.880,10.053,True,0.462,-18.182,0.93,3.00
1786962363.639,,0,,,,11.780,9.939,True,0.463,-18.180,0.93,2.99
1786962363.739,,0,,,,6.000,3.312,True,0.528,-16.058,0.82,2.97
1786962363.839,,0,,,,7.600,5.182,True,0.517,-12.112,0.62,2.96
1786962363.889,,0,,,,7.650,5.239,True,0.517,-12.862,0.66,2.96
1786962363.939,,0,,,,7.610,5.194,True,0.517,-13.134,0.67,2.94
1786962364.039,,0,,,,7.660,5.250,True,0.517,-13.153,0.67,2.94
1786962364.089,,0,,,,7.620,5.205,True,0.517,-12.972,0.66,2.93
1786962364.189,,0,,,,7.740,5.342,True,0.516,-12.530,0.63,2.91
1786962364.289,,0,,,,7.960,5.592,True,0.513,-12.256,0.62,2.90
1786962364.414,,0,,,,8.310,5.990,True,0.508,-12.125,0.61,2.89
1786962364.564,,0,,,,8.710,6.445,True,0.503,-14.197,0.70,2.87
1786962364.664,,0,,,,8.710,6.445,True,0.503,-12.142,0.60,2.86
1786962364.789,,0,,,,9.220,7.026,True,0.496,-12.030,0.59,2.84
1786962366.689,,0,,,,14.190,12.681,True,0.433,1.020,0.05,2.65
1786962366.789,,0,,,,14.280,12.784,True,0.432,0.912,0.04,2.64
1786962366.889,,0,,,,14.110,12.590,True,0.434,1.145,0.05,2.64
1786962366.989,,0,,,,13.870,12.317,True,0.437,1.452,0.07,2.63
1786962367.089,,0,,,,13.730,12.158,True,0.439,-15.974,0.60,2.17
1786962367.214,,0,,,,13.870,12.317,True,0.437,-15.278,0.57,2.15
1786962367.239,,0,,,,14.080,12.556,True,0.435,-14.908,0.55,2.14
1786962367.414,,0,,,,14.640,13.193,True,0.428,-4.041,0.17,2.37
1786962367.439,,0,,,,14.800,13.375,True,0.426,-3.863,0.16,2.36
1786962367.539,,0,,,,15.140,13.769,True,0.427,-3.650,0.15,2.35
1786962367.589,,0,,,,15.210,13.852,True,0.428,-3.574,0.15,2.34
1786962367.639,,0,,,,15.250,13.899,True,0.429,-3.584,0.15,2.33
1786962367.739,,0,,,,15.380,14.053,True,0.432,-3.442,0.14,2.32
1786962367.789,,0,,,,15.420,14.100,True,0.433,-3.322,0.13,2.32
1786962367.839,,0,,,,15.420,14.100,True,0.433,-3.321,0.13,2.31
1786962367.939,,0,,,,15.670,14.396,True,0.438,-2.998,0.12,2.30
1786962368.089,,0,,,,16.290,15.130,True,0.452,-2.956,0.12,2.30
1786962368.139,,0,,,,16.700,15.615,True,0.461,-2.715,0.11,2.28
1786962368.189,,0,,,,17.090,16.077,True,0.469,-2.887,0.11,2.28
1786962368.289,,0,,,,17.820,16.941,True,0.486,-2.979,0.12,2.27
1786962368.389,,0,,,,18.090,17.261,True,0.493,-2.921,0.11,2.26
1786962368.439,,0,,,,18.130,17.308,True,0.493,-2.952,0.12,2.24
1786962368.589,,0,,,,17.920,17.059,True,0.489,3.895,0.16,2.42
1786962368.639,,0,,,,17.820,16.941,True,0.486,3.919,0.16,2.41
1786962368.689,,0,,,,17.840,16.965,True,0.487,4.227,0.18,2.41
1786962368.789,,0,,,,18.140,17.320,True,0.494,4.652,0.19,2.40
1786962368.889,,0,,,,18.600,17.864,True,0.504,4.717,0.20,2.39
1786962368.989,,0,,,,18.920,18.243,True,0.512,5.220,0.22,2.38
1786962369.089,,0,,,,19.360,18.764,True,0.523,5.309,0.22,2.37
1786962369.189,,0,,,,19.480,18.906,True,0.525,-3.928,0.14,2.06
1786962369.289,,0,,,,19.300,18.693,True,0.521,-4.058,0.15,2.06
1786962369.389,,0,,,,18.980,18.314,True,0.513,-3.919,0.14,2.04
1786962369.564,,0,,,,18.540,17.793,True,0.503,-3.456,0.12,2.02
1786962369.664,,0,,,,18.390,17.616,True,0.500,-3.164,0.11,2.01
1786962369.689,,0,,,,18.350,17.568,True,0.499,-2.744,0.10,2.00
