t,ns,marker_id,track_id,boresight_deg,angle_in_frame_deg,gimbal_yaw_deg,corrected_yaw_deg,yaw_correction_valid,yaw_sigma_deg,angle_error_deg,miss_distance_m,range_m
1786962005.244,,0,,,,0.810,-3.365,True,0.437,0.532,0.33,35.13
1786962005.244,,0,,,,0.810,-3.365,True,0.437,0.429,0.26,35.10
1786962005.244,,0,,,,0.810,-3.365,True,0.437,0.151,0.09,35.09
1786962005.244,,0,,,,0.810,-3.365,True,0.437,0.103,0.06,35.07
1786962005.244,,0,,,,0.810,-3.365,True,0.437,0.051,0.03,35.06
1786962005.244,,0,,,,0.760,-3.430,True,0.436,-0.014,0.01,35.05
1786962005.244,,0,,,,0.700,-3.507,True,0.435,-0.078,0.05,35.03
1786962005.244,,0,,,,0.700,-3.507,True,0.435,-0.303,0.19,35.03
1786962005.244,,0,,,,0.700,-3.507,True,0.435,-0.419,0.26,35.02
1786962005.244,,0,,,,0.700,-3.507,True,0.435,-0.650,0.40,35.00
1786962005.269,,0,,,,0.440,-3.842,True,0.430,-0.754,0.46,34.98
1786962005.294,,0,,,,0.300,-4.022,True,0.428,-0.778,0.47,34.97
1786962005.319,,0,,,,0.100,-4.279,True,0.425,-0.789,0.48,34.96
1786962005.369,,0,,,,-0.050,-4.472,True,0.422,-0.684,0.42,34.94
1786962005.369,,0,,,,-0.050,-4.472,True,0.422,-0.634,0.39,34.93
1786962005.394,,0,,,,-0.030,-4.446,True,0.423,-0.631,0.38,34.92
1786962005.444,,0,,,,-0.080,-4.511,True,0.422,-0.652,0.40,34.90
1786962005.444,,0,,,,-0.080,-4.511,True,0.422,-0.749,0.46,34.88
1786962005.494,,0,,,,-0.170,-4.626,True,0.420,-0.290,0.18,35.03
1786962005.544,,0,,,,-0.220,-4.691,True,0.420,-0.366,0.22,35.02
1786962005.594,,0,,,,-0.250,-4.729,True,0.419,-0.367,0.22,35.00
1786962005.744,,0,,,,-0.250,-4.729,True,0.419,-0.392,0.24,34.99
1786962005.794,,0,,,,-0.150,-4.601,True,0.421,-0.445,0.27,35.03
1786962005.894,,0,,,,-0.060,-4.485,True,0.422,-0.559,0.34,35.01
1786962005.994,,0,,,,0.060,-4.331,True,0.424,-0.612,0.37,35.00
1786962006.044,,0,,,,0.080,-4.305,True,0.425,-0.665,0.41,34.98
1786962006.194,,0,,,,0.060,-4.331,True,0.424,-0.526,0.32,35.09
1786962006.244,,0,,,,0.000,-4.408,True,0.423,-0.626,0.38,35.08
1786962006.294,,0,,,,-0.070,-4.498,True,0.422,-0.648,0.40,35.07
1786962006.394,,0,,,,-0.260,-4.742,True,0.419,-0.578,0.35,35.06
1786962006.444,,0,,,,-0.310,-4.807,True,0.418,-0.590,0.36,35.04
1786962006.569,,0,,,,-0.330,-4.832,True,0.418,-0.549,0.34,35.03
1786962006.594,,0,,,,-0.300,-4.794,True,0.418,-0.480,0.29,35.02
1786962006.694,,0,,,,-0.190,-4.652,True,0.420,-0.689,0.42,35.18
1786962006.794,,0,,,,-0.050,-4.472,True,0.422,-0.736,0.45,35.17
1786962006.844,,0,,,,0.040,-4.356,True,0.424,-0.845,0.52,35.15
1786962006.894,,0,,,,0.040,-4.356,True,0.424,-0.930,0.57,35.14
1786962006.994,,0,,,,-0.060,-4.485,True,0.422,-0.435,0.26,34.90
1786962007.094,,0,,,,-0.330,-4.832,True,0.418,-0.560,0.34,34.87
1786962007.094,,0,,,,-0.330,-4.832,True,0.418,-0.633,0.39,34.87
1786962007.244,,0,,,,-0.600,-5.180,True,0.414,-0.615,0.38,35.09
1786962007.294,,0,,,,-0.610,-5.193,True,0.413,-0.613,0.38,35.08
1786962007.394,,0,,,,-0.600,-5.180,True,0.414,-0.598,0.37,35.07
1786962007.444,,0,,,,-0.550,-5.115,True,0.414,-0.586,0.36,35.05
1786962007.544,,0,,,,-0.450,-4.987,True,0.416,-0.621,0.38,35.01
1786962007.644,,0,,,,-0.380,-4.897,True,0.417,-0.688,0.42,34.98
1786962007.694,,0,,,,-0.350,-4.858,True,0.418,-0.744,0.45,34.98
1786962007.819,,0,,,,-0.300,-4.794,True,0.418,-0.621,0.38,34.93
1786962007.844,,0,,,,-0.280,-4.768,True,0.419,-0.651,0.40,34.92
1786962007.944,,0,,,,-0.290,-4.781,True,0.419,-0.706,0.43,34.91
1786962007.994,,0,,,,-0.280,-4.768,True,0.419,-0.753,0.46,34.90
1786962008.144,,0,,,,-0.200,-4.665,True,0.420,-0.887,0.54,35.12
1786962008.194,,0,,,,-0.160,-4.614,True,0.421,-0.947,0.58,35.10
1786962008.294,,0,,,,-0.130,-4.575,True,0.421,-1.036,0.63,35.08
1786962008.394,,0,,,,-0.210,-4.678,True,0.420,-0.769,0.47,34.91
1786962008.494,,0,,,,-0.370,-4.884,True,0.417,-0.812,0.49,34.89
1786962008.594,,0,,,,-0.530,-5.090,True,0.415,-0.782,0.48,34.93
1786962008.644,,0,,,,-0.540,-5.103,True,0.415,-0.762,0.46,34.91
1786962008.694,,0,,,,-0.580,-5.154,True,0.414,-0.752,0.46,34.90
1786962008.844,,0,,,,-0.540,-5.103,True,0.415,-0.635,0.39,35.02
1786962008.894,,0,,,,-0.410,-4.935,True,0.417,-0.606,0.37,35.01
1786962008.994,,0,,,,-0.080,-4.511,True,0.422,-0.930,0.57,35.07
1786962009.044,,0,,,,-0.020,-4.433,True,0.423,-0.519,0.32,34.80
1786962009.144,,0,,,,0.160,-4.202,True,0.426,-0.353,0.21,34.90
1786962009.244,,0,,,,0.140,-4.228,True,0.426,-0.465,0.28,34.88
1786962009.294,,0,,,,0.100,-4.279,True,0.425,-0.574,0.35,34.87
1786962009.394,,0,,,,-0.040,-4.459,True,0.423,-0.620,0.38,34.86
1786962009.494,,0,,,,-0.170,-4.626,True,0.420,-0.645,0.39,34.84
1786962009.544,,0,,,,-0.200,-4.665,True,0.420,-0.704,0.43,34.84
1786962009.619,,0,,,,-0.180,-4.639,True,0.420,-0.723,0.44,34.82
1786962009.694,,0,,,,-0.180,-4.639,True,0.420,-0.786,0.48,34.81
1786962009.794,,0,,,,-0.080,-4.511,True,0.422,-0.803,0.49,34.80
1786962009.894,,0,,,,0.060,-4.331,True,0.424,-0.787,0.48,34.77
1786962009.994,,0,,,,0.110,-4.266,True,0.425,-0.865,0.53,34.77
1786962010.044,,0,,,,0.110,-4.266,True,0.425,-0.977,0.59,34.74
1786962010.144,,0,,,,0.050,-4.343,True,0.424,-1.021,0.62,34.73
1786962010.194,,0,,,,-0.010,-4.421,True,0.423,-1.124,0.68,34.71
1786962010.294,,0,,,,-0.190,-4.652,True,0.420,-1.127,0.68,34.69
1786962010.394,,0,,,,-0.380,-4.897,True,0.417,-1.139,0.69,34.69
1786962010.444,,0,,,,-0.400,-4.922,True,0.417,-1.186,0.72,34.66
1786962010.544,,0,,,,-0.420,-4.948,True,0.416,-1.167,0.71,34.66
1786962010.594,,0,,,,-0.390,-4.910,True,0.417,-1.171,0.71,34.64
1786962010.694,,0,,,,-0.150,-4.601,True,0.421,-1.192,0.72,34.62
1786962010.794,,0,,,,0.070,-4.318,True,0.424,-1.358,0.82,34.61
1786962010.919,,0,,,,0.360,-3.945,True,0.429,-1.492,0.90,34.59
1786962010.944,,0,,,,0.440,-3.842,True,0.430,-1.618,0.98,34.58
1786962010.994,,0,,,,0.450,-3.829,True,0.431,-1.761,1.06,34.57
1786962011.094,,0,,,,0.410,-3.880,True,0.430,-1.902,1.15,34.55
1786962011.219,,0,,,,0.190,-4.163,True,0.426,-1.935,1.17,34.54
1786962011.244,,0,,,,0.120,-4.253,True,0.425,-1.935,1.17,34.52
1786962011.294,,0,,,,0.050,-4.343,True,0.424,-1.900,1.14,34.52
1786962011.394,,0,,,,-0.110,-4.549,True,0.421,-1.948,1.17,34.50
1786962011.494,,0,,,,-0.200,-4.665,True,0.420,-1.970,1.19,34.48
1786962011.544,,0,,,,-0.240,-4.717,True,0.419,-2.024,1.22,34.48
1786962011.694,,0,,,,-0.240,-4.717,True,0.419,-2.200,1.32,34.44
1786962011.769,,0,,,,-0.210,-4.678,True,0.420,-2.318,1.39,34.43
1786962011.844,,0,,,,-0.180,-4.639,True,0.420,-2.346,1.41,34.41
1786962011.944,,0,,,,-0.040,-4.459,True,0.423,-2.441,1.47,34.40
1786962012.044,,0,,,,0.080,-4.305,True,0.425,-2.550,1.53,34.37
1786962012.094,,0,,,,0.130,-4.240,True,0.425,-2.651,1.59,34.36
1786962012.194,,0,,,,0.130,-4.240,True,0.425,-2.791,1.67,34.35
1786962012.294,,0,,,,0.060,-4.331,True,0.424,-2.995,1.79,34.33
1786962012.394,,0,,,,-0.120,-4.562,True,0.421,-3.180,1.90,34.32
1786962012.394,,0,,,,-0.120,-4.562,True,0.421,-3.277,1.96,34.30
1786962012.494,,0,,,,-0.350,-4.858,True,0.418,-3.328,1.99,34.30
1786962012.594,,0,,,,-0.430,-4.961,True,0.416,-3.343,2.00,34.27
1786962012.694,,0,,,,-0.500,-5.051,True,0.415,-3.358,2.01,34.26
1786962012.794,,0,,,,-0.430,-4.961,True,0.416,-3.317,1.98,34.25
1786962012.894,,0,,,,-0.210,-4.678,True,0.420,-3.344,2.00,34.22
1786962012.944,,0,,,,0.040,-4.356,True,0.424,-3.381,2.02,34.22
1786962012.994,,0,,,,0.130,-4.240,True,0.425,-3.464,2.07,34.20
1786962013.369,,0,,,,-0.080,-4.511,True,0.422,-0.965,0.57,34.00
1786962013.394,,0,,,,-0.160,-4.614,True,0.421,-0.984,0.58,33.98
1786962013.494,,0,,,,-0.520,-5.077,True,0.415,-0.991,0.59,33.97
1786962013.544,,0,,,,-0.560,-5.128,True,0.414,-0.921,0.55,33.97
1786962013.644,,0,,,,-0.430,-4.961,True,0.416,-0.660,0.39,33.87
1786962013.694,,0,,,,-0.290,-4.781,True,0.419,-0.690,0.41,33.86
1786962013.819,,0,,,,0.250,-4.086,True,0.427,-0.813,0.48,33.85
1786962013.844,,0,,,,0.420,-3.867,True,0.430,-0.897,0.53,33.83
1786962013.894,,0,,,,0.550,-3.700,True,0.432,-1.082,0.64,33.82
1786962014.019,,0,,,,0.620,-3.610,True,0.433,-1.011,0.60,33.77
1786962014.094,,0,,,,0.300,-4.022,True,0.428,-1.190,0.70,33.76
1786962014.144,,0,,,,0.120,-4.253,True,0.425,-1.382,0.81,33.75
1786962014.194,,0,,,,-0.060,-4.485,True,0.422,-1.185,0.70,33.77
1786962014.244,,0,,,,-0.300,-4.794,True,0.418,-1.281,0.75,33.76
1786962014.344,,0,,,,-0.680,-5.283,True,0.412,-1.367,0.81,33.75
1786962014.394,,0,,,,-0.770,-5.398,True,0.411,-1.250,0.74,33.73
1786962014.494,,0,,,,-0.710,-5.321,True,0.412,-1.052,0.62,33.64
1786962014.544,,0,,,,-0.550,-5.115,True,0.414,-1.155,0.68,33.64
1786962014.644,,0,,,,-0.110,-4.549,True,0.421,-1.223,0.72,33.61
1786962014.694,,0,,,,0.060,-4.331,True,0.424,-1.310,0.77,33.60
1786962014.794,,0,,,,0.470,-3.803,True,0.431,-1.220,0.72,33.61
1786962014.894,,0,,,,0.520,-3.739,True,0.432,-1.350,0.79,33.59
1786962014.994,,0,,,,0.300,-4.022,True,0.428,-1.111,0.65,33.55
1786962015.094,,0,,,,0.050,-4.343,True,0.424,-1.255,0.73,33.53
1786962015.094,,0,,,,0.050,-4.343,True,0.424,-1.382,0.81,33.53
1786962015.194,,0,,,,-0.350,-4.858,True,0.418,-1.337,0.78,33.51
1786962015.294,,0,,,,-0.520,-5.077,True,0.415,-0.908,0.53,33.37
1786962015.444,,0,,,,-0.210,-4.678,True,0.420,-0.796,0.46,33.35
1786962015.494,,0,,,,-0.070,-4.498,True,0.422,-0.976,0.57,33.34
1786962015.544,,0,,,,0.090,-4.292,True,0.425,-1.229,0.72,33.40
1786962015.694,,0,,,,0.490,-3.777,True,0.431,-1.452,0.85,33.37
1786962015.794,,0,,,,0.380,-3.919,True,0.429,-1.798,1.05,33.36
1786962015.844,,0,,,,0.220,-4.125,True,0.427,-1.662,0.96,33.17
1786962015.944,,0,,,,-0.110,-4.549,True,0.421,-1.705,0.99,33.17
1786962015.994,,0,,,,-0.220,-4.691,True,0.420,-1.746,1.01,33.15
1786962016.094,,0,,,,-0.420,-4.948,True,0.416,-1.370,0.79,33.00
1786962016.194,,0,,,,-0.380,-4.897,True,0.417,-1.365,0.79,32.99
1786962016.194,,0,,,,-0.380,-4.897,True,0.417,-1.326,0.76,32.97
1786962016.294,,0,,,,-0.190,-4.652,True,0.420,-1.336,0.77,32.96
1786962016.394,,0,,,,0.000,-4.408,True,0.423,-1.321,0.76,32.96
1786962016.394,,0,,,,0.000,-4.408,True,0.423,-1.375,0.79,32.94
1786962016.494,,0,,,,0.020,-4.382,True,0.424,-1.479,0.85,32.92
1786962016.594,,0,,,,-0.060,-4.485,True,0.422,-1.578,0.91,32.92
1786962016.594,,0,,,,-0.060,-4.485,True,0.422,-1.666,0.96,32.90
1786962016.719,,0,,,,-0.150,-4.601,True,0.421,-1.220,0.70,32.82
1786962016.794,,0,,,,-0.140,-4.588,True,0.421,-1.245,0.71,32.81
1786962016.844,,0,,,,-0.100,-4.536,True,0.422,-1.310,0.75,32.79
1786962016.944,,0,,,,0.080,-4.305,True,0.425,-1.197,0.69,32.81
1786962016.994,,0,,,,0.140,-4.228,True,0.426,-1.338,0.77,32.80
1786962017.044,,0,,,,0.330,-3.983,True,0.429,-1.491,0.85,32.78
1786962017.169,,0,,,,0.400,-3.893,True,0.430,-1.051,0.60,32.76
1786962017.194,,0,,,,0.370,-3.932,True,0.429,-1.174,0.67,32.75
1786962017.294,,0,,,,0.220,-4.125,True,0.427,-1.158,0.66,32.78
1786962017.294,,0,,,,0.220,-4.125,True,0.427,-1.202,0.69,32.77
1786962017.444,,0,,,,0.080,-4.305,True,0.425,-1.170,0.67,32.75
1786962017.494,,0,,,,0.020,-4.382,True,0.424,-1.223,0.70,32.74
1786962017.594,,0,,,,0.050,-4.343,True,0.424,-1.274,0.73,32.72
1786962017.694,,0,,,,0.170,-4.189,True,0.426,-1.359,0.78,32.70
1786962017.794,,0,,,,0.400,-3.893,True,0.430,-1.449,0.83,32.69
1786962017.844,,0,,,,0.510,-3.752,True,0.432,-1.539,0.88,32.67
1786962017.894,,0,,,,0.610,-3.623,True,0.433,-1.612,0.92,32.66
1786962017.994,,0,,,,0.720,-3.481,True,0.435,-1.766,1.01,32.66
1786962018.044,,0,,,,0.720,-3.481,True,0.435,-1.863,1.06,32.63
1786962018.094,,0,,,,0.700,-3.507,True,0.435,-2.024,1.15,32.62
1786962018.194,,0,,,,0.640,-3.584,True,0.434,-2.064,1.17,32.60
1786962018.294,,0,,,,0.440,-3.842,True,0.430,-2.079,1.18,32.59
1786962018.419,,0,,,,0.220,-4.125,True,0.427,-2.095,1.19,32.58
1786962018.444,,0,,,,0.200,-4.150,True,0.426,-2.040,1.16,32.55
1786962018.594,,0,,,,0.130,-4.240,True,0.425,-2.026,1.15,32.54
1786962018.694,,0,,,,0.260,-4.073,True,0.427,-2.113,1.20,32.51
1786962018.769,,0,,,,0.350,-3.957,True,0.429,-2.219,1.26,32.51
1786962018.894,,0,,,,0.420,-3.867,True,0.430,-2.241,1.27,32.48
1786962018.994,,0,,,,0.470,-3.803,True,0.431,-2.325,1.32,32.48
1786962018.994,,0,,,,0.470,-3.803,True,0.431,-2.529,1.43,32.47
1786962019.094,,0,,,,0.590,-3.649,True,0.433,-2.702,1.53,32.45
1786962019.194,,0,,,,0.620,-3.610,True,0.433,-1.332,0.74,31.93
1786962019.244,,0,,,,0.610,-3.623,True,0.433,-1.423,0.79,31.90
1786962019.344,,0,,,,0.630,-3.597,True,0.434,-1.449,0.81,31.89
1786962019.444,,0,,,,0.540,-3.713,True,0.432,-1.485,0.83,31.86
1786962019.544,,0,,,,0.480,-3.790,True,0.431,-1.491,0.83,31.85
1786962019.594,,0,,,,0.480,-3.790,True,0.431,-1.467,0.81,31.83
1786962019.694,,0,,,,0.530,-3.726,True,0.432,-1.593,0.88,31.82
1786962019.744,,0,,,,0.560,-3.687,True,0.432,-1.632,0.91,31.81
1786962019.794,,0,,,,0.590,-3.649,True,0.433,-1.620,0.90,31.80
1786962019.844,,0,,,,0.630,-3.597,True,0.434,-1.685,0.93,31.78
1786962019.894,,0,,,,0.690,-3.520,True,0.435,-1.736,0.96,31.77
1786962019.994,,0,,,,0.800,-3.378,True,0.436,-1.828,1.01,31.76
1786962020.094,,0,,,,0.850,-3.314,True,0.437,-1.906,1.06,31.74
1786962020.144,,0,,,,0.880,-3.275,True,0.438,-1.948,1.08,31.73
1786962020.194,,0,,,,0.910,-3.237,True,0.438,-1.948,1.08,31.71
1786962020.319,,0,,,,1.030,-3.082,True,0.440,-1.946,1.08,31.69
1786962020.394,,0,,,,1.110,-2.979,True,0.442,-1.945,1.08,31.68
1786962020.444,,0,,,,1.110,-2.979,True,0.442,-2.035,1.12,31.66
1786962020.544,,0,,,,1.030,-3.082,True,0.440,-2.230,1.23,31.65
1786962020.644,,0,,,,0.860,-3.301,True,0.437,-2.287,1.26,31.64
1786962020.694,,0,,,,0.730,-3.468,True,0.435,-2.315,1.28,31.62
1786962020.794,,0,,,,0.610,-3.623,True,0.433,-2.226,1.23,31.61
1786962020.894,,0,,,,0.440,-3.842,True,0.430,-2.191,1.21,31.59
1786962020.994,,0,,,,0.440,-3.842,True,0.430,-2.218,1.22,31.58
1786962021.044,,0,,,,0.490,-3.777,True,0.431,-2.328,1.28,31.56
1786962021.094,,0,,,,0.650,-3.571,True,0.434,-2.201,1.21,31.54
1786962021.219,,0,,,,0.900,-3.250,True,0.438,-2.344,1.29,31.53
1786962021.294,,0,,,,1.080,-3.018,True,0.441,-2.399,1.32,31.51
1786962021.344,,0,,,,1.150,-2.928,True,0.442,-2.493,1.37,31.50
1786962021.444,,0,,,,1.130,-2.954,True,0.442,-2.645,1.45,31.47
1786962021.494,,0,,,,1.100,-2.992,True,0.441,-2.868,1.57,31.46
1786962021.594,,0,,,,0.850,-3.314,True,0.437,-2.980,1.64,31.45
1786962021.644,,0,,,,0.790,-3.391,True,0.436,-3.148,1.73,31.44
1786962021.694,,0,,,,0.660,-3.558,True,0.434,-3.035,1.66,31.42
1786962021.794,,0,,,,0.590,-3.649,True,0.433,-2.954,1.62,31.40
1786962021.844,,0,,,,0.590,-3.649,True,0.433,-3.044,1.67,31.39
1786962021.919,,0,,,,0.670,-3.546,True,0.434,-3.099,1.70,31.38
1786962021.994,,0,,,,0.790,-3.391,True,0.436,-3.099,1.70,31.37
1786962022.044,,0,,,,0.930,-3.211,True,0.439,-3.139,1.72,31.34
1786962022.094,,0,,,,1.020,-3.095,True,0.440,-3.088,1.69,31.34
1786962022.194,,0,,,,1.180,-2.889,True,0.443,-3.115,1.70,31.32
1786962022.294,,0,,,,1.200,-2.864,True,0.443,-3.114,1.70,31.30
1786962022.419,,0,,,,1.070,-3.031,True,0.441,-3.166,1.73,31.30
1786962022.444,,0,,,,0.980,-3.147,True,0.439,-3.254,1.78,31.27
1786962022.594,,0,,,,0.810,-3.365,True,0.437,-3.207,1.75,31.25
1786962022.694,,0,,,,0.800,-3.378,True,0.436,-3.252,1.77,31.23
1786962026.194,,0,,,,0.980,-3.147,True,0.439,-2.001,0.95,27.32
1786962026.294,,0,,,,1.080,-3.018,True,0.441,-2.121,1.01,27.30
1786962026.344,,0,,,,1.130,-2.954,True,0.442,-2.240,1.07,27.29
1786962026.394,,0,,,,1.140,-2.941,True,0.442,-2.287,1.09,27.27
1786962026.494,,0,,,,1.160,-2.915,True,0.442,-2.383,1.13,27.25
1786962026.594,,0,,,,1.210,-2.851,True,0.443,-2.522,1.20,27.23
1786962026.694,,0,,,,1.200,-2.864,True,0.443,-2.559,1.22,27.22
1786962026.694,,0,,,,1.200,-2.864,True,0.443,-2.581,1.23,27.21
1786962026.794,,0,,,,1.160,-2.915,True,0.442,-2.620,1.24,27.20
1786962026.894,,0,,,,1.120,-2.967,True,0.442,-2.386,1.13,27.17
1786962026.994,,0,,,,0.960,-3.172,True,0.439,-2.361,1.12,27.16
1786962027.119,,0,,,,0.870,-3.288,True,0.438,-2.549,1.21,27.14
1786962027.144,,0,,,,0.820,-3.353,True,0.437,-2.549,1.21,27.13
1786962027.194,,0,,,,0.770,-3.417,True,0.436,-2.611,1.24,27.11
1786962027.294,,0,,,,0.720,-3.481,True,0.435,-2.594,1.23,27.10
1786962027.394,,0,,,,0.660,-3.558,True,0.434,-2.636,1.25,27.09
1786962027.444,,0,,,,0.680,-3.533,True,0.434,-2.633,1.24,27.07
1786962048.168,,0,,,,0.010,-4.395,True,0.423,-2.930,1.20,23.44
1786962048.193,,0,,,,0.110,-4.266,True,0.425,-2.819,1.15,23.42
1786962048.293,,0,,,,0.270,-4.060,True,0.428,-2.663,1.09,23.41
1786962048.368,,0,,,,0.420,-3.867,True,0.430,-2.867,1.17,23.42
1786962048.393,,0,,,,0.460,-3.816,True,0.431,-2.712,1.11,23.42
1786962048.493,,0,,,,0.550,-3.700,True,0.432,-2.532,1.03,23.40
1786962048.593,,0,,,,0.500,-3.764,True,0.431,-2.457,1.00,23.38
1786962048.693,,0,,,,0.280,-4.047,True,0.428,-2.835,1.15,23.21
1786962048.793,,0,,,,0.150,-4.215,True,0.426,-2.755,1.11,23.20
1786962048.843,,0,,,,0.080,-4.305,True,0.425,-2.612,1.06,23.18
1786962048.893,,0,,,,0.040,-4.356,True,0.424,-2.474,1.00,23.17
1786962048.943,,0,,,,0.060,-4.331,True,0.424,-2.331,0.94,23.15
1786962049.093,,0,,,,0.210,-4.138,True,0.427,-1.942,0.78,23.13
1786962049.243,,0,,,,0.340,-3.970,True,0.429,-1.734,0.70,23.12
1786962049.293,,0,,,,0.400,-3.893,True,0.430,-1.576,0.64,23.11
1786962049.393,,0,,,,0.420,-3.867,True,0.430,-1.511,0.61,23.09
1786962049.493,,0,,,,0.440,-3.842,True,0.430,-1.442,0.58,23.08
1786962049.593,,0,,,,0.560,-3.687,True,0.432,-1.433,0.58,23.06
1786962049.643,,0,,,,0.670,-3.546,True,0.434,-1.303,0.52,23.06
1786962049.743,,0,,,,0.870,-3.288,True,0.438,-3.639,1.45,22.87
1786962049.793,,0,,,,0.910,-3.237,True,0.438,-3.521,1.40,22.85
1786962049.893,,0,,,,1.040,-3.070,True,0.440,-3.350,1.33,22.83
1786962050.018,,0,,,,1.050,-3.057,True,0.441,-3.858,1.53,22.76
1786962050.093,,0,,,,0.980,-3.147,True,0.439,-3.707,1.47,22.73
1786962050.193,,0,,,,0.720,-3.481,True,0.435,-3.556,1.41,22.72
1786962050.293,,0,,,,0.560,-3.687,True,0.432,-3.409,1.35,22.71
1786962050.368,,0,,,,0.500,-3.764,True,0.431,-3.207,1.27,22.69
1786962050.443,,0,,,,0.490,-3.777,True,0.431,-2.993,1.18,22.68
1786962050.493,,0,,,,0.450,-3.829,True,0.431,-2.855,1.13,22.67
1786962050.543,,0,,,,0.490,-3.777,True,0.431,-2.685,1.06,22.66
1786962050.643,,0,,,,0.420,-3.867,True,0.430,-2.536,1.00,22.65
1786962050.743,,0,,,,0.310,-4.009,True,0.428,-2.406,0.95,22.63
1786962050.843,,0,,,,0.160,-4.202,True,0.426,-4.096,1.62,22.61
1786962050.943,,0,,,,0.080,-4.305,True,0.425,-3.945,1.55,22.58
1786962051.093,,0,,,,0.130,-4.240,True,0.425,-4.645,1.82,22.47
1786962051.193,,0,,,,0.270,-4.060,True,0.428,-4.560,1.78,22.44
1786962051.343,,0,,,,0.370,-3.932,True,0.429,-4.407,1.72,22.42
1786962051.393,,0,,,,0.400,-3.893,True,0.430,-4.216,1.65,22.41
1786962051.493,,0,,,,0.460,-3.816,True,0.431,-4.001,1.56,22.39
1786962051.593,,0,,,,0.500,-3.764,True,0.431,-3.867,1.51,22.38
1786962051.693,,0,,,,0.650,-3.571,True,0.434,-3.694,1.44,22.35
1786962051.868,,0,,,,0.730,-3.468,True,0.435,-3.484,1.36,22.33
1786962051.943,,0,,,,0.680,-3.533,True,0.434,-3.358,1.31,22.31
1786962052.293,,0,,,,0.330,-3.983,True,0.429,-2.866,1.11,22.25
1786962052.343,,0,,,,0.330,-3.983,True,0.429,-2.653,1.03,22.23
1786962052.443,,0,,,,0.480,-3.790,True,0.431,-1.797,0.70,22.22
1786962052.593,,0,,,,0.680,-3.533,True,0.434,-1.149,0.45,22.20
1786962052.593,,0,,,,0.680,-3.533,True,0.434,-0.822,0.32,22.19
1786962052.693,,0,,,,0.630,-3.597,True,0.434,-0.640,0.25,22.18
1786962052.743,,0,,,,0.560,-3.687,True,0.432,-0.343,0.13,22.16
1786962052.868,,0,,,,0.330,-3.983,True,0.429,-11.321,4.42,22.51
1786962052.893,,0,,,,0.280,-4.047,True,0.428,-11.168,4.36,22.49
1786962052.993,,0,,,,0.010,-4.395,True,0.423,-10.819,4.22,22.48
1786962053.093,,0,,,,0.030,-4.369,True,0.424,-10.519,4.10,22.47
1786962053.143,,0,,,,0.050,-4.343,True,0.424,-10.156,3.96,22.46
1786962053.193,,0,,,,0.140,-4.228,True,0.426,-9.981,3.89,22.44
1786962053.293,,0,,,,0.280,-4.047,True,0.428,-9.756,3.80,22.43
1786962053.393,,0,,,,0.520,-3.739,True,0.432,-9.623,3.75,22.41
1786962053.493,,0,,,,0.690,-3.520,True,0.435,-9.525,3.71,22.39
1786962053.593,,0,,,,0.750,-3.443,True,0.436,-9.407,3.66,22.37
1786962053.693,,0,,,,0.730,-3.468,True,0.435,-9.255,3.60,22.36
1786962053.818,,0,,,,0.630,-3.597,True,0.434,-9.096,3.53,22.34
1786962053.843,,0,,,,0.610,-3.623,True,0.433,-8.852,3.43,22.32
1786962053.893,,0,,,,0.620,-3.610,True,0.433,-8.395,3.26,22.31
1786962053.943,,0,,,,0.610,-3.623,True,0.433,-8.025,3.11,22.29
1786962054.043,,0,,,,0.650,-3.571,True,0.434,-7.732,3.00,22.28
1786962054.093,,0,,,,0.720,-3.481,True,0.435,-7.490,2.90,22.27
1786962054.193,,0,,,,0.780,-3.404,True,0.436,-7.343,2.84,22.26
1786962054.243,,0,,,,0.750,-3.443,True,0.436,-7.181,2.78,22.25
1786962054.343,,0,,,,0.810,-3.365,True,0.437,-6.932,2.68,22.24
1786962054.393,,0,,,,0.790,-3.391,True,0.436,-6.801,2.63,22.22
1786962054.518,,0,,,,0.730,-3.468,True,0.435,-6.550,2.53,22.21
1786962054.543,,0,,,,0.720,-3.481,True,0.435,-6.336,2.45,22.20
1786962054.643,,0,,,,0.650,-3.571,True,0.434,-6.019,2.33,22.18
1786962054.693,,0,,,,0.580,-3.661,True,0.433,-5.770,2.23,22.17
1786962054.793,,0,,,,0.530,-3.726,True,0.432,-5.598,2.16,22.15
1786962054.893,,0,,,,0.450,-3.829,True,0.431,-5.413,2.09,22.14
1786962054.993,,0,,,,0.540,-3.713,True,0.432,-5.136,1.98,22.12
1786962055.043,,0,,,,0.590,-3.649,True,0.433,-4.880,1.88,22.10
1786962055.143,,0,,,,0.720,-3.481,True,0.435,-4.704,1.81,22.09
1786962055.193,,0,,,,0.810,-3.365,True,0.437,-4.460,1.72,22.07
1786962055.343,,0,,,,0.940,-3.198,True,0.439,-4.200,1.61,22.05
1786962055.393,,0,,,,0.990,-3.134,True,0.440,-3.966,1.52,22.03
1786962055.493,,0,,,,1.020,-3.095,True,0.440,-3.649,1.40,22.02
1786962055.593,,0,,,,0.950,-3.185,True,0.439,-3.328,1.28,22.00
1786962055.693,,0,,,,0.890,-3.263,True,0.438,-3.045,1.17,21.99
1786962055.743,,0,,,,0.860,-3.301,True,0.437,-2.705,1.04,21.98
1786962055.793,,0,,,,0.820,-3.353,True,0.437,-2.440,0.94,21.97
1786962055.893,,0,,,,0.780,-3.404,True,0.436,-2.207,0.85,21.95
1786962056.043,,0,,,,0.800,-3.378,True,0.436,-1.980,0.76,21.93
1786962056.093,,0,,,,0.880,-3.275,True,0.438,-1.794,0.69,21.92
1786962056.193,,0,,,,1.100,-2.992,True,0.441,-1.605,0.61,21.90
1786962056.243,,0,,,,1.150,-2.928,True,0.442,-1.470,0.56,21.89
1786962056.293,,0,,,,1.250,-2.799,True,0.444,-1.395,0.53,21.88
1786962056.893,,0,,,,0.410,-3.880,True,0.430,-3.707,1.47,22.74
1786962056.993,,0,,,,0.580,-3.661,True,0.433,-3.441,1.36,22.73
1786962057.068,,0,,,,0.720,-3.481,True,0.435,-3.258,1.29,22.71
1786962057.093,,0,,,,0.800,-3.378,True,0.436,-3.127,1.24,22.70
1786962057.193,,0,,,,0.970,-3.160,True,0.439,-3.032,1.20,22.69
1786962057.318,,0,,,,1.190,-2.877,True,0.443,-2.912,1.15,22.67
1786962057.393,,0,,,,1.250,-2.799,True,0.444,-2.887,1.14,22.66
1786962057.443,,0,,,,1.220,-2.838,True,0.443,-2.790,1.10,22.64
1786962057.543,,0,,,,1.190,-2.877,True,0.443,-2.658,1.05,22.62
1786962057.618,,0,,,,1.170,-2.902,True,0.443,-2.474,0.98,22.61
1786962057.693,,0,,,,1.160,-2.915,True,0.442,-2.268,0.89,22.60
1786962057.793,,0,,,,1.150,-2.928,True,0.442,-2.003,0.79,22.58
1786962057.868,,0,,,,1.170,-2.902,True,0.443,-1.506,0.59,22.57
1786962057.893,,0,,,,1.190,-2.877,True,0.443,-1.382,0.54,22.56
1786962063.193,,0,,,,-0.020,-4.433,True,0.423,-3.775,1.71,25.96
1786962063.293,,0,,,,0.000,-4.408,True,0.423,-3.633,1.64,25.94
1786962063.343,,0,,,,0.000,-4.408,True,0.423,-3.461,1.57,25.92
1786962063.443,,0,,,,0.010,-4.395,True,0.423,-3.267,1.49,26.08
1786962063.493,,0,,,,0.030,-4.369,True,0.424,-3.154,1.43,26.07
1786962063.593,,0,,,,0.080,-4.305,True,0.425,-2.916,1.33,26.05
1786962063.693,,0,,,,0.100,-4.279,True,0.425,-2.885,1.31,26.04
1786962063.743,,0,,,,0.090,-4.292,True,0.425,-3.483,1.61,26.47
1786962063.793,,0,,,,0.090,-4.292,True,0.425,-3.463,1.60,26.45
1786962063.893,,0,,,,0.030,-4.369,True,0.424,-3.469,1.60,26.43
1786962063.993,,0,,,,-0.070,-4.498,True,0.422,-3.340,1.54,26.42
1786962064.043,,0,,,,-0.150,-4.601,True,0.421,-3.641,1.70,26.71
1786962064.143,,0,,,,-0.310,-4.807,True,0.418,-3.398,1.58,26.70
1786962064.193,,0,,,,-0.380,-4.897,True,0.417,-3.284,1.53,26.68
1786962064.293,,0,,,,-0.580,-5.154,True,0.414,-3.023,1.41,26.66
1786962064.393,,0,,,,-0.690,-5.296,True,0.412,-2.876,1.34,26.64
1786962064.493,,0,,,,-0.740,-5.360,True,0.411,-2.614,1.21,26.63
1786962064.593,,0,,,,-0.680,-5.283,True,0.412,-2.960,1.41,27.38
1786962064.618,,0,,,,-0.680,-5.283,True,0.412,-2.877,1.37,27.37
1786962064.693,,0,,,,-0.690,-5.296,True,0.412,-2.878,1.37,27.35
1786962064.793,,0,,,,-0.650,-5.244,True,0.413,-2.946,1.40,27.33
1786962064.893,,0,,,,-0.600,-5.180,True,0.414,-3.276,1.58,27.63
1786962064.993,,0,,,,-0.600,-5.180,True,0.414,-3.259,1.57,27.61
1786962065.093,,0,,,,-0.640,-5.231,True,0.413,-3.216,1.55,27.59
1786962065.093,,0,,,,-0.640,-5.231,True,0.413,-3.210,1.54,27.58
1786962065.193,,0,,,,-0.610,-5.193,True,0.413,-2.545,1.21,27.17
1786962065.243,,0,,,,-0.570,-5.141,True,0.414,-2.446,1.16,27.15
1786962065.343,,0,,,,-0.380,-4.897,True,0.417,-2.390,1.13,27.14
1786962065.393,,0,,,,-0.270,-4.755,True,0.419,-2.226,1.05,27.13
1786962065.518,,0,,,,0.000,-4.408,True,0.423,-3.303,1.62,28.08
1786962065.618,,0,,,,0.200,-4.150,True,0.426,-3.197,1.57,28.07
1786962065.693,,0,,,,0.230,-4.112,True,0.427,-3.119,1.55,28.49
1786962065.743,,0,,,,0.230,-4.112,True,0.427,-3.039,1.51,28.48
1786962065.793,,0,,,,0.100,-4.279,True,0.425,-3.022,1.50,28.47
1786962065.893,,0,,,,-0.040,-4.459,True,0.423,-2.791,1.39,28.45
1786962065.993,,0,,,,-0.130,-4.575,True,0.421,-2.891,1.45,28.72
1786962066.043,,0,,,,-0.140,-4.588,True,0.421,-2.700,1.35,28.70
1786962066.093,,0,,,,-0.100,-4.536,True,0.422,-2.490,1.25,28.70
1786962066.193,,0,,,,0.030,-4.369,True,0.424,-2.356,1.18,28.68
1786962066.293,,0,,,,0.100,-4.279,True,0.425,-2.549,1.28,28.83
1786962066.393,,0,,,,0.130,-4.240,True,0.425,-2.645,1.33,28.82
1786962066.493,,0,,,,0.070,-4.318,True,0.424,-2.759,1.40,29.17
1786962066.593,,0,,,,0.030,-4.369,True,0.424,-2.700,1.37,29.15
1786962066.643,,0,,,,-0.040,-4.459,True,0.423,-2.596,1.32,29.13
1786962066.743,,0,,,,-0.110,-4.549,True,0.421,-2.413,1.23,29.11
1786962066.793,,0,,,,-0.110,-4.549,True,0.421,-1.425,0.71,28.58
1786962066.918,,0,,,,0.010,-4.395,True,0.423,-0.874,0.43,28.36
1786962066.993,,0,,,,0.180,-4.176,True,0.426,-2.468,1.28,29.67
1786962067.093,,0,,,,0.310,-4.009,True,0.428,-1.344,0.68,28.79
1786962067.193,,0,,,,0.450,-3.829,True,0.431,-2.547,1.33,29.84
1786962067.293,,0,,,,0.460,-3.816,True,0.431,-2.461,1.28,29.82
1786962067.343,,0,,,,0.500,-3.764,True,0.431,-2.341,1.23,30.01
1786962067.443,,0,,,,0.540,-3.713,True,0.432,-2.303,1.21,30.11
1786962067.593,,0,,,,0.570,-3.674,True,0.433,-1.111,0.56,29.01
1786962067.643,,0,,,,0.580,-3.661,True,0.433,-1.078,0.55,28.99
1786962067.743,,0,,,,0.590,-3.649,True,0.433,-0.915,0.46,28.98
1786962067.793,,0,,,,0.510,-3.752,True,0.432,-1.501,0.78,29.78
1786962067.893,,0,,,,0.380,-3.919,True,0.429,-2.320,1.24,30.60
1786962067.993,,0,,,,0.340,-3.970,True,0.429,-0.455,0.23,29.51
1786962067.993,,0,,,,0.340,-3.970,True,0.429,-0.338,0.17,29.50
1786962068.093,,0,,,,0.390,-3.906,True,0.430,-0.281,0.14,29.48
1786962068.193,,0,,,,0.570,-3.674,True,0.433,-1.870,1.01,30.88
1786962068.243,,0,,,,0.660,-3.558,True,0.434,-0.937,0.49,30.00
1786962068.343,,0,,,,0.850,-3.314,True,0.437,-0.106,0.06,29.72
1786962068.393,,0,,,,0.900,-3.250,True,0.438,-0.174,0.09,29.71
1786962068.493,,0,,,,0.890,-3.263,True,0.438,-0.430,0.22,29.81
1786962068.593,,0,,,,0.700,-3.507,True,0.435,0.054,0.03,29.74
1786962068.643,,0,,,,0.580,-3.661,True,0.433,-1.861,1.02,31.36
1786962068.743,,0,,,,0.370,-3.932,True,0.429,-1.945,1.06,31.37
1786962068.793,,0,,,,0.380,-3.919,True,0.429,-1.877,1.03,31.35
1786962068.893,,0,,,,0.440,-3.842,True,0.430,-0.822,0.43,30.29
1786962068.993,,0,,,,0.670,-3.546,True,0.434,-1.896,1.05,31.71
1786962069.093,,0,,,,0.880,-3.275,True,0.438,-1.187,0.65,31.22
1786962069.193,,0,,,,1.010,-3.108,True,0.440,0.450,0.24,30.11
1786962069.243,,0,,,,1.010,-3.108,True,0.440,0.395,0.21,30.09
1786962069.343,,0,,,,0.950,-3.185,True,0.439,0.492,0.26,30.24
1786962069.443,,0,,,,0.730,-3.468,True,0.435,-1.962,1.10,32.08
1786962069.568,,0,,,,0.580,-3.661,True,0.433,-1.930,1.08,32.05
1786962069.593,,0,,,,0.510,-3.752,True,0.432,-1.851,1.03,32.04
1786962069.693,,0,,,,0.420,-3.867,True,0.430,-0.985,0.54,31.35
1786962069.793,,0,,,,0.400,-3.893,True,0.430,-0.771,0.42,31.35
1786962069.843,,0,,,,0.420,-3.867,True,0.430,-0.720,0.39,31.34
1786962069.943,,0,,,,0.480,-3.790,True,0.431,0.584,0.31,30.82
1786962070.143,,0,,,,0.590,-3.649,True,0.433,-1.682,0.97,32.92
1786962070.193,,0,,,,0.570,-3.674,True,0.433,-1.680,0.96,32.90
1786962070.293,,0,,,,0.440,-3.842,True,0.430,0.317,0.17,31.11
1786962070.443,,0,,,,-0.020,-4.433,True,0.423,0.191,0.10,31.32
1786962070.493,,0,,,,-0.080,-4.511,True,0.422,0.216,0.12,31.31
1786962070.593,,0,,,,-0.190,-4.652,True,0.420,-0.924,0.52,32.25
1786962070.643,,0,,,,-0.180,-4.639,True,0.420,-0.824,0.46,32.23
1786962070.743,,0,,,,-0.100,-4.536,True,0.422,-1.693,0.99,33.49
1786962070.843,,0,,,,-0.030,-4.446,True,0.423,0.549,0.30,31.76
1786962070.943,,0,,,,-0.020,-4.433,True,0.423,-0.916,0.52,32.48
1786962071.018,,0,,,,-0.070,-4.498,True,0.422,-0.907,0.52,32.70
1786962071.093,,0,,,,-0.120,-4.562,True,0.421,-0.861,0.49,32.68
1786962071.143,,0,,,,-0.150,-4.601,True,0.421,-1.077,0.61,32.67
1786962071.268,,0,,,,-0.080,-4.511,True,0.422,-1.091,0.62,32.65
1786962071.343,,0,,,,0.000,-4.408,True,0.423,-0.886,0.51,32.90
1786962071.443,,0,,,,0.110,-4.266,True,0.425,-0.157,0.09,32.37
1786962071.518,,0,,,,0.110,-4.266,True,0.425,-0.141,0.08,32.36
1786962071.593,,0,,,,0.050,-4.343,True,0.424,-0.115,0.06,32.47
1786962071.693,,0,,,,-0.120,-4.562,True,0.421,-0.190,0.11,32.74
1786962071.843,,0,,,,-0.240,-4.717,True,0.419,0.045,0.03,32.71
1786962072.018,,0,,,,0.060,-4.331,True,0.424,-0.195,0.11,32.92
1786962072.043,,0,,,,0.160,-4.202,True,0.426,-1.507,0.90,34.22
1786962072.243,,0,,,,0.210,-4.138,True,0.427,-1.727,1.04,34.39
1786962072.293,,0,,,,0.060,-4.331,True,0.424,-0.680,0.39,33.27
1786962072.393,,0,,,,-0.310,-4.807,True,0.418,-1.728,1.04,34.58
1786962072.443,,0,,,,-0.460,-5.000,True,0.416,-1.733,1.05,34.56
1786962072.543,,0,,,,-0.720,-5.334,True,0.412,-0.639,0.37,33.52
1786962072.593,,0,,,,-0.750,-5.373,True,0.411,-0.516,0.30,33.50
1786962072.693,,0,,,,-0.600,-5.180,True,0.414,-0.320,0.19,33.58
1786962072.793,,0,,,,-0.400,-4.922,True,0.417,-0.306,0.18,33.56
1786962072.893,,0,,,,-0.150,-4.601,True,0.421,-0.416,0.25,33.83
1786962073.293,,0,,,,-1.360,-6.150,True,0.403,-1.194,0.71,34.16
1786962073.443,,0,,,,-1.640,-6.435,True,0.412,-0.799,0.48,34.42
1786962073.493,,0,,,,-1.640,-6.435,True,0.412,-0.785,0.47,34.66
1786962073.593,,0,,,,-1.540,-6.333,True,0.409,-0.873,0.53,34.75
1786962073.693,,0,,,,-1.290,-6.068,True,0.403,-1.165,0.71,34.87
1786962073.793,,0,,,,-1.130,-5.862,True,0.405,-1.344,0.82,34.98
1786962073.893,,0,,,,-1.090,-5.810,True,0.406,-1.732,1.06,35.12
1786962073.943,,0,,,,-1.120,-5.849,True,0.405,-1.878,1.15,35.11
1786962074.018,,0,,,,-1.160,-5.900,True,0.405,-1.937,1.19,35.13
1786962074.193,,0,,,,-1.490,-6.282,True,0.407,-2.190,1.34,35.19
1786962074.493,,0,,,,-1.960,-6.762,True,0.423,-2.352,1.46,35.67
1786962074.893,,0,,,,-1.270,-6.042,True,0.403,-2.705,1.70,36.05
1786962074.993,,0,,,,-1.250,-6.016,True,0.403,-2.521,1.59,36.22
1786962075.193,,0,,,,-1.620,-6.415,True,0.411,-2.234,1.42,36.34
1786962075.693,,0,,,,-1.170,-5.913,True,0.405,-1.729,1.12,37.13
1786962075.793,,0,,,,-0.910,-5.579,True,0.409,-1.765,1.15,37.25
1786962075.918,,0,,,,-0.640,-5.231,True,0.413,-1.945,1.27,37.28
1786962075.943,,0,,,,-0.650,-5.244,True,0.413,-1.979,1.29,37.27
1786962076.043,,0,,,,-0.870,-5.527,True,0.409,-1.696,1.11,37.43
1786962076.193,,0,,,,-1.660,-6.456,True,0.413,-0.859,0.56,37.52
1786962076.293,,0,,,,-1.970,-6.772,True,0.423,-0.651,0.43,38.03
1786962076.793,,0,,,,-1.060,-5.772,True,0.406,-0.734,0.49,38.19
1786962076.843,,0,,,,-1.010,-5.707,True,0.407,-0.751,0.50,38.27
1786962076.893,,0,,,,-0.990,-5.682,True,0.407,-0.704,0.47,38.25
1786962076.993,,0,,,,-1.110,-5.836,True,0.406,-0.603,0.41,38.48
1786962077.093,,0,,,,-1.290,-6.068,True,0.403,-0.349,0.24,38.64
1786962077.193,,0,,,,-1.490,-6.282,True,0.407,-0.363,0.25,38.77
1786962077.293,,0,,,,-1.520,-6.313,True,0.408,-0.420,0.29,38.90
1786962077.343,,0,,,,-1.480,-6.272,True,0.407,-0.492,0.33,38.89
1786962077.443,,0,,,,-1.280,-6.055,True,0.403,-0.239,0.16,38.86
1786962077.493,,0,,,,-1.100,-5.823,True,0.406,0.012,0.01,38.85
1786962077.593,,0,,,,-0.880,-5.540,True,0.409,-0.108,0.07,39.10
1786962077.718,,0,,,,-0.690,-5.296,True,0.412,-0.116,0.08,39.26
1786962077.743,,0,,,,-0.670,-5.270,True,0.412,-0.114,0.08,39.54
1786962077.893,,0,,,,-0.690,-5.296,True,0.412,0.124,0.09,39.51
1786962077.993,,0,,,,-0.970,-5.656,True,0.408,0.469,0.33,39.69
1786962078.093,,0,,,,-1.180,-5.926,True,0.404,0.424,0.30,39.91
1786962078.143,,0,,,,-1.240,-6.003,True,0.404,0.483,0.34,39.90
1786962078.493,,0,,,,-1.430,-6.221,True,0.405,0.364,0.25,40.09
1786962078.593,,0,,,,-1.400,-6.190,True,0.404,0.416,0.29,40.06
1786962078.693,,0,,,,-1.320,-6.106,True,0.402,0.226,0.16,40.36
1786962078.793,,0,,,,-1.280,-6.055,True,0.403,-0.063,0.04,40.34
1786962078.918,,0,,,,-1.170,-5.913,True,0.405,-0.092,0.07,40.71
1786962087.593,,0,,,,-13.240,-17.777,True,0.702,16.300,14.66,52.24
1786962087.693,,0,,,,-13.330,-17.849,True,0.699,15.238,13.43,51.09
1786962087.743,,0,,,,-13.390,-17.897,True,0.697,15.457,13.61,51.07
1786962088.093,,0,,,,-14.030,-18.409,True,0.677,0.576,0.52,51.72
1786962088.143,,0,,,,-14.130,-18.489,True,0.673,-0.230,0.21,51.66
1786962088.293,,0,,,,-14.350,-18.665,True,0.666,0.487,0.45,52.78
1786962088.443,,0,,,,-14.370,-18.681,True,0.666,-1.254,1.14,52.12
1786962088.893,,0,,,,-13.890,-18.297,True,0.681,-1.031,0.96,53.34
1786962089.393,,0,,,,-14.150,-18.505,True,0.673,-0.949,0.88,53.10
1786962089.493,,0,,,,-14.140,-18.497,True,0.673,-1.111,1.03,53.21
1786962089.843,,0,,,,-14.080,-18.449,True,0.675,-2.145,2.01,53.67
1786962089.968,,0,,,,-14.300,-18.625,True,0.668,-2.314,2.17,53.64
1786962090.243,,0,,,,-14.800,-19.025,True,0.652,-2.488,2.36,54.34
1786962090.618,,0,,,,-14.210,-18.553,True,0.671,-1.453,1.40,55.30
1786962090.693,,0,,,,-14.150,-18.505,True,0.673,-1.424,1.37,55.19
1786962090.768,,0,,,,-14.170,-18.521,True,0.672,-1.622,1.56,55.18
1786962090.843,,0,,,,-14.300,-18.625,True,0.668,-1.702,1.64,55.15
1786962090.943,,0,,,,-14.500,-18.785,True,0.661,-1.801,1.73,55.12
1786962090.993,,0,,,,-14.590,-18.857,True,0.659,-2.393,2.29,54.83
1786962091.093,,0,,,,-14.600,-18.865,True,0.658,-2.139,2.09,55.88
1786962091.193,,0,,,,-14.520,-18.801,True,0.661,-1.818,1.76,55.49
1786962091.268,,0,,,,-14.390,-18.697,True,0.665,-1.828,1.77,55.46
1786962091.293,,0,,,,-14.260,-18.593,True,0.669,-2.784,2.69,55.40
1786962091.443,,0,,,,-14.040,-18.417,True,0.676,-1.954,1.91,55.91
1786962091.493,,0,,,,-14.040,-18.417,True,0.676,-2.095,2.04,55.89
1786962091.593,,0,,,,-14.130,-18.489,True,0.673,-1.989,1.94,55.92
1786962091.693,,0,,,,-14.280,-18.609,True,0.668,-2.394,2.33,55.79
1786962091.743,,0,,,,-14.410,-18.713,True,0.664,-2.202,2.16,56.30
1786962091.793,,0,,,,-14.460,-18.753,True,0.663,-2.232,2.19,56.28
1786962091.893,,0,,,,-14.690,-18.937,True,0.655,-1.950,1.92,56.31
1786962091.993,,0,,,,-14.740,-18.977,True,0.654,-2.190,2.16,56.45
1786962092.043,,0,,,,-14.710,-18.953,True,0.655,-2.334,2.30,56.43
1786962092.093,,0,,,,-14.700,-18.945,True,0.655,-2.263,2.23,56.43
1786962092.193,,0,,,,-8.260,-13.190,True,0.662,-2.612,2.57,56.40
1786962092.418,,0,,,,7.730,5.330,True,0.516,-15.996,15.61,56.63
1786962092.443,,0,,,,8.220,5.888,True,0.509,-22.840,22.06,56.82
1786962092.518,,0,,,,8.590,6.309,True,0.504,-25.153,24.14,56.79
1786962092.668,,0,,,,8.710,6.445,True,0.503,-25.794,24.81,57.02
1786962092.693,,0,,,,8.720,6.457,True,0.503,-26.120,25.10,57.01
1786962092.793,,0,,,,8.750,6.491,True,0.502,-26.092,25.04,56.94
1786962092.893,,0,,,,8.820,6.570,True,0.501,-26.213,25.20,57.05
1786962095.018,,0,,,,0.990,-3.134,True,0.440,4.857,4.97,58.68
1786962095.043,,0,,,,0.800,-3.378,True,0.436,3.541,3.62,58.66
1786962095.093,,0,,,,0.670,-3.546,True,0.434,3.330,3.41,58.64
1786962095.193,,0,,,,0.330,-3.983,True,0.429,2.475,2.53,58.70
1786962095.243,,0,,,,0.320,-3.996,True,0.428,2.217,2.26,58.42
1786962095.393,,0,,,,0.560,-3.687,True,0.432,2.107,2.15,58.46
1786962095.493,,0,,,,0.840,-3.327,True,0.437,1.987,2.05,59.10
1786962095.593,,0,,,,1.030,-3.082,True,0.440,1.629,1.68,59.14
1786962095.643,,0,,,,1.060,-3.044,True,0.441,1.137,1.17,59.12
1786962095.743,,0,,,,0.950,-3.185,True,0.439,1.111,1.15,59.34
1786962095.793,,0,,,,0.820,-3.353,True,0.437,1.338,1.38,59.06
1786962095.843,,0,,,,0.570,-3.674,True,0.433,1.204,1.24,59.04
1786962095.893,,0,,,,0.350,-3.957,True,0.429,1.099,1.14,59.48
1786962095.993,,0,,,,-0.290,-4.781,True,0.419,1.063,1.10,59.19
1786962096.093,,0,,,,-0.590,-5.167,True,0.414,1.050,1.08,59.17
1786962096.193,,0,,,,-0.580,-5.154,True,0.414,1.008,1.04,59.15
1786962096.218,,0,,,,-0.580,-5.154,True,0.414,1.152,1.19,59.13
1786962096.318,,0,,,,-0.320,-4.819,True,0.418,1.141,1.18,59.10
1786962096.393,,0,,,,0.050,-4.343,True,0.424,0.856,0.88,59.08
1786962096.493,,0,,,,0.810,-3.365,True,0.437,0.726,0.75,59.05
1786962096.543,,0,,,,0.940,-3.198,True,0.439,0.596,0.61,59.04
1786962096.643,,0,,,,1.110,-2.979,True,0.442,0.352,0.36,59.02
1786962096.743,,0,,,,0.990,-3.134,True,0.440,0.083,0.09,58.99
1786962096.793,,0,,,,0.750,-3.443,True,0.436,-0.143,0.15,58.97
1786962096.893,,0,,,,0.330,-3.983,True,0.429,-0.200,0.21,58.95
1786962096.993,,0,,,,-0.110,-4.549,True,0.421,-0.200,0.21,58.94
1786962097.068,,0,,,,-0.320,-4.819,True,0.418,-0.052,0.05,58.92
1786962097.093,,0,,,,-0.350,-4.858,True,0.418,0.028,0.03,58.90
1786962097.193,,0,,,,-0.230,-4.704,True,0.420,0.299,0.31,59.49
1786962097.293,,0,,,,0.060,-4.331,True,0.424,0.275,0.29,59.47
1786962097.343,,0,,,,0.220,-4.125,True,0.427,0.194,0.20,59.45
1786962097.443,,0,,,,0.330,-3.983,True,0.429,0.459,0.48,59.71
1786962097.593,,0,,,,0.050,-4.343,True,0.424,0.534,0.56,59.83
1786962097.693,,0,,,,-0.430,-4.961,True,0.416,0.947,0.99,59.98
1786962097.793,,0,,,,-0.880,-5.540,True,0.409,0.314,0.33,59.81
1786962097.918,,0,,,,-1.140,-5.875,True,0.405,0.610,0.64,59.90
1786962097.943,,0,,,,-1.150,-5.887,True,0.405,0.552,0.58,59.89
1786962098.043,,0,,,,-1.120,-5.849,True,0.405,0.618,0.65,59.96
1786962098.143,,0,,,,-0.860,-5.514,True,0.409,-0.019,0.02,59.87
1786962098.268,,0,,,,-0.500,-5.051,True,0.415,0.459,0.48,59.82
1786962098.343,,0,,,,-0.230,-4.704,True,0.420,0.627,0.66,60.29
1786962098.443,,0,,,,0.010,-4.395,True,0.423,0.752,0.79,60.07
1786962098.493,,0,,,,0.010,-4.395,True,0.423,0.475,0.50,60.05
1786962098.618,,0,,,,-0.100,-4.536,True,0.422,0.278,0.29,60.12
1786962098.718,,0,,,,-0.400,-4.922,True,0.417,0.165,0.17,60.09
1786962098.793,,0,,,,-0.580,-5.154,True,0.414,0.137,0.14,60.07
1786962098.843,,0,,,,-0.690,-5.296,True,0.412,0.069,0.07,60.05
1786962098.993,,0,,,,-0.850,-5.501,True,0.410,0.563,0.59,59.96
1786962098.993,,0,,,,-0.820,-5.463,True,0.410,0.672,0.70,59.94
1786962102.093,,0,,,,-0.470,-5.012,True,0.416,0.254,0.27,60.16
1786962102.193,,0,,,,-0.200,-4.665,True,0.420,0.204,0.21,60.14
1786962102.293,,0,,,,0.130,-4.240,True,0.425,0.148,0.15,60.12
1786962102.343,,0,,,,0.210,-4.138,True,0.427,0.065,0.07,60.11
1786962102.493,,0,,,,0.410,-3.880,True,0.430,0.012,0.01,60.09
1786962102.618,,0,,,,0.370,-3.932,True,0.429,0.285,0.30,60.65
1786962102.643,,0,,,,0.290,-4.035,True,0.428,0.197,0.21,60.63
1786962102.793,,0,,,,-0.040,-4.459,True,0.423,0.055,0.06,60.61
1786962102.793,,0,,,,-0.100,-4.536,True,0.422,-0.012,0.01,60.59
1786962102.893,,0,,,,-0.310,-4.807,True,0.418,0.606,0.64,60.25
1786962102.993,,0,,,,-0.510,-5.064,True,0.415,0.601,0.64,60.70
1786962103.093,,0,,,,-0.640,-5.231,True,0.413,0.654,0.69,60.68
1786962103.143,,0,,,,-0.710,-5.321,True,0.412,0.497,0.52,60.37
1786962103.218,,0,,,,-0.820,-5.463,True,0.410,0.443,0.47,60.36
1786962103.293,,0,,,,-0.890,-5.553,True,0.409,0.547,0.58,60.56
1786962103.418,,0,,,,-1.030,-5.733,True,0.407,0.018,0.02,60.70
1786962103.443,,0,,,,-1.100,-5.823,True,0.406,-0.124,0.13,60.68
1786962103.543,,0,,,,-1.180,-5.926,True,0.404,0.500,0.53,60.76
1786962103.593,,0,,,,-1.180,-5.926,True,0.404,0.388,0.41,60.74
1786962103.693,,0,,,,-1.170,-5.913,True,0.405,0.556,0.59,60.55
1786962103.793,,0,,,,-1.100,-5.823,True,0.406,0.484,0.51,60.53
1786962103.893,,0,,,,-0.940,-5.617,True,0.408,0.440,0.47,60.51
1786962103.993,,0,,,,-0.710,-5.321,True,0.412,1.012,1.07,60.34
1786962103.993,,0,,,,-0.710,-5.321,True,0.412,1.015,1.07,60.33
1786962104.093,,0,,,,-0.450,-4.987,True,0.416,0.935,0.98,60.31
1786962104.193,,0,,,,-0.050,-4.472,True,0.422,-0.586,0.62,60.75
1786962104.293,,0,,,,0.180,-4.176,True,0.426,-0.740,0.78,60.73
1786962104.368,,0,,,,0.350,-3.957,True,0.429,-0.832,0.88,60.71
1786962104.443,,0,,,,0.430,-3.854,True,0.430,0.684,0.72,60.35
1786962104.543,,0,,,,0.410,-3.880,True,0.430,0.228,0.24,60.68
1786962104.643,,0,,,,0.330,-3.983,True,0.429,0.277,0.29,60.67
1786962104.768,,0,,,,0.150,-4.215,True,0.426,0.941,0.99,60.30
1786962104.918,,0,,,,-0.120,-4.562,True,0.421,1.013,1.07,60.57
1786962104.943,,0,,,,-0.160,-4.614,True,0.421,0.967,1.02,60.55
1786962105.118,,0,,,,-0.550,-5.115,True,0.414,0.977,1.03,60.31
1786962105.218,,0,,,,-0.710,-5.321,True,0.412,0.835,0.88,60.29
1786962105.318,,0,,,,-0.670,-5.270,True,0.412,0.969,1.02,60.49
1786962105.393,,0,,,,-0.540,-5.103,True,0.415,0.998,1.05,60.13
1786962105.593,,0,,,,0.060,-4.331,True,0.424,1.219,1.28,60.07
1786962105.718,,0,,,,0.180,-4.176,True,0.426,0.820,0.87,60.82
1786962105.843,,0,,,,0.190,-4.163,True,0.426,0.768,0.80,60.04
1786962105.993,,0,,,,0.190,-4.163,True,0.426,0.696,0.73,60.14
1786962106.093,,0,,,,0.260,-4.073,True,0.427,1.421,1.49,59.96
1786962106.193,,0,,,,0.390,-3.906,True,0.430,0.623,0.66,60.74
1786962106.318,,0,,,,0.520,-3.739,True,0.432,0.596,0.63,60.71
1786962106.393,,0,,,,0.470,-3.803,True,0.431,0.350,0.37,60.57
1786962106.468,,0,,,,0.420,-3.867,True,0.430,0.293,0.31,60.55
1786962106.493,,0,,,,0.330,-3.983,True,0.429,0.178,0.19,60.54
1786962106.643,,0,,,,-0.020,-4.433,True,0.423,1.029,1.08,59.94
1786962106.768,,0,,,,-0.360,-4.871,True,0.417,0.244,0.26,60.57
1786962106.793,,0,,,,-0.480,-5.025,True,0.416,0.307,0.32,60.55
1786962106.893,,0,,,,-0.610,-5.193,True,0.413,0.812,0.85,60.08
1786962106.943,,0,,,,-0.660,-5.257,True,0.413,1.227,1.28,59.80
1786962106.992,,0,,,,-0.660,-5.257,True,0.413,1.131,1.18,59.79
1786962107.118,,0,,,,-0.530,-5.090,True,0.415,1.032,1.08,59.80
1786962107.143,,0,,,,-0.530,-5.090,True,0.415,0.980,1.02,59.79
1786962107.192,,0,,,,-0.410,-4.935,True,0.417,0.683,0.72,60.11
1786962107.292,,0,,,,-0.060,-4.485,True,0.422,0.454,0.48,60.09
1786962107.392,,0,,,,0.140,-4.228,True,0.426,0.310,0.32,60.06
1786962107.493,,0,,,,0.350,-3.957,True,0.429,1.178,1.22,59.33
1786962107.592,,0,,,,0.610,-3.623,True,0.433,1.180,1.22,59.32
1786962107.693,,0,,,,0.710,-3.494,True,0.435,1.054,1.09,59.30
1786962107.793,,0,,,,0.790,-3.391,True,0.436,0.904,0.94,59.29
1786962107.843,,0,,,,0.790,-3.391,True,0.436,0.788,0.81,59.28
1786962107.943,,0,,,,0.630,-3.597,True,0.434,0.718,0.74,59.26
1786962108.043,,0,,,,0.380,-3.919,True,0.429,0.222,0.23,59.78
1786962108.143,,0,,,,0.220,-4.125,True,0.427,0.344,0.36,59.75
1786962108.192,,0,,,,0.080,-4.305,True,0.425,0.259,0.27,59.73
1786962108.317,,0,,,,-0.100,-4.536,True,0.422,0.263,0.28,59.96
1786962108.367,,0,,,,-0.100,-4.536,True,0.422,0.294,0.31,59.93
1786962108.392,,0,,,,-0.110,-4.549,True,0.421,0.599,0.62,59.43
1786962108.493,,0,,,,-0.140,-4.588,True,0.421,0.495,0.51,59.42
1786962108.592,,0,,,,-0.190,-4.652,True,0.420,-0.474,0.50,60.58
1786962108.717,,0,,,,-0.250,-4.729,True,0.419,0.324,0.34,59.72
1786962108.743,,0,,,,-0.290,-4.781,True,0.419,0.252,0.26,59.70
1786962108.843,,0,,,,-0.320,-4.819,True,0.418,0.107,0.11,59.69
1786962108.900,,0,,,,-0.340,-4.845,True,0.418,0.030,0.03,59.67
1786962108.992,,0,,,,-0.300,-4.794,True,0.418,0.241,0.25,59.45
1786962109.042,,0,,,,-0.300,-4.794,True,0.418,0.166,0.17,59.43
1786962109.192,,0,,,,-0.130,-4.575,True,0.421,0.015,0.02,59.41
1786962109.317,,0,,,,-0.090,-4.524,True,0.422,-0.254,0.26,59.38
1786962109.392,,0,,,,-0.030,-4.446,True,0.423,-0.364,0.38,59.36
1786962109.492,,0,,,,-0.090,-4.524,True,0.422,-0.413,0.43,59.34
1786962109.543,,0,,,,-0.130,-4.575,True,0.421,-0.527,0.55,59.33
1786962109.592,,0,,,,-0.150,-4.601,True,0.421,-0.598,0.62,59.32
1786962109.692,,0,,,,-0.400,-4.922,True,0.417,-0.630,0.65,59.31
1786962109.792,,0,,,,-0.590,-5.167,True,0.414,0.049,0.05,59.00
1786962109.892,,0,,,,-0.750,-5.373,True,0.411,0.084,0.09,58.98
1786962109.942,,0,,,,-0.790,-5.424,True,0.411,-0.148,0.15,58.96
1786962110.092,,0,,,,-0.750,-5.373,True,0.411,0.114,0.12,58.99
1786962110.092,,0,,,,-0.750,-5.373,True,0.411,0.006,0.01,58.97
1786962110.192,,0,,,,-0.720,-5.334,True,0.412,-0.679,0.71,59.84
1786962110.317,,0,,,,-0.670,-5.270,True,0.412,-0.401,0.41,58.79
1786962110.392,,0,,,,-0.610,-5.193,True,0.413,0.001,0.00,59.47
1786962110.392,,0,,,,-0.610,-5.193,True,0.413,-0.142,0.15,59.46
1786962110.543,,0,,,,-0.570,-5.141,True,0.414,-0.403,0.41,58.46
1786962110.592,,0,,,,-0.560,-5.128,True,0.414,-0.305,0.31,58.55
1786962110.692,,0,,,,-0.470,-5.012,True,0.416,-0.911,0.94,59.38
1786962110.792,,0,,,,-0.430,-4.961,True,0.416,-0.930,0.96,59.36
1786962110.892,,0,,,,-0.280,-4.768,True,0.419,-0.860,0.88,58.81
1786962110.942,,0,,,,-0.240,-4.717,True,0.419,-0.471,0.48,58.65
1786962110.992,,0,,,,-0.180,-4.639,True,0.420,-0.505,0.52,58.64
1786962111.092,,0,,,,-0.090,-4.524,True,0.422,0.030,0.03,57.96
1786962111.143,,0,,,,-0.050,-4.472,True,0.422,-0.019,0.02,57.95
1786962111.292,,0,,,,-0.020,-4.433,True,0.423,0.071,0.07,57.80
1786962111.342,,0,,,,-0.050,-4.472,True,0.422,0.056,0.06,57.79
1786962111.492,,0,,,,-0.250,-4.729,True,0.419,-0.488,0.50,58.54
1786962111.542,,0,,,,-0.370,-4.884,True,0.417,-0.453,0.46,58.52
1786962111.592,,0,,,,-0.470,-5.012,True,0.416,0.622,0.63,57.79
1786962111.692,,0,,,,-0.670,-5.270,True,0.412,0.619,0.62,57.78
1786962111.792,,0,,,,-0.750,-5.373,True,0.411,-0.792,0.81,58.77
1786962111.892,,0,,,,-0.740,-5.360,True,0.411,-0.787,0.81,58.75
1786962111.942,,0,,,,-0.740,-5.360,True,0.411,-0.818,0.84,58.73
1786962112.043,,0,,,,-0.620,-5.205,True,0.413,-0.003,0.00,57.63
1786962112.142,,0,,,,-0.540,-5.103,True,0.415,-0.095,0.10,57.92
1786962112.192,,0,,,,-0.510,-5.064,True,0.415,-0.224,0.23,57.90
1786962112.292,,0,,,,-0.470,-5.012,True,0.416,-0.163,0.16,57.80
1786962112.392,,0,,,,-0.350,-4.858,True,0.418,0.397,0.40,57.21
1786962112.442,,0,,,,-0.350,-4.858,True,0.418,0.264,0.27,58.22
1786962112.542,,0,,,,-0.200,-4.665,True,0.420,0.241,0.24,58.21
1786962112.592,,0,,,,-0.160,-4.614,True,0.421,0.208,0.21,58.19
1786962112.692,,0,,,,-0.010,-4.421,True,0.423,0.212,0.22,58.18
1786962112.742,,0,,,,0.060,-4.331,True,0.424,0.655,0.65,56.80
1786962112.842,,0,,,,0.140,-4.228,True,0.426,0.600,0.59,56.78
1786962112.892,,0,,,,0.160,-4.202,True,0.426,0.526,0.52,56.76
1786962112.992,,0,,,,0.120,-4.253,True,0.425,-0.158,0.16,58.17
1786962113.092,,0,,,,0.050,-4.343,True,0.424,-0.267,0.27,58.16
1786962113.192,,0,,,,-0.010,-4.421,True,0.423,-0.359,0.36,58.14
1786962113.292,,0,,,,-0.070,-4.498,True,0.422,0.279,0.28,57.02
1786962113.342,,0,,,,-0.090,-4.524,True,0.422,0.293,0.29,57.01
1786962113.392,,0,,,,-0.120,-4.562,True,0.421,0.391,0.39,56.40
1786962113.542,,0,,,,-0.110,-4.549,True,0.421,-0.057,0.06,57.23
1786962113.592,,0,,,,-0.090,-4.524,True,0.422,-0.007,0.01,57.21
1786962113.717,,0,,,,-0.140,-4.588,True,0.421,0.038,0.04,57.20
1786962113.742,,0,,,,-0.170,-4.626,True,0.420,0.624,0.63,57.59
1786962113.842,,0,,,,-0.230,-4.704,True,0.420,0.601,0.60,57.56
1786962113.892,,0,,,,-0.250,-4.729,True,0.419,0.560,0.56,57.55
1786962113.992,,0,,,,-0.290,-4.781,True,0.419,0.121,0.12,57.83
1786962114.117,,0,,,,-0.220,-4.691,True,0.420,-0.014,0.01,57.81
1786962114.192,,0,,,,-0.160,-4.614,True,0.421,-0.061,0.06,57.79
1786962114.192,,0,,,,-0.160,-4.614,True,0.421,-0.100,0.10,57.78
1786962114.292,,0,,,,-0.040,-4.459,True,0.423,0.642,0.63,56.49
1786962114.342,,0,,,,0.000,-4.408,True,0.423,0.578,0.57,56.47
1786962114.442,,0,,,,0.130,-4.240,True,0.425,-0.164,0.16,57.22
1786962114.542,,0,,,,0.260,-4.073,True,0.427,0.150,0.15,57.51
1786962114.592,,0,,,,0.300,-4.022,True,0.428,0.100,0.10,57.49
1786962114.692,,0,,,,0.450,-3.829,True,0.431,0.083,0.08,57.06
1786962114.742,,0,,,,0.590,-3.649,True,0.433,0.015,0.02,57.05
1786962114.792,,0,,,,0.680,-3.533,True,0.434,-0.003,0.00,57.04
1786962114.892,,0,,,,0.800,-3.378,True,0.436,-0.049,0.05,56.86
1786962114.992,,0,,,,0.850,-3.314,True,0.437,-0.133,0.13,56.85
1786962115.042,,0,,,,0.810,-3.365,True,0.437,-0.174,0.17,56.83
1786962115.092,,0,,,,0.730,-3.468,True,0.435,-0.240,0.24,56.82
1786962115.192,,0,,,,0.550,-3.700,True,0.432,0.454,0.45,56.61
1786962115.292,,0,,,,0.260,-4.073,True,0.427,0.908,0.89,55.93
1786962115.392,,0,,,,0.040,-4.356,True,0.424,1.049,1.01,55.29
1786962115.492,,0,,,,0.000,-4.408,True,0.423,0.956,0.92,55.27
1786962115.617,,0,,,,0.050,-4.343,True,0.424,1.750,1.69,55.28
1786962115.617,,0,,,,0.050,-4.343,True,0.424,1.754,1.69,55.26
1786962115.692,,0,,,,0.160,-4.202,True,0.426,1.704,1.64,55.25
1786962115.792,,0,,,,0.340,-3.970,True,0.429,1.631,1.57,55.22
1786962115.892,,0,,,,0.410,-3.880,True,0.430,1.061,1.03,55.47
1786962115.942,,0,,,,0.410,-3.880,True,0.430,0.953,0.92,55.46
1786962116.042,,0,,,,0.390,-3.906,True,0.430,-0.052,0.05,55.56
1786962116.092,,0,,,,0.340,-3.970,True,0.429,0.607,0.58,54.80
1786962116.192,,0,,,,0.190,-4.163,True,0.426,0.546,0.52,54.78
1786962116.242,,0,,,,0.150,-4.215,True,0.426,0.514,0.49,54.76
1786962116.292,,0,,,,0.110,-4.266,True,0.425,0.493,0.47,54.76
1786962116.392,,0,,,,0.040,-4.356,True,0.424,0.261,0.25,55.50
1786962116.442,,0,,,,0.070,-4.318,True,0.424,0.780,0.75,54.94
1786962116.592,,0,,,,0.210,-4.138,True,0.427,0.799,0.77,54.92
1786962116.592,,0,,,,0.210,-4.138,True,0.427,0.808,0.77,54.91
1786962116.692,,0,,,,0.290,-4.035,True,0.428,0.721,0.69,54.89
1786962116.792,,0,,,,0.460,-3.816,True,0.431,0.645,0.61,54.41
1786962116.842,,0,,,,0.520,-3.739,True,0.432,0.563,0.53,54.39
1786962116.992,,0,,,,0.660,-3.558,True,0.434,0.759,0.72,54.05
1786962117.042,,0,,,,0.650,-3.571,True,0.434,0.565,0.53,54.03
1786962117.092,,0,,,,0.650,-3.571,True,0.434,1.138,1.08,54.13
1786962117.192,,0,,,,0.500,-3.764,True,0.431,0.359,0.34,53.82
1786962117.292,,0,,,,0.400,-3.893,True,0.430,0.305,0.29,54.09
1786962117.292,,0,,,,0.400,-3.893,True,0.430,0.281,0.27,54.08
1786962117.442,,0,,,,0.340,-3.970,True,0.429,0.278,0.27,54.68
1786962117.492,,0,,,,0.400,-3.893,True,0.430,0.236,0.22,54.44
1786962117.592,,0,,,,0.480,-3.790,True,0.431,0.214,0.20,54.42
1786962117.692,,0,,,,0.590,-3.649,True,0.433,0.295,0.28,54.49
1786962117.792,,0,,,,0.420,-3.867,True,0.430,0.099,0.09,53.84
1786962117.892,,0,,,,0.130,-4.240,True,0.425,0.450,0.42,53.67
1786962117.892,,0,,,,0.130,-4.240,True,0.425,0.381,0.36,53.66
1786962117.992,,0,,,,-0.230,-4.704,True,0.420,-0.085,0.08,55.10
1786962118.092,,0,,,,-0.600,-5.180,True,0.414,-0.144,0.14,55.08
1786962118.142,,0,,,,-0.680,-5.283,True,0.412,-0.091,0.09,55.06
1786962118.192,,0,,,,-0.640,-5.231,True,0.413,0.728,0.67,52.61
1786962118.292,,0,,,,-0.300,-4.794,True,0.418,0.594,0.55,52.59
1786962118.417,,0,,,,0.150,-4.215,True,0.426,0.483,0.44,52.58
1786962118.442,,0,,,,0.320,-3.996,True,0.428,0.441,0.41,53.67
1786962118.492,,0,,,,0.400,-3.893,True,0.430,0.329,0.31,53.66
1786962118.592,,0,,,,0.590,-3.649,True,0.433,0.193,0.18,53.64
1786962118.642,,0,,,,0.590,-3.649,True,0.433,0.121,0.11,53.63
1786962118.767,,0,,,,0.250,-4.086,True,0.427,-0.009,0.01,53.61
1786962118.842,,0,,,,0.080,-4.305,True,0.425,0.184,0.17,54.01
1786962118.892,,0,,,,-0.120,-4.562,True,0.421,0.258,0.24,54.00
1786962119.017,,0,,,,-0.200,-4.665,True,0.420,-0.043,0.04,52.49
1786962119.117,,0,,,,-0.050,-4.472,True,0.422,1.212,1.11,52.71
1786962119.142,,0,,,,0.020,-4.382,True,0.424,1.198,1.10,52.70
1786962119.192,,0,,,,0.250,-4.086,True,0.427,1.287,1.18,52.68
1786962119.292,,0,,,,0.680,-3.533,True,0.434,1.363,1.25,52.62
1786962119.392,,0,,,,1.030,-3.082,True,0.440,1.227,1.13,52.60
1786962119.442,,0,,,,1.130,-2.954,True,0.442,0.983,0.90,52.58
1786962119.542,,0,,,,1.100,-2.992,True,0.441,0.827,0.76,52.56
1786962119.642,,0,,,,0.850,-3.314,True,0.437,0.093,0.08,52.34
1786962119.692,,0,,,,0.690,-3.520,True,0.435,0.951,0.88,53.08
1786962119.792,,0,,,,0.270,-4.060,True,0.428,0.512,0.46,51.63
1786962119.842,,0,,,,0.090,-4.292,True,0.425,0.809,0.73,51.61
1786962119.892,,0,,,,-0.080,-4.511,True,0.422,0.948,0.85,51.60
1786962119.992,,0,,,,-0.230,-4.704,True,0.420,1.078,0.97,51.59
1786962120.042,,0,,,,-0.230,-4.704,True,0.420,1.225,1.10,51.57
1786962120.142,,0,,,,-0.170,-4.626,True,0.420,0.770,0.72,53.41
1786962120.192,,0,,,,-0.110,-4.549,True,0.421,0.091,0.08,51.47
1786962120.292,,0,,,,0.060,-4.331,True,0.424,0.368,0.33,51.45
1786962120.417,,0,,,,0.170,-4.189,True,0.426,0.406,0.36,51.44
1786962120.492,,0,,,,0.170,-4.189,True,0.426,1.548,1.37,50.85
1786962120.592,,0,,,,0.080,-4.305,True,0.425,1.454,1.31,51.47
1786962120.592,,0,,,,0.080,-4.305,True,0.425,1.526,1.37,51.46
1786962120.692,,0,,,,-0.020,-4.433,True,0.423,1.479,1.33,51.44
1786962120.842,,0,,,,-0.220,-4.691,True,0.420,0.137,0.12,50.70
1786962120.942,,0,,,,-0.210,-4.678,True,0.420,-0.153,0.14,50.69
1786962121.092,,0,,,,0.020,-4.382,True,0.424,-0.446,0.39,50.65
1786962121.142,,0,,,,0.040,-4.356,True,0.424,-0.602,0.53,50.59
1786962121.242,,0,,,,0.230,-4.112,True,0.427,-0.838,0.74,50.61
1786962121.292,,0,,,,0.230,-4.112,True,0.427,-0.977,0.86,50.59
1786962121.417,,0,,,,0.220,-4.125,True,0.427,-1.486,1.33,51.15
1786962121.442,,0,,,,0.140,-4.228,True,0.426,-1.604,1.43,51.14
1786962121.492,,0,,,,0.090,-4.292,True,0.425,-0.647,0.57,50.17
1786962121.592,,0,,,,-0.140,-4.588,True,0.421,0.345,0.30,50.20
1786962121.692,,0,,,,-0.420,-4.948,True,0.416,-0.348,0.30,50.16
1786962121.892,,0,,,,-0.380,-4.897,True,0.417,0.560,0.49,50.37
1786962121.942,,0,,,,-0.300,-4.794,True,0.418,-0.149,0.13,48.84
1786962122.042,,0,,,,-0.120,-4.562,True,0.421,-0.670,0.59,50.60
1786962122.092,,0,,,,-0.030,-4.446,True,0.423,-0.848,0.75,50.58
1786962122.192,,0,,,,0.060,-4.331,True,0.424,0.158,0.14,49.01
1786962122.292,,0,,,,0.080,-4.305,True,0.425,-0.152,0.13,49.33
1786962122.342,,0,,,,0.010,-4.395,True,0.423,-0.242,0.21,49.32
1786962122.392,,0,,,,-0.090,-4.524,True,0.422,-0.568,0.50,50.06
1786962122.517,,0,,,,-0.340,-4.845,True,0.418,-0.326,0.28,49.63
1786962122.542,,0,,,,-0.410,-4.935,True,0.417,-0.330,0.29,49.62
1786962122.692,,0,,,,-0.670,-5.270,True,0.412,-0.312,0.26,48.09
1786962122.742,,0,,,,-0.650,-5.244,True,0.413,-0.364,0.31,48.08
1786962122.842,,0,,,,-0.670,-5.270,True,0.412,-0.251,0.21,48.41
1786962122.942,,0,,,,-0.670,-5.270,True,0.412,-0.030,0.03,48.36
1786962122.992,,0,,,,-0.630,-5.218,True,0.413,-0.056,0.05,48.34
1786962123.092,,0,,,,-0.650,-5.244,True,0.413,-0.346,0.29,48.35
1786962123.192,,0,,,,-0.760,-5.386,True,0.411,-1.426,1.23,49.51
1786962123.192,,0,,,,-0.760,-5.386,True,0.411,-1.549,1.34,49.50
1786962123.292,,0,,,,-0.920,-5.591,True,0.409,0.205,0.17,48.58
1786962123.417,,0,,,,-1.070,-5.784,True,0.406,-0.619,0.52,48.54
1786962123.417,,0,,,,-1.070,-5.784,True,0.406,-0.658,0.56,48.52
1786962123.492,,0,,,,-1.020,-5.720,True,0.407,-0.617,0.52,47.85
1786962123.592,,0,,,,-0.890,-5.553,True,0.409,-0.699,0.58,47.84
1786962123.642,,0,,,,-0.720,-5.334,True,0.412,-0.880,0.74,48.34
1786962123.692,,0,,,,-0.620,-5.205,True,0.413,-1.082,0.91,48.33
1786962123.792,,0,,,,-0.450,-4.987,True,0.416,-0.289,0.24,47.37
1786962123.917,,0,,,,-0.390,-4.910,True,0.417,-1.108,0.94,48.43
1786962123.942,,0,,,,-0.400,-4.922,True,0.417,-0.803,0.67,47.49
1786962123.992,,0,,,,-0.460,-5.000,True,0.416,-0.895,0.74,47.47
1786962124.092,,0,,,,-0.580,-5.154,True,0.414,-1.181,0.97,47.00
1786962124.217,,0,,,,-0.800,-5.437,True,0.410,-0.780,0.65,48.06
1786962124.242,,0,,,,-0.860,-5.514,True,0.409,-0.728,0.61,48.03
1786962124.342,,0,,,,-1.000,-5.694,True,0.407,-0.424,0.35,47.77
1786962124.492,,0,,,,-1.070,-5.784,True,0.406,-0.853,0.71,47.47
1786962124.592,,0,,,,-1.120,-5.849,True,0.405,-1.488,1.26,48.43
1786962124.692,,0,,,,-1.100,-5.823,True,0.406,-1.547,1.31,48.40
1786962124.742,,0,,,,-1.080,-5.797,True,0.406,-1.217,1.00,47.11
1786962124.842,,0,,,,-1.030,-5.733,True,0.407,-0.539,0.44,46.85
1786962124.942,,0,,,,-0.890,-5.553,True,0.409,-0.658,0.54,46.83
1786962124.992,,0,,,,-0.810,-5.450,True,0.410,-0.789,0.64,46.81
1786962125.092,,0,,,,-0.580,-5.154,True,0.414,-0.918,0.75,46.79
1786962125.192,,0,,,,-0.440,-4.974,True,0.416,-1.151,0.94,46.71
1786962125.242,,0,,,,-0.430,-4.961,True,0.416,-1.242,1.01,46.68
1786962125.292,,0,,,,-0.450,-4.987,True,0.416,-1.324,1.08,46.67
1786962125.392,,0,,,,-0.530,-5.090,True,0.415,-1.288,1.05,46.66
1786962125.492,,0,,,,-0.630,-5.218,True,0.413,-1.222,0.99,46.63
1786962125.592,,0,,,,-0.640,-5.231,True,0.413,-1.204,0.98,46.61
1786962125.692,,0,,,,-0.620,-5.205,True,0.413,-0.622,0.50,45.76
1786962125.792,,0,,,,-0.600,-5.180,True,0.414,-0.624,0.50,45.74
1786962125.792,,0,,,,-0.600,-5.180,True,0.414,-0.642,0.51,45.72
1786962125.917,,0,,,,-0.570,-5.141,True,0.414,-0.661,0.53,45.71
1786962125.992,,0,,,,-0.640,-5.231,True,0.413,-0.610,0.49,46.05
1786962126.042,,0,,,,-0.660,-5.257,True,0.413,-0.203,0.16,46.02
1786962126.092,,0,,,,-0.720,-5.334,True,0.412,-0.251,0.20,46.00
1786962126.192,,0,,,,-0.780,-5.411,True,0.411,-0.558,0.45,45.85
1786962126.292,,0,,,,-0.810,-5.450,True,0.410,-0.253,0.20,45.68
1786962126.342,,0,,,,-0.800,-5.437,True,0.410,-0.283,0.23,45.67
1786962126.417,,0,,,,-0.800,-5.437,True,0.410,-0.710,0.57,45.63
1786962126.492,,0,,,,-0.760,-5.386,True,0.411,-0.762,0.61,45.61
1786962126.542,,0,,,,-0.730,-5.347,True,0.412,-0.770,0.61,45.60
1786962126.642,,0,,,,-0.620,-5.205,True,0.413,-0.838,0.67,45.57
1786962126.692,,0,,,,-0.560,-5.128,True,0.414,0.169,0.14,46.00
1786962126.792,,0,,,,-0.460,-5.000,True,0.416,0.254,0.20,44.23
1786962126.892,,0,,,,-0.360,-4.871,True,0.417,-1.054,0.84,45.75
1786962126.992,,0,,,,-0.420,-4.948,True,0.416,-1.161,0.93,45.73
1786962127.117,,0,,,,-0.410,-4.935,True,0.417,-1.136,0.90,45.49
1786962127.117,,0,,,,-0.410,-4.935,True,0.417,-1.205,0.96,45.48
1786962127.192,,0,,,,-0.390,-4.910,True,0.417,-0.798,0.62,44.83
1786962127.292,,0,,,,-0.420,-4.948,True,0.416,-1.361,1.08,45.42
1786962127.342,,0,,,,-0.380,-4.897,True,0.417,-1.381,1.09,45.41
1786962127.442,,0,,,,-0.460,-5.000,True,0.416,-0.839,0.65,44.50
1786962127.542,,0,,,,-0.500,-5.051,True,0.415,0.115,0.09,43.60
1786962127.642,,0,,,,-0.640,-5.231,True,0.413,-0.494,0.38,44.29
1786962127.692,,0,,,,-0.700,-5.308,True,0.412,-0.586,0.45,44.27
1786962127.792,,0,,,,-0.830,-5.476,True,0.410,-1.562,1.22,44.74
1786962127.892,,0,,,,-0.900,-5.566,True,0.409,0.162,0.12,43.22
1786962128.017,,0,,,,-0.840,-5.489,True,0.410,0.108,0.08,43.20
1786962128.092,,0,,,,-0.760,-5.386,True,0.411,0.014,0.01,43.17
1786962128.192,,0,,,,-0.490,-5.038,True,0.415,-0.134,0.10,43.14
1786962128.292,,0,,,,-0.360,-4.871,True,0.417,-0.268,0.20,43.12
1786962128.392,,0,,,,-0.220,-4.691,True,0.420,-0.512,0.39,43.09
1786962128.492,,0,,,,-0.180,-4.639,True,0.420,-0.672,0.51,43.06
1786962128.692,,0,,,,-0.420,-4.948,True,0.416,-0.974,0.74,43.29
1786962128.767,,0,,,,-0.540,-5.103,True,0.415,-0.938,0.71,43.27
1786962128.892,,0,,,,-0.860,-5.514,True,0.409,-0.917,0.69,43.23
1786962128.992,,0,,,,-0.950,-5.630,True,0.408,-0.447,0.33,41.79
1786962129.092,,0,,,,-0.980,-5.669,True,0.408,-0.323,0.24,41.78
1786962129.242,,0,,,,-0.950,-5.630,True,0.408,-0.428,0.32,42.69
1786962129.292,,0,,,,-0.960,-5.643,True,0.408,-0.486,0.36,42.68
1786962129.392,,0,,,,-0.960,-5.643,True,0.408,-0.864,0.64,42.17
1786962129.492,,0,,,,-0.960,-5.643,True,0.408,-0.967,0.71,42.14
1786962129.592,,0,,,,-0.960,-5.643,True,0.408,-1.023,0.75,42.13
1786962129.642,,0,,,,-0.910,-5.579,True,0.409,-1.139,0.84,42.10
1786962129.792,,0,,,,-0.790,-5.424,True,0.411,-0.920,0.68,42.07
1786962129.842,,0,,,,-0.690,-5.296,True,0.412,-1.287,0.96,42.77
1786962129.892,,0,,,,-0.640,-5.231,True,0.413,-1.390,1.04,42.76
1786962129.992,,0,,,,-0.470,-5.012,True,0.416,-1.601,1.18,42.41
1786962130.092,,0,,,,-0.320,-4.819,True,0.418,-1.026,0.75,41.79
1786962130.142,,0,,,,-0.290,-4.781,True,0.419,-1.133,0.83,41.77
1786962130.242,,0,,,,-0.290,-4.781,True,0.419,-1.617,1.20,42.39
1786962130.292,,0,,,,-0.320,-4.819,True,0.418,-1.831,1.35,42.37
1786962130.417,,0,,,,-0.540,-5.103,True,0.415,-1.858,1.37,42.35
1786962130.492,,0,,,,-0.660,-5.257,True,0.413,-1.252,0.90,41.29
1786962130.542,,0,,,,-0.820,-5.463,True,0.410,-1.297,0.93,41.07
1786962130.592,,0,,,,-0.900,-5.566,True,0.409,-1.300,0.93,41.04
1786962130.717,,0,,,,-1.080,-5.797,True,0.406,-1.849,1.34,41.62
1786962130.817,,0,,,,-1.070,-5.784,True,0.406,0.269,0.19,39.97
1786962130.842,,0,,,,-1.060,-5.772,True,0.406,0.284,0.20,39.95
1786962130.892,,0,,,,-0.990,-5.682,True,0.407,0.306,0.21,39.93
1786962130.992,,0,,,,-0.780,-5.411,True,0.411,0.273,0.19,39.92
1786962131.067,,0,,,,-0.650,-5.244,True,0.413,0.286,0.20,39.90
1786962131.092,,0,,,,-0.590,-5.167,True,0.414,0.250,0.17,39.89
1786962131.142,,0,,,,-0.540,-5.103,True,0.415,0.187,0.13,39.87
1786962131.242,,0,,,,-0.560,-5.128,True,0.414,0.052,0.04,39.85
1786962131.342,,0,,,,-0.680,-5.283,True,0.412,-0.057,0.04,39.82
1786962131.442,,0,,,,-0.920,-5.591,True,0.409,-0.200,0.14,39.80
1786962131.592,,0,,,,-1.130,-5.862,True,0.405,-0.329,0.23,39.77
1786962131.642,,0,,,,-1.140,-5.875,True,0.405,-0.433,0.30,39.75
1786962131.692,,0,,,,-1.100,-5.823,True,0.406,-0.538,0.37,39.74
1786962131.792,,0,,,,-0.950,-5.630,True,0.408,-0.637,0.44,39.72
1786962131.842,,0,,,,-0.910,-5.579,True,0.409,-1.087,0.76,39.88
1786962131.942,,0,,,,-0.730,-5.347,True,0.412,-1.120,0.78,39.87
1786962132.092,,0,,,,-0.680,-5.283,True,0.412,-1.921,1.34,40.13
1786962132.192,,0,,,,-0.900,-5.566,True,0.409,-1.114,0.77,39.34
1786962132.292,,0,,,,-1.100,-5.823,True,0.406,-1.115,0.76,39.32
1786962132.342,,0,,,,-1.180,-5.926,True,0.404,-0.695,0.48,39.23
1786962132.442,,0,,,,-1.200,-5.952,True,0.404,-0.847,0.57,38.88
1786962132.517,,0,,,,-1.150,-5.887,True,0.405,-0.861,0.58,38.86
1786962132.592,,0,,,,-1.050,-5.759,True,0.407,-0.999,0.68,38.85
1786962132.642,,0,,,,-0.930,-5.604,True,0.408,-1.251,0.87,39.77
1786962132.692,,0,,,,-0.900,-5.566,True,0.409,-1.365,0.95,39.76
1786962132.792,,0,,,,-0.840,-5.489,True,0.410,-1.550,1.07,39.74
1786962132.792,,0,,,,-0.840,-5.489,True,0.410,-1.678,1.16,39.73
1786962132.917,,0,,,,-0.880,-5.540,True,0.409,-1.881,1.30,39.70
1786962132.992,,0,,,,-0.990,-5.682,True,0.407,-1.126,0.76,38.59
1786962133.092,,0,,,,-1.030,-5.733,True,0.407,-1.797,1.24,39.45
1786962133.142,,0,,,,-1.040,-5.746,True,0.407,-1.773,1.22,39.43
1786962133.242,,0,,,,-0.990,-5.682,True,0.407,-0.974,0.65,38.48
1786962133.292,,0,,,,-0.940,-5.617,True,0.408,-1.632,1.11,38.94
1786962133.442,,0,,,,-0.830,-5.476,True,0.410,-1.822,1.23,38.72
1786962133.492,,0,,,,-0.840,-5.489,True,0.410,-0.746,0.50,38.08
1786962133.592,,0,,,,-0.940,-5.617,True,0.408,-1.799,1.21,38.56
1786962133.642,,0,,,,-0.960,-5.643,True,0.408,-1.824,1.23,38.54
1786962133.742,,0,,,,-1.170,-5.913,True,0.405,-1.908,1.28,38.52
1786962133.892,,0,,,,-1.220,-5.977,True,0.404,-1.811,1.20,38.07
1786962133.967,,0,,,,-1.140,-5.875,True,0.405,-1.834,1.22,38.05
1786962134.092,,0,,,,-0.900,-5.566,True,0.409,-1.930,1.28,38.02
1786962134.192,,0,,,,-0.680,-5.283,True,0.412,-2.077,1.38,37.99
1786962134.242,,0,,,,-0.620,-5.205,True,0.413,-2.223,1.47,37.96
1786962134.292,,0,,,,-0.600,-5.180,True,0.414,-2.405,1.59,37.95
1786962134.392,,0,,,,-0.690,-5.296,True,0.412,-2.469,1.63,37.92
1786962134.492,,0,,,,-0.850,-5.501,True,0.410,-2.517,1.66,37.90
1786962134.542,,0,,,,-0.980,-5.669,True,0.408,-2.469,1.63,37.88
1786962134.617,,0,,,,-1.130,-5.862,True,0.405,-2.438,1.61,37.86
1786962134.692,,0,,,,-1.220,-5.977,True,0.404,-2.416,1.60,37.84
1786962134.792,,0,,,,-1.170,-5.913,True,0.405,-2.392,1.58,37.82
1786962134.842,,0,,,,-1.120,-5.849,True,0.405,-2.365,1.56,37.80
1786962134.942,,0,,,,-0.840,-5.489,True,0.410,-0.697,0.44,36.00
1786962134.992,,0,,,,-0.740,-5.360,True,0.411,-0.771,0.48,35.98
1786962135.042,,0,,,,-0.580,-5.154,True,0.414,-0.846,0.53,35.96
1786962135.142,,0,,,,-0.490,-5.038,True,0.415,-0.953,0.60,35.94
1786962135.242,,0,,,,-0.650,-5.244,True,0.413,-0.858,0.54,36.14
1786962135.367,,0,,,,-0.930,-5.604,True,0.408,-1.750,1.11,36.46
1786962135.392,,0,,,,-1.230,-5.990,True,0.404,-1.829,1.16,36.45
1786962135.492,,0,,,,-1.370,-6.160,True,0.403,-1.092,0.70,36.60
1786962135.542,,0,,,,-1.410,-6.201,True,0.405,-1.131,0.72,36.48
1786962135.592,,0,,,,-1.340,-6.129,True,0.402,-1.089,0.69,36.47
1786962135.692,,0,,,,-1.080,-5.797,True,0.406,-0.263,0.16,35.35
1786962135.742,,0,,,,-0.830,-5.476,True,0.410,-0.281,0.17,35.33
1786962135.792,,0,,,,-0.720,-5.334,True,0.412,-0.379,0.23,35.31
1786962135.892,,0,,,,-0.170,-4.626,True,0.420,-1.722,1.08,35.87
1786962135.992,,0,,,,0.130,-4.240,True,0.425,-1.905,1.19,35.85
1786962136.092,,0,,,,0.300,-4.022,True,0.428,-2.084,1.30,35.83
1786962136.142,,0,,,,0.260,-4.073,True,0.427,-2.249,1.41,35.80
1786962136.192,,0,,,,0.270,-4.060,True,0.428,-1.631,1.02,35.80
1786962136.292,,0,,,,-0.030,-4.446,True,0.423,-1.546,0.97,35.78
1786962136.342,,0,,,,-0.250,-4.729,True,0.419,-1.440,0.90,35.75
1786962136.692,,0,,,,-1.260,-6.029,True,0.403,-1.378,0.84,34.97
1786962136.792,,0,,,,-1.120,-5.849,True,0.405,-1.500,0.91,34.94
1786962136.842,,0,,,,-1.010,-5.707,True,0.407,-1.538,0.94,34.92
1786962137.042,,0,,,,-0.560,-5.128,True,0.414,-1.334,0.81,34.82
1786962137.092,,0,,,,-0.530,-5.090,True,0.415,-1.532,0.93,34.80
1786962137.192,,0,,,,-0.570,-5.141,True,0.414,-1.677,1.02,34.78
1786962137.292,,0,,,,-0.720,-5.334,True,0.412,-1.579,0.95,34.54
1786962137.417,,0,,,,-0.850,-5.501,True,0.410,-1.788,1.08,34.50
1786962137.442,,0,,,,-0.890,-5.553,True,0.409,-1.766,1.06,34.48
1786962137.542,,0,,,,-0.930,-5.604,True,0.408,-1.630,0.98,34.46
1786962137.592,,0,,,,-0.910,-5.579,True,0.409,-1.590,0.96,34.44
1786962137.692,,0,,,,-0.810,-5.450,True,0.410,-1.587,0.95,34.42
1786962137.842,,0,,,,-0.620,-5.205,True,0.413,-1.159,0.69,33.94
1786962137.892,,0,,,,-0.580,-5.154,True,0.414,-1.221,0.72,33.92
1786962137.992,,0,,,,-0.520,-5.077,True,0.415,-1.273,0.75,33.90
1786962138.042,,0,,,,-0.520,-5.077,True,0.415,-1.378,0.81,33.88
1786962138.117,,0,,,,-0.540,-5.103,True,0.415,-1.649,0.96,33.37
1786962138.192,,0,,,,-0.610,-5.193,True,0.413,-1.811,1.05,33.36
1786962138.292,,0,,,,-0.820,-5.463,True,0.410,-2.031,1.18,33.33
1786962138.342,,0,,,,-0.940,-5.617,True,0.408,-2.148,1.25,33.31
1786962138.492,,0,,,,-1.070,-5.784,True,0.406,-1.758,1.02,33.23
1786962138.592,,0,,,,-1.090,-5.810,True,0.406,-1.783,1.03,33.21
1786962138.642,,0,,,,-1.100,-5.823,True,0.406,-2.204,1.26,32.70
1786962138.692,,0,,,,-1.090,-5.810,True,0.406,-2.233,1.27,32.69
1786962138.792,,0,,,,-1.010,-5.707,True,0.407,-2.223,1.27,32.66
1786962138.842,,0,,,,-0.950,-5.630,True,0.408,-2.231,1.27,32.64
1786962138.942,,0,,,,-0.870,-5.527,True,0.409,-1.388,0.79,32.65
1786962139.042,,0,,,,-0.810,-5.450,True,0.410,-1.387,0.79,32.62
1786962139.092,,0,,,,-0.840,-5.489,True,0.410,-1.409,0.80,32.60
1786962139.192,,0,,,,-1.000,-5.694,True,0.407,-1.291,0.73,32.26
1786962139.267,,0,,,,-1.170,-5.913,True,0.405,-1.372,0.77,32.25
1786962139.317,,0,,,,-1.300,-6.080,True,0.403,-1.469,0.83,32.24
1786962139.392,,0,,,,-1.480,-6.272,True,0.407,-1.600,0.90,32.21
1786962139.492,,0,,,,-1.590,-6.384,True,0.410,-2.444,1.36,31.83
1786962139.592,,0,,,,-1.510,-6.303,True,0.408,-2.631,1.46,31.80
1786962139.692,,0,,,,-1.180,-5.926,True,0.404,-2.706,1.50,31.79
1786962139.692,,0,,,,-1.180,-5.926,True,0.404,-2.727,1.51,31.77
1786962139.792,,0,,,,-0.860,-5.514,True,0.409,-1.584,0.87,31.60
1786962139.892,,0,,,,-0.590,-5.167,True,0.414,-1.717,0.95,31.57
1786962139.992,,0,,,,-0.420,-4.948,True,0.416,-1.834,1.01,31.55
1786962140.042,,0,,,,-0.400,-4.922,True,0.417,-2.262,1.23,31.10
1786962140.142,,0,,,,-0.490,-5.038,True,0.415,-2.239,1.21,31.09
1786962140.242,,0,,,,-0.720,-5.334,True,0.412,-2.170,1.18,31.06
1786962140.292,,0,,,,-0.960,-5.643,True,0.408,-1.863,1.01,30.95
1786962140.392,,0,,,,-1.180,-5.926,True,0.404,-1.902,1.03,30.93
1786962140.492,,0,,,,-1.410,-6.201,True,0.405,-1.856,1.00,30.79
1786962140.542,,0,,,,-1.470,-6.262,True,0.407,-1.730,0.92,30.58
1786962140.592,,0,,,,-1.490,-6.282,True,0.407,-1.790,0.96,30.57
1786962140.692,,0,,,,-1.370,-6.160,True,0.403,-1.636,0.87,30.57
1786962140.742,,0,,,,-1.310,-6.093,True,0.402,-1.684,0.90,30.54
1786962140.867,,0,,,,-0.900,-5.566,True,0.409,-1.762,0.93,30.24
1786962140.892,,0,,,,-0.800,-5.437,True,0.410,-1.845,0.97,30.23
1786962140.992,,0,,,,-0.620,-5.205,True,0.413,-1.893,1.00,30.20
1786962141.092,,0,,,,-0.570,-5.141,True,0.414,-1.990,1.05,30.17
1786962141.192,,0,,,,-0.620,-5.205,True,0.413,-1.542,0.81,30.13
1786962141.242,,0,,,,-0.690,-5.296,True,0.412,-1.575,0.83,30.11
1786962141.292,,0,,,,-0.750,-5.373,True,0.411,-1.642,0.86,30.10
1786962141.392,,0,,,,-0.880,-5.540,True,0.409,-1.601,0.84,30.09
1786962141.442,,0,,,,-0.920,-5.591,True,0.409,-1.780,0.92,29.70
1786962141.492,,0,,,,-0.910,-5.579,True,0.409,-1.778,0.92,29.68
1786962141.592,,0,,,,-0.760,-5.386,True,0.411,-1.830,0.95,29.66
1786962141.667,,0,,,,-0.640,-5.231,True,0.413,-1.865,0.96,29.65
1786962141.692,,0,,,,-0.600,-5.180,True,0.414,-1.915,0.99,29.63
1786962141.792,,0,,,,-0.360,-4.871,True,0.417,-1.705,0.87,29.25
1786962141.892,,0,,,,-0.230,-4.704,True,0.420,-1.851,0.94,29.13
1786962142.017,,0,,,,-0.100,-4.536,True,0.422,-1.837,0.93,29.13
1786962142.092,,0,,,,-0.110,-4.549,True,0.421,-1.679,0.84,28.79
1786962142.192,,0,,,,-0.300,-4.794,True,0.418,-1.752,0.88,28.77
1786962142.292,,0,,,,-0.580,-5.154,True,0.414,-1.805,0.90,28.54
1786962142.392,,0,,,,-0.950,-5.630,True,0.408,-1.486,0.74,28.53
1786962142.492,,0,,,,-1.130,-5.862,True,0.405,-1.640,0.81,28.39
1786962142.542,,0,,,,-1.140,-5.875,True,0.405,-1.569,0.78,28.36
1786962142.642,,0,,,,-1.050,-5.759,True,0.407,-1.058,0.52,28.30
1786962142.767,,0,,,,-0.800,-5.437,True,0.410,-1.062,0.52,28.13
1786962142.792,,0,,,,-0.750,-5.373,True,0.411,-1.261,0.62,28.03
1786962142.892,,0,,,,-0.540,-5.103,True,0.415,-1.399,0.68,28.01
1786962142.942,,0,,,,-0.500,-5.051,True,0.415,-1.368,0.67,27.92
1786962143.042,,0,,,,-0.420,-4.948,True,0.416,-1.205,0.58,27.78
1786962143.117,,0,,,,-0.440,-4.974,True,0.416,-1.317,0.64,27.76
1786962143.192,,0,,,,-0.480,-5.025,True,0.416,-1.451,0.70,27.75
1786962143.242,,0,,,,-0.540,-5.103,True,0.415,-1.559,0.75,27.74
1786962143.342,,0,,,,-0.610,-5.193,True,0.413,-1.664,0.81,27.72
1786962143.492,,0,,,,-0.620,-5.205,True,0.413,-1.728,0.84,27.69
1786962143.492,,0,,,,-0.620,-5.205,True,0.413,-1.802,0.87,27.68
1786962143.592,,0,,,,-0.560,-5.128,True,0.414,-1.883,0.91,27.66
1786962143.692,,0,,,,-0.470,-5.012,True,0.416,-1.995,0.96,27.63
1786962143.792,,0,,,,-0.340,-4.845,True,0.418,-2.032,0.98,27.62
1786962143.792,,0,,,,-0.340,-4.845,True,0.418,-2.054,0.99,27.61
1786962143.892,,0,,,,-0.280,-4.768,True,0.419,-2.145,1.03,27.60
1786962143.992,,0,,,,-0.320,-4.819,True,0.418,-2.210,1.06,27.58
1786962144.042,,0,,,,-0.360,-4.871,True,0.417,-2.408,1.16,27.56
1786962144.092,,0,,,,-0.370,-4.884,True,0.417,-2.824,1.36,27.55
1786962144.192,,0,,,,-0.490,-5.038,True,0.415,-2.737,1.31,27.53
1786962144.292,,0,,,,-0.540,-5.103,True,0.415,-2.762,1.33,27.51
1786962144.342,,0,,,,-0.580,-5.154,True,0.414,-3.256,1.56,27.50
1786962144.442,,0,,,,-0.640,-5.231,True,0.413,-3.523,1.69,27.48
1786962144.492,,0,,,,-0.700,-5.308,True,0.412,-3.746,1.79,27.46
1786962144.592,,0,,,,-0.820,-5.463,True,0.410,-3.867,1.85,27.44
1786962144.692,,0,,,,-0.920,-5.591,True,0.409,-3.899,1.86,27.42
1786962144.742,,0,,,,-0.960,-5.643,True,0.408,-3.951,1.89,27.41
1786962144.892,,0,,,,-0.990,-5.682,True,0.407,-3.970,1.90,27.38
1786962144.892,,0,,,,-0.990,-5.682,True,0.407,-3.920,1.87,27.37
1786962144.992,,0,,,,-0.910,-5.579,True,0.409,-3.987,1.90,27.36
1786962145.092,,0,,,,-0.800,-5.437,True,0.410,-4.056,1.93,27.35
1786962145.192,,0,,,,-0.770,-5.398,True,0.411,-4.144,1.97,27.32
1786962145.242,,0,,,,-0.770,-5.398,True,0.411,-4.225,2.01,27.30
1786962145.342,,0,,,,-0.760,-5.386,True,0.411,-1.035,0.46,25.42
1786962145.392,,0,,,,-0.770,-5.398,True,0.411,-1.158,0.51,25.40
1786962145.492,,0,,,,-0.780,-5.411,True,0.411,-1.338,0.59,25.38
1786962145.542,,0,,,,-0.770,-5.398,True,0.411,-1.496,0.66,25.37
1786962145.592,,0,,,,-0.710,-5.321,True,0.412,-1.630,0.72,25.35
1786962145.692,,0,,,,-0.520,-5.077,True,0.415,-1.543,0.68,25.11
1786962145.792,,0,,,,-0.340,-4.845,True,0.418,-1.702,0.75,25.09
1786962145.892,,0,,,,-0.020,-4.433,True,0.423,-1.377,0.60,24.85
1786962145.942,,0,,,,0.030,-4.369,True,0.424,-1.426,0.62,24.83
1786962145.992,,0,,,,0.120,-4.253,True,0.425,-1.694,0.73,24.74
1786962146.092,,0,,,,0.180,-4.176,True,0.426,-1.931,0.83,24.71
1786962146.192,,0,,,,0.040,-4.356,True,0.424,-1.987,0.86,24.69
1786962146.292,,0,,,,-0.100,-4.536,True,0.422,-1.542,0.66,24.50
1786962146.392,,0,,,,-0.260,-4.742,True,0.419,-1.604,0.69,24.49
1786962146.442,,0,,,,-0.400,-4.922,True,0.417,-1.533,0.65,24.47
1786962146.542,,0,,,,-0.540,-5.103,True,0.415,-1.556,0.66,24.45
1786962146.667,,0,,,,-0.620,-5.205,True,0.413,-1.094,0.46,24.04
1786962146.692,,0,,,,-0.610,-5.193,True,0.413,-1.152,0.48,24.02
1786962146.792,,0,,,,-0.550,-5.115,True,0.414,-1.462,0.61,24.00
1786962146.892,,0,,,,-0.330,-4.832,True,0.418,-1.251,0.52,23.81
1786962146.992,,0,,,,-0.110,-4.549,True,0.421,-1.407,0.58,23.79
1786962147.092,,0,,,,0.140,-4.228,True,0.426,-1.672,0.69,23.66
1786962147.192,,0,,,,0.130,-4.240,True,0.425,-1.335,0.55,23.52
1786962147.292,,0,,,,0.000,-4.408,True,0.423,-1.398,0.57,23.51
1786962147.442,,0,,,,-0.320,-4.819,True,0.418,-1.242,0.51,23.38
1786962147.592,,0,,,,-0.330,-4.832,True,0.418,-1.308,0.53,23.35
1786962147.667,,0,,,,-0.210,-4.678,True,0.420,-1.517,0.62,23.34
1786962147.692,,0,,,,-0.110,-4.549,True,0.421,-1.687,0.69,23.32
1786962147.792,,0,,,,0.050,-4.343,True,0.424,-1.305,0.52,23.01
1786962147.892,,0,,,,0.120,-4.253,True,0.425,-1.548,0.62,22.99
1786962147.967,,0,,,,0.080,-4.305,True,0.425,-1.740,0.70,22.98
1786962148.067,,0,,,,0.000,-4.408,True,0.423,-1.514,0.60,22.76
1786962148.092,,0,,,,-0.050,-4.472,True,0.422,-1.695,0.67,22.74
1786962148.192,,0,,,,-0.210,-4.678,True,0.420,-1.802,0.71,22.64
1786962148.242,,0,,,,-0.230,-4.704,True,0.420,-1.778,0.70,22.61
1786962148.342,,0,,,,-0.240,-4.717,True,0.419,-1.636,0.64,22.44
1786962148.417,,0,,,,-0.220,-4.691,True,0.420,-1.806,0.71,22.43
1786962148.492,,0,,,,-0.140,-4.588,True,0.421,-1.577,0.61,22.20
1786962148.592,,0,,,,-0.070,-4.498,True,0.422,-1.608,0.62,22.19
1786962148.717,,0,,,,-0.050,-4.472,True,0.422,-1.692,0.65,22.18
1786962148.742,,0,,,,-0.100,-4.536,True,0.422,-1.844,0.71,22.17
1786962148.842,,0,,,,-0.190,-4.652,True,0.420,-2.002,0.77,22.15
1786962148.892,,0,,,,-0.230,-4.704,True,0.420,-2.057,0.79,22.13
1786962148.992,,0,,,,-0.330,-4.832,True,0.418,-2.171,0.84,22.12
1786962149.092,,0,,,,-0.320,-4.819,True,0.418,-2.793,1.08,22.08
1786962149.192,,0,,,,-0.270,-4.755,True,0.419,-3.367,1.30,22.06
1786962149.242,,0,,,,-0.220,-4.691,True,0.420,-3.369,1.30,22.04
1786962149.342,,0,,,,-0.170,-4.626,True,0.420,-3.393,1.30,22.03
1786962149.392,,0,,,,-0.130,-4.575,True,0.421,-3.530,1.35,22.01
1786962149.517,,0,,,,0.000,-4.408,True,0.423,-3.845,1.47,21.99
1786962149.592,,0,,,,0.040,-4.356,True,0.424,-4.078,1.56,21.98
1786962149.692,,0,,,,0.040,-4.356,True,0.424,-4.324,1.66,21.96
1786962149.792,,0,,,,0.010,-4.395,True,0.423,-4.465,1.71,21.95
1786962149.892,,0,,,,-0.030,-4.446,True,0.423,-4.597,1.76,21.94
1786962149.942,,0,,,,0.000,-4.408,True,0.423,-4.697,1.80,21.93
1786962149.992,,0,,,,0.050,-4.343,True,0.424,-4.629,1.77,21.91
1786962150.092,,0,,,,0.190,-4.163,True,0.426,-4.595,1.75,21.89
1786962150.192,,0,,,,0.360,-3.945,True,0.429,-4.695,1.79,21.87
1786962150.292,,0,,,,0.510,-3.752,True,0.432,-4.910,1.87,21.85
1786962150.392,,0,,,,0.520,-3.739,True,0.432,-5.185,1.97,21.83
1786962150.492,,0,,,,0.430,-3.854,True,0.430,-5.646,2.14,21.80
1786962150.542,,0,,,,0.390,-3.906,True,0.430,-5.966,2.26,21.79
1786962150.642,,0,,,,0.320,-3.996,True,0.428,-6.157,2.33,21.77
1786962150.742,,0,,,,0.210,-4.138,True,0.427,-6.339,2.40,21.75
1786962150.792,,0,,,,0.250,-4.086,True,0.427,-6.358,2.41,21.74
1786962150.892,,0,,,,0.360,-3.945,True,0.429,-6.474,2.45,21.73
1786962150.967,,0,,,,0.500,-3.764,True,0.431,-6.572,2.49,21.72
1786962150.992,,0,,,,0.550,-3.700,True,0.432,-1.674,0.58,19.90
1786962151.092,,0,,,,0.810,-3.365,True,0.437,-1.682,0.58,19.90
1786962151.217,,0,,,,0.870,-3.288,True,0.438,-1.612,0.56,19.88
1786962151.292,,0,,,,0.910,-3.237,True,0.438,-0.825,0.28,19.62
1786962151.292,,0,,,,0.910,-3.237,True,0.438,-0.973,0.33,19.60
1786962151.392,,0,,,,0.770,-3.417,True,0.436,-1.046,0.36,19.59
1786962151.492,,0,,,,0.510,-3.752,True,0.432,-0.981,0.33,19.52
1786962151.592,,0,,,,0.230,-4.112,True,0.427,-0.746,0.25,19.45
1786962151.642,,0,,,,0.230,-4.112,True,0.427,-0.903,0.30,19.30
1786962151.717,,0,,,,0.030,-4.369,True,0.424,-1.098,0.37,19.29
1786962151.792,,0,,,,0.080,-4.305,True,0.425,-1.394,0.47,19.27
1786962151.892,,0,,,,0.240,-4.099,True,0.427,-1.804,0.61,19.25
1786962151.992,,0,,,,0.640,-3.584,True,0.434,-1.391,0.46,18.98
1786962152.217,,0,,,,1.120,-2.967,True,0.442,-1.359,0.45,18.97
1786962152.242,,0,,,,1.140,-2.941,True,0.442,-1.659,0.55,18.97
1786962152.717,,0,,,,-0.190,-4.652,True,0.420,-1.392,0.45,18.41
1786962152.792,,0,,,,-0.120,-4.562,True,0.421,-1.377,0.44,18.39
1786962152.792,,0,,,,-0.120,-4.562,True,0.421,-1.614,0.52,18.37
1786962152.892,,0,,,,0.140,-4.228,True,0.426,-1.354,0.43,18.24
1786962152.992,,0,,,,0.590,-3.649,True,0.433,-1.629,0.52,18.15
1786962152.992,,0,,,,0.590,-3.649,True,0.433,-1.948,0.62,18.13
1786962153.092,,0,,,,1.050,-3.057,True,0.441,-3.062,0.97,18.12
1786962153.142,,0,,,,1.260,-2.786,True,0.444,-3.628,1.15,18.11
1786962153.242,,0,,,,1.500,-2.478,True,0.448,-3.433,1.07,17.94
1786962153.342,,0,,,,1.500,-2.478,True,0.448,-2.936,0.92,17.92
1786962153.467,,0,,,,1.280,-2.761,True,0.444,-2.143,0.67,17.79
1786962153.492,,0,,,,1.250,-2.799,True,0.444,-2.599,0.81,17.78
1786962153.592,,0,,,,0.990,-3.134,True,0.440,-2.497,0.77,17.74
1786962153.642,,0,,,,0.900,-3.250,True,0.438,-2.734,0.85,17.85
1786962153.742,,0,,,,0.780,-3.404,True,0.436,-2.838,0.88,17.70
1786962153.842,,0,,,,0.750,-3.443,True,0.436,-2.739,0.85,17.68
1786962153.892,,0,,,,0.860,-3.301,True,0.437,-2.757,0.85,17.67
1786962153.992,,0,,,,0.990,-3.134,True,0.440,-2.870,0.88,17.65
1786962154.092,,0,,,,1.070,-3.031,True,0.441,-2.976,0.92,17.64
1786962154.192,,0,,,,1.110,-2.979,True,0.442,-3.103,0.95,17.62
1786962154.192,,0,,,,1.110,-2.979,True,0.442,-3.183,0.98,17.61
1786962154.292,,0,,,,1.010,-3.108,True,0.440,-3.304,1.01,17.59
1786962154.392,,0,,,,0.820,-3.353,True,0.437,-3.415,1.05,17.58
1786962154.442,,0,,,,0.730,-3.468,True,0.435,-3.515,1.08,17.57
1786962154.542,,0,,,,0.530,-3.726,True,0.432,-3.564,1.09,17.56
1786962154.642,,0,,,,0.470,-3.803,True,0.431,-3.617,1.11,17.55
1786962154.692,,0,,,,0.460,-3.816,True,0.431,-3.608,1.10,17.53
1786962154.792,,0,,,,0.590,-3.649,True,0.433,-3.525,1.08,17.52
1786962154.892,,0,,,,0.800,-3.378,True,0.436,-3.447,1.05,17.51
1786962154.992,,0,,,,0.920,-3.224,True,0.438,-3.446,1.05,17.50
1786962155.042,,0,,,,1.000,-3.121,True,0.440,-3.486,1.06,17.48
1786962155.092,,0,,,,1.050,-3.057,True,0.441,-3.622,1.10,17.47
1786962155.192,,0,,,,1.090,-3.005,True,0.441,-3.575,1.09,17.45
1786962155.292,,0,,,,1.090,-3.005,True,0.441,-3.627,1.10,17.43
1786962155.392,,0,,,,1.060,-3.044,True,0.441,-3.747,1.14,17.41
1786962155.492,,0,,,,1.120,-2.967,True,0.442,-3.883,1.18,17.40
1786962155.567,,0,,,,1.180,-2.889,True,0.443,-4.012,1.22,17.38
1786962155.592,,0,,,,1.270,-2.774,True,0.444,-4.195,1.27,17.37
1786962155.767,,0,,,,1.560,-2.400,True,0.449,-4.471,1.35,17.35
1786962155.792,,0,,,,1.600,-2.349,True,0.450,-4.461,1.35,17.35
1786962155.892,,0,,,,1.730,-2.182,True,0.452,-4.512,1.36,17.33
1786962155.992,,0,,,,1.760,-2.143,True,0.453,2.497,0.71,16.24
1786962156.042,,0,,,,1.640,-2.298,True,0.451,2.359,0.67,16.23
1786962156.142,,0,,,,1.490,-2.491,True,0.448,2.332,0.66,16.22
1786962156.192,,0,,,,1.170,-2.902,True,0.443,2.284,0.65,16.20
1786962156.292,,0,,,,0.730,-3.468,True,0.435,2.263,0.64,16.19
1786962156.342,,0,,,,0.580,-3.661,True,0.433,2.338,0.66,16.18
1786962156.392,,0,,,,0.470,-3.803,True,0.431,2.333,0.66,16.16
1786962156.517,,0,,,,0.200,-4.150,True,0.426,2.313,0.65,16.15
1786962156.842,,0,,,,-0.040,-4.459,True,0.423,1.696,0.48,16.08
1786962156.892,,0,,,,0.000,-4.408,True,0.423,1.535,0.43,16.07
1786962199.716,,0,,,,61.320,59.618,True,0.860,-8.423,4.36,29.78
1786962199.791,,0,,,,61.320,59.618,True,0.860,-9.505,4.92,29.77
1786962199.791,,0,,,,61.320,59.618,True,0.860,-9.867,5.10,29.75
1786962199.891,,0,,,,60.500,58.809,True,0.860,-11.479,5.93,29.80
1786962199.991,,0,,,,60.560,58.868,True,0.860,-13.204,6.30,27.58
1786962200.066,,0,,,,60.530,58.839,True,0.860,-12.530,6.28,28.94
1786962200.141,,0,,,,60.220,58.533,True,0.860,-12.338,6.18,28.92
1786962200.191,,0,,,,59.880,58.198,True,0.860,-12.174,6.10,28.91
1786962200.316,,0,,,,59.420,57.744,True,0.860,-11.660,5.84,28.90
1786962200.391,,0,,,,59.000,57.330,True,0.860,-11.098,5.56,28.89
1786962200.491,,0,,,,58.840,57.172,True,0.860,-13.300,6.29,27.33
1786962200.491,,0,,,,58.840,57.172,True,0.860,-12.879,6.09,27.32
1786962200.591,,0,,,,58.840,57.172,True,0.860,-12.612,5.96,27.30
1786962200.691,,0,,,,59.390,57.714,True,0.860,-12.272,5.80,27.29
1786962200.791,,0,,,,60.310,58.622,True,0.860,-12.706,5.99,27.22
1786962200.841,,0,,,,60.570,58.878,True,0.860,-12.550,5.91,27.20
1786962200.891,,0,,,,60.860,59.164,True,0.860,-12.546,5.90,27.18
1786962201.041,,0,,,,60.780,59.085,True,0.860,-13.974,6.54,27.06
1786962201.091,,0,,,,60.640,58.947,True,0.860,-13.772,6.44,27.05
1786962201.216,,0,,,,60.010,58.326,True,0.860,-14.097,6.66,27.33
1786962201.316,,0,,,,59.720,58.040,True,0.860,-13.599,6.42,27.32
1786962201.341,,0,,,,59.610,57.931,True,0.860,-13.271,6.27,27.30
1786962201.441,,0,,,,59.550,57.872,True,0.860,-12.832,6.06,27.29
1786962201.491,,0,,,,59.530,57.852,True,0.860,-12.195,5.76,27.28
1786962201.591,,0,,,,59.520,57.843,True,0.860,-11.657,5.51,27.27
1786962201.691,,0,,,,58.990,57.320,True,0.860,-11.277,5.33,27.26
1786962201.766,,0,,,,58.410,56.748,True,0.860,-10.907,5.16,27.25
1786962201.791,,0,,,,58.290,56.629,True,0.860,-9.937,4.70,27.23
1786962201.891,,0,,,,57.230,55.584,True,0.860,-11.179,5.25,27.06
1786962201.916,,0,,,,57.230,55.584,True,0.860,-10.524,4.94,27.06
1786962202.016,,0,,,,56.080,54.450,True,0.860,-10.182,4.78,27.04
1786962202.041,,0,,,,55.510,53.887,True,0.860,-9.304,4.36,26.97
1786962202.141,,0,,,,54.250,52.714,True,0.860,-8.197,3.84,26.96
1786962202.191,,0,,,,53.860,52.393,True,0.860,-6.669,3.13,26.94
1786962202.291,,0,,,,52.860,51.571,True,0.860,-6.415,2.97,26.62
1786962202.641,,0,,,,50.550,49.673,True,0.860,-4.665,2.16,26.57
1786962202.841,,0,,,,47.830,47.437,True,0.860,-5.738,2.67,26.69
1786962202.891,,0,,,,46.410,46.270,True,0.860,-5.138,2.39,26.68
1786962203.091,,0,,,,44.490,44.692,True,0.860,-4.736,2.26,27.32
1786962203.416,,0,,,,42.700,43.221,True,0.860,-3.124,1.45,26.67
1786962203.466,,0,,,,42.540,43.072,True,0.861,-5.348,2.48,26.58
1786962203.516,,0,,,,42.420,42.957,True,0.861,-6.361,2.94,26.57
1786962203.591,,0,,,,42.180,42.728,True,0.863,-7.196,3.31,26.42
1786962203.791,,0,,,,42.190,42.738,True,0.863,-6.382,2.93,26.36
1786962203.891,,0,,,,42.000,42.556,True,0.864,-6.896,3.18,26.52
1786962203.991,,0,,,,41.670,42.241,True,0.866,-6.295,2.91,26.50
1786962204.066,,0,,,,41.580,42.156,True,0.867,-6.141,2.83,26.48
1786962204.116,,0,,,,41.440,42.022,True,0.868,-7.051,3.24,26.40
1786962204.216,,0,,,,40.820,41.430,True,0.872,-8.747,4.05,26.62
1786962204.316,,0,,,,40.420,41.048,True,0.874,-8.243,3.81,26.59
1786962204.391,,0,,,,39.850,40.504,True,0.878,-7.926,3.66,26.57
1786962204.591,,0,,,,38.950,39.645,True,0.884,-7.413,3.42,26.53
1786962204.591,,0,,,,38.950,39.645,True,0.884,-7.837,3.62,26.52
1786962204.691,,0,,,,38.550,39.263,True,0.886,-7.384,3.41,26.50
1786962204.691,,0,,,,38.550,39.263,True,0.886,-6.637,3.06,26.49
1786962204.791,,0,,,,37.880,38.624,True,0.891,-6.645,3.06,26.46
1786962204.891,,0,,,,36.880,37.669,True,0.897,-7.093,3.27,26.49
1786962204.941,,0,,,,36.610,37.411,True,0.899,-7.396,3.41,26.46
1786962204.991,,0,,,,36.130,36.953,True,0.902,-6.987,3.22,26.44
1786962205.091,,0,,,,35.910,36.743,True,0.903,-6.722,3.09,26.42
1786962205.191,,0,,,,35.840,36.676,True,0.904,-6.468,2.97,26.40
1786962205.241,,0,,,,35.860,36.696,True,0.903,-6.618,3.04,26.39
1786962205.341,,0,,,,36.090,36.915,True,0.902,-6.012,2.76,26.38
1786962205.491,,0,,,,36.200,37.020,True,0.901,-5.630,2.59,26.36
1786962205.541,,0,,,,36.140,36.963,True,0.902,-6.357,2.93,26.43
1786962205.591,,0,,,,36.060,36.886,True,0.902,-6.262,2.88,26.42
1786962205.741,,0,,,,35.750,36.591,True,0.904,-5.487,2.52,26.39
1786962205.841,,0,,,,35.440,36.295,True,0.906,-7.583,3.55,26.92
1786962205.891,,0,,,,35.140,36.008,True,0.908,-6.969,3.26,26.90
1786962205.991,,0,,,,34.780,35.665,True,0.910,-6.580,3.08,26.87
1786962206.141,,0,,,,33.890,34.815,True,0.916,-5.800,2.67,26.44
1786962206.241,,0,,,,33.690,34.624,True,0.917,-6.952,3.27,26.98
1786962206.291,,0,,,,33.660,34.596,True,0.918,-6.424,3.02,26.96
1786962206.391,,0,,,,33.520,34.462,True,0.918,-6.135,2.88,26.94
1786962206.491,,0,,,,33.320,34.271,True,0.920,-4.974,2.30,26.53
1786962206.591,,0,,,,33.380,34.328,True,0.919,-4.903,2.27,26.51
1786962206.641,,0,,,,33.410,34.357,True,0.919,-4.712,2.18,26.50
1786962206.691,,0,,,,33.580,34.519,True,0.918,-4.194,1.94,26.58
1786962206.791,,0,,,,33.740,34.672,True,0.917,-4.567,2.12,26.59
1786962206.891,,0,,,,33.930,34.853,True,0.916,-4.659,2.17,26.67
1786962206.916,,0,,,,33.930,34.853,True,0.916,-4.343,2.02,26.66
1786962206.941,,0,,,,34.110,35.025,True,0.915,-4.232,1.97,26.65
1786962206.991,,0,,,,34.240,35.149,True,0.914,-3.935,1.83,26.63
1786962207.091,,0,,,,34.020,34.939,True,0.915,-3.854,1.79,26.59
1786962207.191,,0,,,,33.310,34.261,True,0.920,-4.584,2.13,26.64
1786962207.241,,0,,,,32.980,33.946,True,0.922,-4.989,2.31,26.61
1786962207.291,,0,,,,32.640,33.622,True,0.924,-4.986,2.31,26.59
1786962207.441,,0,,,,31.510,32.427,True,0.898,-5.293,2.46,26.62
1786962207.491,,0,,,,31.390,32.296,True,0.893,-4.767,2.21,26.61
1786962207.591,,0,,,,31.890,32.844,True,0.911,-4.509,2.09,26.61
1786962207.641,,0,,,,32.160,33.140,True,0.920,-4.984,2.33,26.81
1786962207.691,,0,,,,33.200,34.156,True,0.921,-4.439,2.08,26.81
1786962207.791,,0,,,,34.660,35.550,True,0.911,-4.181,1.95,26.78
1786962207.966,,0,,,,37.640,38.395,True,0.892,-2.355,1.10,26.81
1786962208.016,,0,,,,38.180,38.910,True,0.889,-1.172,0.55,26.81
1786962208.091,,0,,,,41.170,41.764,True,0.869,-1.410,0.66,26.90
1786962208.291,,0,,,,43.170,43.607,True,0.860,-0.783,0.37,26.88
1786962208.341,,0,,,,43.820,44.141,True,0.860,-0.578,0.27,26.86
1786962208.541,,0,,,,43.880,44.191,True,0.860,-0.658,0.31,26.80
1786962208.591,,0,,,,43.510,43.886,True,0.860,-1.161,0.54,26.79
1786962208.691,,0,,,,42.510,43.043,True,0.861,-2.964,1.38,26.77
1786962208.791,,0,,,,42.200,42.747,True,0.863,-3.116,1.45,26.76
1786962208.891,,0,,,,42.400,42.938,True,0.862,-3.472,1.62,26.75
1786962209.016,,0,,,,43.350,43.755,True,0.860,-3.400,1.59,26.74
1786962209.091,,0,,,,44.930,45.054,True,0.860,-4.493,2.09,26.74
1786962209.191,,0,,,,47.480,47.149,True,0.860,-6.669,3.13,26.97
1786962209.241,,0,,,,48.380,47.889,True,0.860,-7.252,3.40,26.97
1786962209.291,,0,,,,49.780,49.040,True,0.860,-7.054,3.31,26.97
1786962209.391,,0,,,,52.880,51.588,True,0.860,-7.296,3.42,26.97
1786962209.491,,0,,,,55.650,54.026,True,0.860,-6.796,3.22,27.22
1786962209.591,,0,,,,57.860,56.205,True,0.860,-6.560,3.11,27.21
1786962209.816,,0,,,,61.230,59.529,True,0.860,-6.458,3.06,27.20
1786962209.841,,0,,,,61.930,60.220,True,0.860,-6.911,3.27,27.18
1786962209.891,,0,,,,62.550,60.831,True,0.860,-7.046,3.33,27.16
1786962209.991,,0,,,,63.480,61.748,True,0.860,-7.639,3.61,27.13
1786962210.091,,0,,,,63.750,62.015,True,0.860,-7.694,3.63,27.11
1786962210.241,,0,,,,63.640,61.906,True,0.860,-13.106,6.23,27.46
1786962210.491,,0,,,,64.370,62.626,True,0.860,-13.434,6.38,27.47
1786962210.591,,0,,,,65.010,63.324,True,0.871,-13.812,6.59,27.62
1786962210.716,,0,,,,66.150,64.674,True,0.909,-14.045,6.70,27.61
1786962210.791,,0,,,,67.020,65.703,True,0.937,-13.667,6.52,27.60
1786962210.891,,0,,,,68.260,67.171,True,0.979,-11.017,5.25,27.48
1786962210.941,,0,,,,68.790,67.798,True,0.996,-10.373,4.95,27.47
1786962211.066,,0,,,,70.580,69.917,True,1.056,-10.494,5.01,27.49
1786962211.091,,0,,,,71.070,70.497,True,1.072,-10.208,4.87,27.48
1786962211.191,,0,,,,72.040,71.645,True,1.105,-13.132,6.28,27.66
1786962211.241,,0,,,,72.370,72.035,True,1.116,-16.531,8.51,29.90
1786962211.366,,0,,,,73.040,72.825,True,1.137,-14.486,7.05,28.18
1786962211.391,,0,,,,73.320,73.132,True,1.137,-14.548,7.08,28.18
1786962211.491,,0,,,,73.680,73.526,True,1.137,-14.239,6.93,28.17
1786962211.541,,0,,,,73.780,73.636,True,1.137,-14.058,6.84,28.15
1786962211.641,,0,,,,73.900,73.767,True,1.137,-12.590,6.05,27.75
1786962211.691,,0,,,,73.880,73.745,True,1.137,-12.185,5.85,27.73
1786962211.791,,0,,,,73.630,73.471,True,1.137,-12.898,6.22,27.86
1786962211.941,,0,,,,73.300,73.110,True,1.137,-12.439,6.01,27.92
1786962212.041,,0,,,,73.150,72.945,True,1.137,-11.992,5.84,28.11
1786962212.091,,0,,,,73.140,72.934,True,1.137,-11.551,5.63,28.10
1786962212.216,,0,,,,73.260,73.066,True,1.137,-11.614,5.73,28.48
1786962212.241,,0,,,,73.340,73.154,True,1.137,-11.392,5.59,28.28
1786962212.391,,0,,,,73.640,73.482,True,1.137,-11.010,5.45,28.55
1786962212.391,,0,,,,73.640,73.482,True,1.137,-10.534,5.22,28.54
1786962212.491,,0,,,,74.030,73.910,True,1.137,-10.617,5.19,28.17
1786962212.591,,0,,,,74.520,74.447,True,1.137,-10.969,5.46,28.72
1786962212.641,,0,,,,74.860,74.819,True,1.137,-10.532,5.25,28.72
1786962212.741,,0,,,,75.420,75.433,True,1.137,-10.717,5.33,28.64
1786962212.791,,0,,,,75.540,75.565,True,1.137,-10.632,5.28,28.63
1786962212.891,,0,,,,75.790,75.839,True,1.137,-12.433,6.39,29.67
1786962212.991,,0,,,,75.810,75.860,True,1.137,-11.958,6.08,29.34
1786962213.041,,0,,,,75.770,75.817,True,1.137,-11.932,6.07,29.34
1786962213.166,,0,,,,75.600,75.630,True,1.137,-11.797,5.99,29.31
1786962213.191,,0,,,,75.480,75.499,True,1.137,-11.178,5.52,28.46
1786962213.341,,0,,,,75.100,75.082,True,1.137,-12.630,6.30,28.82
1786962213.391,,0,,,,74.930,74.896,True,1.137,-11.419,5.67,28.64
1786962213.491,,0,,,,74.660,74.600,True,1.137,-12.419,6.28,29.22
1786962213.591,,0,,,,74.430,74.348,True,1.137,-10.751,5.38,28.82
1786962213.641,,0,,,,74.350,74.260,True,1.137,-10.433,5.22,28.81
1786962213.741,,0,,,,74.060,73.943,True,1.137,-10.274,5.22,29.28
1786962213.791,,0,,,,73.980,73.855,True,1.137,-9.652,4.91,29.27
1786962213.941,,0,,,,73.900,73.767,True,1.137,-10.000,5.00,28.77
1786962213.991,,0,,,,73.940,73.811,True,1.137,-9.643,4.82,28.76
1786962214.091,,0,,,,73.930,73.800,True,1.137,-10.302,5.15,28.78
1786962214.141,,0,,,,73.910,73.778,True,1.137,-10.011,5.00,28.76
1786962214.191,,0,,,,73.940,73.811,True,1.137,-9.999,5.01,28.84
1786962214.291,,0,,,,73.990,73.866,True,1.137,-9.779,4.90,28.83
1786962214.391,,0,,,,73.970,73.844,True,1.137,-9.758,4.91,28.97
1786962214.491,,0,,,,73.820,73.680,True,1.137,-9.672,4.86,28.96
1786962214.591,,0,,,,73.600,73.439,True,1.137,-9.436,4.74,28.94
1786962214.691,,0,,,,73.280,73.088,True,1.137,-10.089,5.09,29.03
1786962214.691,,0,,,,73.280,73.088,True,1.137,-9.967,5.02,29.01
1786962214.791,,0,,,,72.800,72.544,True,1.131,-10.079,5.09,29.10
1786962214.841,,0,,,,72.620,72.331,True,1.124,-10.316,5.22,29.15
1786962214.941,,0,,,,72.140,71.763,True,1.108,-10.031,5.07,29.13
1786962214.991,,0,,,,71.940,71.526,True,1.102,-9.725,4.92,29.11
1786962215.091,,0,,,,71.450,70.946,True,1.085,-10.077,5.12,29.24
1786962215.191,,0,,,,70.990,70.402,True,1.070,-9.950,5.05,29.23
1786962215.316,,0,,,,70.490,69.810,True,1.053,-9.806,4.98,29.22
1786962215.341,,0,,,,70.290,69.574,True,1.046,-9.700,4.92,29.19
1786962215.391,,0,,,,70.080,69.325,True,1.039,-10.634,5.42,29.36
1786962215.491,,0,,,,69.620,68.781,True,1.024,-10.769,5.49,29.37
1786962215.641,,0,,,,69.590,68.745,True,1.023,-10.559,5.38,29.35
1786962215.691,,0,,,,69.690,68.863,True,1.026,-10.269,5.23,29.34
1786962215.791,,0,,,,70.080,69.325,True,1.039,-10.064,5.12,29.32
1786962215.891,,0,,,,70.430,69.739,True,1.051,-9.978,5.08,29.31
1786962215.991,,0,,,,70.550,69.881,True,1.055,-9.685,4.93,29.29
1786962216.091,,0,,,,70.490,69.810,True,1.053,-9.439,4.80,29.29
1786962216.191,,0,,,,69.900,69.112,True,1.033,-9.332,4.75,29.27
1786962216.266,,0,,,,69.580,68.733,True,1.023,-9.323,4.74,29.25
1786962216.366,,0,,,,68.970,68.011,True,1.002,-9.307,4.73,29.23
1786962216.441,,0,,,,68.590,67.562,True,0.990,-90.725,5.65,5.65
1786962216.491,,0,,,,68.410,67.348,True,0.984,-90.794,5.63,5.63
1786962216.541,,0,,,,68.160,67.053,True,0.975,-90.992,5.60,5.60
1786962216.691,,0,,,,67.770,66.591,True,0.962,-90.682,5.57,5.57
1786962216.766,,0,,,,67.660,66.461,True,0.959,-90.402,5.53,5.53
1786962216.791,,0,,,,67.540,66.319,True,0.955,-90.224,5.51,5.51
1786962216.891,,0,,,,67.100,65.798,True,0.940,-89.912,5.48,5.48
1786962216.891,,0,,,,67.100,65.798,True,0.940,-89.738,5.45,5.45
1786962216.991,,0,,,,66.840,65.490,True,0.931,-89.542,5.42,5.42
1786962217.116,,0,,,,66.610,65.218,True,0.924,-89.642,5.39,5.39
1786962217.191,,0,,,,66.510,65.100,True,0.920,-89.734,5.35,5.35
1786962217.291,,0,,,,66.470,65.052,True,0.919,-89.685,5.34,5.34
1786962217.291,,0,,,,66.470,65.052,True,0.919,-89.922,5.31,5.31
1786962217.391,,0,,,,66.600,65.206,True,0.923,-89.943,5.28,5.28
1786962217.491,,0,,,,66.670,65.289,True,0.926,-90.157,5.26,5.26
1786962217.541,,0,,,,66.680,65.301,True,0.926,-126.567,5.65,7.04
1786962217.641,,0,,,,66.590,65.194,True,0.923,-126.702,5.63,7.03
1786962217.691,,0,,,,66.450,65.029,True,0.919,-126.806,5.62,7.02
1786962217.791,,0,,,,66.170,64.697,True,0.909,-121.928,6.02,7.09
1786962217.891,,0,,,,65.750,64.200,True,0.895,-122.000,6.01,7.08
1786962217.941,,0,,,,65.370,63.750,True,0.883,-122.182,5.98,7.07
1786962218.041,,0,,,,64.570,62.823,True,0.860,-122.135,5.98,7.06
1786962218.091,,0,,,,64.310,62.567,True,0.860,-122.102,5.97,7.05
1786962218.191,,0,,,,63.400,61.669,True,0.860,-122.063,5.97,7.04
1786962218.291,,0,,,,62.680,60.959,True,0.860,-121.979,5.95,7.01
1786962218.491,,0,,,,61.980,60.269,True,0.860,-122.023,5.92,6.98
1786962218.591,,0,,,,61.980,60.269,True,0.860,-122.127,5.89,6.96
1786962218.591,,0,,,,61.980,60.269,True,0.860,-121.837,5.90,6.94
1786962218.716,,0,,,,62.160,60.446,True,0.860,-121.751,5.89,6.93
1786962218.791,,0,,,,62.330,60.614,True,0.860,-121.601,5.88,6.90
1786962218.891,,0,,,,62.320,60.604,True,0.860,-121.453,5.88,6.89
1786962218.941,,0,,,,62.070,60.358,True,0.860,-121.428,5.86,6.87
1786962219.066,,0,,,,61.440,59.736,True,0.860,-121.282,5.86,6.86
1786962219.091,,0,,,,60.990,59.292,True,0.860,-121.271,5.86,6.85
1786962219.191,,0,,,,60.160,58.474,True,0.860,-121.253,5.85,6.84
1786962219.291,,0,,,,59.740,58.060,True,0.860,-121.197,5.85,6.84
1786962219.391,,0,,,,59.330,57.655,True,0.860,-121.508,5.82,6.83
1786962219.491,,0,,,,59.020,57.349,True,0.860,-121.811,5.79,6.81
1786962219.591,,0,,,,58.700,57.034,True,0.860,-122.334,5.75,6.81
1786962219.641,,0,,,,58.440,56.777,True,0.860,-122.560,5.73,6.79
1786962219.716,,0,,,,58.220,56.560,True,0.860,-122.453,5.72,6.78
1786962219.791,,0,,,,57.850,56.195,True,0.860,-122.237,5.72,6.77
1786962219.891,,0,,,,57.460,55.811,True,0.860,-122.293,5.71,6.75
1786962219.991,,0,,,,56.400,54.765,True,0.860,-122.354,5.70,6.74
1786962220.041,,0,,,,56.120,54.489,True,0.860,-122.070,5.70,6.73
1786962220.091,,0,,,,55.760,54.134,True,0.860,-121.984,5.70,6.72
1786962220.141,,0,,,,55.370,53.749,True,0.860,-121.870,5.70,6.72
1786962220.341,,0,,,,54.530,52.944,True,0.860,-121.751,5.69,6.69
1786962220.441,,0,,,,54.390,52.829,True,0.860,-121.721,5.69,6.68
1786962220.491,,0,,,,54.320,52.771,True,0.860,-121.675,5.68,6.67
1786962220.591,,0,,,,54.390,52.829,True,0.860,-121.655,5.67,6.66
1786962220.691,,0,,,,54.410,52.845,True,0.860,-121.616,5.66,6.65
1786962220.741,,0,,,,54.270,52.730,True,0.860,-121.572,5.65,6.64
1786962220.791,,0,,,,54.120,52.607,True,0.860,-121.458,5.65,6.63
1786962220.891,,0,,,,53.670,52.237,True,0.860,-121.367,5.65,6.62
1786962220.941,,0,,,,53.280,51.917,True,0.860,-121.304,5.65,6.61
1786962220.991,,0,,,,52.960,51.654,True,0.860,-121.298,5.65,6.61
1786962221.091,,0,,,,52.000,50.864,True,0.860,-121.381,5.64,6.61
1786962221.191,,0,,,,51.050,50.084,True,0.860,-121.242,5.65,6.61
1786962221.291,,0,,,,50.350,49.508,True,0.860,-9.821,5.34,31.28
1786962221.391,,0,,,,49.740,49.007,True,0.860,-9.371,5.09,31.25
1786962221.441,,0,,,,49.380,48.711,True,0.860,-8.971,4.87,31.23
1786962221.541,,0,,,,48.750,48.193,True,0.860,-9.602,5.22,31.28
1786962221.616,,0,,,,48.500,47.988,True,0.860,-9.350,5.10,31.40
1786962221.691,,0,,,,48.240,47.774,True,0.860,-8.875,4.84,31.38
1786962221.816,,0,,,,47.560,47.215,True,0.860,-8.468,4.62,31.35
1786962221.916,,0,,,,47.040,46.788,True,0.860,-9.194,5.02,31.42
1786962221.941,,0,,,,46.830,46.615,True,0.860,-8.878,4.85,31.40
1786962222.041,,0,,,,46.270,46.155,True,0.860,-8.581,4.69,31.42
1786962222.141,,0,,,,45.660,45.654,True,0.860,-9.065,4.95,31.43
1786962222.291,,0,,,,44.890,45.021,True,0.860,-8.836,4.85,31.59
1786962222.291,,0,,,,44.890,45.021,True,0.860,-8.682,4.76,31.56
1786962222.516,,0,,,,43.680,44.026,True,0.860,-8.728,4.81,31.68
1786962222.616,,0,,,,42.670,43.196,True,0.860,-8.202,4.51,31.58
1786962222.641,,0,,,,42.450,42.986,True,0.861,-8.209,4.52,31.68
1786962222.716,,0,,,,41.640,42.213,True,0.866,-7.568,4.17,31.65
1786962222.791,,0,,,,41.070,41.669,True,0.870,-6.945,3.82,31.62
1786962222.891,,0,,,,40.450,41.077,True,0.874,-6.719,3.70,31.60
1786962222.891,,0,,,,40.450,41.077,True,0.874,-6.427,3.54,31.58
1786962223.041,,0,,,,40.020,40.666,True,0.877,-5.943,3.27,31.56
1786962223.091,,0,,,,39.930,40.581,True,0.877,-5.662,3.11,31.55
1786962223.216,,0,,,,39.990,40.638,True,0.877,-5.301,2.91,31.53
1786962223.241,,0,,,,39.980,40.628,True,0.877,-5.131,2.82,31.52
1786962223.366,,0,,,,39.740,40.399,True,0.879,-4.926,2.70,31.49
1786962223.491,,0,,,,38.600,39.311,True,0.886,-4.737,2.60,31.47
1786962223.491,,0,,,,38.600,39.311,True,0.886,-4.474,2.45,31.45
1786962223.591,,0,,,,37.540,38.299,True,0.893,-3.980,2.18,31.43
1786962223.691,,0,,,,36.450,37.259,True,0.900,-3.744,2.05,31.40
1786962223.816,,0,,,,35.530,36.381,True,0.906,-3.666,2.01,31.38
1786962223.841,,0,,,,35.180,36.046,True,0.908,-3.267,1.79,31.35
1786962223.991,,0,,,,34.190,35.101,True,0.914,-2.734,1.49,31.32
1786962224.041,,0,,,,34.020,34.939,True,0.915,-2.399,1.31,31.31
1786962224.091,,0,,,,33.790,34.720,True,0.917,-2.125,1.16,31.28
1786962224.191,,0,,,,33.340,34.290,True,0.920,-1.824,0.99,31.26
1786962224.291,,0,,,,32.740,33.717,True,0.924,-1.393,0.76,31.25
1786962224.341,,0,,,,32.370,33.364,True,0.926,-1.398,0.76,31.22
1786962224.441,,0,,,,32.030,32.997,True,0.916,-0.779,0.42,31.21
1786962224.516,,0,,,,31.950,32.910,True,0.913,-0.400,0.22,31.19
1786962224.591,,0,,,,31.710,32.647,True,0.905,-0.227,0.12,31.17
1786962224.666,,0,,,,31.510,32.427,True,0.898,-0.093,0.05,31.16
1786962224.691,,0,,,,31.340,32.241,True,0.892,0.041,0.02,31.15
1786962224.741,,0,,,,31.080,31.956,True,0.883,0.256,0.14,31.13
1786962224.891,,0,,,,29.910,30.674,True,0.842,0.576,0.31,31.10
1786962224.941,,0,,,,29.640,30.378,True,0.833,0.913,0.50,31.07
1786962225.041,,0,,,,28.830,29.490,True,0.805,1.134,0.61,31.06
1786962225.116,,0,,,,28.160,28.756,True,0.782,1.478,0.80,31.03
1786962225.241,,0,,,,27.460,27.989,True,0.759,2.516,1.36,31.00
1786962225.341,,0,,,,27.070,27.562,True,0.745,2.737,1.48,30.96
1786962225.441,,0,,,,26.530,26.970,True,0.727,2.781,1.50,30.94
1786962225.491,,0,,,,26.280,26.696,True,0.719,3.002,1.62,30.92
1786962225.591,,0,,,,25.860,26.236,True,0.705,3.427,1.85,30.90
1786962225.691,,0,,,,25.350,25.677,True,0.688,3.909,2.11,30.88
1786962225.741,,0,,,,25.150,25.458,True,0.681,4.168,2.24,30.87
1786962225.791,,0,,,,24.980,25.271,True,0.675,4.448,2.39,30.86
1786962225.891,,0,,,,24.680,24.942,True,0.665,4.801,2.58,30.84
1786962225.941,,0,,,,24.630,24.888,True,0.664,5.274,2.83,30.82
1786962226.041,,0,,,,24.230,24.449,True,0.651,-4.005,2.27,32.50
1786962226.141,,0,,,,23.540,23.693,True,0.628,-3.609,2.04,32.47
1786962226.241,,0,,,,22.740,22.765,True,0.606,-3.175,1.80,32.45
1786962226.291,,0,,,,22.300,22.244,True,0.595,-2.832,1.60,32.42
1786962226.441,,0,,,,20.740,20.397,True,0.556,-2.537,1.44,32.55
1786962226.491,,0,,,,20.270,19.841,True,0.545,-2.082,1.18,32.53
1786962226.591,,0,,,,19.700,19.166,True,0.531,-1.619,0.92,32.51
1786962226.641,,0,,,,19.580,19.024,True,0.528,-1.202,0.68,32.49
1786962226.691,,0,,,,19.540,18.977,True,0.527,-2.036,1.16,32.72
1786962226.741,,0,,,,19.480,18.906,True,0.525,-1.748,1.00,32.70
1786962226.841,,0,,,,19.100,18.456,True,0.516,-2.095,1.20,32.79
1786962226.891,,0,,,,19.000,18.338,True,0.514,-1.842,1.05,32.78
1786962227.016,,0,,,,18.580,17.841,True,0.504,-1.524,0.87,32.76
1786962227.091,,0,,,,18.310,17.521,True,0.498,-1.255,0.72,32.75
1786962227.191,,0,,,,17.830,16.953,True,0.486,-1.220,0.70,32.77
1786962227.291,,0,,,,17.070,16.053,True,0.469,-1.524,0.87,32.84
1786962227.391,,0,,,,16.580,15.473,True,0.458,-1.154,0.66,32.81
1786962227.491,,0,,,,16.240,15.071,True,0.450,-0.893,0.51,32.80
1786962227.591,,0,,,,16.120,14.929,True,0.448,-1.505,0.87,32.95
1786962227.591,,0,,,,16.120,14.929,True,0.448,-1.473,0.85,32.94
1786962227.691,,0,,,,15.770,14.514,True,0.440,-1.389,0.80,33.01
1786962227.791,,0,,,,15.580,14.290,True,0.436,-1.042,0.60,32.98
1786962227.891,,0,,,,15.360,14.029,True,0.431,-0.721,0.41,32.95
1786962227.991,,0,,,,15.000,13.603,True,0.424,-0.422,0.24,32.93
1786962228.116,,0,,,,14.540,13.080,True,0.429,-0.180,0.10,32.91
1786962228.141,,0,,,,14.380,12.897,True,0.431,0.079,0.05,32.88
1786962228.241,,0,,,,14.050,12.522,True,0.435,0.486,0.28,32.87
1786962228.291,,0,,,,13.980,12.442,True,0.436,0.772,0.44,32.85
1786962228.391,,0,,,,13.550,11.953,True,0.441,0.960,0.55,32.82
1786962228.491,,0,,,,12.900,11.213,True,0.449,1.361,0.78,32.80
1786962228.591,,0,,,,12.270,10.496,True,0.457,1.603,0.92,32.77
1786962228.716,,0,,,,11.740,9.893,True,0.464,1.839,1.05,32.74
1786962228.816,,0,,,,11.550,9.677,True,0.466,2.041,1.17,32.72
1786962228.891,,0,,,,11.450,9.563,True,0.467,2.310,1.32,32.70
1786962228.991,,0,,,,11.420,9.529,True,0.468,2.605,1.49,32.68
1786962229.041,,0,,,,11.430,9.541,True,0.467,2.964,1.69,32.66
1786962229.141,,0,,,,11.380,9.484,True,0.468,3.109,1.77,32.64
1786962229.241,,0,,,,10.870,8.903,True,0.475,3.250,1.85,32.61
1786962229.341,,0,,,,10.250,8.198,True,0.483,3.721,2.11,32.58
1786962229.441,,0,,,,9.670,7.538,True,0.490,4.115,2.34,32.56
1786962229.491,,0,,,,9.380,7.208,True,0.494,4.420,2.51,32.54
1786962229.616,,0,,,,8.780,6.525,True,0.502,4.674,2.65,32.52
1786962229.641,,0,,,,8.540,6.252,True,0.505,5.117,2.90,32.51
1786962229.691,,0,,,,8.310,5.990,True,0.508,5.660,3.20,32.49
1786962229.791,,0,,,,7.850,5.467,True,0.514,6.038,3.42,32.47
1786962229.891,,0,,,,7.390,4.943,True,0.520,6.345,3.59,32.45
1786962229.941,,0,,,,7.240,4.773,True,0.522,6.612,3.73,32.43
1786962229.991,,0,,,,6.940,4.431,True,0.526,6.777,3.83,32.41
1786962230.091,,0,,,,6.460,3.885,True,0.533,7.102,4.01,32.39
1786962230.191,,0,,,,6.150,3.505,True,0.531,7.300,4.11,32.37
1786962230.241,,0,,,,5.870,3.145,True,0.526,7.700,4.33,32.35
1786962230.341,,0,,,,5.610,2.811,True,0.521,8.135,4.57,32.33
1786962230.416,,0,,,,5.460,2.618,True,0.518,8.424,4.73,32.31
1786962230.491,,0,,,,5.170,2.244,True,0.513,8.541,4.80,32.29
1786962230.541,,0,,,,4.860,1.846,True,0.507,8.645,4.85,32.27
1786962230.616,,0,,,,4.600,1.511,True,0.503,8.754,4.91,32.26
1786962230.691,,0,,,,4.240,1.048,True,0.496,8.854,4.96,32.24
1786962230.741,,0,,,,3.960,0.688,True,0.491,8.850,4.96,32.23
1786962230.791,,0,,,,3.670,0.314,True,0.486,8.938,5.00,32.21
1786962230.891,,0,,,,3.370,-0.072,True,0.481,8.982,5.03,32.20
1786962230.891,,0,,,,3.370,-0.072,True,0.481,9.167,5.13,32.18
1786962230.991,,0,,,,2.970,-0.586,True,0.474,0.321,0.19,33.70
1786962231.116,,0,,,,2.570,-1.101,True,0.467,0.668,0.39,33.68
1786962231.141,,0,,,,2.450,-1.255,True,0.464,0.940,0.55,33.65
1786962231.291,,0,,,,1.910,-1.950,True,0.455,1.166,0.68,33.63
1786962231.341,,0,,,,1.670,-2.259,True,0.451,1.215,0.71,33.60
1786962231.391,,0,,,,1.190,-2.877,True,0.443,1.363,0.80,33.59
1786962231.491,,0,,,,0.810,-3.365,True,0.437,1.561,0.91,33.57
1786962231.591,,0,,,,0.410,-3.880,True,0.430,1.566,0.92,33.55
1786962231.641,,0,,,,0.210,-4.138,True,0.427,1.641,0.96,33.53
1786962231.741,,0,,,,-0.140,-4.588,True,0.421,1.626,0.95,33.50
1786962231.841,,0,,,,-0.470,-5.012,True,0.416,1.542,0.90,33.48
1786962231.941,,0,,,,-0.770,-5.398,True,0.411,-1.117,0.66,33.89
1786962232.016,,0,,,,-0.880,-5.540,True,0.409,-1.059,0.63,33.88
1786962232.091,,0,,,,-1.080,-5.797,True,0.406,-1.007,0.60,33.87
1786962232.191,,0,,,,-1.160,-5.900,True,0.405,-1.501,0.89,34.01
1786962232.316,,0,,,,-1.220,-5.977,True,0.404,-1.533,0.91,34.07
1786962232.391,,0,,,,-1.250,-6.016,True,0.403,-1.630,0.97,34.08
1786962232.491,,0,,,,-1.260,-6.029,True,0.403,-1.602,0.95,34.06
1786962232.566,,0,,,,-1.310,-6.093,True,0.402,-1.393,0.83,34.04
1786962232.641,,0,,,,-1.480,-6.272,True,0.407,-1.264,0.75,34.03
1786962232.691,,0,,,,-1.660,-6.456,True,0.413,-1.182,0.70,34.00
1786962232.816,,0,,,,-2.010,-6.813,True,0.424,-1.138,0.67,33.98
1786962232.891,,0,,,,-2.580,-7.394,True,0.444,-2.169,1.29,34.20
1786962232.991,,0,,,,-3.030,-7.854,True,0.459,-1.987,1.19,34.18
1786962233.091,,0,,,,-3.360,-8.190,True,0.471,-1.719,1.02,34.15
1786962233.266,,0,,,,-3.540,-8.374,True,0.478,-0.771,0.46,33.88
1786962233.341,,0,,,,-3.650,-8.486,True,0.482,-0.527,0.31,33.85
1786962233.441,,0,,,,-3.850,-8.690,True,0.489,-0.346,0.20,33.83
1786962233.566,,0,,,,-4.130,-8.976,True,0.499,-0.062,0.04,33.81
1786962233.616,,0,,,,-4.280,-9.129,True,0.505,0.249,0.15,33.80
1786962233.741,,0,,,,-4.830,-9.690,True,0.526,0.690,0.41,33.76
1786962233.891,,0,,,,-5.250,-10.119,True,0.542,1.216,0.72,33.73
1786962233.991,,0,,,,-5.460,-10.333,True,0.550,1.555,0.91,33.71
1786962234.116,,0,,,,-5.820,-10.700,True,0.564,-1.738,1.03,34.05
1786962234.241,,0,,,,-6.370,-11.262,True,0.585,-1.419,0.84,34.08
1786962234.416,,0,,,,-6.950,-11.853,True,0.609,-2.060,1.22,33.98
1786962234.491,,0,,,,-7.300,-12.211,True,0.623,-1.598,0.95,34.05
1786962234.591,,0,,,,-7.790,-12.711,True,0.642,-1.852,1.10,34.01
1786962234.691,,0,,,,-8.050,-12.976,True,0.653,-1.609,0.95,34.00
1786962234.791,,0,,,,-8.560,-13.496,True,0.674,-1.255,0.74,33.97
1786962234.891,,0,,,,-8.760,-13.700,True,0.682,-0.993,0.59,33.95
1786962235.016,,0,,,,-9.200,-14.149,True,0.700,-1.069,0.64,34.06
1786962235.091,,0,,,,-9.520,-14.476,True,0.714,-1.067,0.64,34.27
1786962235.191,,0,,,,-10.030,-14.996,True,0.735,-1.133,0.67,34.11
1786962235.291,,0,,,,-10.440,-15.415,True,0.752,-0.834,0.50,34.10
1786962235.391,,0,,,,-10.940,-15.925,True,0.773,-1.207,0.72,34.22
1786962235.466,,0,,,,-11.300,-16.226,True,0.766,-0.870,0.52,34.21
1786962235.541,,0,,,,-11.780,-16.610,True,0.750,-1.054,0.63,34.08
1786962235.591,,0,,,,-12.240,-16.978,True,0.735,-0.808,0.48,34.06
1786962235.716,,0,,,,-12.670,-17.321,True,0.721,-0.754,0.45,34.03
1786962235.791,,0,,,,-13.050,-17.625,True,0.708,-1.354,0.81,34.10
1786962235.891,,0,,,,-13.390,-17.897,True,0.697,-1.126,0.67,34.08
1786962235.991,,0,,,,-13.780,-18.209,True,0.685,-1.044,0.62,34.06
1786962236.091,,0,,,,-14.200,-18.545,True,0.671,-0.777,0.46,34.04
1786962236.191,,0,,,,-14.450,-18.745,True,0.663,-0.888,0.53,34.03
1786962236.291,,0,,,,-14.760,-18.993,True,0.653,-0.799,0.47,34.01
1786962236.416,,0,,,,-15.210,-19.353,True,0.639,-0.676,0.40,33.99
1786962236.491,,0,,,,-15.620,-19.681,True,0.626,-0.574,0.34,33.97
1786962236.591,,0,,,,-16.070,-20.040,True,0.612,-0.560,0.33,33.95
1786962236.591,,0,,,,-16.070,-20.040,True,0.612,-0.430,0.25,33.95
1786962236.691,,0,,,,-16.620,-20.480,True,0.594,-0.316,0.19,33.94
1786962236.766,,0,,,,-16.820,-20.640,True,0.588,-0.262,0.16,33.92
1786962236.791,,0,,,,-17.030,-20.808,True,0.582,-2.162,1.29,34.22
1786962236.841,,0,,,,-17.100,-20.864,True,0.579,-2.120,1.27,34.21
1786962236.891,,0,,,,-17.280,-21.008,True,0.574,-2.067,1.23,34.20
1786962236.941,,0,,,,-17.440,-21.136,True,0.569,-2.127,1.27,34.18
1786962237.091,,0,,,,-18.000,-21.584,True,0.552,-2.604,1.56,34.30
1786962237.141,,0,,,,-18.190,-21.736,True,0.546,-2.448,1.46,34.28
1786962237.291,,0,,,,-18.850,-22.263,True,0.526,-2.898,1.73,34.28
1786962237.341,,0,,,,-19.150,-22.503,True,0.517,-2.990,1.79,34.26
1786962237.391,,0,,,,-19.320,-22.639,True,0.512,-2.850,1.70,34.25
1786962237.491,,0,,,,-19.600,-22.863,True,0.504,-2.852,1.70,34.17
1786962237.541,,0,,,,-19.590,-22.855,True,0.504,-2.978,1.78,34.28
1786962237.591,,0,,,,-19.570,-22.839,True,0.505,-2.804,1.68,34.27
1786962237.691,,0,,,,-19.550,-22.823,True,0.505,-2.853,1.70,34.26
1786962237.791,,0,,,,-19.570,-22.839,True,0.505,-3.005,1.80,34.24
1786962237.891,,0,,,,-19.680,-22.927,True,0.502,-3.011,1.80,34.23
1786962237.941,,0,,,,-19.790,-23.015,True,0.498,-3.028,1.81,34.22
1786962237.991,,0,,,,-19.890,-23.095,True,0.496,-3.107,1.85,34.21
1786962238.091,,0,,,,-20.180,-23.327,True,0.487,-2.986,1.78,34.20
1786962238.141,,0,,,,-20.270,-23.399,True,0.485,-2.867,1.71,34.18
1786962238.241,,0,,,,-20.560,-23.631,True,0.476,-2.757,1.64,34.17
1786962238.291,,0,,,,-20.830,-23.847,True,0.469,-2.555,1.52,34.16
1786962238.391,,0,,,,-21.090,-24.055,True,0.461,-2.489,1.48,34.14
1786962238.441,,0,,,,-21.180,-24.127,True,0.459,-2.309,1.38,34.14
1786962238.516,,0,,,,-21.380,-24.287,True,0.453,-2.201,1.31,34.12
1786962238.891,,0,,,,-23.280,-25.806,True,0.403,-4.866,2.93,34.55
1786962238.991,,0,,,,-23.550,-26.005,True,0.407,-4.655,2.80,34.53
1786962239.091,,0,,,,-23.640,-26.070,True,0.409,-4.379,2.63,34.50
1786962239.191,,0,,,,-23.600,-26.041,True,0.408,-4.083,2.45,34.48
1786962239.266,,0,,,,-23.550,-26.005,True,0.407,-3.833,2.30,34.47
1786962239.291,,0,,,,-23.580,-26.026,True,0.408,-3.720,2.24,34.46
1786962239.391,,0,,,,-23.680,-26.099,True,0.410,-3.641,2.19,34.45
1786962239.491,,0,,,,-23.840,-26.214,True,0.414,-3.457,2.08,34.43
1786962239.591,,0,,,,-24.120,-26.416,True,0.420,-3.446,2.07,34.41
1786962239.741,,0,,,,-24.640,-26.791,True,0.433,-5.047,3.06,34.80
1786962239.791,,0,,,,-24.720,-26.849,True,0.434,-4.891,2.97,34.79
1786962239.941,,0,,,,-25.180,-27.181,True,0.446,-4.592,2.78,34.77
1786962239.991,,0,,,,-25.410,-27.347,True,0.451,-4.232,2.57,34.76
1786962240.141,,0,,,,-26.040,-27.802,True,0.467,-3.813,2.31,34.74
1786962240.241,,0,,,,-26.440,-28.091,True,0.477,-5.196,3.18,35.15
1786962240.416,,0,,,,-27.250,-28.675,True,0.498,-4.953,3.03,35.12
1786962240.491,,0,,,,-27.720,-29.014,True,0.511,-4.785,2.93,35.11
1786962240.491,,0,,,,-27.720,-29.014,True,0.511,-4.792,2.93,35.10
1786962240.591,,0,,,,-28.240,-29.390,True,0.525,-4.500,2.75,35.09
1786962240.666,,0,,,,-28.600,-29.649,True,0.534,-4.380,2.68,35.08
1786962240.691,,0,,,,-28.690,-29.714,True,0.537,-4.209,2.57,35.07
1786962240.791,,0,,,,-29.030,-29.960,True,0.546,-3.866,2.36,35.06
1786962240.841,,0,,,,-29.160,-30.054,True,0.550,-3.902,2.39,35.05
1786962240.891,,0,,,,-29.250,-30.119,True,0.552,-3.769,2.30,35.04
1786962240.941,,0,,,,-29.350,-30.191,True,0.555,-3.591,2.19,35.03
1786962241.041,,0,,,,-29.460,-30.270,True,0.558,-3.330,2.03,35.02
1786962241.091,,0,,,,-29.490,-30.292,True,0.559,-3.241,1.98,35.02
1786962241.191,,0,,,,-29.840,-30.544,True,0.568,-3.198,1.95,35.00
1786962241.341,,0,,,,-30.550,-31.057,True,0.588,-2.790,1.70,34.98
1786962241.441,,0,,,,-31.060,-31.425,True,0.602,-2.796,1.71,34.98
1786962241.491,,0,,,,-31.350,-31.634,True,0.611,-2.624,1.60,34.97
1786962241.591,,0,,,,-32.080,-32.161,True,0.631,-2.517,1.54,34.96
1786962241.691,,0,,,,-32.600,-32.536,True,0.646,-2.701,1.65,34.94
1786962241.791,,0,,,,-33.230,-32.991,True,0.665,-2.471,1.51,34.92
1786962241.891,,0,,,,-33.810,-33.410,True,0.681,-2.376,1.45,34.91
1786962241.991,,0,,,,-34.220,-33.706,True,0.693,-2.374,1.45,34.89
1786962242.066,,0,,,,-34.440,-33.864,True,0.700,-2.308,1.40,34.88
1786962242.141,,0,,,,-34.660,-34.023,True,0.706,-2.276,1.38,34.86
1786962242.191,,0,,,,-34.790,-34.117,True,0.710,-2.170,1.32,34.85
1786962242.291,,0,,,,-34.940,-34.225,True,0.715,-1.867,1.14,34.85
1786962242.366,,0,,,,-35.070,-34.319,True,0.718,-5.343,3.37,36.15
1786962242.491,,0,,,,-35.700,-34.774,True,0.737,-5.307,3.34,36.15
1786962242.566,,0,,,,-35.910,-34.925,True,0.743,-5.064,3.19,36.13
1786962242.591,,0,,,,-36.040,-35.019,True,0.747,-4.880,3.07,36.13
1786962242.691,,0,,,,-36.440,-35.308,True,0.759,-5.182,3.29,36.47
1786962242.791,,0,,,,-36.790,-35.560,True,0.769,-4.955,3.15,36.46
1786962242.916,,0,,,,-37.310,-35.967,True,0.776,-5.426,3.48,36.82
1786962242.991,,0,,,,-37.520,-36.139,True,0.776,-5.325,3.42,36.80
1786962243.091,,0,,,,-37.780,-36.353,True,0.776,-5.203,3.34,36.79
1786962243.216,,0,,,,-37.910,-36.460,True,0.776,-4.985,3.20,36.77
1786962243.291,,0,,,,-38.020,-36.550,True,0.776,-4.906,3.14,36.76
1786962243.391,,0,,,,-38.260,-36.748,True,0.776,-4.831,3.09,36.74
1786962243.491,,0,,,,-38.660,-37.076,True,0.776,-4.817,3.08,36.73
1786962243.541,,0,,,,-39.030,-37.380,True,0.776,-4.643,2.97,36.72
1786962243.641,,0,,,,-39.590,-37.841,True,0.776,-4.518,2.89,36.71
1786962243.766,,0,,,,-40.130,-38.285,True,0.776,-4.379,2.80,36.70
1786962243.866,,0,,,,-40.330,-38.449,True,0.776,-4.059,2.60,36.69
1786962243.966,,0,,,,-40.360,-38.474,True,0.776,-3.875,2.48,36.67
1786962244.066,,0,,,,-40.390,-38.498,True,0.776,-4.173,2.69,37.02
1786962244.141,,0,,,,-40.510,-38.597,True,0.776,-3.996,2.58,37.00
1786962244.291,,0,,,,-41.070,-39.057,True,0.776,-3.921,2.53,36.99
1786962244.391,,0,,,,-41.550,-39.452,True,0.776,-4.586,3.01,37.59
1786962244.441,,0,,,,-42.000,-39.822,True,0.776,-4.561,2.99,37.59
1786962244.616,,0,,,,-43.110,-40.734,True,0.776,-5.026,3.30,37.62
1786962244.641,,0,,,,-43.330,-40.915,True,0.776,-4.748,3.11,37.62
1786962244.691,,0,,,,-43.520,-41.071,True,0.776,-4.656,3.05,37.60
1786962244.791,,0,,,,-43.850,-41.342,True,0.776,-4.426,2.90,37.59
1786962244.891,,0,,,,-44.140,-41.580,True,0.776,-5.211,3.55,39.11
1786962244.941,,0,,,,-44.380,-41.778,True,0.776,-5.024,3.42,39.09
1786962244.991,,0,,,,-44.460,-41.843,True,0.776,-4.758,3.24,39.08
1786962245.091,,0,,,,-44.860,-42.172,True,0.776,-4.532,3.09,39.07
1786962245.191,,0,,,,-45.300,-42.534,True,0.776,-3.043,2.01,37.92
1786962245.291,,0,,,,-45.830,-42.970,True,0.776,-2.813,1.86,37.92
1786962245.391,,0,,,,-46.140,-43.224,True,0.776,-2.744,1.81,37.91
1786962245.491,,0,,,,-46.620,-43.619,True,0.776,-2.911,1.93,38.04
1786962245.591,,0,,,,-46.910,-43.857,True,0.776,-2.747,1.83,38.15
1786962245.691,,0,,,,-47.200,-44.096,True,0.776,-3.079,2.05,38.24
1786962245.791,,0,,,,-47.530,-44.367,True,0.776,-3.007,2.00,38.22
1786962245.941,,0,,,,-48.250,-44.959,True,0.776,-2.798,1.88,38.47
1786962246.041,,0,,,,-48.860,-45.460,True,0.776,-3.160,2.13,38.61
1786962246.141,,0,,,,-49.440,-45.947,True,0.766,-3.109,2.09,38.60
1786962246.191,,0,,,,-49.670,-46.141,True,0.761,-4.398,3.05,39.83
1786962246.316,,0,,,,-50.330,-46.699,True,0.747,-4.431,3.08,39.82
1786962246.391,,0,,,,-50.780,-47.080,True,0.738,-4.373,3.04,39.81
1786962246.441,,0,,,,-51.100,-47.350,True,0.731,-3.466,2.36,39.05
1786962246.591,,0,,,,-51.740,-47.891,True,0.717,-3.398,2.32,39.09
1786962246.691,,0,,,,-52.220,-48.297,True,0.707,-3.216,2.21,39.38
1786962246.791,,0,,,,-52.620,-48.635,True,0.699,-3.472,2.40,39.63
1786962246.916,,0,,,,-52.970,-48.931,True,0.691,-3.145,2.18,39.76
1786962246.991,,0,,,,-53.230,-49.151,True,0.686,-2.973,2.06,39.75
1786962247.166,,0,,,,-53.450,-49.337,True,0.681,-2.949,2.05,39.92
1786962247.241,,0,,,,-53.480,-49.362,True,0.681,-2.726,1.90,39.91
1786962247.341,,0,,,,-53.610,-49.472,True,0.678,-2.048,1.43,40.02
1786962247.691,,0,,,,-54.660,-50.360,True,0.656,-2.769,1.96,40.64
1786962247.741,,0,,,,-55.010,-50.656,True,0.649,-2.815,2.00,40.63
1786962247.841,,0,,,,-55.530,-51.096,True,0.638,-2.564,1.83,40.83
1786962247.941,,0,,,,-55.960,-51.459,True,0.629,-2.436,1.74,40.89
1786962248.041,,0,,,,-56.220,-51.679,True,0.624,-2.548,1.83,41.16
1786962248.141,,0,,,,-56.600,-52.000,True,0.616,-2.739,1.97,41.15
1786962248.191,,0,,,,-56.850,-52.212,True,0.611,-2.503,1.80,41.15
1786962248.291,,0,,,,-57.240,-52.541,True,0.603,-2.379,1.71,41.28
1786962248.441,,0,,,,-57.780,-52.998,True,0.592,-2.389,1.73,41.52
1786962248.491,,0,,,,-57.890,-53.091,True,0.590,-2.512,1.83,41.66
1786962248.591,,0,,,,-58.110,-53.277,True,0.585,-2.369,1.72,41.65
1786962248.641,,0,,,,-58.150,-53.311,True,0.585,-2.203,1.61,41.94
1786962248.741,,0,,,,-58.150,-53.311,True,0.585,-2.045,1.50,42.06
1786962248.791,,0,,,,-58.090,-53.260,True,0.586,-2.029,1.49,42.06
1786962248.841,,0,,,,-57.990,-53.175,True,0.588,-1.912,1.40,42.05
1786962248.891,,0,,,,-57.930,-53.125,True,0.589,-1.866,1.37,42.05
1786962248.991,,0,,,,-57.800,-53.015,True,0.592,-1.961,1.44,42.04
1786962248.991,,0,,,,-57.800,-53.015,True,0.592,-2.057,1.51,42.04
1786962249.091,,0,,,,-57.790,-53.006,True,0.592,-0.659,0.50,43.91
1786962249.191,,0,,,,-57.920,-53.116,True,0.589,-1.932,1.45,42.95
1786962249.291,,0,,,,-58.150,-53.311,True,0.585,-2.031,1.52,42.94
1786962249.391,,0,,,,-58.400,-53.522,True,0.580,-2.137,1.60,42.93
1786962249.491,,0,,,,-58.700,-53.776,True,0.574,-3.084,2.31,42.97
1786962249.591,,0,,,,-58.900,-53.945,True,0.570,-2.707,2.04,43.14
1786962249.791,,0,,,,-58.760,-53.826,True,0.572,-0.855,0.67,44.94
1786962249.841,,0,,,,-58.690,-53.767,True,0.574,-0.813,0.64,44.92
1786962249.916,,0,,,,-58.560,-53.657,True,0.576,-2.151,1.65,44.00
1786962250.016,,0,,,,-58.540,-53.640,True,0.577,-1.815,1.40,44.34
1786962250.091,,0,,,,-58.620,-53.708,True,0.575,-1.833,1.42,44.33
1786962250.191,,0,,,,-58.830,-53.885,True,0.571,-2.327,1.80,44.41
1786962250.291,,0,,,,-59.280,-54.266,True,0.562,-2.227,1.73,44.62
1786962250.391,,0,,,,-59.580,-54.519,True,0.556,-2.688,2.08,44.34
1786962250.541,,0,,,,-59.740,-54.655,True,0.553,-1.806,1.42,45.10
1786962250.641,,0,,,,-59.610,-54.545,True,0.555,-1.813,1.43,45.09
1786962250.691,,0,,,,-59.360,-54.334,True,0.560,-1.222,0.98,45.94
1786962250.791,,0,,,,-59.090,-54.105,True,0.566,-1.423,1.14,46.10
1786962250.916,,0,,,,-58.990,-54.021,True,0.568,-2.477,1.97,45.48
1786962251.016,,0,,,,-59.040,-54.063,True,0.567,-1.577,1.27,46.25
1786962251.041,,0,,,,-59.110,-54.122,True,0.565,-1.728,1.39,46.24
1786962251.091,,0,,,,-59.200,-54.198,True,0.564,-1.838,1.48,46.22
1786962251.191,,0,,,,-59.430,-54.393,True,0.559,-1.867,1.51,46.51
1786962251.291,,0,,,,-59.620,-54.553,True,0.555,-1.873,1.52,46.49
1786962251.391,,0,,,,-59.700,-54.621,True,0.554,-2.251,1.80,45.75
1786962251.491,,0,,,,-59.520,-54.469,True,0.557,-1.933,1.58,46.85
1786962251.541,,0,,,,-59.370,-54.342,True,0.560,-1.940,1.59,46.84
1786962251.591,,0,,,,-59.150,-54.156,True,0.565,-1.884,1.54,46.97
1786962251.716,,0,,,,-58.810,-53.869,True,0.571,-1.669,1.37,47.16
1786962251.741,,0,,,,-58.550,-53.649,True,0.577,-1.579,1.30,47.15
1786962251.916,,0,,,,-58.210,-53.361,True,0.583,-2.224,1.81,46.59
1786962251.966,,0,,,,-58.240,-53.387,True,0.583,-1.307,1.08,47.34
1786962252.091,,0,,,,-58.430,-53.547,True,0.579,-1.266,1.05,47.49
1786962252.191,,0,,,,-58.540,-53.640,True,0.577,-1.559,1.29,47.60
1786962252.241,,0,,,,-58.600,-53.691,True,0.576,-1.698,1.41,47.59
1786962252.291,,0,,,,-58.640,-53.725,True,0.575,-1.611,1.34,47.72
1786962252.391,,0,,,,-58.600,-53.691,True,0.576,-1.814,1.52,47.96
1786962252.491,,0,,,,-58.300,-53.437,True,0.582,-1.737,1.45,47.91
1786962252.591,,0,,,,-57.920,-53.116,True,0.589,-2.509,2.08,47.58
1786962252.691,,0,,,,-57.580,-52.829,True,0.596,-2.687,2.23,47.56
1786962252.741,,0,,,,-57.280,-52.575,True,0.602,-2.100,1.76,48.15
1786962252.791,,0,,,,-57.190,-52.499,True,0.604,-2.276,1.91,48.14
1786962252.916,,0,,,,-56.840,-52.203,True,0.611,-2.197,1.85,48.31
1786962252.941,,0,,,,-56.780,-52.152,True,0.612,-2.333,1.97,48.30
1786962252.991,,0,,,,-56.750,-52.127,True,0.613,-3.103,2.60,48.12
1786962253.041,,0,,,,-56.740,-52.119,True,0.613,-3.065,2.57,48.11
1786962253.091,,0,,,,-56.780,-52.152,True,0.612,-2.615,2.20,48.29
1786962253.241,,0,,,,-56.880,-52.237,True,0.610,-2.558,2.16,48.29
1786962253.341,,0,,,,-56.820,-52.186,True,0.612,-2.330,1.98,48.70
1786962253.416,,0,,,,-56.700,-52.085,True,0.614,-2.341,1.99,48.69
1786962253.441,,0,,,,-56.540,-51.949,True,0.617,-2.442,2.07,48.68
1786962253.491,,0,,,,-56.350,-51.789,True,0.621,-2.508,2.13,48.66
1786962253.641,,0,,,,-55.490,-51.062,True,0.639,-2.148,1.84,49.22
1786962253.716,,0,,,,-55.200,-50.817,True,0.645,-2.353,2.02,49.21
1786962253.791,,0,,,,-54.880,-50.546,True,0.651,-2.511,2.16,49.20
1786962254.190,,0,,,,-54.780,-50.462,True,0.653,-2.847,2.46,49.51
1786962254.341,,0,,,,-54.970,-50.622,True,0.650,-2.557,2.22,49.72
1786962254.741,,0,,,,-54.650,-50.352,True,0.656,-2.913,2.56,50.29
1786962254.791,,0,,,,-54.530,-50.250,True,0.659,-3.126,2.75,50.49
1786962254.891,,0,,,,-53.850,-49.675,True,0.673,-3.642,3.20,50.34
1786962254.991,,0,,,,-52.950,-48.914,True,0.692,-3.901,3.42,50.33
1786962255.041,,0,,,,-52.550,-48.576,True,0.700,-3.387,2.99,50.57
1786962255.141,,0,,,,-52.130,-48.221,True,0.709,-3.815,3.38,50.80
1786962255.240,,0,,,,-51.860,-47.993,True,0.715,-4.000,3.55,50.83
1786962255.341,,0,,,,-51.790,-47.934,True,0.716,-4.202,3.72,50.82
1786962255.491,,0,,,,-51.840,-47.976,True,0.715,-4.278,3.79,50.80
1786962255.641,,0,,,,-51.620,-47.790,True,0.720,-4.462,3.95,50.78
1786962255.790,,0,,,,-51.020,-47.283,True,0.733,-4.574,4.05,50.75
1786962255.891,,0,,,,-50.430,-46.784,True,0.745,-4.641,4.11,50.74
1786962256.190,,0,,,,-49.800,-46.251,True,0.759,-4.650,4.17,51.42
1786962256.240,,0,,,,-49.810,-46.260,True,0.758,-4.700,4.21,51.41
1786962256.390,,0,,,,-49.760,-46.218,True,0.759,-4.589,4.16,52.01
1786962256.465,,0,,,,-49.760,-46.218,True,0.759,-4.529,4.14,52.40
1786962256.590,,0,,,,-49.710,-46.175,True,0.760,-4.299,3.90,52.02
1786962256.715,,0,,,,-49.660,-46.133,True,0.762,-4.680,4.24,51.98
1786962256.790,,0,,,,-49.640,-46.116,True,0.762,-4.482,4.08,52.20
1786962256.915,,0,,,,-49.650,-46.125,True,0.762,-4.531,4.13,52.27
1786962256.990,,0,,,,-49.640,-46.116,True,0.762,-4.888,4.44,52.11
1786962257.091,,0,,,,-49.470,-45.972,True,0.766,-4.307,3.95,52.63
1786962257.140,,0,,,,-49.350,-45.871,True,0.768,-4.325,3.97,52.61
1786962257.190,,0,,,,-49.160,-45.710,True,0.772,-4.378,4.02,52.60
1786962257.390,,0,,,,-48.220,-44.934,True,0.776,-4.595,4.21,52.50
1786962257.440,,0,,,,-47.950,-44.712,True,0.776,-4.520,4.16,52.76
1786962257.540,,0,,,,-47.570,-44.400,True,0.776,-4.950,4.54,52.64
1786962257.590,,0,,,,-47.420,-44.276,True,0.776,-5.149,4.72,52.63
1786962257.690,,0,,,,-47.200,-44.096,True,0.776,-5.342,4.90,52.62
1786962257.790,,0,,,,-47.030,-43.956,True,0.776,-5.524,5.06,52.60
1786962257.890,,0,,,,-46.890,-43.841,True,0.776,-4.946,4.59,53.26
1786962257.990,,0,,,,-46.750,-43.726,True,0.776,-5.075,4.71,53.25
1786962258.090,,0,,,,-46.730,-43.709,True,0.776,-5.031,4.67,53.20
1786962258.165,,0,,,,-46.720,-43.701,True,0.776,-5.058,4.70,53.30
1786962258.216,,0,,,,-46.700,-43.685,True,0.776,-5.033,4.67,53.29
1786962258.290,,0,,,,-46.700,-43.685,True,0.776,-4.767,4.43,53.35
1786962258.390,,0,,,,-46.720,-43.701,True,0.776,-4.882,4.54,53.33
1786962258.490,,0,,,,-46.700,-43.685,True,0.776,-5.187,4.82,53.31
1786962258.565,,0,,,,-46.670,-43.660,True,0.776,-5.331,4.95,53.30
1786962258.640,,0,,,,-46.600,-43.602,True,0.776,-5.532,5.14,53.28
1786962258.790,,0,,,,-46.510,-43.528,True,0.776,-5.734,5.32,53.25
1786962258.990,,0,,,,-46.230,-43.298,True,0.776,-5.618,5.21,53.24
1786962259.040,,0,,,,-46.090,-43.183,True,0.776,-5.832,5.41,53.23
1786962259.190,,0,,,,-45.770,-42.920,True,0.776,-6.033,5.59,53.21
1786962259.315,,0,,,,-45.510,-42.707,True,0.776,-5.052,4.78,54.27
1786962259.340,,0,,,,-45.460,-42.665,True,0.776,-5.196,4.91,54.25
1786962259.440,,0,,,,-45.190,-42.443,True,0.776,-5.382,5.09,54.23
1786962259.540,,0,,,,-44.990,-42.279,True,0.776,-5.583,5.27,54.22
1786962259.590,,0,,,,-44.810,-42.131,True,0.776,-5.544,5.28,54.63
1786962259.690,,0,,,,-44.600,-41.959,True,0.776,-5.668,5.39,54.62
1786962259.815,,0,,,,-44.410,-41.802,True,0.776,-5.786,5.52,54.73
1786962259.890,,0,,,,-44.220,-41.646,True,0.776,-5.680,5.42,54.81
1786962259.990,,0,,,,-43.980,-41.449,True,0.776,-5.981,5.73,55.01
1786962260.065,,0,,,,-43.980,-41.449,True,0.776,-6.198,5.94,55.00
1786962260.090,,0,,,,-44.000,-41.465,True,0.776,-6.323,6.06,54.99
1786962260.140,,0,,,,-44.040,-41.498,True,0.776,-6.071,5.80,54.85
1786962260.240,,0,,,,-44.310,-41.720,True,0.776,-6.100,5.84,54.94
1786962260.290,,0,,,,-44.410,-41.802,True,0.776,-6.168,5.90,54.93
1786962260.390,,0,,,,-44.580,-41.942,True,0.776,-5.957,5.74,55.33
1786962260.490,,0,,,,-44.530,-41.901,True,0.776,-5.758,5.55,55.35
1786962260.590,,0,,,,-44.390,-41.786,True,0.776,-5.867,5.66,55.33
1786962260.690,,0,,,,-44.220,-41.646,True,0.776,-5.695,5.51,55.48
1786962260.790,,0,,,,-44.120,-41.564,True,0.776,-5.952,5.75,55.46
1786962260.890,,0,,,,-44.030,-41.490,True,0.776,-6.114,5.91,55.45
1786962260.915,,0,,,,-44.030,-41.490,True,0.776,-6.213,6.00,55.44
1786962261.015,,0,,,,-43.940,-41.416,True,0.776,-6.352,6.13,55.44
1786962261.040,,0,,,,-43.930,-41.408,True,0.776,-6.313,6.10,55.43
1786962261.140,,0,,,,-43.930,-41.408,True,0.776,-6.350,6.13,55.42
1786962261.190,,0,,,,-43.940,-41.416,True,0.776,-6.527,6.30,55.41
1786962261.290,,0,,,,-44.000,-41.465,True,0.776,-6.859,6.65,55.71
1786962261.290,,0,,,,-44.020,-41.482,True,0.776,-7.059,6.84,55.70
1786962261.491,,0,,,,-44.050,-41.507,True,0.776,-7.164,6.94,55.69
1786962261.615,,0,,,,-44.020,-41.482,True,0.776,-5.748,5.62,56.12
1786962261.640,,0,,,,-44.020,-41.482,True,0.776,-6.644,6.49,56.07
1786962261.740,,0,,,,-43.920,-41.400,True,0.776,-5.447,5.37,56.54
1786962261.840,,0,,,,-43.800,-41.301,True,0.776,-5.261,5.20,56.70
1786962261.890,,0,,,,-43.740,-41.252,True,0.776,-5.354,5.29,56.69
1786962261.990,,0,,,,-43.550,-41.096,True,0.776,-5.473,5.38,56.45
1786962262.090,,0,,,,-43.430,-40.997,True,0.776,-5.651,5.56,56.43
1786962262.190,,0,,,,-43.410,-40.980,True,0.776,-5.051,5.01,56.96
1786962262.240,,0,,,,-43.420,-40.989,True,0.776,-5.181,5.14,56.95
1786962262.290,,0,,,,-43.510,-41.063,True,0.776,-5.929,5.84,56.52
1786962262.390,,0,,,,-43.730,-41.243,True,0.776,-6.112,6.02,56.51
1786962262.390,,0,,,,-43.730,-41.243,True,0.776,-6.257,6.16,56.50
1786962262.515,,0,,,,-43.890,-41.375,True,0.776,-6.316,6.24,56.75
1786962262.615,,0,,,,-44.030,-41.490,True,0.776,-6.166,6.11,56.89
1786962262.640,,0,,,,-44.070,-41.523,True,0.776,-6.085,6.04,56.94
1786962262.690,,0,,,,-44.120,-41.564,True,0.776,-6.035,5.99,56.93
1786962262.790,,0,,,,-44.150,-41.589,True,0.776,-5.708,5.68,57.12
1786962262.890,,0,,,,-44.160,-41.597,True,0.776,-5.665,5.64,57.19
1786962263.040,,0,,,,-44.060,-41.515,True,0.776,-5.444,5.42,57.10
1786962263.140,,0,,,,-43.900,-41.383,True,0.776,-5.075,5.09,57.49
1786962263.315,,0,,,,-43.670,-41.194,True,0.776,-5.430,5.44,57.52
1786962263.390,,0,,,,-43.790,-41.293,True,0.776,-6.046,6.05,57.42
1786962263.540,,0,,,,-43.950,-41.424,True,0.776,-6.290,6.28,57.35
1786962263.590,,0,,,,-44.130,-41.572,True,0.776,-6.015,6.03,57.57
1786962263.690,,0,,,,-44.440,-41.827,True,0.776,-6.258,6.27,57.56
1786962263.790,,0,,,,-44.300,-41.712,True,0.776,-6.267,6.28,57.56
1786962263.840,,0,,,,-44.160,-41.597,True,0.776,-6.343,6.36,57.55
1786962263.890,,0,,,,-43.910,-41.391,True,0.776,-5.706,5.73,57.60
1786962263.990,,0,,,,-43.490,-41.046,True,0.776,-5.648,5.68,57.72
1786962264.040,,0,,,,-43.360,-40.939,True,0.776,-5.927,5.96,57.70
1786962264.140,,0,,,,-43.170,-40.783,True,0.776,-6.160,6.21,57.85
1786962264.265,,0,,,,-43.170,-40.783,True,0.776,-6.759,6.80,57.81
1786962264.490,,0,,,,-43.380,-40.956,True,0.776,-6.781,6.84,57.91
1786962264.690,,0,,,,-43.170,-40.783,True,0.776,-6.871,6.92,57.88
1786962264.790,,0,,,,-43.080,-40.709,True,0.776,-6.939,6.99,57.87
1786962265.015,,0,,,,-43.280,-40.874,True,0.776,-7.217,7.27,57.84
1786962265.090,,0,,,,-43.570,-41.112,True,0.776,-7.328,7.38,57.83
1786962265.190,,0,,,,-43.920,-41.400,True,0.776,-7.258,7.30,57.82
1786962265.240,,0,,,,-44.080,-41.531,True,0.776,-7.304,7.35,57.81
1786962265.290,,0,,,,-44.290,-41.704,True,0.776,-7.481,7.53,57.80
1786962265.465,,0,,,,-44.730,-42.065,True,0.776,-7.439,7.48,57.79
1786962265.565,,0,,,,-44.760,-42.090,True,0.776,-7.475,7.52,57.76
1786962265.640,,0,,,,-44.770,-42.098,True,0.776,-7.949,7.99,57.75
1786962265.690,,0,,,,-44.750,-42.082,True,0.776,-8.163,8.20,57.74
1786962265.815,,0,,,,-44.530,-41.901,True,0.776,-8.001,8.03,57.73
1786962265.840,,0,,,,-44.440,-41.827,True,0.776,-8.049,8.08,57.72
1786962265.940,,0,,,,-44.310,-41.720,True,0.776,-8.128,8.16,57.70
1786962265.990,,0,,,,-44.280,-41.696,True,0.776,-8.089,8.12,57.70
1786962266.090,,0,,,,-44.290,-41.704,True,0.776,-8.205,8.23,57.69
1786962266.190,,0,,,,-44.410,-41.802,True,0.776,-8.241,8.27,57.68
1786962266.290,,0,,,,-44.480,-41.860,True,0.776,-5.795,5.94,58.83
1786962266.390,,0,,,,-44.520,-41.893,True,0.776,-5.763,5.91,58.82
1786962266.490,,0,,,,-44.430,-41.819,True,0.776,-5.764,5.91,58.81
1786962266.540,,0,,,,-44.400,-41.794,True,0.776,-5.819,5.96,58.80
1786962266.640,,0,,,,-44.350,-41.753,True,0.776,-5.336,5.50,59.13
1786962266.690,,0,,,,-44.370,-41.770,True,0.776,-5.415,5.58,59.12
1786962266.790,,0,,,,-44.500,-41.876,True,0.776,-5.586,5.75,59.11
1786962266.865,,0,,,,-44.710,-42.049,True,0.776,-5.222,5.40,59.36
1786962266.890,,0,,,,-44.800,-42.123,True,0.776,-5.315,5.50,59.35
1786962266.990,,0,,,,-45.260,-42.501,True,0.776,-5.256,5.44,59.34
1786962267.040,,0,,,,-45.330,-42.559,True,0.776,-5.225,5.40,59.33
1786962267.140,,0,,,,-45.560,-42.748,True,0.776,-5.186,5.37,59.44
1786962267.190,,0,,,,-45.660,-42.830,True,0.776,-5.079,5.26,59.37
1786962267.315,,0,,,,-45.800,-42.945,True,0.776,-5.225,5.40,59.27
1786962267.415,,0,,,,-45.790,-42.937,True,0.776,-5.322,5.50,59.26
1786962267.490,,0,,,,-45.750,-42.904,True,0.776,-5.774,5.97,59.38
1786962267.590,,0,,,,-45.750,-42.904,True,0.776,-4.517,4.70,59.63
1786962267.640,,0,,,,-45.800,-42.945,True,0.776,-5.592,5.79,59.47
1786962267.765,,0,,,,-45.910,-43.035,True,0.776,-4.655,4.86,59.83
1786962267.790,,0,,,,-45.990,-43.101,True,0.776,-4.750,4.95,59.82
1786962267.890,,0,,,,-46.120,-43.208,True,0.776,-5.162,5.36,59.57
1786962267.965,,0,,,,-46.130,-43.216,True,0.776,-5.166,5.36,59.56
1786962267.990,,0,,,,-46.120,-43.208,True,0.776,-5.165,5.36,59.50
1786962268.115,,0,,,,-46.100,-43.191,True,0.776,-4.647,4.85,59.85
1786962268.215,,0,,,,-46.000,-43.109,True,0.776,-4.791,5.00,59.83
1786962268.290,,0,,,,-45.900,-43.027,True,0.776,-4.918,5.13,59.83
1786962268.390,,0,,,,-45.710,-42.871,True,0.776,-5.153,5.37,59.81
1786962268.440,,0,,,,-45.640,-42.813,True,0.776,-5.275,5.50,59.81
1786962268.490,,0,,,,-45.570,-42.756,True,0.776,-5.267,5.49,59.80
1786962268.590,,0,,,,-45.450,-42.657,True,0.776,-5.188,5.41,59.85
1786962268.640,,0,,,,-45.320,-42.550,True,0.776,-5.365,5.60,59.85
1786962268.690,,0,,,,-45.250,-42.493,True,0.776,-5.522,5.76,59.84
1786962268.815,,0,,,,-45.090,-42.361,True,0.776,-5.756,6.00,59.83
1786962268.890,,0,,,,-44.970,-42.263,True,0.776,-5.129,5.41,60.55
1786962268.990,,0,,,,-44.930,-42.230,True,0.776,-5.284,5.58,60.54
1786962269.040,,0,,,,-44.910,-42.213,True,0.776,-5.485,5.79,60.53
1786962269.090,,0,,,,-44.940,-42.238,True,0.776,-5.644,5.95,60.52
1786962269.190,,0,,,,-45.110,-42.378,True,0.776,-5.761,6.07,60.51
1786962269.340,,0,,,,-45.320,-42.550,True,0.776,-5.868,6.18,60.49
1786962269.390,,0,,,,-45.430,-42.641,True,0.776,-5.933,6.25,60.48
1786962269.515,,0,,,,-45.490,-42.690,True,0.776,-5.984,6.31,60.48
1786962269.540,,0,,,,-45.530,-42.723,True,0.776,-6.064,6.39,60.47
1786962269.590,,0,,,,-45.560,-42.748,True,0.776,-6.145,6.47,60.46
1786962269.690,,0,,,,-45.580,-42.764,True,0.776,-6.271,6.60,60.45
1786962269.740,,0,,,,-45.530,-42.723,True,0.776,-6.376,6.71,60.44
1786962269.790,,0,,,,-45.500,-42.698,True,0.776,-6.534,6.88,60.43
1786962269.890,,0,,,,-45.290,-42.526,True,0.776,-6.667,7.01,60.41
1786962269.990,,0,,,,-44.920,-42.222,True,0.776,-7.064,7.43,60.40
1786962270.090,,0,,,,-44.650,-42.000,True,0.776,-7.110,7.48,60.40
1786962270.165,,0,,,,-44.530,-41.901,True,0.776,-7.207,7.58,60.38
1786962270.190,,0,,,,-44.450,-41.835,True,0.776,-7.454,7.83,60.37
1786962270.290,,0,,,,-44.230,-41.654,True,0.776,-5.443,5.77,60.84
1786962270.465,,0,,,,-43.580,-41.120,True,0.776,-5.492,5.82,60.83
1786962270.540,,0,,,,-43.310,-40.898,True,0.776,-5.549,5.89,60.91
1786962270.590,,0,,,,-43.100,-40.726,True,0.776,-5.589,5.93,60.91
1786962270.715,,0,,,,-42.840,-40.512,True,0.776,-6.526,6.90,60.71
1786962270.815,,0,,,,-42.770,-40.454,True,0.776,-6.170,6.50,60.45
1786962270.890,,0,,,,-42.790,-40.471,True,0.776,-6.235,6.56,60.44
1786962270.990,,0,,,,-42.940,-40.594,True,0.776,-6.251,6.58,60.43
1786962274.090,,0,,,,-41.780,-39.641,True,0.776,-5.359,5.78,61.83
1786962274.090,,0,,,,-41.780,-39.641,True,0.776,-5.461,5.88,61.82
1786962274.190,,0,,,,-41.400,-39.328,True,0.776,-5.878,6.35,61.99
1786962274.365,,0,,,,-40.560,-38.638,True,0.776,-5.240,5.68,62.15
1786962274.440,,0,,,,-40.340,-38.457,True,0.776,-5.530,5.97,61.91
1786962274.540,,0,,,,-40.020,-38.194,True,0.776,-5.911,6.38,61.97
1786962274.665,,0,,,,-39.280,-37.586,True,0.776,-6.324,6.82,61.96
1786962274.690,,0,,,,-39.050,-37.397,True,0.776,-6.717,7.25,61.95
1786962274.790,,0,,,,-38.480,-36.928,True,0.776,-7.334,7.91,61.94
1786962274.890,,0,,,,-37.650,-36.246,True,0.776,-7.987,8.60,61.93
1786962274.940,,0,,,,-37.400,-36.041,True,0.776,-8.413,9.06,61.91
1786962275.040,,0,,,,-36.910,-35.647,True,0.773,-8.544,9.20,61.90
1786962275.090,,0,,,,-36.700,-35.495,True,0.767,-8.859,9.53,61.89
1786962275.215,,0,,,,-36.230,-35.156,True,0.753,-9.201,9.89,61.88
1786962275.290,,0,,,,-36.090,-35.055,True,0.749,-9.461,10.17,61.87
1786962275.390,,0,,,,-35.980,-34.976,True,0.745,-8.290,8.96,62.16
1786962275.440,,0,,,,-35.870,-34.896,True,0.742,-8.258,8.93,62.14
1786962275.540,,0,,,,-35.700,-34.774,True,0.737,-7.967,8.61,62.13
1786962275.590,,0,,,,-35.450,-34.593,True,0.730,-7.830,8.46,62.11
1786962275.690,,0,,,,-35.100,-34.341,True,0.719,-9.153,9.90,62.24
1786962275.790,,0,,,,-34.840,-34.153,True,0.712,-9.100,9.84,62.22
1786962275.890,,0,,,,-34.450,-33.872,True,0.700,-9.117,9.86,62.21
1786962275.965,,0,,,,-34.240,-33.720,True,0.694,-9.200,9.94,62.20
1786962276.090,,0,,,,-34.050,-33.583,True,0.688,-9.187,9.93,62.19
1786962276.190,,0,,,,-34.030,-33.568,True,0.688,-6.762,7.37,62.60
1786962276.290,,0,,,,-34.000,-33.547,True,0.687,-6.609,7.20,62.60
1786962276.340,,0,,,,-33.960,-33.518,True,0.686,-6.383,6.96,62.58
1786962276.390,,0,,,,-33.880,-33.460,True,0.684,-6.140,6.69,62.58
1786962276.490,,0,,,,-33.730,-33.352,True,0.679,-6.508,7.06,62.25
1786962276.690,,0,,,,-33.410,-33.121,True,0.670,-6.467,7.02,62.35
1786962276.790,,0,,,,-33.270,-33.020,True,0.666,-6.551,7.11,62.34
1786962276.840,,0,,,,-33.140,-32.926,True,0.662,-5.893,6.44,62.72
1786962276.940,,0,,,,-33.060,-32.868,True,0.660,-6.068,6.63,62.71
1786962276.990,,0,,,,-32.990,-32.818,True,0.658,-6.002,6.56,62.76
1786962277.340,,0,,,,-32.510,-32.471,True,0.644,-6.073,6.64,62.75
1786962277.440,,0,,,,-32.480,-32.450,True,0.643,-7.186,7.82,62.48
1786962277.590,,0,,,,-32.490,-32.457,True,0.643,-6.481,7.10,62.92
1786962277.790,,0,,,,-32.720,-32.623,True,0.650,-7.176,7.82,62.57
1786962278.090,,0,,,,-32.430,-32.414,True,0.642,-7.310,7.95,62.48
1786962278.265,,0,,,,-31.820,-31.973,True,0.624,-7.265,7.93,62.70
1786962278.340,,0,,,,-31.470,-31.721,True,0.614,-8.089,8.85,62.89
1786962280.190,,0,,,,-32.030,-32.125,True,0.630,-8.552,9.33,62.73
1786962280.290,,0,,,,-31.830,-31.981,True,0.624,-9.041,9.85,62.71
1786962280.390,,0,,,,-31.680,-31.872,True,0.620,-9.367,10.20,62.69
1786962280.490,,0,,,,-31.640,-31.844,True,0.619,-7.459,8.22,63.34
1786962280.990,,0,,,,-31.050,-31.418,True,0.602,-7.650,8.45,63.51
1786962281.490,,0,,,,-30.700,-31.165,True,0.592,-7.557,8.38,63.75
1786962281.890,,0,,,,-30.340,-30.905,True,0.582,-7.735,8.60,63.93
1786962282.040,,0,,,,-30.440,-30.977,True,0.585,-7.718,8.61,64.09
1786962282.140,,0,,,,-30.570,-31.071,True,0.589,-7.954,8.87,64.08
1786962282.690,,0,,,,-30.080,-30.718,True,0.575,-8.114,9.03,63.99
1786962285.790,,0,,,,-29.070,-29.989,True,0.547,-6.737,7.70,65.60
1786962285.865,,0,,,,-29.170,-30.061,True,0.550,-6.928,7.91,65.58
1786962285.940,,0,,,,-29.160,-30.054,True,0.550,-7.144,8.15,65.57
1786962286.040,,0,,,,-29.090,-30.003,True,0.548,-7.326,8.37,65.67
1786962286.115,,0,,,,-28.970,-29.917,True,0.544,-7.925,9.05,65.65
1786962286.190,,0,,,,-28.760,-29.765,True,0.539,-8.296,9.47,65.64
1786962286.290,,0,,,,-28.280,-29.419,True,0.526,-8.652,9.87,65.62
1786962286.340,,0,,,,-28.130,-29.310,True,0.522,-7.820,8.97,65.91
1786962286.490,,0,,,,-27.390,-28.776,True,0.502,-8.440,9.67,65.88
1786962286.590,,0,,,,-26.950,-28.459,True,0.490,-8.674,9.93,65.87
1786962286.690,,0,,,,-26.740,-28.307,True,0.485,-8.961,10.30,66.13
1786962286.765,,0,,,,-26.700,-28.278,True,0.484,-9.079,10.43,66.11
1786962286.790,,0,,,,-26.720,-28.293,True,0.485,-8.964,10.30,66.10
1786962286.890,,0,,,,-26.710,-28.285,True,0.484,-8.866,10.19,66.09
1786962287.015,,0,,,,-26.660,-28.249,True,0.483,-8.168,9.38,66.05
1786962287.040,,0,,,,-26.670,-28.257,True,0.483,-8.203,9.42,66.03
1786962287.140,,0,,,,-26.620,-28.220,True,0.482,-8.354,9.59,66.02
1786962287.190,,0,,,,-26.590,-28.199,True,0.481,-7.836,9.04,66.33
1786962287.265,,0,,,,-26.550,-28.170,True,0.480,-7.876,9.09,66.32
1786962287.340,,0,,,,-26.500,-28.134,True,0.479,-7.863,9.07,66.30
1786962287.440,,0,,,,-26.350,-28.026,True,0.475,-7.812,9.01,66.29
1786962287.540,,0,,,,-26.230,-27.939,True,0.472,-7.567,8.77,66.60
1786962287.590,,0,,,,-26.140,-27.874,True,0.470,-7.482,8.67,66.58
1786962287.690,,0,,,,-25.950,-27.737,True,0.465,-7.488,8.67,66.57
1786962287.790,,0,,,,-25.810,-27.636,True,0.461,-6.893,8.03,66.88
1786962287.890,,0,,,,-25.660,-27.528,True,0.458,-6.903,8.01,66.64
1786962287.940,,0,,,,-25.640,-27.513,True,0.457,-6.934,8.04,66.62
1786962288.040,,0,,,,-25.550,-27.448,True,0.455,-6.623,7.70,66.72
1786962288.165,,0,,,,-25.480,-27.398,True,0.453,-7.401,8.57,66.51
1786962288.190,,0,,,,-25.490,-27.405,True,0.453,-6.176,7.21,66.98
1786962288.290,,0,,,,-25.540,-27.441,True,0.455,-6.203,7.24,66.97
1786962288.415,,0,,,,-25.580,-27.470,True,0.456,-5.943,6.95,67.08
1786962288.490,,0,,,,-25.560,-27.455,True,0.455,-6.214,7.26,67.04
1786962288.615,,0,,,,-25.420,-27.354,True,0.452,-6.794,7.96,67.27
1786962288.690,,0,,,,-25.210,-27.203,True,0.446,-6.173,7.20,66.95
1786962288.765,,0,,,,-25.120,-27.138,True,0.444,-6.162,7.18,66.93
1786962288.890,,0,,,,-24.920,-26.994,True,0.439,-5.587,6.55,67.23
1786962288.990,,0,,,,-24.890,-26.972,True,0.439,-5.760,6.77,67.42
1786962288.990,,0,,,,-24.910,-26.986,True,0.439,-6.016,7.06,67.41
1786962289.140,,0,,,,-25.140,-27.152,True,0.445,-6.587,7.73,67.40
1786962289.290,,0,,,,-25.580,-27.470,True,0.456,-6.219,7.30,67.37
1786962289.340,,0,,,,-25.650,-27.520,True,0.457,-5.986,7.05,67.59
1786962289.390,,0,,,,-25.710,-27.564,True,0.459,-6.133,7.22,67.57
1786962289.515,,0,,,,-25.800,-27.629,True,0.461,-6.536,7.69,67.58
1786962289.615,,0,,,,-25.770,-27.607,True,0.460,-7.438,8.76,67.63
1786962289.615,,0,,,,-25.770,-27.607,True,0.460,-7.455,8.77,67.62
1786962289.690,,0,,,,-25.610,-27.492,True,0.456,-6.381,7.51,67.58
1786962289.790,,0,,,,-25.150,-27.160,True,0.445,-6.430,7.59,67.77
1786962289.890,,0,,,,-24.730,-26.856,True,0.435,-5.762,6.82,67.90
1786962289.940,,0,,,,-24.620,-26.777,True,0.432,-5.847,6.92,67.88
1786962290.065,,0,,,,-24.460,-26.662,True,0.428,-6.791,8.04,67.98
1786962290.090,,0,,,,-24.470,-26.669,True,0.429,-6.812,8.06,67.96
1786962290.190,,0,,,,-24.460,-26.662,True,0.428,-5.560,6.61,68.17
1786962290.290,,0,,,,-24.470,-26.669,True,0.429,-6.650,7.87,67.92
1786962290.340,,0,,,,-24.460,-26.662,True,0.428,-6.326,7.50,68.07
1786962290.390,,0,,,,-24.430,-26.640,True,0.428,-6.417,7.61,68.06
1786962290.490,,0,,,,-24.300,-26.546,True,0.424,-6.697,7.96,68.23
1786962290.540,,0,,,,-24.190,-26.467,True,0.422,-6.915,8.21,68.22
1786962290.640,,0,,,,-23.890,-26.250,True,0.415,-7.051,8.37,68.20
1786962290.690,,0,,,,-23.670,-26.091,True,0.410,-5.835,6.95,68.37
1786962290.740,,0,,,,-23.580,-26.026,True,0.408,-5.840,6.96,68.36
1786962290.840,,0,,,,-23.110,-25.670,True,0.408,-7.133,8.46,68.10
1786962290.890,,0,,,,-22.820,-25.438,True,0.415,-7.241,8.58,68.09
1786962291.015,,0,,,,-22.460,-25.150,True,0.424,-6.489,7.74,68.44
1786962291.090,,0,,,,-22.410,-25.110,True,0.426,-5.761,6.94,69.13
1786962291.190,,0,,,,-22.470,-25.158,True,0.424,-6.715,7.99,68.36
1786962291.365,,0,,,,-22.710,-25.350,True,0.418,-6.926,8.28,68.67
1786962291.390,,0,,,,-22.740,-25.374,True,0.417,-7.071,8.45,68.65
1786962291.515,,0,,,,-22.840,-25.454,True,0.415,-5.766,6.95,69.19
1786962291.540,,0,,,,-22.870,-25.478,True,0.414,-5.848,7.05,69.18
1786962291.640,,0,,,,-22.770,-25.398,True,0.416,-6.194,7.42,68.80
1786962291.690,,0,,,,-22.660,-25.310,True,0.419,-5.915,7.08,68.72
1786962291.790,,0,,,,-22.400,-25.102,True,0.426,-5.915,7.08,68.70
1786962291.890,,0,,,,-22.090,-24.854,True,0.434,-5.514,6.66,69.32
1786962291.940,,0,,,,-21.990,-24.774,True,0.437,-5.716,6.89,69.14
1786962291.990,,0,,,,-21.890,-24.694,True,0.439,-5.644,6.80,69.12
1786962292.090,,0,,,,-21.890,-24.694,True,0.439,-5.514,6.64,69.07
1786962292.190,,0,,,,-22.000,-24.782,True,0.437,-5.342,6.44,69.15
1786962292.240,,0,,,,-22.100,-24.862,True,0.434,-5.504,6.63,69.13
1786962292.365,,0,,,,-22.130,-24.886,True,0.433,-5.538,6.66,68.98
1786962292.440,,0,,,,-22.020,-24.798,True,0.436,-5.421,6.56,69.42
1786962292.490,,0,,,,-21.860,-24.670,True,0.440,-5.057,6.12,69.47
1786962292.590,,0,,,,-21.580,-24.447,True,0.448,-5.435,6.58,69.43
1786962292.640,,0,,,,-21.350,-24.263,True,0.454,-5.616,6.79,69.41
1786962292.740,,0,,,,-20.990,-23.975,True,0.464,-5.428,6.57,69.48
1786962292.840,,0,,,,-20.820,-23.839,True,0.469,-5.055,6.15,69.78
1786962292.915,,0,,,,-20.640,-23.695,True,0.474,-5.149,6.26,69.76
1786962292.990,,0,,,,-20.550,-23.623,True,0.477,-5.953,7.22,69.58
1786962293.090,,0,,,,-20.470,-23.559,True,0.479,-5.506,6.68,69.57
1786962293.190,,0,,,,-20.320,-23.439,True,0.483,-5.350,6.49,69.65
1786962293.290,,0,,,,-20.210,-23.351,True,0.486,-6.403,7.78,69.75
1786962293.390,,0,,,,-19.990,-23.175,True,0.493,-4.908,6.00,70.09
1786962293.565,,0,,,,-19.760,-22.991,True,0.499,-5.954,7.24,69.82
1786962293.590,,0,,,,-19.760,-22.991,True,0.499,-6.176,7.52,69.89
1786962293.715,,0,,,,-19.680,-22.927,True,0.502,-5.762,7.04,70.15
1786962294.190,,0,,,,-19.360,-22.671,True,0.511,-6.023,7.36,70.13
1786962294.290,,0,,,,-19.300,-22.623,True,0.513,-6.365,7.79,70.30
1786962294.465,,0,,,,-19.190,-22.535,True,0.516,-5.784,7.10,70.40
1786962294.640,,0,,,,-18.840,-22.255,True,0.526,-5.353,6.58,70.53
1786962294.740,,0,,,,-18.580,-22.048,True,0.534,-5.280,6.49,70.51
1786962294.815,,0,,,,-18.440,-21.936,True,0.538,-5.180,6.39,70.75
1786962294.890,,0,,,,-18.270,-21.800,True,0.544,-5.017,6.19,70.78
1786962294.990,,0,,,,-17.990,-21.576,True,0.552,-4.973,6.12,70.62
1786962295.090,,0,,,,-17.800,-21.424,True,0.558,-5.049,6.21,70.60
1786962295.190,,0,,,,-17.640,-21.296,True,0.563,-4.856,6.00,70.87
1786962295.240,,0,,,,-17.560,-21.232,True,0.565,-4.759,5.88,70.91
1786962295.290,,0,,,,-17.480,-21.168,True,0.568,-4.748,5.87,70.90
1786962295.415,,0,,,,-17.470,-21.160,True,0.568,-5.077,6.27,70.88
1786962295.515,,0,,,,-17.350,-21.064,True,0.572,-4.922,6.08,70.86
1786962295.615,,0,,,,-17.290,-21.016,True,0.573,-5.923,7.32,70.95
1786962295.640,,0,,,,-17.220,-20.960,True,0.576,-6.185,7.64,70.94
1786962295.740,,0,,,,-17.140,-20.896,True,0.578,-5.300,6.64,71.93
1786962295.840,,0,,,,-16.810,-20.632,True,0.588,-5.605,6.96,71.30
1786962295.990,,0,,,,-16.360,-20.272,True,0.602,-5.865,7.26,71.01
1786962296.090,,0,,,,-16.330,-20.248,True,0.603,-5.595,6.94,71.20
1786962296.190,,0,,,,-16.380,-20.288,True,0.602,-5.693,7.06,71.19
1786962296.265,,0,,,,-16.390,-20.296,True,0.601,-5.706,7.08,71.18
1786962296.365,,0,,,,-16.490,-20.376,True,0.598,-4.910,6.20,72.40
1786962296.540,,0,,,,-16.260,-20.192,True,0.606,-4.345,5.44,71.85
1786962296.590,,0,,,,-16.150,-20.104,True,0.609,-4.358,5.46,71.83
1786962296.690,,0,,,,-15.890,-19.896,True,0.617,-5.004,6.24,71.54
1786962296.790,,0,,,,-15.670,-19.720,True,0.624,-5.469,6.84,71.72
1786962296.890,,0,,,,-15.580,-19.649,True,0.627,-5.089,6.37,71.86
1786962296.940,,0,,,,-15.480,-19.569,True,0.630,-5.263,6.59,71.85
1786962296.990,,0,,,,-15.450,-19.545,True,0.631,-4.815,6.04,71.92
1786962297.140,,0,,,,-15.200,-19.345,True,0.639,-5.881,7.37,71.94
1786962297.290,,0,,,,-14.870,-19.081,True,0.650,-5.792,7.22,71.55
1786962297.440,,0,,,,-14.570,-18.841,True,0.659,-5.169,6.48,71.94
1786962297.540,,0,,,,-14.330,-18.649,True,0.667,-4.736,5.95,72.03
1786962297.640,,0,,,,-14.090,-18.457,True,0.675,-5.315,6.68,72.08
1786962297.740,,0,,,,-13.870,-18.281,True,0.682,-5.396,6.78,72.05
1786962297.840,,0,,,,-13.640,-18.097,True,0.689,-4.553,5.73,72.22
1786962297.890,,0,,,,-13.530,-18.009,True,0.693,-5.564,7.02,72.40
1786962297.990,,0,,,,-13.220,-17.761,True,0.703,-3.835,4.90,73.33
1786962298.090,,0,,,,-12.990,-17.577,True,0.710,-3.911,5.00,73.32
1786962298.140,,0,,,,-12.980,-17.569,True,0.711,-4.454,5.64,72.59
1786962298.190,,0,,,,-12.860,-17.473,True,0.715,-4.563,5.77,72.58
1786962298.290,,0,,,,-12.750,-17.385,True,0.718,-4.023,5.10,72.74
1786962298.390,,0,,,,-12.880,-17.489,True,0.714,-4.196,5.31,72.61
1786962298.440,,0,,,,-12.960,-17.553,True,0.711,-4.282,5.42,72.60
1786962298.490,,0,,,,-13.060,-17.633,True,0.708,-4.229,5.35,72.59
1786962298.590,,0,,,,-13.230,-17.769,True,0.702,-4.312,5.46,72.57
1786962298.690,,0,,,,-13.240,-17.777,True,0.702,-3.297,4.22,73.37
1786962298.790,,0,,,,-13.060,-17.633,True,0.708,-4.664,5.92,72.82
1786962298.890,,0,,,,-12.670,-17.321,True,0.721,-4.301,5.48,73.02
1786962298.965,,0,,,,-12.530,-17.210,True,0.725,-4.672,5.95,73.03
1786962299.040,,0,,,,-12.290,-17.018,True,0.733,-4.845,6.17,73.03
1786962299.090,,0,,,,-12.160,-16.914,True,0.737,-4.919,6.27,73.10
1786962299.140,,0,,,,-12.070,-16.842,True,0.740,-4.938,6.29,73.08
1786962299.490,,0,,,,-11.610,-16.474,True,0.756,-5.025,6.42,73.27
1786962299.590,,0,,,,-11.210,-16.154,True,0.769,-5.161,6.59,73.25
1786962299.640,,0,,,,-10.890,-15.874,True,0.771,-5.152,6.59,73.36
1786962299.740,,0,,,,-10.320,-15.292,True,0.747,-4.719,6.03,73.33
1786962299.790,,0,,,,-10.140,-15.108,True,0.740,-4.893,6.25,73.32
1786962299.890,,0,,,,-9.550,-14.506,True,0.715,-4.591,5.87,73.34
1786962299.990,,0,,,,-9.220,-14.170,True,0.701,-4.806,6.15,73.46
1786962300.065,,0,,,,-9.130,-14.078,True,0.697,-4.850,6.20,73.33
1786962300.115,,0,,,,-9.090,-14.037,True,0.696,-4.934,6.31,73.31
1786962300.190,,0,,,,-9.020,-13.966,True,0.693,-4.124,5.31,73.90
1786962300.290,,0,,,,-9.000,-13.945,True,0.692,-4.524,5.82,73.79
1786962300.390,,0,,,,-8.980,-13.925,True,0.691,-4.699,6.05,73.80
1786962300.515,,0,,,,-8.730,-13.670,True,0.681,-3.652,4.70,73.76
1786962300.615,,0,,,,-8.440,-13.374,True,0.669,-3.178,4.13,74.46
1786962300.690,,0,,,,-8.280,-13.211,True,0.662,-3.260,4.23,74.45
1786962300.840,,0,,,,-7.860,-12.782,True,0.645,-4.616,5.95,73.98
1786962300.890,,0,,,,-7.820,-12.741,True,0.644,-4.833,6.23,73.96
1786962301.090,,0,,,,-7.380,-12.292,True,0.626,-3.916,5.05,74.00
1786962301.190,,0,,,,-6.950,-11.853,True,0.609,-3.511,4.54,74.12
1786962301.240,,0,,,,-6.820,-11.721,True,0.603,-3.569,4.61,74.10
1786962301.290,,0,,,,-6.560,-11.456,True,0.593,-3.653,4.72,74.09
1786962301.390,,0,,,,-6.030,-10.915,True,0.572,-3.967,5.13,74.11
1786962301.515,,0,,,,-5.490,-10.364,True,0.551,-3.129,4.04,74.04
1786962301.615,,0,,,,-5.070,-9.935,True,0.535,-3.264,4.21,74.03
1786962301.690,,0,,,,-4.860,-9.721,True,0.527,-3.448,4.45,74.02
1786962301.740,,0,,,,-4.760,-9.619,True,0.523,-3.426,4.42,74.02
1786962301.840,,0,,,,-4.620,-9.476,True,0.518,-3.803,4.92,74.19
1786962302.115,,0,,,,-3.770,-8.609,True,0.486,-2.752,3.55,74.00
1786962302.190,,0,,,,-3.420,-8.252,True,0.473,-2.542,3.30,74.31
1786962302.490,,0,,,,-2.400,-7.211,True,0.437,-3.966,5.15,74.47
1786962302.590,,0,,,,-2.280,-7.088,True,0.433,-2.737,3.54,74.07
1786962302.665,,0,,,,-2.220,-7.027,True,0.431,-2.778,3.58,73.96
1786962302.690,,0,,,,-2.180,-6.986,True,0.430,-2.808,3.62,73.95
1786962302.790,,0,,,,-2.250,-7.058,True,0.432,-2.546,3.32,74.66
1786962302.915,,0,,,,-2.290,-7.099,True,0.434,-2.811,3.64,74.21
1786962302.940,,0,,,,-2.220,-7.027,True,0.431,-2.808,3.63,74.19
1786962303.040,,0,,,,-2.060,-6.864,True,0.426,-2.715,3.51,74.06
1786962303.140,,0,,,,-1.560,-6.354,True,0.410,-2.734,3.53,74.08
1786962303.240,,0,,,,-1.050,-5.759,True,0.407,-2.160,2.79,73.91
1786962303.290,,0,,,,-0.840,-5.489,True,0.410,-2.244,2.89,73.90
1786962303.390,,0,,,,-0.550,-5.115,True,0.414,-1.817,2.33,73.57
1786962303.490,,0,,,,-0.550,-5.115,True,0.414,-2.654,3.43,74.04
1786962303.490,,0,,,,-0.550,-5.115,True,0.414,-2.873,3.71,74.03
1786962303.690,,0,,,,-1.060,-5.772,True,0.406,-2.841,3.67,74.01
1786962303.990,,0,,,,0.090,-4.292,True,0.425,-1.622,2.09,73.68
1786962304.040,,0,,,,0.400,-3.893,True,0.430,-1.447,1.86,73.67
1786962304.140,,0,,,,1.300,-2.735,True,0.445,-2.324,3.00,74.10
1786962304.265,,0,,,,1.700,-2.220,True,0.452,-2.614,3.38,74.10
1786962304.290,,0,,,,1.740,-2.169,True,0.452,-2.469,3.19,74.09
1786962304.340,,0,,,,1.800,-2.092,True,0.453,-2.613,3.38,74.07
1786962304.490,,0,,,,1.400,-2.606,True,0.446,-2.898,3.74,74.06
1786962304.540,,0,,,,1.220,-2.838,True,0.443,-2.984,3.85,74.04
1786962304.640,,0,,,,0.970,-3.160,True,0.439,-2.901,3.75,74.03
1786962304.715,,0,,,,0.890,-3.263,True,0.438,-2.457,3.19,74.50
1786962304.815,,0,,,,0.830,-3.340,True,0.437,-2.429,3.16,74.49
1786962304.890,,0,,,,0.840,-3.327,True,0.437,-2.361,3.07,74.48
1786962304.940,,0,,,,0.900,-3.250,True,0.438,-2.312,3.00,74.46
1786962304.990,,0,,,,0.950,-3.185,True,0.439,-2.368,3.08,74.45
1786962305.190,,0,,,,1.400,-2.606,True,0.446,-2.585,3.34,74.04
1786962305.240,,0,,,,1.530,-2.439,True,0.449,-2.656,3.43,74.02
1786962305.340,,0,,,,1.590,-2.362,True,0.450,-1.225,1.56,72.91
1786962305.465,,0,,,,1.590,-2.362,True,0.450,-1.295,1.65,72.90
1786962305.490,,0,,,,1.590,-2.362,True,0.450,-1.373,1.75,72.89
1786962305.615,,0,,,,1.590,-2.362,True,0.450,-1.480,1.88,72.87
1786962305.640,,0,,,,1.590,-2.362,True,0.450,-1.636,2.08,72.87
1786962305.715,,0,,,,1.590,-2.362,True,0.450,-1.796,2.28,72.86
1786962305.740,,0,,,,1.590,-2.362,True,0.450,-1.999,2.54,72.85
1786962305.840,,0,,,,1.590,-2.362,True,0.450,-2.120,2.69,72.83
1786962305.890,,0,,,,1.570,-2.388,True,0.449,-2.095,2.66,72.82
1786962305.990,,0,,,,1.920,-1.937,True,0.455,-1.966,2.50,72.80
1786962306.040,,0,,,,1.990,-1.847,True,0.457,-1.875,2.38,72.80
1786962306.115,,0,,,,2.240,-1.526,True,0.461,-1.977,2.51,72.78
1786962306.215,,0,,,,2.430,-1.281,True,0.464,-2.071,2.63,72.76
1786962306.290,,0,,,,2.540,-1.140,True,0.466,-2.197,2.79,72.75
1786962306.440,,0,,,,2.490,-1.204,True,0.465,-2.526,3.21,72.72
1786962306.540,,0,,,,2.490,-1.204,True,0.465,-2.676,3.40,72.71
1786962306.590,,0,,,,1.930,-1.924,True,0.456,-2.992,3.79,72.70
1786962306.715,,0,,,,1.830,-2.053,True,0.454,-2.744,3.48,72.69
1786962306.815,,0,,,,1.960,-1.886,True,0.456,-2.544,3.23,72.67
1786962306.840,,0,,,,2.020,-1.809,True,0.457,-2.533,3.21,72.66
1786962306.940,,0,,,,2.290,-1.461,True,0.462,-2.574,3.26,72.64
1786962307.040,,0,,,,2.600,-1.062,True,0.467,-2.652,3.36,72.63
1786962307.090,,0,,,,2.720,-0.908,True,0.469,-2.767,3.51,72.61
1786962307.215,,0,,,,2.970,-0.586,True,0.474,-2.944,3.73,72.60
1786962307.290,,0,,,,3.040,-0.496,True,0.475,-3.053,3.87,72.58
1786962307.415,,0,,,,3.090,-0.432,True,0.476,-3.193,4.04,72.57
1786962307.490,,0,,,,3.080,-0.445,True,0.476,-3.236,4.10,72.56
1786962307.615,,0,,,,3.030,-0.509,True,0.475,-3.201,4.05,72.54
1786962307.640,,0,,,,3.010,-0.535,True,0.474,-3.176,4.02,72.53
1786962307.690,,0,,,,3.000,-0.548,True,0.474,-3.160,4.00,72.52
1786962307.740,,0,,,,2.980,-0.573,True,0.474,-3.121,3.95,72.51
1786962307.790,,0,,,,2.910,-0.663,True,0.473,-3.120,3.95,72.50
1786962307.940,,0,,,,2.800,-0.805,True,0.471,-3.183,4.02,72.47
1786962307.990,,0,,,,2.690,-0.947,True,0.469,-3.219,4.07,72.46
1786962308.065,,0,,,,2.570,-1.101,True,0.467,-3.280,4.15,72.46
1786962308.140,,0,,,,2.460,-1.242,True,0.465,-3.333,4.21,72.44
1786962308.240,,0,,,,2.340,-1.397,True,0.463,-3.341,4.22,72.43
1786962308.290,,0,,,,2.350,-1.384,True,0.463,-3.265,4.12,72.42
1786962308.390,,0,,,,2.420,-1.294,True,0.464,-3.429,4.33,72.41
1786962308.565,,0,,,,2.690,-0.947,True,0.469,-3.342,4.22,72.38
1786962308.590,,0,,,,2.750,-0.869,True,0.470,-3.326,4.20,72.38
1786962308.690,,0,,,,2.890,-0.689,True,0.472,-3.283,4.14,72.36
1786962308.790,,0,,,,2.990,-0.561,True,0.474,-3.403,4.29,72.35
1786962308.890,,0,,,,2.990,-0.561,True,0.474,-3.545,4.47,72.34
1786962309.240,,0,,,,2.530,-1.152,True,0.466,-1.328,1.64,70.74
1786962309.290,,0,,,,2.490,-1.204,True,0.465,-1.283,1.58,70.72
1786962309.415,,0,,,,2.490,-1.204,True,0.465,-1.307,1.61,70.71
1786962309.540,,0,,,,2.580,-1.088,True,0.467,-2.106,2.57,69.90
1786962309.640,,0,,,,2.580,-1.088,True,0.467,-2.216,2.70,69.89
1786962309.740,,0,,,,2.540,-1.140,True,0.466,-2.324,2.83,69.88
1786962309.840,,0,,,,2.440,-1.268,True,0.464,-2.480,3.02,69.87
1786962309.890,,0,,,,2.420,-1.294,True,0.464,-2.510,3.06,69.86
1786962309.940,,0,,,,2.320,-1.423,True,0.462,-2.573,3.13,69.84
1786962309.990,,0,,,,2.240,-1.526,True,0.461,-2.647,3.23,69.84
1786962310.115,,0,,,,2.120,-1.680,True,0.459,-2.727,3.32,69.83
1786962310.215,,0,,,,2.080,-1.731,True,0.458,-2.797,3.41,69.82
1786962310.315,,0,,,,2.030,-1.796,True,0.457,-2.835,3.45,69.81
1786962310.315,,0,,,,2.030,-1.796,True,0.457,-2.839,3.46,69.80
1786962310.415,,0,,,,2.040,-1.783,True,0.457,-2.863,3.49,69.78
1786962310.440,,0,,,,2.050,-1.770,True,0.458,-2.904,3.54,69.78
1786962310.490,,0,,,,2.070,-1.744,True,0.458,-2.939,3.58,69.76
1786962310.590,,0,,,,2.070,-1.744,True,0.458,-2.950,3.59,69.75
1786962311.790,,0,,,,1.580,-2.375,True,0.450,-2.703,3.26,69.13
1786962311.890,,0,,,,1.360,-2.658,True,0.446,-2.734,3.30,69.12
1786962312.040,,0,,,,1.290,-2.748,True,0.445,-2.695,3.25,69.09
1786962312.140,,0,,,,1.230,-2.825,True,0.444,-2.781,3.35,69.07
1786962312.240,,0,,,,1.160,-2.915,True,0.442,-2.815,3.39,69.06
1786962312.340,,0,,,,1.090,-3.005,True,0.441,-2.873,3.46,69.05
1786962312.415,,0,,,,1.010,-3.108,True,0.440,-2.904,3.50,69.04
1786962312.490,,0,,,,0.820,-3.353,True,0.437,-2.896,3.49,69.03
1786962312.590,,0,,,,0.670,-3.546,True,0.434,-2.822,3.40,69.01
1786962312.665,,0,,,,0.500,-3.764,True,0.431,-2.778,3.34,69.00
1786962312.690,,0,,,,0.450,-3.829,True,0.431,-1.903,2.23,67.24
1786962312.790,,0,,,,0.360,-3.945,True,0.429,-1.820,2.13,67.23
1786962312.840,,0,,,,0.340,-3.970,True,0.429,-1.787,2.10,67.22
1786962312.990,,0,,,,0.320,-3.996,True,0.428,-1.810,2.13,67.36
1786962313.065,,0,,,,0.370,-3.932,True,0.429,-1.952,2.29,67.34
1786962313.140,,0,,,,0.370,-3.932,True,0.429,-2.124,2.49,67.33
1786962313.240,,0,,,,0.390,-3.906,True,0.430,-2.262,2.64,66.94
1786962313.340,,0,,,,0.420,-3.867,True,0.430,-2.392,2.79,66.93
1786962313.390,,0,,,,0.420,-3.867,True,0.430,-2.411,2.81,66.92
1786962313.440,,0,,,,0.510,-3.752,True,0.432,-2.364,2.76,66.91
1786962313.565,,0,,,,0.640,-3.584,True,0.434,-2.300,2.69,66.91
1786962313.590,,0,,,,0.740,-3.456,True,0.435,-2.269,2.65,66.89
1786962313.690,,0,,,,0.900,-3.250,True,0.438,-2.298,2.68,66.88
1786962313.815,,0,,,,0.910,-3.237,True,0.438,-2.346,2.74,66.87
1786962313.890,,0,,,,0.850,-3.314,True,0.437,-2.393,2.79,66.86
1786962313.890,,0,,,,0.850,-3.314,True,0.437,-2.464,2.87,66.85
1786962314.040,,0,,,,0.530,-3.726,True,0.432,-2.562,2.99,66.83
1786962314.090,,0,,,,0.410,-3.880,True,0.430,-2.575,3.00,66.82
1786962314.190,,0,,,,0.360,-3.945,True,0.429,-2.508,2.92,66.80
1786962314.240,,0,,,,0.470,-3.803,True,0.431,-2.457,2.86,66.79
1786962314.390,,0,,,,0.690,-3.520,True,0.435,-2.029,2.29,64.80
1786962314.415,,0,,,,0.690,-3.520,True,0.435,-1.937,2.19,64.80
1786962314.490,,0,,,,0.720,-3.481,True,0.435,-1.916,2.17,64.78
1786962314.540,,0,,,,0.670,-3.546,True,0.434,-1.789,2.02,64.77
1786962314.640,,0,,,,0.510,-3.752,True,0.432,-1.743,1.97,64.76
1786962314.740,,0,,,,0.200,-4.150,True,0.426,-1.769,2.00,64.75
1786962314.790,,0,,,,-0.010,-4.421,True,0.423,-1.694,1.91,64.75
1786962314.915,,0,,,,-0.170,-4.626,True,0.420,-1.590,1.80,64.74
1786962314.940,,0,,,,-0.170,-4.626,True,0.420,-1.228,1.39,65.00
1786962314.990,,0,,,,-0.160,-4.614,True,0.421,-1.251,1.42,64.99
1786962315.090,,0,,,,0.070,-4.318,True,0.424,-1.250,1.42,64.98
1786962315.190,,0,,,,0.520,-3.739,True,0.432,-1.253,1.42,64.96
1786962315.290,,0,,,,0.800,-3.378,True,0.436,-1.336,1.51,64.95
1786962315.415,,0,,,,1.000,-3.121,True,0.440,-1.330,1.51,64.94
1786962315.490,,0,,,,1.030,-3.082,True,0.440,-1.663,1.89,64.99
1786962315.490,,0,,,,1.030,-3.082,True,0.440,-1.721,1.95,64.98
1786962315.590,,0,,,,0.850,-3.314,True,0.437,-1.777,2.01,64.98
1786962315.590,,0,,,,0.800,-3.378,True,0.436,-1.900,2.15,64.97
1786962315.690,,0,,,,0.580,-3.661,True,0.433,-1.893,2.15,64.96
1786962315.740,,0,,,,0.520,-3.739,True,0.432,-1.711,1.90,63.78
1786962315.840,,0,,,,0.410,-3.880,True,0.430,-1.678,1.87,63.78
1786962315.965,,0,,,,0.450,-3.829,True,0.431,-1.523,1.69,63.76
1786962315.990,,0,,,,0.550,-3.700,True,0.432,-1.487,1.65,63.75
1786962316.090,,0,,,,0.740,-3.456,True,0.435,-2.564,2.87,64.11
1786962316.165,,0,,,,0.940,-3.198,True,0.439,-2.502,2.80,64.10
1786962316.215,,0,,,,1.010,-3.108,True,0.440,-2.424,2.71,64.09
1786962316.290,,0,,,,1.040,-3.070,True,0.440,-1.567,1.72,62.80
1786962316.390,,0,,,,0.860,-3.301,True,0.437,-1.641,1.80,62.79
1786962316.490,,0,,,,0.550,-3.700,True,0.432,-1.648,1.81,62.79
1786962316.590,,0,,,,0.280,-4.047,True,0.428,-1.803,2.01,64.03
1786962316.665,,0,,,,0.300,-4.022,True,0.428,-1.872,2.09,64.02
1786962316.690,,0,,,,0.320,-3.996,True,0.428,-1.843,2.06,64.01
1786962316.840,,0,,,,0.800,-3.378,True,0.436,-1.835,2.05,64.00
1786962316.940,,0,,,,1.160,-2.915,True,0.442,-1.860,2.08,63.98
1786962317.015,,0,,,,1.240,-2.812,True,0.444,-1.913,2.14,63.97
1786962317.090,,0,,,,1.270,-2.774,True,0.444,-1.871,2.09,63.96
1786962317.265,,0,,,,0.810,-3.365,True,0.437,-1.866,2.08,63.94
1786962317.340,,0,,,,0.670,-3.546,True,0.434,-1.833,2.04,63.92
1786962317.440,,0,,,,0.590,-3.649,True,0.433,-1.764,1.97,63.91
1786962317.565,,0,,,,0.800,-3.378,True,0.436,-1.703,1.90,63.90
1786962317.590,,0,,,,0.880,-3.275,True,0.438,-1.752,1.95,63.89
1786962317.840,,0,,,,1.170,-2.902,True,0.443,-1.963,2.11,61.74
1786962317.890,,0,,,,1.130,-2.954,True,0.442,-1.942,2.09,61.74
1786962317.990,,0,,,,0.840,-3.327,True,0.437,-1.770,1.86,60.10
1786962318.040,,0,,,,0.710,-3.494,True,0.435,-1.780,1.87,60.09
1786962318.465,,0,,,,1.130,-2.954,True,0.442,-2.468,2.61,60.67
1786962318.565,,0,,,,1.250,-2.799,True,0.444,-2.547,2.70,60.66
1786962318.590,,0,,,,1.240,-2.812,True,0.444,-2.691,2.85,60.65
1786962318.690,,0,,,,1.050,-3.057,True,0.441,-2.840,3.00,60.64
1786962318.740,,0,,,,0.900,-3.250,True,0.438,-2.755,2.91,60.63
1786962318.865,,0,,,,0.620,-3.610,True,0.433,-2.728,2.88,60.62
1786962318.990,,0,,,,0.590,-3.649,True,0.433,-2.594,2.74,60.60
1786962319.065,,0,,,,0.680,-3.533,True,0.434,-1.440,1.48,58.97
1786962319.090,,0,,,,0.730,-3.468,True,0.435,-1.298,1.34,58.96
1786962319.190,,0,,,,1.060,-3.044,True,0.441,-1.300,1.34,58.96
1786962319.265,,0,,,,1.240,-2.812,True,0.444,-1.378,1.42,58.95
1786962319.340,,0,,,,1.400,-2.606,True,0.446,-1.843,1.87,58.28
1786962319.440,,0,,,,1.460,-2.529,True,0.447,-2.482,2.52,58.16
1786962319.590,,0,,,,1.330,-2.696,True,0.445,-2.704,2.74,58.14
1786962319.665,,0,,,,1.110,-2.979,True,0.442,-2.827,2.87,58.13
1786962319.740,,0,,,,0.870,-3.288,True,0.438,-2.826,2.87,58.12
1786962319.840,,0,,,,0.610,-3.623,True,0.433,-2.714,2.75,58.10
1786962319.890,,0,,,,0.470,-3.803,True,0.431,-2.713,2.75,58.10
1786962319.940,,0,,,,0.400,-3.893,True,0.430,-2.716,2.75,58.09
1786962319.990,,0,,,,0.410,-3.880,True,0.430,-2.615,2.65,58.08
1786962320.090,,0,,,,0.470,-3.803,True,0.431,-2.584,2.62,58.07
1786962320.190,,0,,,,0.600,-3.636,True,0.433,-2.484,2.52,58.06
1786962320.265,,0,,,,0.720,-3.481,True,0.435,-1.870,1.85,56.66
1786962320.290,,0,,,,0.780,-3.404,True,0.436,-1.824,1.80,56.65
1786962320.390,,0,,,,0.770,-3.417,True,0.436,-1.890,1.87,56.64
1786962320.490,,0,,,,0.650,-3.571,True,0.434,-1.938,1.92,56.63
1786962320.590,,0,,,,0.430,-3.854,True,0.430,-2.655,2.66,57.44
1786962320.715,,0,,,,0.180,-4.176,True,0.426,-1.850,1.90,58.94
1786962320.790,,0,,,,0.050,-4.343,True,0.424,-1.822,1.87,58.93
1786962320.790,,0,,,,0.050,-4.343,True,0.424,-1.767,1.82,58.92
1786962320.965,,0,,,,0.220,-4.125,True,0.427,-2.562,2.51,56.10
1786962321.040,,0,,,,0.360,-3.945,True,0.429,-2.551,2.50,56.09
1786962321.090,,0,,,,0.510,-3.752,True,0.432,-2.479,2.43,56.08
1786962321.190,,0,,,,0.630,-3.597,True,0.434,-2.399,2.35,56.06
1786962321.315,,0,,,,0.780,-3.404,True,0.436,-2.300,2.25,56.05
1786962321.390,,0,,,,0.870,-3.288,True,0.438,-2.308,2.26,56.04
1786962321.490,,0,,,,0.950,-3.185,True,0.439,-2.367,2.31,56.03
1786962321.590,,0,,,,1.080,-3.018,True,0.441,-2.456,2.40,56.02
1786962321.640,,0,,,,1.130,-2.954,True,0.442,-2.563,2.50,56.01
1786962321.690,,0,,,,1.140,-2.941,True,0.442,-2.656,2.54,54.85
1786962321.790,,0,,,,1.170,-2.902,True,0.443,-2.737,2.62,54.84
1786962321.890,,0,,,,1.120,-2.967,True,0.442,-2.824,2.70,54.83
1786962321.940,,0,,,,1.090,-3.005,True,0.441,-2.910,2.78,54.82
1786962321.990,,0,,,,1.050,-3.057,True,0.441,-2.153,2.02,53.88
1786962322.040,,0,,,,1.030,-3.082,True,0.440,-2.148,2.02,53.87
1786962322.140,,0,,,,0.970,-3.160,True,0.439,-2.331,2.20,54.02
1786962322.265,,0,,,,0.960,-3.172,True,0.439,-1.843,1.76,54.66
1786962322.340,,0,,,,0.990,-3.134,True,0.440,-2.278,2.12,53.22
1786962322.390,,0,,,,1.000,-3.121,True,0.440,-2.174,2.02,53.21
1786962322.490,,0,,,,1.050,-3.057,True,0.441,-1.189,1.13,54.24
1786962322.565,,0,,,,0.970,-3.160,True,0.439,-1.171,1.11,54.23
1786962322.690,,0,,,,0.810,-3.365,True,0.437,-2.325,2.15,52.89
1786962322.740,,0,,,,0.730,-3.468,True,0.435,-2.330,2.15,52.88
1786962322.790,,0,,,,0.650,-3.571,True,0.434,-2.175,2.01,52.93
1786962322.890,,0,,,,0.510,-3.752,True,0.432,-2.153,1.99,52.92
1786962322.990,,0,,,,0.540,-3.713,True,0.432,-2.080,1.92,52.91
1786962323.040,,0,,,,0.600,-3.636,True,0.433,-1.563,1.42,52.04
1786962323.090,,0,,,,0.730,-3.468,True,0.435,-1.532,1.39,52.03
1786962323.190,,0,,,,0.990,-3.134,True,0.440,-1.981,1.81,52.28
1786962323.240,,0,,,,1.190,-2.877,True,0.443,-1.711,1.59,53.38
1786962323.415,,0,,,,1.590,-2.362,True,0.450,-2.410,2.19,52.03
1786962323.440,,0,,,,1.640,-2.298,True,0.451,-2.430,2.21,52.01
1786962323.490,,0,,,,1.670,-2.259,True,0.451,-2.439,2.21,52.00
1786962323.590,,0,,,,1.660,-2.272,True,0.451,-1.524,1.43,53.58
1786962323.665,,0,,,,1.690,-2.233,True,0.451,-1.584,1.48,53.57
1786962323.690,,0,,,,1.700,-2.220,True,0.452,-1.676,1.57,53.56
1786962323.790,,0,,,,1.790,-2.105,True,0.453,-1.804,1.69,53.56
1786962323.890,,0,,,,1.890,-1.976,True,0.455,-2.621,2.29,50.03
1786962323.940,,0,,,,1.940,-1.912,True,0.456,-2.651,2.31,50.02
1786962324.115,,0,,,,2.000,-1.834,True,0.457,-1.775,1.53,49.39
1786962324.140,,0,,,,1.950,-1.899,True,0.456,-1.779,1.53,49.38
1786962324.240,,0,,,,1.940,-1.912,True,0.456,-2.390,2.09,50.16
1786962324.365,,0,,,,1.620,-2.323,True,0.450,-2.416,2.12,50.32
1786962324.465,,0,,,,1.420,-2.581,True,0.447,-2.241,1.95,49.89
1786962324.490,,0,,,,1.360,-2.658,True,0.446,-2.179,1.90,49.88
1786962324.590,,0,,,,1.200,-2.864,True,0.443,-2.521,2.20,49.97
1786962324.640,,0,,,,1.100,-2.992,True,0.441,-2.749,2.34,48.88
1786962324.690,,0,,,,1.050,-3.057,True,0.441,-2.706,2.31,48.87
1786962324.790,,0,,,,0.960,-3.172,True,0.439,-1.492,1.29,49.51
1786962324.840,,0,,,,0.960,-3.172,True,0.439,-1.405,1.21,49.51
1786962324.890,,0,,,,1.000,-3.121,True,0.440,-1.344,1.16,49.50
1786962324.990,,0,,,,1.130,-2.954,True,0.442,-1.306,1.13,49.49
1786962325.040,,0,,,,1.160,-2.915,True,0.442,-1.447,1.23,48.65
1786962325.190,,0,,,,1.460,-2.529,True,0.447,-1.477,1.29,50.19
1786962325.390,,0,,,,1.440,-2.555,True,0.447,-1.521,1.33,50.03
1786962325.440,,0,,,,1.400,-2.606,True,0.446,-1.588,1.39,50.01
1786962325.490,,0,,,,1.360,-2.658,True,0.446,-1.563,1.32,48.48
1786962325.590,,0,,,,1.290,-2.748,True,0.445,-1.437,1.20,47.68
1786962325.690,,0,,,,1.340,-2.684,True,0.445,-1.455,1.21,47.67
1786962325.890,,0,,,,1.780,-2.117,True,0.453,-2.176,1.78,46.83
1786962325.890,,0,,,,1.780,-2.117,True,0.453,-2.229,1.82,46.83
1786962326.040,,0,,,,1.970,-1.873,True,0.456,-1.118,0.92,47.37
1786962326.090,,0,,,,1.970,-1.873,True,0.456,-1.138,0.94,47.37
1786962326.190,,0,,,,1.920,-1.937,True,0.455,-1.134,0.94,47.35
1786962326.290,,0,,,,1.670,-2.259,True,0.451,-1.570,1.30,47.34
1786962326.390,,0,,,,1.400,-2.606,True,0.446,-1.268,1.01,45.70
1786962326.440,,0,,,,1.340,-2.684,True,0.445,-1.511,1.23,46.75
1786962326.565,,0,,,,1.150,-2.928,True,0.442,-2.355,1.91,46.45
1786962326.590,,0,,,,1.010,-3.108,True,0.440,-2.394,1.94,46.43
1786962326.690,,0,,,,0.980,-3.147,True,0.439,-2.223,1.78,45.95
1786962326.790,,0,,,,1.030,-3.082,True,0.440,-1.637,1.31,46.02
1786962326.890,,0,,,,1.110,-2.979,True,0.442,-2.435,1.92,45.11
1786962326.940,,0,,,,1.110,-2.979,True,0.442,-2.396,1.89,45.10
1786962327.090,,0,,,,1.200,-2.864,True,0.443,-1.420,1.14,45.94
1786962327.190,,0,,,,1.200,-2.864,True,0.443,-2.061,1.64,45.49
1786962327.265,,0,,,,1.150,-2.928,True,0.442,-1.389,1.10,45.59
1786962327.390,,0,,,,0.990,-3.134,True,0.440,-1.941,1.54,45.42
1786962327.440,,0,,,,0.910,-3.237,True,0.438,-2.181,1.69,44.45
1786962327.565,,0,,,,0.850,-3.314,True,0.437,-2.158,1.66,43.98
1786962327.665,,0,,,,0.940,-3.198,True,0.439,-1.128,0.87,44.42
1786962327.690,,0,,,,1.020,-3.095,True,0.440,-1.134,0.88,44.41
1786962327.790,,0,,,,1.160,-2.915,True,0.442,-1.644,1.28,44.76
1786962327.915,,0,,,,1.420,-2.581,True,0.447,-1.349,1.05,44.44
1786962327.940,,0,,,,1.550,-2.413,True,0.449,-1.502,1.16,44.44
1786962327.990,,0,,,,1.590,-2.362,True,0.450,-1.681,1.30,44.27
1786962328.090,,0,,,,1.730,-2.182,True,0.452,-1.668,1.29,44.26
1786962328.190,,0,,,,1.810,-2.079,True,0.453,-1.383,1.03,42.54
1786962328.290,,0,,,,1.820,-2.066,True,0.454,-2.456,1.85,43.06
1786962328.390,,0,,,,1.660,-2.272,True,0.451,-2.605,1.93,42.55
1786962328.490,,0,,,,1.430,-2.568,True,0.447,-2.046,1.54,43.24
1786962328.540,,0,,,,1.360,-2.658,True,0.446,-2.025,1.53,43.24
1786962328.590,,0,,,,1.280,-2.761,True,0.444,-1.414,1.06,42.95
1786962328.690,,0,,,,1.190,-2.877,True,0.443,-2.715,2.01,42.34
1786962328.790,,0,,,,1.120,-2.967,True,0.442,-2.618,1.93,42.33
1786962328.840,,0,,,,1.150,-2.928,True,0.442,-2.522,1.86,42.32
1786962328.940,,0,,,,1.260,-2.786,True,0.444,-1.483,1.10,42.33
1786962328.990,,0,,,,1.330,-2.696,True,0.445,-1.462,1.08,42.32
1786962329.065,,0,,,,1.360,-2.658,True,0.446,-2.312,1.69,41.85
1786962329.140,,0,,,,1.370,-2.645,True,0.446,-0.978,0.71,41.49
1786962329.240,,0,,,,1.210,-2.851,True,0.443,-2.454,1.77,41.39
1786962329.290,,0,,,,1.050,-3.057,True,0.441,-2.426,1.75,41.38
1786962329.414,,0,,,,0.790,-3.391,True,0.436,-2.287,1.65,41.28
1786962329.490,,0,,,,0.570,-3.674,True,0.433,-2.312,1.65,40.99
1786962329.615,,0,,,,0.540,-3.713,True,0.432,-2.510,1.78,40.73
1786962329.639,,0,,,,0.600,-3.636,True,0.433,-2.485,1.77,40.72
1786962329.689,,0,,,,0.710,-3.494,True,0.435,-1.525,1.09,40.95
1786962329.789,,0,,,,1.100,-2.992,True,0.441,-1.493,1.07,40.94
1786962329.889,,0,,,,1.480,-2.503,True,0.448,-2.222,1.55,40.01
1786962329.989,,0,,,,1.710,-2.207,True,0.452,-1.316,0.93,40.64
1786962330.040,,0,,,,1.740,-2.169,True,0.452,-1.409,1.00,40.63
1786962330.114,,0,,,,1.790,-2.105,True,0.453,-2.499,1.73,39.69
1786962330.239,,0,,,,1.700,-2.220,True,0.452,-1.703,1.20,40.36
1786962330.389,,0,,,,1.280,-2.761,True,0.444,-2.721,1.86,39.17
1786962330.489,,0,,,,1.220,-2.838,True,0.443,-2.215,1.53,39.57
1786962330.590,,0,,,,1.170,-2.902,True,0.443,-2.773,1.89,39.04
1786962330.639,,0,,,,1.230,-2.825,True,0.444,-2.633,1.79,39.03
1786962330.689,,0,,,,1.290,-2.748,True,0.445,-2.787,1.90,39.09
1786962330.789,,0,,,,1.430,-2.568,True,0.447,-2.508,1.67,38.20
1786962330.889,,0,,,,1.530,-2.439,True,0.449,-2.389,1.59,38.19
1786962330.989,,0,,,,1.510,-2.465,True,0.448,-2.511,1.67,38.23
1786962331.089,,0,,,,1.440,-2.555,True,0.447,-2.471,1.65,38.33
1786962331.190,,0,,,,1.230,-2.825,True,0.444,-2.613,1.72,37.78
1786962331.314,,0,,,,0.970,-3.160,True,0.439,-2.564,1.69,37.70
1786962331.340,,0,,,,0.900,-3.250,True,0.438,-2.545,1.67,37.69
1786962331.464,,0,,,,0.720,-3.481,True,0.435,-2.333,1.53,37.51
1786962331.489,,0,,,,0.700,-3.507,True,0.435,-2.292,1.50,37.51
1786962331.589,,0,,,,0.660,-3.558,True,0.434,-2.169,1.40,36.89
1786962331.689,,0,,,,0.670,-3.546,True,0.434,-2.316,1.50,37.02
1786962331.764,,0,,,,0.720,-3.481,True,0.435,-2.287,1.48,37.00
1786962331.839,,0,,,,0.740,-3.456,True,0.435,-2.290,1.48,36.98
1786962331.914,,0,,,,0.760,-3.430,True,0.436,-2.166,1.38,36.54
1786962331.989,,0,,,,0.810,-3.365,True,0.437,-2.334,1.48,36.29
1786962332.089,,0,,,,0.860,-3.301,True,0.437,-2.372,1.50,36.19
1786962332.189,,0,,,,0.920,-3.224,True,0.438,-2.468,1.56,36.18
1786962332.315,,0,,,,1.000,-3.121,True,0.440,-2.714,1.70,35.96
1786962332.315,,0,,,,1.000,-3.121,True,0.440,-2.743,1.72,35.96
1786962332.389,,0,,,,1.050,-3.057,True,0.441,-2.627,1.62,35.44
1786962332.589,,0,,,,1.110,-2.979,True,0.442,-2.351,1.45,35.37
1786962332.639,,0,,,,1.100,-2.992,True,0.441,-2.447,1.51,35.27
1786962332.739,,0,,,,1.050,-3.057,True,0.441,-2.346,1.44,35.27
1786962332.789,,0,,,,1.030,-3.082,True,0.440,-1.929,1.16,34.55
1786962332.889,,0,,,,1.030,-3.082,True,0.440,-1.892,1.14,34.54
1786962332.964,,0,,,,1.050,-3.057,True,0.441,-1.928,1.16,34.53
1786962333.039,,0,,,,1.100,-2.992,True,0.441,-2.516,1.50,34.26
1786962333.139,,0,,,,1.150,-2.928,True,0.442,-2.465,1.48,34.45
1786962333.189,,0,,,,1.200,-2.864,True,0.443,-2.581,1.55,34.43
1786962333.289,,0,,,,1.260,-2.786,True,0.444,-2.280,1.35,33.88
1786962333.389,,0,,,,1.220,-2.838,True,0.443,-2.639,1.58,34.21
1786962333.489,,0,,,,1.150,-2.928,True,0.442,-2.811,1.64,33.41
1786962333.589,,0,,,,0.970,-3.160,True,0.439,-2.472,1.43,33.24
1786962333.639,,0,,,,0.890,-3.263,True,0.438,-2.476,1.44,33.22
1786962333.689,,0,,,,0.790,-3.391,True,0.436,-2.359,1.37,33.22
1786962333.789,,0,,,,0.650,-3.571,True,0.434,-2.278,1.31,33.05
1786962333.839,,0,,,,0.610,-3.623,True,0.433,-2.290,1.31,32.87
1786962333.939,,0,,,,0.570,-3.674,True,0.433,-2.357,1.36,32.97
1786962333.989,,0,,,,0.570,-3.674,True,0.433,-2.404,1.38,32.96
1786962334.039,,0,,,,0.560,-3.687,True,0.432,-2.343,1.34,32.86
1786962334.189,,0,,,,0.670,-3.546,True,0.434,-2.440,1.38,32.46
1786962334.314,,0,,,,0.770,-3.417,True,0.436,-2.459,1.39,32.44
1786962334.414,,0,,,,0.900,-3.250,True,0.438,-2.342,1.31,32.06
1786962334.464,,0,,,,0.950,-3.185,True,0.439,-2.482,1.39,32.08
1786962334.489,,0,,,,0.940,-3.198,True,0.439,-2.540,1.42,32.07
1786962334.589,,0,,,,0.900,-3.250,True,0.438,-2.483,1.37,31.64
1786962334.689,,0,,,,0.820,-3.353,True,0.437,-2.512,1.38,31.40
1786962334.789,,0,,,,0.780,-3.404,True,0.436,-2.621,1.42,31.03
1786962334.839,,0,,,,0.770,-3.417,True,0.436,-2.669,1.44,31.01
1786962334.889,,0,,,,0.890,-3.263,True,0.438,-2.014,1.08,30.84
1786962334.989,,0,,,,1.110,-2.979,True,0.442,-1.960,1.05,30.83
1786962335.114,,0,,,,1.360,-2.658,True,0.446,-2.289,1.23,30.70
1786962335.139,,0,,,,1.500,-2.478,True,0.448,-2.321,1.24,30.49
1786962335.239,,0,,,,1.600,-2.349,True,0.450,-2.696,1.43,30.41
1786962335.289,,0,,,,1.600,-2.349,True,0.450,-2.814,1.49,30.40
1786962335.389,,0,,,,1.470,-2.516,True,0.448,-2.666,1.40,30.15
1786962335.489,,0,,,,1.130,-2.954,True,0.442,-2.896,1.52,30.01
1786962335.589,,0,,,,0.780,-3.404,True,0.436,-2.567,1.33,29.61
1786962335.689,,0,,,,0.420,-3.867,True,0.430,-2.872,1.48,29.50
1786962335.814,,0,,,,0.300,-4.022,True,0.428,-2.473,1.26,29.23
1786962335.889,,0,,,,0.300,-4.022,True,0.428,-2.395,1.22,29.22
1786962335.989,,0,,,,0.520,-3.739,True,0.432,-2.534,1.30,29.48
1786962336.090,,0,,,,0.630,-3.597,True,0.434,-2.393,1.21,28.89
1786962336.189,,0,,,,0.650,-3.571,True,0.434,-2.396,1.20,28.71
1786962336.289,,0,,,,0.580,-3.661,True,0.433,-2.990,1.51,28.86
1786962336.389,,0,,,,0.260,-4.073,True,0.427,-2.479,1.22,28.18
1786962336.464,,0,,,,0.130,-4.240,True,0.425,-2.473,1.22,28.17
1786962336.539,,0,,,,-0.100,-4.536,True,0.422,-2.422,1.19,28.10
1786962336.639,,0,,,,-0.180,-4.639,True,0.420,-2.249,1.10,27.93
1786962336.764,,0,,,,0.030,-4.369,True,0.424,-2.225,1.07,27.50
1786962336.789,,0,,,,0.200,-4.150,True,0.426,-2.330,1.12,27.48
1786962336.889,,0,,,,0.660,-3.558,True,0.434,-2.090,0.99,27.25
1786962336.964,,0,,,,0.850,-3.314,True,0.437,-2.144,1.02,27.24
1786962337.039,,0,,,,1.220,-2.838,True,0.443,-2.172,1.03,27.09
1786962337.114,,0,,,,1.360,-2.658,True,0.446,-2.481,1.17,26.95
1786962337.214,,0,,,,1.370,-2.645,True,0.446,-2.713,1.26,26.70
1786962337.289,,0,,,,1.240,-2.812,True,0.444,-2.839,1.32,26.68
1786962337.389,,0,,,,1.030,-3.082,True,0.440,-2.607,1.21,26.54
1786962337.464,,0,,,,0.900,-3.250,True,0.438,-2.524,1.15,26.18
1786962337.539,,0,,,,0.810,-3.365,True,0.437,-2.426,1.11,26.17
1786962337.589,,0,,,,0.750,-3.443,True,0.436,-2.418,1.10,26.16
1786962337.689,,0,,,,0.690,-3.520,True,0.435,-2.390,1.08,25.82
1786962337.789,,0,,,,0.590,-3.649,True,0.433,-2.359,1.06,25.68
1786962337.889,,0,,,,0.440,-3.842,True,0.430,-2.378,1.06,25.67
1786962337.939,,0,,,,0.310,-4.009,True,0.428,-2.476,1.10,25.47
1786962338.039,,0,,,,0.150,-4.215,True,0.426,-2.502,1.10,25.31
1786962338.089,,0,,,,0.000,-4.408,True,0.423,-2.502,1.10,25.29
1786962338.139,,0,,,,-0.070,-4.498,True,0.422,-2.421,1.06,25.15
1786962338.239,,0,,,,-0.140,-4.588,True,0.421,-2.376,1.03,24.95
1786962338.339,,0,,,,-0.020,-4.433,True,0.423,-2.212,0.96,24.93
1786962338.489,,0,,,,0.200,-4.150,True,0.426,-2.424,1.05,24.77
1786962338.589,,0,,,,0.410,-3.880,True,0.430,-2.349,1.01,24.76
1786962338.689,,0,,,,0.500,-3.764,True,0.431,-2.415,1.02,24.27
1786962338.789,,0,,,,0.490,-3.777,True,0.431,-2.585,1.08,23.94
1786962338.864,,0,,,,0.510,-3.752,True,0.432,-2.648,1.10,23.92
1786962338.914,,0,,,,0.470,-3.803,True,0.431,-2.760,1.15,23.91
1786962338.989,,0,,,,0.400,-3.893,True,0.430,-2.434,1.00,23.66
1786962339.089,,0,,,,0.390,-3.906,True,0.430,-2.441,0.99,23.30
1786962339.189,,0,,,,0.340,-3.970,True,0.429,-2.362,0.96,23.28
1786962339.264,,0,,,,0.330,-3.983,True,0.429,-2.306,0.93,23.15
1786962339.339,,0,,,,0.300,-4.022,True,0.428,-2.289,0.92,22.95
1786962339.439,,0,,,,0.250,-4.086,True,0.427,-2.237,0.89,22.73
1786962339.539,,0,,,,0.180,-4.176,True,0.426,-2.309,0.91,22.57
1786962339.589,,0,,,,0.150,-4.215,True,0.426,-2.253,0.89,22.55
1786962339.689,,0,,,,0.040,-4.356,True,0.424,-2.263,0.88,22.41
1786962339.789,,0,,,,0.020,-4.382,True,0.424,-2.295,0.89,22.11
1786962339.889,,0,,,,0.090,-4.292,True,0.425,-2.192,0.84,22.09
1786962339.889,,0,,,,0.090,-4.292,True,0.425,-2.092,0.81,22.08
1786962340.014,,0,,,,0.300,-4.022,True,0.428,-2.056,0.78,21.87
1786962340.089,,0,,,,0.470,-3.803,True,0.431,-2.451,0.93,21.70
1786962340.189,,0,,,,0.620,-3.610,True,0.433,-2.054,0.77,21.49
1786962340.289,,0,,,,0.830,-3.340,True,0.437,-2.052,0.77,21.48
1786962340.489,,0,,,,0.870,-3.288,True,0.438,-2.570,0.94,20.94
1786962340.589,,0,,,,0.740,-3.456,True,0.435,-2.755,1.00,20.75
1786962340.689,,0,,,,0.630,-3.597,True,0.434,-2.808,1.01,20.58
1786962340.889,,0,,,,0.770,-3.417,True,0.436,-2.843,1.01,20.29
1786962340.939,,0,,,,0.940,-3.198,True,0.439,-2.939,1.03,20.17
1786962341.089,,0,,,,1.150,-2.928,True,0.442,-3.003,1.06,20.15
1786962341.189,,0,,,,1.180,-2.889,True,0.443,-2.829,0.97,19.71
1786962341.289,,0,,,,1.000,-3.121,True,0.440,-2.920,0.99,19.38
1786962341.389,,0,,,,0.870,-3.288,True,0.438,-2.886,0.96,19.16
1786962341.589,,0,,,,0.770,-3.417,True,0.436,-2.534,0.84,18.99
1786962341.689,,0,,,,0.880,-3.275,True,0.438,-2.497,0.82,18.79
1786962341.814,,0,,,,1.130,-2.954,True,0.442,-2.541,0.82,18.60
1786962341.889,,0,,,,1.390,-2.619,True,0.446,-2.495,0.80,18.47
1786962342.189,,0,,,,2.140,-1.654,True,0.459,-2.466,0.77,17.93
1786962342.264,,0,,,,2.260,-1.500,True,0.461,-2.782,0.86,17.73
1786962342.339,,0,,,,2.220,-1.551,True,0.461,-2.562,0.77,17.34
1786962342.414,,0,,,,2.200,-1.577,True,0.460,-2.552,0.77,17.33
1786962342.489,,0,,,,2.120,-1.680,True,0.459,-2.646,0.80,17.31
1786962342.564,,0,,,,2.030,-1.796,True,0.457,-2.713,0.82,17.30
1786962342.689,,0,,,,2.020,-1.809,True,0.457,-4.479,1.32,16.90
1786962342.689,,0,,,,2.020,-1.809,True,0.457,-4.451,1.31,16.89
1786962342.789,,0,,,,2.050,-1.770,True,0.458,-3.154,0.91,16.62
1786962342.839,,0,,,,2.050,-1.770,True,0.458,-3.057,0.89,16.61
1786962342.939,,0,,,,2.050,-1.770,True,0.458,-2.904,0.83,16.45
1786962342.989,,0,,,,2.480,-1.217,True,0.465,-2.785,0.80,16.44
1786962343.064,,0,,,,2.510,-1.178,True,0.466,-2.523,0.71,16.22
1786962343.139,,0,,,,2.480,-1.217,True,0.465,-2.508,0.70,16.07
1786962343.239,,0,,,,2.270,-1.487,True,0.461,-2.613,0.72,15.89
1786962343.339,,0,,,,2.100,-1.706,True,0.458,-2.636,0.72,15.71
1786962343.464,,0,,,,1.850,-2.027,True,0.454,-2.721,0.74,15.57
1786962343.564,,0,,,,1.790,-2.105,True,0.453,-2.740,0.74,15.38
1786962343.589,,0,,,,1.830,-2.053,True,0.454,-2.649,0.71,15.36
1786962343.689,,0,,,,2.100,-1.706,True,0.458,-2.331,0.61,15.00
1786962343.789,,0,,,,2.480,-1.217,True,0.465,-2.309,0.60,14.99
1786962343.914,,0,,,,2.890,-0.689,True,0.472,-2.412,0.62,14.64
1786962343.989,,0,,,,3.160,-0.342,True,0.477,-2.422,0.61,14.44
1786962344.089,,0,,,,3.300,-0.162,True,0.479,-2.510,0.63,14.28
1786962344.139,,0,,,,3.320,-0.136,True,0.480,-2.663,0.66,14.27
1786962344.189,,0,,,,3.360,-0.084,True,0.480,-1.649,0.48,16.65
1786962344.239,,0,,,,3.380,-0.059,True,0.481,-1.777,0.52,16.64
1786962344.289,,0,,,,3.370,-0.072,True,0.481,-2.957,0.72,13.92
1786962344.389,,0,,,,3.530,0.134,True,0.483,-3.066,0.74,13.77
1786962344.439,,0,,,,3.570,0.186,True,0.484,-3.137,0.75,13.76
1786962344.539,,0,,,,3.800,0.482,True,0.488,-2.983,0.70,13.54
1786962344.689,,0,,,,4.110,0.881,True,0.494,-2.914,0.68,13.37
1786962344.739,,0,,,,4.170,0.958,True,0.495,-2.883,0.66,13.20
1786962344.789,,0,,,,4.240,1.048,True,0.496,-2.894,0.67,13.18
1786962344.889,,0,,,,4.300,1.125,True,0.497,-2.294,0.62,15.37
1786962344.939,,0,,,,4.260,1.074,True,0.497,-3.215,0.72,12.88
1786962344.989,,0,,,,4.210,1.009,True,0.496,-3.224,0.72,12.87
1786962345.089,,0,,,,4.070,0.829,True,0.493,-1.834,0.47,14.82
1786962345.139,,0,,,,3.980,0.713,True,0.492,-2.857,0.62,12.50
1786962345.289,,0,,,,3.820,0.507,True,0.489,-2.893,0.63,12.48
1786962345.339,,0,,,,3.840,0.533,True,0.489,-2.775,0.60,12.46
1786962345.439,,0,,,,3.930,0.649,True,0.491,-0.345,0.09,14.82
1786962345.614,,0,,,,4.290,1.112,True,0.497,-2.390,0.49,11.75
1786962345.639,,0,,,,4.450,1.318,True,0.500,-1.752,0.42,13.73
1786962345.739,,0,,,,4.620,1.537,True,0.503,-1.804,0.44,13.92
1786962345.789,,0,,,,4.670,1.601,True,0.504,-1.847,0.45,13.90
1786962345.889,,0,,,,4.790,1.756,True,0.506,-2.456,0.48,11.23
1786962345.939,,0,,,,4.790,1.756,True,0.506,-1.790,0.42,13.38
1786962346.039,,0,,,,4.870,1.858,True,0.508,0.198,0.05,13.65
1786962346.089,,0,,,,4.920,1.923,True,0.509,-0.005,0.00,13.64
1786962346.189,,0,,,,5.030,2.064,True,0.511,-2.141,0.49,13.19
1786962346.289,,0,,,,5.120,2.180,True,0.512,-2.889,0.53,10.53
1786962346.414,,0,,,,5.300,2.412,True,0.516,-3.338,0.61,10.41
1786962346.489,,0,,,,5.380,2.515,True,0.517,-2.042,0.45,12.60
1786962346.589,,0,,,,5.480,2.643,True,0.519,-2.290,0.49,12.22
1786962346.639,,0,,,,5.520,2.695,True,0.520,-2.327,0.50,12.20
1786962346.764,,0,,,,5.530,2.708,True,0.520,-2.335,0.50,12.18
1786962346.814,,0,,,,5.470,2.630,True,0.519,-2.866,0.48,9.67
1786962346.889,,0,,,,5.490,2.656,True,0.519,-3.068,0.52,9.65
1786962346.989,,0,,,,5.470,2.630,True,0.519,-3.059,0.51,9.63
1786962347.039,,0,,,,5.420,2.566,True,0.518,-2.956,0.47,9.09
1786962347.164,,0,,,,5.380,2.515,True,0.517,-3.480,0.54,8.97
1786962347.239,,0,,,,5.360,2.489,True,0.517,-3.060,0.47,8.76
1786962347.339,,0,,,,5.330,2.450,True,0.516,-3.546,0.53,8.64
1786962347.464,,0,,,,5.410,2.553,True,0.518,-3.289,0.48,8.44
1786962347.564,,0,,,,5.530,2.708,True,0.520,-3.173,0.46,8.28
1786962347.589,,0,,,,5.530,2.708,True,0.520,-3.084,0.44,8.27
1786962347.764,,0,,,,5.750,2.991,True,0.524,-0.007,0.00,8.98
1786962347.789,,0,,,,5.790,3.042,True,0.525,-0.137,0.02,8.96
1786962347.889,,0,,,,5.840,3.107,True,0.526,-5.094,0.68,7.66
1786962347.989,,0,,,,5.830,3.094,True,0.525,-3.346,0.43,7.37
1786962348.089,,0,,,,5.770,3.016,True,0.524,-4.731,0.69,8.36
1786962348.139,,0,,,,5.720,2.952,True,0.523,-4.681,0.68,8.35
1786962348.239,,0,,,,5.670,2.888,True,0.522,-4.584,0.67,8.33
1786962348.339,,0,,,,5.690,2.914,True,0.523,-3.078,0.43,7.94
1786962348.464,,0,,,,5.690,2.914,True,0.523,-3.096,0.43,7.92
1786962348.539,,0,,,,5.710,2.939,True,0.523,-3.370,0.38,6.53
1786962348.589,,0,,,,5.680,2.901,True,0.523,-3.209,0.35,6.33
1786962348.689,,0,,,,5.540,2.721,True,0.520,-3.485,0.37,6.16
1786962348.789,,0,,,,5.430,2.579,True,0.518,-4.083,0.43,6.04
1786962348.914,,0,,,,5.370,2.502,True,0.517,-3.866,0.40,5.87
1786962348.939,,0,,,,5.380,2.515,True,0.517,-3.914,0.40,5.86
1786962348.989,,0,,,,5.400,2.540,True,0.517,-3.881,0.40,5.85
1786962349.089,,0,,,,5.540,2.721,True,0.520,-3.500,0.34,5.52
1786962349.189,,0,,,,5.790,3.042,True,0.525,-4.210,0.40,5.39
1786962349.239,,0,,,,5.870,3.145,True,0.526,-4.318,0.40,5.38
1786962349.389,,0,,,,6.100,3.441,True,0.530,-3.890,0.34,5.04
1786962349.514,,0,,,,6.050,3.377,True,0.529,-4.377,0.38,5.01
1786962349.589,,0,,,,5.990,3.300,True,0.528,-4.853,0.40,4.74
1786962349.689,,0,,,,5.920,3.209,True,0.527,-5.098,0.41,4.58
1786962349.789,,0,,,,5.950,3.248,True,0.528,-4.850,0.38,4.44
1786962349.889,,0,,,,6.070,3.402,True,0.530,-5.033,0.38,4.29
1786962349.939,,0,,,,6.100,3.441,True,0.530,-4.973,0.37,4.27
1786962350.039,,0,,,,6.200,3.570,True,0.532,-4.904,0.35,4.15
1786962350.089,,0,,,,6.200,3.570,True,0.532,-4.886,0.35,4.13
1786962350.189,,0,,,,6.130,3.480,True,0.531,-5.029,0.35,3.96
1786962350.289,,0,,,,5.960,3.261,True,0.528,-5.158,0.33,3.71
1786962350.389,,0,,,,5.790,3.042,True,0.525,-4.452,0.28,3.58
1786962350.464,,0,,,,5.780,3.029,True,0.524,-4.649,0.29,3.57
1786962350.564,,0,,,,5.790,3.042,True,0.525,-4.326,0.26,3.47
1786962350.614,,0,,,,5.850,3.119,True,0.526,-5.290,0.31,3.37
1786962350.714,,0,,,,6.100,3.441,True,0.530,-5.030,0.29,3.26
1786962350.739,,0,,,,6.210,3.583,True,0.532,-5.017,0.28,3.24
1786962350.839,,0,,,,6.480,3.908,True,0.533,-5.790,0.32,3.16
1786962350.939,,0,,,,6.680,4.135,True,0.530,-5.470,0.29,3.04
1786962351.064,,0,,,,6.610,4.056,True,0.531,-5.381,0.28,2.98
1786962351.139,,0,,,,6.530,3.965,True,0.532,-5.636,0.29,2.96
1786962351.239,,0,,,,6.380,3.794,True,0.534,-6.862,0.35,2.89
1786962351.314,,0,,,,6.430,3.851,True,0.533,-6.064,0.30,2.83
1786962351.389,,0,,,,6.550,3.987,True,0.532,-7.398,0.36,2.79
1786962351.539,,0,,,,6.920,4.408,True,0.527,-5.971,0.28,2.70
1786962351.689,,0,,,,7.050,4.556,True,0.525,-6.362,0.30,2.68
1786962351.789,,0,,,,7.120,4.636,True,0.524,-5.799,0.27,2.64
1786962351.839,,0,,,,7.140,4.659,True,0.524,-5.915,0.27,2.62
1786962351.989,,0,,,,7.140,4.659,True,0.524,-5.778,0.26,2.60
1786962352.039,,0,,,,7.200,4.727,True,0.523,-5.812,0.26,2.58
1786962352.164,,0,,,,7.320,4.864,True,0.521,-5.711,0.26,2.56
1786962352.239,,0,,,,7.540,5.114,True,0.518,-5.866,0.26,2.54
1786962352.339,,0,,,,7.610,5.194,True,0.517,-5.889,0.26,2.52
1786962352.489,,0,,,,7.910,5.535,True,0.513,-6.075,0.27,2.51
1786962352.539,,0,,,,7.890,5.512,True,0.514,-6.038,0.26,2.49
1786962352.689,,0,,,,7.980,5.615,True,0.512,-5.951,0.26,2.46
1786962352.889,,0,,,,8.250,5.922,True,0.509,-5.936,0.25,2.43
1786962352.939,,0,,,,8.360,6.047,True,0.507,-5.746,0.24,2.41
1786962353.064,,0,,,,8.410,6.104,True,0.507,-5.723,0.24,2.40
1786962353.089,,0,,,,8.390,6.081,True,0.507,-5.508,0.23,2.39
1786962353.189,,0,,,,8.150,5.808,True,0.510,-5.415,0.22,2.37
1786962353.289,,0,,,,7.920,5.546,True,0.513,-5.341,0.22,2.35
1786962353.439,,0,,,,7.700,5.296,True,0.516,-5.396,0.22,2.33
1786962353.489,,0,,,,7.710,5.307,True,0.516,-5.105,0.21,2.31
1786962353.614,,0,,,,7.960,5.592,True,0.513,-5.006,0.20,2.29
1786962353.739,,0,,,,8.520,6.229,True,0.505,-4.869,0.19,2.27
1786962353.839,,0,,,,8.850,6.605,True,0.501,-5.020,0.20,2.25
1786962353.989,,0,,,,8.840,6.593,True,0.501,-4.682,0.18,2.23
1786962354.039,,0,,,,8.740,6.479,True,0.502,-4.936,0.19,2.21
1786962354.189,,0,,,,8.400,6.093,True,0.507,-5.030,0.19,2.19
1786962354.289,,0,,,,8.590,6.309,True,0.504,-5.132,0.19,2.17
1786962354.414,,0,,,,8.830,6.582,True,0.501,-4.963,0.19,2.14
1786962354.539,,0,,,,9.710,7.583,True,0.490,-4.879,0.18,2.12
1786962354.589,,0,,,,9.920,7.822,True,0.487,-5.049,0.19,2.11
1786962354.714,,0,,,,10.200,8.141,True,0.483,-5.269,0.19,2.09
1786962354.739,,0,,,,10.160,8.095,True,0.484,-5.214,0.19,2.08
1786962354.889,,0,,,,9.720,7.595,True,0.489,-5.485,0.20,2.06
1786962354.964,,0,,,,9.540,7.390,True,0.492,-5.375,0.19,2.04
1786962354.989,,0,,,,9.410,7.242,True,0.494,-5.222,0.18,2.03
1786962355.089,,0,,,,9.290,7.105,True,0.495,-5.208,0.18,2.02
1786962355.189,,0,,,,9.290,7.105,True,0.495,-4.989,0.17,2.00
1786962355.264,,0,,,,9.410,7.242,True,0.494,-4.863,0.17,1.99
1786962355.314,,0,,,,9.450,7.287,True,0.493,-4.643,0.16,1.98
1786962355.464,,0,,,,9.700,7.572,True,0.490,-4.537,0.16,1.96
1786962355.539,,0,,,,9.720,7.595,True,0.489,-4.300,0.15,1.94
1786962355.614,,0,,,,9.720,7.595,True,0.489,-4.251,0.14,1.93
1786962355.689,,0,,,,9.800,7.686,True,0.488,-4.082,0.14,1.92
1786962359.189,,0,,,,10.570,8.562,True,0.478,-23.450,1.43,3.58
1786962359.289,,0,,,,10.480,8.459,True,0.480,-23.484,1.42,3.57
1786962359.464,,0,,,,10.130,8.061,True,0.484,-22.475,1.35,3.53
1786962359.514,,0,,,,10.020,7.936,True,0.486,-22.463,1.35,3.52
1786962359.589,,0,,,,9.800,7.686,True,0.488,-22.434,1.34,3.50
1786962360.189,,0,,,,9.910,7.811,True,0.487,-18.197,1.10,3.53
1786962360.339,,0,,,,9.840,7.731,True,0.488,-18.316,1.10,3.51
1786962360.389,,0,,,,9.790,7.674,True,0.489,-21.056,1.26,3.50
1786962360.539,,0,,,,9.720,7.595,True,0.489,-21.027,1.25,3.47
1786962360.939,,0,,,,10.110,8.038,True,0.484,-12.634,0.77,3.54
1786962361.039,,0,,,,10.370,8.334,True,0.481,-12.644,0.77,3.53
1786962361.589,,0,,,,10.310,8.266,True,0.482,-26.389,1.46,3.28
1786962361.639,,0,,,,10.330,8.289,True,0.482,-20.833,1.17,3.30
1786962361.789,,0,,,,10.670,8.676,True,0.477,-20.559,1.15,3.28
1786962362.239,,0,,,,10.650,8.653,True,0.477,-10.010,0.59,3.38
1786962362.339,,0,,,,10.530,8.516,True,0.479,-9.745,0.57,3.37
1786962362.539,,0,,,,10.900,8.937,True,0.474,-9.468,0.55,3.34
1786962362.639,,0,,,,11.110,9.176,True,0.472,-9.394,0.54,3.33
1786962362.789,,0,,,,11.320,9.415,True,0.469,-9.285,0.53,3.30
1786962362.889,,0,,,,11.300,9.393,True,0.469,-9.152,0.52,3.29
1786962362.989,,0,,,,11.300,9.393,True,0.469,-8.971,0.51,3.28
1786962363.089,,0,,,,11.250,9.336,True,0.470,-8.778,0.50,3.26
1786962363.189,,0,,,,11.300,9.393,True,0.469,-8.590,0.49,3.25
1786962363.314,,0,,,,11.490,9.609,True,0.467,-8.391,0.47,3.24
1786962363.389,,0,,,,11.680,9.825,True,0.464,-8.279,0.46,3.23
1786962363.439,,0,,,,11.780,9.939,True,0.463,-8.208,0.46,3.22
1786962363.539,,0,,,,11.880,10.053,True,0.462,-8.024,0.45,3.21
1786962363.639,,0,,,,11.780,9.939,True,0.463,-8.003,0.45,3.20
1786962363.739,,0,,,,6.000,3.312,True,0.528,-5.834,0.32,3.18
1786962363.839,,0,,,,7.600,5.182,True,0.517,-1.866,0.10,3.18
1786962363.889,,0,,,,7.650,5.239,True,0.517,-2.594,0.14,3.17
1786962363.939,,0,,,,7.630,5.216,True,0.517,-2.830,0.16,3.16
1786962364.039,,0,,,,7.660,5.250,True,0.517,-2.839,0.16,3.15
1786962364.089,,0,,,,7.620,5.205,True,0.517,-2.627,0.14,3.14
1786962364.189,,0,,,,7.700,5.296,True,0.516,-2.145,0.12,3.13
1786962364.289,,0,,,,7.960,5.592,True,0.513,-1.832,0.10,3.11
1786962364.389,,0,,,,8.310,5.990,True,0.508,-1.674,0.09,3.11
1786962364.564,,0,,,,8.710,6.445,True,0.503,-3.695,0.20,3.09
1786962364.664,,0,,,,8.710,6.445,True,0.503,-1.608,0.09,3.08
1786962364.789,,0,,,,9.220,7.026,True,0.496,-1.435,0.08,3.06
1786962364.964,,0,,,,8.920,6.684,True,0.500,-2.194,0.12,3.04
1786962365.089,,0,,,,9.050,6.832,True,0.498,-2.245,0.12,3.03
1786962365.389,,0,,,,10.200,8.141,True,0.483,-0.323,0.02,2.99
1786962365.564,,0,,,,10.380,8.346,True,0.481,0.288,0.01,2.97
1786962365.689,,0,,,,10.610,8.607,True,0.478,0.899,0.05,2.96
1786962365.789,,0,,,,10.930,8.972,True,0.474,1.153,0.06,2.95
1786962368.689,,0,,,,17.840,16.965,True,0.487,-3.473,0.12,1.94
1786962368.789,,0,,,,18.140,17.320,True,0.494,-3.006,0.10,1.93
1786962368.889,,0,,,,18.600,17.864,True,0.504,-2.917,0.10,1.92
1786962368.989,,0,,,,18.920,18.243,True,0.512,2.366,0.08,2.03
1786962369.089,,0,,,,19.360,18.764,True,0.523,2.479,0.09,2.02
1786962369.189,,0,,,,19.480,18.906,True,0.525,-1.284,0.04,1.92
1786962369.289,,0,,,,19.300,18.693,True,0.521,-1.407,0.05,1.91
1786962369.389,,0,,,,18.980,18.314,True,0.513,-1.229,0.04,1.89
1786962369.564,,0,,,,18.540,17.793,True,0.503,7.179,0.30,2.43
1786962369.664,,0,,,,18.390,17.616,True,0.500,7.476,0.32,2.43
1786962369.689,,0,,,,18.350,17.568,True,0.499,9.816,0.47,2.74
