t,ns,marker_id,track_id,boresight_deg,angle_in_frame_deg,gimbal_yaw_deg,corrected_yaw_deg,yaw_correction_valid,yaw_sigma_deg,angle_error_deg,miss_distance_m,range_m
1786962004.995,,0,,,,0.040,-4.356,True,0.424,0.051,0.03,35.06
1786962004.995,,0,,,,0.040,-4.356,True,0.424,-0.014,0.01,35.05
1786962004.995,,0,,,,0.030,-4.369,True,0.424,-0.078,0.05,35.03
1786962004.995,,0,,,,0.030,-4.369,True,0.424,-0.303,0.19,35.03
1786962004.995,,0,,,,0.030,-4.369,True,0.424,-0.419,0.26,35.02
1786962004.995,,0,,,,0.030,-4.369,True,0.424,-0.650,0.40,35.00
1786962004.995,,0,,,,0.030,-4.369,True,0.424,-0.754,0.46,34.98
1786962004.995,,0,,,,0.030,-4.369,True,0.424,-0.778,0.47,34.97
1786962004.995,,0,,,,0.030,-4.369,True,0.424,-0.789,0.48,34.96
1786962005.045,,0,,,,-0.040,-4.459,True,0.423,-0.684,0.42,34.94
1786962005.095,,0,,,,-0.030,-4.446,True,0.423,-0.144,0.09,35.06
1786962005.195,,0,,,,-0.020,-4.433,True,0.423,-0.140,0.09,35.04
1786962005.345,,0,,,,-0.010,-4.421,True,0.423,-0.161,0.10,35.03
1786962005.395,,0,,,,-0.050,-4.472,True,0.422,-0.564,0.35,35.19
1786962005.495,,0,,,,-0.170,-4.626,True,0.420,-0.638,0.39,35.18
1786962005.545,,0,,,,-0.220,-4.691,True,0.420,-0.713,0.44,35.17
1786962005.595,,0,,,,-0.250,-4.729,True,0.419,-0.715,0.44,35.15
1786962005.745,,0,,,,-0.250,-4.729,True,0.419,-0.766,0.47,35.16
1786962005.795,,0,,,,-0.150,-4.601,True,0.421,-0.782,0.48,35.14
1786962005.895,,0,,,,-0.060,-4.485,True,0.422,-0.896,0.55,35.12
1786962005.995,,0,,,,0.060,-4.331,True,0.424,-0.741,0.45,35.13
1786962006.045,,0,,,,0.080,-4.305,True,0.425,-0.794,0.49,35.11
1786962006.195,,0,,,,0.060,-4.331,True,0.424,-0.905,0.55,35.10
1786962006.245,,0,,,,0.000,-4.408,True,0.423,-0.646,0.39,34.95
1786962006.295,,0,,,,-0.070,-4.498,True,0.422,-0.668,0.41,34.94
1786962006.395,,0,,,,-0.260,-4.742,True,0.419,-0.650,0.40,34.93
1786962006.445,,0,,,,-0.310,-4.807,True,0.418,-0.662,0.40,34.92
1786962006.570,,0,,,,-0.330,-4.832,True,0.418,-0.434,0.27,35.15
1786962006.595,,0,,,,-0.300,-4.794,True,0.418,-0.365,0.22,35.13
1786962006.720,,0,,,,-0.150,-4.601,True,0.421,-0.404,0.25,35.12
1786962006.795,,0,,,,-0.050,-4.472,True,0.422,-0.148,0.09,34.95
1786962006.845,,0,,,,0.040,-4.356,True,0.424,-0.256,0.16,34.93
1786962006.895,,0,,,,0.030,-4.369,True,0.424,-0.341,0.21,34.92
1786962006.995,,0,,,,-0.060,-4.485,True,0.422,-0.428,0.26,34.91
1786962007.095,,0,,,,-0.330,-4.832,True,0.418,-0.714,0.44,35.05
1786962007.095,,0,,,,-0.330,-4.832,True,0.418,-0.787,0.48,35.04
1786962007.245,,0,,,,-0.600,-5.180,True,0.414,-0.781,0.48,35.02
1786962007.295,,0,,,,-0.610,-5.193,True,0.413,-0.779,0.48,35.01
1786962007.395,,0,,,,-0.600,-5.180,True,0.414,-0.588,0.36,35.04
1786962007.445,,0,,,,-0.550,-5.115,True,0.414,-0.577,0.35,35.02
1786962007.545,,0,,,,-0.450,-4.987,True,0.416,-0.643,0.39,35.02
1786962007.645,,0,,,,-0.380,-4.897,True,0.417,-0.742,0.45,35.02
1786962007.695,,0,,,,-0.350,-4.858,True,0.418,-0.797,0.49,35.02
1786962007.795,,0,,,,-0.300,-4.794,True,0.418,-0.846,0.52,35.01
1786962007.845,,0,,,,-0.280,-4.768,True,0.419,-0.876,0.54,34.99
1786962007.945,,0,,,,-0.290,-4.781,True,0.419,-0.773,0.47,35.07
1786962007.995,,0,,,,-0.280,-4.768,True,0.419,-0.821,0.50,35.05
1786962008.145,,0,,,,-0.200,-4.665,True,0.420,-0.883,0.54,35.09
1786962008.195,,0,,,,-0.160,-4.614,True,0.421,-0.942,0.58,35.07
1786962008.295,,0,,,,-0.130,-4.575,True,0.421,-0.689,0.42,34.92
1786962008.395,,0,,,,-0.210,-4.678,True,0.420,-0.769,0.47,34.91
1786962008.495,,0,,,,-0.370,-4.884,True,0.417,-0.812,0.49,34.89
1786962008.595,,0,,,,-0.530,-5.090,True,0.415,-0.782,0.48,34.93
1786962008.645,,0,,,,-0.540,-5.103,True,0.415,-0.762,0.46,34.91
1786962008.695,,0,,,,-0.580,-5.154,True,0.414,-0.801,0.49,34.90
1786962008.820,,0,,,,-0.540,-5.103,True,0.415,-0.635,0.39,35.02
1786962008.895,,0,,,,-0.410,-4.935,True,0.417,-0.872,0.53,35.07
1786962008.995,,0,,,,-0.080,-4.511,True,0.422,-0.554,0.34,34.82
1786962009.045,,0,,,,-0.020,-4.433,True,0.423,-0.519,0.32,34.80
1786962009.145,,0,,,,0.160,-4.202,True,0.426,-0.353,0.21,34.90
1786962009.245,,0,,,,0.140,-4.228,True,0.426,-0.540,0.33,34.83
1786962009.295,,0,,,,0.100,-4.279,True,0.425,-0.649,0.39,34.82
1786962009.395,,0,,,,-0.040,-4.459,True,0.423,-0.695,0.42,34.81
1786962009.495,,0,,,,-0.170,-4.626,True,0.420,-0.720,0.44,34.79
1786962009.545,,0,,,,-0.200,-4.665,True,0.420,-0.779,0.47,34.78
1786962009.620,,0,,,,-0.180,-4.639,True,0.420,-0.798,0.48,34.76
1786962009.695,,0,,,,-0.180,-4.639,True,0.420,-0.861,0.52,34.75
1786962009.795,,0,,,,-0.080,-4.511,True,0.422,-0.878,0.53,34.75
1786962009.895,,0,,,,0.060,-4.331,True,0.424,-0.862,0.52,34.72
1786962009.995,,0,,,,0.110,-4.266,True,0.425,-0.941,0.57,34.71
1786962010.045,,0,,,,0.110,-4.266,True,0.425,-1.053,0.64,34.68
1786962010.145,,0,,,,0.050,-4.343,True,0.424,-1.096,0.66,34.67
1786962010.195,,0,,,,-0.010,-4.421,True,0.423,-1.199,0.73,34.66
1786962010.295,,0,,,,-0.190,-4.652,True,0.420,-1.202,0.73,34.64
1786962010.395,,0,,,,-0.380,-4.897,True,0.417,-1.214,0.73,34.63
1786962010.445,,0,,,,-0.400,-4.922,True,0.417,-1.262,0.76,34.61
1786962010.545,,0,,,,-0.420,-4.948,True,0.416,-1.242,0.75,34.60
1786962010.595,,0,,,,-0.390,-4.910,True,0.417,-1.247,0.75,34.59
1786962010.695,,0,,,,-0.150,-4.601,True,0.421,-1.268,0.76,34.57
1786962010.795,,0,,,,0.070,-4.318,True,0.424,-1.433,0.86,34.56
1786962010.895,,0,,,,0.360,-3.945,True,0.429,-1.567,0.94,34.53
1786962010.945,,0,,,,0.440,-3.842,True,0.430,-1.693,1.02,34.53
1786962010.995,,0,,,,0.450,-3.829,True,0.431,-1.837,1.11,34.51
1786962011.095,,0,,,,0.410,-3.880,True,0.430,-1.977,1.19,34.50
1786962011.195,,0,,,,0.220,-4.125,True,0.427,-2.010,1.21,34.49
1786962011.245,,0,,,,0.120,-4.253,True,0.425,-2.010,1.21,34.47
1786962011.295,,0,,,,0.050,-4.343,True,0.424,-1.976,1.19,34.46
1786962011.395,,0,,,,-0.110,-4.549,True,0.421,-2.024,1.22,34.45
1786962011.495,,0,,,,-0.200,-4.665,True,0.420,-2.046,1.23,34.43
1786962011.545,,0,,,,-0.240,-4.717,True,0.419,-2.099,1.26,34.42
1786962011.695,,0,,,,-0.240,-4.717,True,0.419,-2.276,1.37,34.39
1786962011.770,,0,,,,-0.210,-4.678,True,0.420,-2.394,1.44,34.38
1786962011.845,,0,,,,-0.180,-4.639,True,0.420,-2.422,1.45,34.35
1786962011.945,,0,,,,-0.040,-4.459,True,0.423,-2.517,1.51,34.34
1786962012.045,,0,,,,0.080,-4.305,True,0.425,-2.626,1.57,34.32
1786962012.095,,0,,,,0.130,-4.240,True,0.425,-2.727,1.63,34.31
1786962012.195,,0,,,,0.130,-4.240,True,0.425,-2.867,1.72,34.29
1786962012.295,,0,,,,0.060,-4.331,True,0.424,-3.071,1.84,34.28
1786962012.395,,0,,,,-0.120,-4.562,True,0.421,-3.256,1.95,34.27
1786962012.395,,0,,,,-0.120,-4.562,True,0.421,-3.353,2.00,34.25
1786962012.495,,0,,,,-0.300,-4.794,True,0.418,-3.404,2.03,34.24
1786962012.595,,0,,,,-0.430,-4.961,True,0.416,-3.419,2.04,34.22
1786962012.695,,0,,,,-0.500,-5.051,True,0.415,-3.434,2.05,34.20
1786962012.795,,0,,,,-0.430,-4.961,True,0.416,-3.393,2.02,34.19
1786962012.895,,0,,,,-0.210,-4.678,True,0.420,-3.420,2.04,34.17
1786962012.945,,0,,,,0.040,-4.356,True,0.424,-3.457,2.06,34.17
1786962012.995,,0,,,,0.130,-4.240,True,0.425,-3.540,2.11,34.15
1786962013.095,,0,,,,0.400,-3.893,True,0.430,-3.743,2.23,34.13
1786962013.195,,0,,,,0.450,-3.829,True,0.431,-0.511,0.30,34.01
1786962013.295,,0,,,,0.210,-4.138,True,0.427,-0.627,0.37,33.99
1786962013.345,,0,,,,-0.080,-4.511,True,0.422,-0.730,0.43,33.99
1786962013.395,,0,,,,-0.160,-4.614,True,0.421,-0.747,0.44,33.98
1786962013.495,,0,,,,-0.520,-5.077,True,0.415,-0.772,0.46,33.93
1786962013.545,,0,,,,-0.560,-5.128,True,0.414,-0.702,0.42,33.93
1786962013.645,,0,,,,-0.430,-4.961,True,0.416,-0.660,0.39,33.87
1786962013.695,,0,,,,-0.290,-4.781,True,0.419,-0.690,0.41,33.86
1786962013.795,,0,,,,0.170,-4.189,True,0.426,-0.750,0.44,33.89
1786962013.845,,0,,,,0.420,-3.867,True,0.430,-0.833,0.49,33.88
1786962013.895,,0,,,,0.550,-3.700,True,0.432,-1.018,0.60,33.87
1786962014.020,,0,,,,0.620,-3.610,True,0.433,-0.786,0.46,33.74
1786962014.095,,0,,,,0.300,-4.022,True,0.428,-0.964,0.57,33.72
1786962014.145,,0,,,,0.120,-4.253,True,0.425,-1.156,0.68,33.72
1786962014.195,,0,,,,-0.060,-4.485,True,0.422,-1.147,0.67,33.71
1786962014.245,,0,,,,-0.300,-4.794,True,0.418,-1.244,0.73,33.69
1786962014.345,,0,,,,-0.680,-5.283,True,0.412,-1.329,0.78,33.69
1786962014.395,,0,,,,-0.770,-5.398,True,0.411,-0.750,0.44,33.72
1786962014.495,,0,,,,-0.710,-5.321,True,0.412,-0.730,0.43,33.71
1786962014.545,,0,,,,-0.550,-5.115,True,0.414,-0.833,0.49,33.70
1786962014.645,,0,,,,-0.110,-4.549,True,0.421,-1.074,0.63,33.64
1786962014.695,,0,,,,0.060,-4.331,True,0.424,-1.160,0.68,33.63
1786962014.795,,0,,,,0.470,-3.803,True,0.431,-0.474,0.28,33.96
1786962014.895,,0,,,,0.520,-3.739,True,0.432,-1.013,0.59,33.43
1786962014.995,,0,,,,0.300,-4.022,True,0.428,-1.198,0.70,33.42
1786962015.095,,0,,,,0.050,-4.343,True,0.424,-1.255,0.73,33.53
1786962015.095,,0,,,,0.050,-4.343,True,0.424,-1.382,0.81,33.53
1786962015.195,,0,,,,-0.350,-4.858,True,0.418,-1.297,0.76,33.52
1786962015.295,,0,,,,-0.520,-5.077,True,0.415,-1.283,0.75,33.50
1786962015.445,,0,,,,-0.210,-4.678,True,0.420,-1.172,0.68,33.48
1786962015.495,,0,,,,-0.070,-4.498,True,0.422,-1.352,0.79,33.47
1786962015.545,,0,,,,0.090,-4.292,True,0.425,-1.551,0.91,33.46
1786962015.695,,0,,,,0.490,-3.777,True,0.431,-1.774,1.04,33.43
1786962015.795,,0,,,,0.380,-3.919,True,0.429,-2.121,1.24,33.42
1786962015.845,,0,,,,0.220,-4.125,True,0.427,-2.265,1.32,33.40
1786962015.945,,0,,,,-0.110,-4.549,True,0.421,-2.308,1.34,33.39
1786962015.995,,0,,,,-0.220,-4.691,True,0.420,-2.350,1.37,33.38
1786962016.095,,0,,,,-0.420,-4.948,True,0.416,-2.344,1.36,33.36
1786962016.195,,0,,,,-0.380,-4.897,True,0.417,-2.338,1.36,33.35
1786962016.195,,0,,,,-0.380,-4.897,True,0.417,-2.300,1.34,33.33
1786962016.295,,0,,,,-0.190,-4.652,True,0.420,-2.311,1.34,33.32
1786962016.395,,0,,,,0.000,-4.408,True,0.423,-2.296,1.33,33.32
1786962016.395,,0,,,,0.000,-4.408,True,0.423,-2.350,1.37,33.30
1786962016.495,,0,,,,0.020,-4.382,True,0.424,-2.455,1.43,33.28
1786962016.595,,0,,,,-0.060,-4.485,True,0.422,-2.555,1.48,33.28
1786962016.595,,0,,,,-0.060,-4.485,True,0.422,-2.643,1.53,33.26
1786962016.695,,0,,,,-0.150,-4.601,True,0.421,-2.663,1.54,33.25
1786962016.795,,0,,,,-0.140,-4.588,True,0.421,-2.688,1.56,33.24
1786962016.845,,0,,,,-0.100,-4.536,True,0.422,-2.754,1.60,33.22
1786962016.945,,0,,,,0.080,-4.305,True,0.425,-2.777,1.61,33.21
1786962016.995,,0,,,,0.180,-4.176,True,0.426,-2.918,1.69,33.19
1786962017.045,,0,,,,0.330,-3.983,True,0.429,-3.072,1.78,33.18
1786962017.145,,0,,,,0.380,-3.919,True,0.429,-3.112,1.80,33.17
1786962017.195,,0,,,,0.370,-3.932,True,0.429,-3.237,1.87,33.16
1786962017.295,,0,,,,0.220,-4.125,True,0.427,-3.344,1.93,33.14
1786962017.295,,0,,,,0.220,-4.125,True,0.427,-3.388,1.96,33.14
1786962017.445,,0,,,,0.080,-4.305,True,0.425,-3.358,1.94,33.11
1786962017.495,,0,,,,0.020,-4.382,True,0.424,-3.412,1.97,33.10
1786962017.595,,0,,,,0.050,-4.343,True,0.424,-3.464,2.00,33.08
1786962017.695,,0,,,,0.170,-4.189,True,0.426,-3.550,2.05,33.07
1786962017.795,,0,,,,0.400,-3.893,True,0.430,-3.641,2.10,33.06
1786962017.845,,0,,,,0.510,-3.752,True,0.432,-3.732,2.15,33.03
1786962017.895,,0,,,,0.610,-3.623,True,0.433,-3.806,2.19,33.03
1786962017.995,,0,,,,0.720,-3.481,True,0.435,-3.961,2.28,33.02
1786962018.045,,0,,,,0.720,-3.481,True,0.435,-4.060,2.34,32.99
1786962018.095,,0,,,,0.700,-3.507,True,0.435,-4.221,2.43,32.99
1786962018.195,,0,,,,0.640,-3.584,True,0.434,-4.262,2.45,32.97
1786962018.295,,0,,,,0.440,-3.842,True,0.430,-4.279,2.46,32.95
1786962018.420,,0,,,,0.220,-4.125,True,0.427,-4.295,2.47,32.94
1786962018.445,,0,,,,0.200,-4.150,True,0.426,-4.242,2.43,32.91
1786962018.595,,0,,,,0.130,-4.240,True,0.425,-4.230,2.43,32.90
1786962018.695,,0,,,,0.260,-4.073,True,0.427,-4.318,2.48,32.87
1786962018.770,,0,,,,0.350,-3.957,True,0.429,-4.424,2.54,32.87
1786962018.895,,0,,,,0.420,-3.867,True,0.430,-4.449,2.55,32.84
1786962019.195,,0,,,,0.620,-3.610,True,0.433,-1.332,0.74,31.93
1786962019.245,,0,,,,0.610,-3.623,True,0.433,-1.423,0.79,31.90
1786962019.345,,0,,,,0.630,-3.597,True,0.434,-1.449,0.81,31.89
1786962019.445,,0,,,,0.540,-3.713,True,0.432,-1.485,0.83,31.86
1786962019.545,,0,,,,0.480,-3.790,True,0.431,-1.425,0.79,31.84
1786962019.595,,0,,,,0.480,-3.790,True,0.431,-1.401,0.78,31.82
1786962019.695,,0,,,,0.530,-3.726,True,0.432,-1.527,0.85,31.81
1786962019.770,,0,,,,0.550,-3.700,True,0.432,-1.425,0.79,31.60
1786962019.795,,0,,,,0.590,-3.649,True,0.433,-1.413,0.78,31.58
1786962019.845,,0,,,,0.630,-3.597,True,0.434,-1.478,0.81,31.57
1786962019.895,,0,,,,0.690,-3.520,True,0.435,-1.529,0.84,31.56
1786962019.995,,0,,,,0.800,-3.378,True,0.436,-1.621,0.89,31.55
1786962020.095,,0,,,,0.850,-3.314,True,0.437,-1.699,0.93,31.53
1786962020.145,,0,,,,0.880,-3.275,True,0.438,-1.740,0.96,31.52
1786962020.195,,0,,,,0.910,-3.237,True,0.438,-1.741,0.96,31.50
1786962020.320,,0,,,,1.030,-3.082,True,0.440,-1.738,0.96,31.48
1786962020.395,,0,,,,1.110,-2.979,True,0.442,-1.737,0.95,31.47
1786962020.445,,0,,,,1.110,-2.979,True,0.442,-1.826,1.00,31.45
1786962020.545,,0,,,,1.030,-3.082,True,0.440,-2.022,1.11,31.44
1786962020.645,,0,,,,0.860,-3.301,True,0.437,-2.078,1.14,31.42
1786962020.695,,0,,,,0.730,-3.468,True,0.435,-2.106,1.15,31.41
1786962020.795,,0,,,,0.610,-3.623,True,0.433,-2.017,1.10,31.39
1786962020.895,,0,,,,0.440,-3.842,True,0.430,-1.982,1.09,31.37
1786962020.995,,0,,,,0.440,-3.842,True,0.430,-2.009,1.10,31.36
1786962021.045,,0,,,,0.490,-3.777,True,0.431,-2.118,1.16,31.35
1786962021.095,,0,,,,0.650,-3.571,True,0.434,-1.992,1.09,31.33
1786962021.220,,0,,,,0.900,-3.250,True,0.438,-2.134,1.17,31.32
1786962021.295,,0,,,,1.080,-3.018,True,0.441,-2.189,1.20,31.29
1786962021.345,,0,,,,1.150,-2.928,True,0.442,-2.283,1.25,31.28
1786962021.445,,0,,,,1.130,-2.954,True,0.442,-2.435,1.33,31.26
1786962021.495,,0,,,,1.100,-2.992,True,0.441,-2.658,1.45,31.25
1786962021.595,,0,,,,0.850,-3.314,True,0.437,-2.770,1.51,31.24
1786962021.645,,0,,,,0.790,-3.391,True,0.436,-2.938,1.60,31.22
1786962021.695,,0,,,,0.660,-3.558,True,0.434,-2.824,1.54,31.21
1786962021.795,,0,,,,0.590,-3.649,True,0.433,-2.743,1.49,31.19
1786962021.845,,0,,,,0.590,-3.649,True,0.433,-2.833,1.54,31.18
1786962021.920,,0,,,,0.670,-3.546,True,0.434,-2.888,1.57,31.16
1786962024.070,,0,,,,1.010,-3.108,True,0.440,-2.138,1.12,29.92
1786962024.095,,0,,,,1.020,-3.095,True,0.440,-2.175,1.14,29.91
1786962024.220,,0,,,,0.980,-3.147,True,0.439,-2.292,1.20,29.90
1786962024.245,,0,,,,1.000,-3.121,True,0.440,-2.439,1.27,29.87
1786962024.320,,0,,,,1.030,-3.082,True,0.440,-2.455,1.28,29.86
1786962024.345,,0,,,,1.050,-3.057,True,0.441,-2.472,1.29,29.85
1786962024.495,,0,,,,1.290,-2.748,True,0.445,-2.509,1.31,29.82
1786962024.595,,0,,,,1.420,-2.581,True,0.447,-1.193,0.58,27.98
1786962024.645,,0,,,,1.450,-2.542,True,0.447,-1.250,0.61,27.97
1786962024.695,,0,,,,1.530,-2.439,True,0.449,-1.310,0.64,27.95
1786962024.795,,0,,,,1.560,-2.400,True,0.449,-1.362,0.66,27.93
1786962024.895,,0,,,,1.510,-2.465,True,0.448,-1.302,0.63,27.91
1786962024.995,,0,,,,1.340,-2.684,True,0.445,-1.341,0.65,27.89
1786962025.120,,0,,,,1.100,-2.992,True,0.441,-1.435,0.70,27.87
1786962025.220,,0,,,,0.930,-3.211,True,0.439,-1.527,0.74,27.86
1786962025.295,,0,,,,0.820,-3.353,True,0.437,-1.482,0.72,27.83
1786962025.395,,0,,,,0.700,-3.507,True,0.435,-1.578,0.77,27.80
1786962025.495,,0,,,,0.630,-3.597,True,0.434,-1.674,0.81,27.79
1786962025.545,,0,,,,0.650,-3.571,True,0.434,-1.685,0.82,27.78
1786962025.645,,0,,,,0.690,-3.520,True,0.435,-1.540,0.75,27.76
1786962025.745,,0,,,,0.710,-3.494,True,0.435,-1.669,0.81,27.75
1786962025.795,,0,,,,0.740,-3.456,True,0.435,-1.735,0.84,27.73
1786962025.895,,0,,,,0.760,-3.430,True,0.436,-1.851,0.90,27.72
1786962025.995,,0,,,,0.780,-3.404,True,0.436,-3.165,1.61,29.14
1786962026.045,,0,,,,0.800,-3.378,True,0.436,-3.283,1.67,29.13
1786962026.145,,0,,,,0.910,-3.237,True,0.438,-3.297,1.67,29.12
1786962026.195,,0,,,,0.980,-3.147,True,0.439,-3.394,1.72,29.11
1786962026.295,,0,,,,1.110,-2.979,True,0.442,-2.092,1.00,27.28
1786962026.345,,0,,,,1.130,-2.954,True,0.442,-2.211,1.05,27.27
1786962026.395,,0,,,,1.140,-2.941,True,0.442,-2.257,1.07,27.25
1786962026.495,,0,,,,1.160,-2.915,True,0.442,-2.354,1.12,27.23
1786962026.595,,0,,,,1.210,-2.851,True,0.443,-2.492,1.18,27.21
1786962026.695,,0,,,,1.200,-2.864,True,0.443,-2.530,1.20,27.19
1786962026.695,,0,,,,1.200,-2.864,True,0.443,-2.551,1.21,27.19
1786962026.795,,0,,,,1.160,-2.915,True,0.442,-2.591,1.23,27.17
1786962026.895,,0,,,,1.120,-2.967,True,0.442,-2.357,1.12,27.15
1786962026.995,,0,,,,0.960,-3.172,True,0.439,-2.331,1.10,27.14
1786962027.120,,0,,,,0.870,-3.288,True,0.438,-2.519,1.19,27.12
1786962027.145,,0,,,,0.820,-3.353,True,0.437,-2.520,1.19,27.11
1786962027.195,,0,,,,0.770,-3.417,True,0.436,-2.581,1.22,27.09
1786962027.295,,0,,,,0.720,-3.481,True,0.435,-2.564,1.21,27.08
1786962027.395,,0,,,,0.660,-3.558,True,0.434,-2.606,1.23,27.07
1786962027.445,,0,,,,0.680,-3.533,True,0.434,-2.604,1.23,27.05
1786962027.495,,0,,,,0.680,-3.533,True,0.434,-2.594,1.22,27.04
1786962027.595,,0,,,,0.700,-3.507,True,0.435,-2.547,1.20,27.03
1786962027.695,,0,,,,0.700,-3.507,True,0.435,-2.688,1.27,27.01
1786962027.795,,0,,,,0.730,-3.468,True,0.435,-2.717,1.28,27.00
1786962027.845,,0,,,,0.750,-3.443,True,0.436,-2.774,1.31,26.98
1786962027.895,,0,,,,0.780,-3.404,True,0.436,-2.773,1.30,26.97
1786962027.995,,0,,,,0.970,-3.160,True,0.439,-2.868,1.35,26.95
1786962028.045,,0,,,,1.060,-3.044,True,0.441,-3.020,1.42,26.94
1786962028.095,,0,,,,1.140,-2.941,True,0.442,-3.064,1.44,26.92
1786962028.195,,0,,,,1.330,-2.696,True,0.445,-3.105,1.46,26.90
1786962028.295,,0,,,,1.380,-2.632,True,0.446,-3.176,1.49,26.88
1786962028.395,,0,,,,1.280,-2.761,True,0.444,-3.189,1.49,26.87
1786962028.495,,0,,,,1.220,-2.838,True,0.443,-3.188,1.49,26.86
1786962028.545,,0,,,,1.150,-2.928,True,0.442,-3.202,1.50,26.85
1786962028.620,,0,,,,1.160,-2.915,True,0.442,-3.173,1.48,26.83
1786962028.745,,0,,,,1.250,-2.799,True,0.444,-3.073,1.44,26.81
1786962028.845,,0,,,,1.330,-2.696,True,0.445,-3.212,1.50,26.79
1786962028.895,,0,,,,1.340,-2.684,True,0.445,-3.304,1.54,26.78
1786962028.995,,0,,,,1.320,-2.709,True,0.445,-3.243,1.51,26.77
1786962029.095,,0,,,,1.170,-2.902,True,0.443,-3.351,1.56,26.75
1786962029.220,,0,,,,0.940,-3.198,True,0.439,-3.276,1.53,26.74
1786962029.245,,0,,,,0.820,-3.353,True,0.437,-3.159,1.47,26.72
1786962029.295,,0,,,,0.790,-3.391,True,0.436,-3.136,1.46,26.71
1786962029.445,,0,,,,0.720,-3.481,True,0.435,-3.158,1.47,26.70
1786962029.595,,0,,,,0.770,-3.417,True,0.436,-2.953,1.37,26.67
1786962061.994,,0,,,,0.790,-3.391,True,0.436,-3.258,1.41,24.79
1786962062.044,,0,,,,0.670,-3.546,True,0.434,-3.210,1.39,24.78
1786962062.094,,0,,,,0.400,-3.893,True,0.430,-2.947,1.27,24.76
1786962062.194,,0,,,,0.150,-4.215,True,0.426,-2.587,1.12,24.75
1786962062.294,,0,,,,-0.080,-4.511,True,0.422,-2.309,1.00,24.73
1786962062.419,,0,,,,-0.160,-4.614,True,0.421,-1.935,0.83,24.72
1786962062.569,,0,,,,-0.120,-4.562,True,0.421,-1.694,0.73,24.69
1786962062.594,,0,,,,-0.090,-4.524,True,0.422,-1.694,0.73,24.68
1786962062.694,,0,,,,-0.030,-4.446,True,0.423,-1.506,0.65,24.66
1786962062.794,,0,,,,0.020,-4.382,True,0.424,-1.376,0.59,24.64
1786962062.894,,0,,,,0.010,-4.395,True,0.423,-1.283,0.55,24.62
1786962062.944,,0,,,,0.030,-4.369,True,0.424,-1.195,0.51,24.61
1786962064.894,,0,,,,-0.600,-5.180,True,0.414,-3.478,1.67,27.51
1786962064.994,,0,,,,-0.600,-5.180,True,0.414,-3.461,1.66,27.50
1786962065.094,,0,,,,-0.640,-5.231,True,0.413,-2.615,1.24,27.19
1786962065.094,,0,,,,-0.640,-5.231,True,0.413,-2.609,1.24,27.18
1786962065.194,,0,,,,-0.610,-5.193,True,0.413,-2.545,1.21,27.17
1786962065.244,,0,,,,-0.570,-5.141,True,0.414,-2.446,1.16,27.15
1786962065.344,,0,,,,-0.380,-4.897,True,0.417,-2.390,1.13,27.14
1786962065.394,,0,,,,-0.270,-4.755,True,0.419,-3.348,1.64,28.11
1786962065.494,,0,,,,-0.050,-4.472,True,0.422,-3.303,1.62,28.08
1786962065.594,,0,,,,0.200,-4.150,True,0.426,-3.197,1.57,28.07
1786962065.694,,0,,,,0.230,-4.112,True,0.427,-3.119,1.55,28.49
1786962065.744,,0,,,,0.200,-4.150,True,0.426,-3.039,1.51,28.48
1786962065.794,,0,,,,0.100,-4.279,True,0.425,-3.022,1.50,28.47
1786962065.894,,0,,,,-0.040,-4.459,True,0.423,-2.791,1.39,28.45
1786962065.994,,0,,,,-0.130,-4.575,True,0.421,-2.506,1.24,28.44
1786962066.044,,0,,,,-0.140,-4.588,True,0.421,-2.315,1.15,28.43
1786962066.094,,0,,,,-0.100,-4.536,True,0.422,-2.105,1.04,28.42
1786962066.194,,0,,,,0.030,-4.369,True,0.424,-1.971,0.98,28.40
1786962066.294,,0,,,,0.100,-4.279,True,0.425,-2.537,1.28,29.01
1786962066.394,,0,,,,0.130,-4.240,True,0.425,-2.633,1.33,28.99
1786962066.519,,0,,,,0.070,-4.318,True,0.424,-2.759,1.40,29.17
1786962066.594,,0,,,,0.030,-4.369,True,0.424,-2.700,1.37,29.15
1786962066.644,,0,,,,-0.040,-4.459,True,0.423,-2.596,1.32,29.13
1786962066.744,,0,,,,-0.100,-4.536,True,0.422,-2.413,1.23,29.11
1786962066.794,,0,,,,-0.110,-4.549,True,0.421,-1.425,0.71,28.58
1786962066.919,,0,,,,0.010,-4.395,True,0.423,-1.332,0.66,28.56
1786962066.994,,0,,,,0.180,-4.176,True,0.426,-1.160,0.58,28.54
1786962067.094,,0,,,,0.310,-4.009,True,0.428,-1.344,0.68,28.79
1786962067.194,,0,,,,0.450,-3.829,True,0.431,-1.323,0.66,28.77
1786962067.294,,0,,,,0.460,-3.816,True,0.431,-1.237,0.62,28.75
1786962067.369,,0,,,,0.500,-3.764,True,0.431,-2.223,1.16,30.03
1786962067.444,,0,,,,0.540,-3.713,True,0.432,-2.111,1.11,30.01
1786962067.594,,0,,,,0.570,-3.674,True,0.433,-2.031,1.06,29.99
1786962067.644,,0,,,,0.580,-3.661,True,0.433,-2.216,1.17,30.28
1786962067.744,,0,,,,0.590,-3.649,True,0.433,-2.054,1.08,30.27
1786962067.794,,0,,,,0.510,-3.752,True,0.432,-2.087,1.10,30.26
1786962067.919,,0,,,,0.380,-3.919,True,0.429,-2.047,1.08,30.24
1786962067.994,,0,,,,0.340,-3.970,True,0.429,-2.156,1.15,30.59
1786962067.994,,0,,,,0.340,-3.970,True,0.429,-2.040,1.09,30.57
1786962068.094,,0,,,,0.390,-3.906,True,0.430,-1.984,1.06,30.55
1786962068.194,,0,,,,0.570,-3.674,True,0.433,-1.832,0.98,30.53
1786962068.244,,0,,,,0.660,-3.558,True,0.434,-1.706,0.91,30.51
1786962068.344,,0,,,,0.850,-3.314,True,0.437,-0.105,0.05,29.74
1786962068.394,,0,,,,0.900,-3.250,True,0.438,-0.173,0.09,29.72
1786962068.494,,0,,,,0.890,-3.263,True,0.438,-0.258,0.13,29.70
1786962068.594,,0,,,,0.700,-3.507,True,0.435,-0.230,0.12,29.69
1786962068.644,,0,,,,0.580,-3.661,True,0.433,-1.876,1.03,31.34
1786962068.744,,0,,,,0.420,-3.867,True,0.430,-1.943,1.06,31.35
1786962068.794,,0,,,,0.380,-3.919,True,0.429,-1.875,1.03,31.34
1786962068.894,,0,,,,0.440,-3.842,True,0.430,-0.822,0.43,30.29
1786962068.994,,0,,,,0.670,-3.546,True,0.434,-0.517,0.27,30.42
1786962069.119,,0,,,,0.880,-3.275,True,0.438,-1.187,0.65,31.22
1786962069.194,,0,,,,1.010,-3.108,True,0.440,0.450,0.24,30.11
1786962069.244,,0,,,,1.010,-3.108,True,0.440,0.395,0.21,30.09
1786962069.344,,0,,,,0.950,-3.185,True,0.439,0.492,0.26,30.24
1786962069.469,,0,,,,0.730,-3.468,True,0.435,-1.962,1.10,32.08
1786962069.569,,0,,,,0.580,-3.661,True,0.433,-1.930,1.08,32.05
1786962069.594,,0,,,,0.510,-3.752,True,0.432,-1.851,1.03,32.04
1786962069.694,,0,,,,0.420,-3.867,True,0.430,-0.985,0.54,31.35
1786962069.819,,0,,,,0.400,-3.893,True,0.430,-0.770,0.42,31.35
1786962069.844,,0,,,,0.420,-3.867,True,0.430,-0.719,0.39,31.34
1786962069.944,,0,,,,0.480,-3.790,True,0.431,0.584,0.31,30.82
1786962070.144,,0,,,,0.590,-3.649,True,0.433,0.631,0.34,30.93
1786962070.194,,0,,,,0.530,-3.726,True,0.432,0.327,0.18,31.13
1786962070.294,,0,,,,0.440,-3.842,True,0.430,-0.107,0.06,31.10
1786962070.444,,0,,,,-0.020,-4.433,True,0.423,0.191,0.10,31.32
1786962070.494,,0,,,,-0.080,-4.511,True,0.422,0.236,0.13,31.47
1786962070.594,,0,,,,-0.190,-4.652,True,0.420,0.296,0.16,31.46
1786962070.644,,0,,,,-0.180,-4.639,True,0.420,-0.824,0.46,32.23
1786962070.744,,0,,,,-0.100,-4.536,True,0.422,-1.693,0.99,33.49
1786962070.844,,0,,,,-0.030,-4.446,True,0.423,0.549,0.30,31.76
1786962070.944,,0,,,,-0.020,-4.433,True,0.423,-0.938,0.54,32.71
1786962070.994,,0,,,,-0.060,-4.485,True,0.422,-0.908,0.52,32.70
1786962071.094,,0,,,,-0.120,-4.562,True,0.421,-0.094,0.05,31.99
1786962071.144,,0,,,,-0.150,-4.601,True,0.421,-0.292,0.16,31.98
1786962071.269,,0,,,,-0.080,-4.511,True,0.422,-0.305,0.17,31.95
1786962071.344,,0,,,,0.000,-4.408,True,0.423,-0.886,0.51,32.90
1786962071.444,,0,,,,0.110,-4.266,True,0.425,-0.157,0.09,32.37
1786962071.519,,0,,,,0.110,-4.266,True,0.425,-0.119,0.07,32.47
1786962071.594,,0,,,,0.050,-4.343,True,0.424,-0.113,0.06,32.46
1786962071.694,,0,,,,-0.120,-4.562,True,0.421,-0.251,0.14,32.59
1786962071.844,,0,,,,-0.240,-4.717,True,0.419,-0.016,0.01,32.57
1786962071.994,,0,,,,0.000,-4.408,True,0.423,-0.193,0.11,32.90
1786962072.044,,0,,,,0.160,-4.202,True,0.426,-1.527,0.91,34.19
1786962072.244,,0,,,,0.210,-4.138,True,0.427,-0.354,0.21,33.26
1786962072.294,,0,,,,0.110,-4.266,True,0.425,-0.417,0.24,33.24
1786962072.394,,0,,,,-0.310,-4.807,True,0.418,-0.662,0.38,33.27
1786962072.469,,0,,,,-0.530,-5.090,True,0.415,-0.620,0.36,33.53
1786962072.569,,0,,,,-0.720,-5.334,True,0.412,-0.639,0.37,33.52
1786962072.594,,0,,,,-0.770,-5.398,True,0.411,-0.496,0.29,33.61
1786962072.694,,0,,,,-0.640,-5.231,True,0.413,-0.320,0.19,33.58
1786962072.794,,0,,,,-0.400,-4.922,True,0.417,-0.306,0.18,33.56
1786962072.894,,0,,,,-0.150,-4.601,True,0.421,-0.416,0.25,33.83
1786962073.294,,0,,,,-1.360,-6.150,True,0.403,-1.194,0.71,34.16
1786962073.444,,0,,,,-1.640,-6.435,True,0.412,-0.799,0.48,34.42
1786962073.494,,0,,,,-1.640,-6.435,True,0.412,-0.785,0.47,34.66
1786962073.594,,0,,,,-1.510,-6.303,True,0.408,-1.376,0.83,34.76
1786962073.694,,0,,,,-1.360,-6.150,True,0.403,-1.424,0.87,34.86
1786962073.794,,0,,,,-1.130,-5.862,True,0.405,-1.344,0.82,34.98
1786962073.894,,0,,,,-1.090,-5.810,True,0.406,-1.732,1.06,35.12
1786962073.944,,0,,,,-1.120,-5.849,True,0.405,-1.878,1.15,35.11
1786962073.994,,0,,,,-1.160,-5.900,True,0.405,-1.936,1.19,35.14
1786962074.194,,0,,,,-1.490,-6.282,True,0.407,-2.190,1.34,35.19
1786962074.494,,0,,,,-1.960,-6.762,True,0.423,-2.352,1.46,35.67
1786962074.894,,0,,,,-1.270,-6.042,True,0.403,-2.705,1.70,36.05
1786962074.994,,0,,,,-1.250,-6.016,True,0.403,-2.521,1.59,36.22
1786962075.194,,0,,,,-1.620,-6.415,True,0.411,-2.234,1.42,36.34
1786962075.694,,0,,,,-1.170,-5.913,True,0.405,-1.729,1.12,37.13
1786962075.794,,0,,,,-0.910,-5.579,True,0.409,-1.679,1.09,37.11
1786962075.919,,0,,,,-0.640,-5.231,True,0.413,-1.763,1.15,37.22
1786962075.944,,0,,,,-0.650,-5.244,True,0.413,-1.467,0.95,37.26
1786962076.044,,0,,,,-0.870,-5.527,True,0.409,-1.696,1.11,37.43
1786962076.194,,0,,,,-1.660,-6.456,True,0.413,-0.867,0.57,37.50
1786962076.294,,0,,,,-1.970,-6.772,True,0.423,-0.651,0.43,38.03
1786962076.794,,0,,,,-1.060,-5.772,True,0.406,-0.734,0.49,38.18
1786962076.844,,0,,,,-1.010,-5.707,True,0.407,-0.751,0.50,38.27
1786962076.894,,0,,,,-0.990,-5.682,True,0.407,-0.704,0.47,38.25
1786962076.994,,0,,,,-1.110,-5.836,True,0.406,-0.603,0.41,38.48
1786962077.094,,0,,,,-1.290,-6.068,True,0.403,-1.033,0.70,38.75
1786962077.194,,0,,,,-1.490,-6.282,True,0.407,-0.363,0.25,38.77
1786962077.294,,0,,,,-1.520,-6.313,True,0.408,-0.409,0.28,38.75
1786962077.344,,0,,,,-1.480,-6.272,True,0.407,-0.481,0.33,38.74
1786962077.469,,0,,,,-1.240,-6.003,True,0.404,0.027,0.02,39.00
1786962077.494,,0,,,,-1.100,-5.823,True,0.406,0.279,0.19,38.98
1786962077.619,,0,,,,-0.880,-5.540,True,0.409,0.400,0.27,38.97
1786962077.694,,0,,,,-0.700,-5.308,True,0.412,0.361,0.25,38.94
1786962077.744,,0,,,,-0.670,-5.270,True,0.412,-0.141,0.10,39.52
1786962077.894,,0,,,,-0.760,-5.386,True,0.411,0.124,0.09,39.51
1786962077.994,,0,,,,-0.970,-5.656,True,0.408,0.153,0.11,39.74
1786962078.094,,0,,,,-1.180,-5.926,True,0.404,0.122,0.08,39.72
1786962078.144,,0,,,,-1.240,-6.003,True,0.404,0.483,0.34,39.90
1786962078.494,,0,,,,-1.440,-6.231,True,0.406,0.364,0.25,40.09
1786962078.594,,0,,,,-1.400,-6.190,True,0.404,0.416,0.29,40.06
1786962078.694,,0,,,,-1.320,-6.106,True,0.402,0.278,0.20,40.48
1786962078.794,,0,,,,-1.280,-6.055,True,0.403,-0.011,0.01,40.45
1786962078.894,,0,,,,-1.170,-5.913,True,0.405,-0.129,0.09,40.43
1786962087.594,,0,,,,-13.240,-17.777,True,0.702,15.672,13.80,51.10
1786962087.694,,0,,,,-13.330,-17.849,True,0.699,16.545,14.87,52.22
1786962087.744,,0,,,,-13.390,-17.897,True,0.697,15.473,13.63,51.09
1786962088.094,,0,,,,-14.030,-18.409,True,0.677,0.189,0.17,51.66
1786962088.169,,0,,,,-14.180,-18.529,True,0.672,-0.241,0.22,51.64
1786962088.294,,0,,,,-14.350,-18.665,True,0.666,0.241,0.22,52.88
1786962088.444,,0,,,,-14.350,-18.665,True,0.666,-1.254,1.14,52.12
1786962088.894,,0,,,,-13.890,-18.297,True,0.681,-1.586,1.46,52.92
1786962089.394,,0,,,,-14.150,-18.505,True,0.673,-1.606,1.50,53.53
1786962089.494,,0,,,,-14.140,-18.497,True,0.673,-1.091,1.01,53.08
1786962089.844,,0,,,,-14.080,-18.449,True,0.675,-2.145,2.01,53.67
1786962089.969,,0,,,,-14.300,-18.625,True,0.668,-2.314,2.17,53.64
1786962090.244,,0,,,,-14.800,-19.025,True,0.652,-2.488,2.36,54.34
1786962090.594,,0,,,,-14.230,-18.569,True,0.670,-1.927,1.84,54.76
1786962090.694,,0,,,,-14.150,-18.505,True,0.673,-1.424,1.37,55.19
1786962090.769,,0,,,,-14.170,-18.521,True,0.672,-1.902,1.84,55.56
1786962090.844,,0,,,,-14.340,-18.657,True,0.667,-1.982,1.92,55.53
1786962090.944,,0,,,,-14.500,-18.785,True,0.661,-2.079,2.00,55.08
1786962090.994,,0,,,,-14.590,-18.857,True,0.659,-2.113,2.03,55.06
1786962091.094,,0,,,,-14.600,-18.865,True,0.658,-2.147,2.06,55.04
1786962091.194,,0,,,,-14.520,-18.801,True,0.661,-1.818,1.76,55.49
1786962091.269,,0,,,,-14.360,-18.673,True,0.666,-1.828,1.77,55.46
1786962091.294,,0,,,,-14.260,-18.593,True,0.669,-2.784,2.69,55.40
1786962091.444,,0,,,,-14.040,-18.417,True,0.676,-1.954,1.91,55.91
1786962091.494,,0,,,,-14.040,-18.417,True,0.676,-2.095,2.04,55.89
1786962091.594,,0,,,,-14.130,-18.489,True,0.673,-1.989,1.94,55.92
1786962091.694,,0,,,,-14.280,-18.609,True,0.668,-2.394,2.33,55.79
1786962091.744,,0,,,,-14.410,-18.713,True,0.664,-3.154,3.06,55.67
1786962091.794,,0,,,,-14.460,-18.753,True,0.663,-3.184,3.09,55.65
1786962091.894,,0,,,,-14.690,-18.937,True,0.655,-2.049,2.01,56.34
1786962091.994,,0,,,,-14.740,-18.977,True,0.654,-2.190,2.16,56.45
1786962092.044,,0,,,,-14.710,-18.953,True,0.655,-2.334,2.30,56.43
1786962092.094,,0,,,,-14.700,-18.945,True,0.655,-2.263,2.23,56.43
1786962092.194,,0,,,,-8.260,-13.190,True,0.662,-2.310,2.28,56.59
1786962092.394,,0,,,,7.730,5.330,True,0.516,-15.004,14.72,56.84
1786962092.444,,0,,,,8.220,5.888,True,0.509,-22.840,22.06,56.82
1786962092.518,,0,,,,8.590,6.309,True,0.504,-25.840,24.56,56.35
1786962092.669,,0,,,,8.710,6.445,True,0.503,-25.794,24.81,57.02
1786962092.694,,0,,,,8.720,6.457,True,0.503,-26.120,25.10,57.01
1786962092.793,,0,,,,8.750,6.491,True,0.502,-26.237,25.19,56.98
1786962092.893,,0,,,,8.820,6.570,True,0.501,-26.399,25.32,56.95
1786962094.993,,0,,,,1.030,-3.082,True,0.440,4.857,4.97,58.68
1786962095.043,,0,,,,0.800,-3.378,True,0.436,3.541,3.62,58.66
1786962095.093,,0,,,,0.670,-3.546,True,0.434,3.330,3.41,58.64
1786962095.193,,0,,,,0.330,-3.983,True,0.429,2.475,2.53,58.70
1786962095.243,,0,,,,0.320,-3.996,True,0.428,2.217,2.26,58.42
1786962095.393,,0,,,,0.560,-3.687,True,0.432,2.117,2.16,58.48
1786962095.493,,0,,,,0.840,-3.327,True,0.437,1.986,2.05,59.13
1786962095.593,,0,,,,1.030,-3.082,True,0.440,1.646,1.69,58.91
1786962095.643,,0,,,,1.060,-3.044,True,0.441,1.154,1.19,58.89
1786962095.743,,0,,,,0.950,-3.185,True,0.439,1.111,1.15,59.34
1786962095.793,,0,,,,0.820,-3.353,True,0.437,1.338,1.38,59.06
1786962095.843,,0,,,,0.570,-3.674,True,0.433,1.204,1.24,59.04
1786962095.893,,0,,,,0.350,-3.957,True,0.429,0.811,0.84,59.19
1786962095.993,,0,,,,-0.290,-4.781,True,0.419,1.063,1.10,59.19
1786962096.093,,0,,,,-0.590,-5.167,True,0.414,1.050,1.08,59.17
1786962096.193,,0,,,,-0.580,-5.154,True,0.414,0.705,0.72,58.93
1786962096.193,,0,,,,-0.580,-5.154,True,0.414,0.849,0.87,58.91
1786962096.293,,0,,,,-0.400,-4.922,True,0.417,2.260,2.35,59.47
1786962096.393,,0,,,,0.270,-4.060,True,0.428,1.982,2.05,59.40
1786962096.493,,0,,,,0.590,-3.649,True,0.433,1.852,1.92,59.37
1786962096.543,,0,,,,0.940,-3.198,True,0.439,1.723,1.78,59.36
1786962096.643,,0,,,,1.110,-2.979,True,0.442,1.479,1.53,59.34
1786962096.743,,0,,,,0.990,-3.134,True,0.440,1.211,1.25,59.31
1786962096.793,,0,,,,0.750,-3.443,True,0.436,0.985,1.02,59.29
1786962096.893,,0,,,,0.330,-3.983,True,0.429,0.928,0.96,59.27
1786962096.993,,0,,,,-0.110,-4.549,True,0.421,0.929,0.96,59.26
1786962097.068,,0,,,,-0.320,-4.819,True,0.418,1.078,1.11,59.24
1786962097.093,,0,,,,-0.350,-4.858,True,0.418,1.157,1.20,59.22
1786962097.193,,0,,,,-0.230,-4.704,True,0.420,1.204,1.24,59.20
1786962097.293,,0,,,,0.060,-4.331,True,0.424,1.180,1.22,59.18
1786962097.343,,0,,,,0.220,-4.125,True,0.427,1.100,1.14,59.16
1786962097.443,,0,,,,0.330,-3.983,True,0.429,0.459,0.48,59.71
1786962097.593,,0,,,,0.050,-4.343,True,0.424,0.281,0.29,59.68
1786962097.693,,0,,,,-0.430,-4.961,True,0.416,0.740,0.77,59.73
1786962097.793,,0,,,,-0.880,-5.540,True,0.409,-0.192,0.20,59.81
1786962097.918,,0,,,,-1.140,-5.875,True,0.405,0.610,0.64,59.90
1786962097.943,,0,,,,-1.150,-5.887,True,0.405,0.552,0.58,59.89
1786962098.043,,0,,,,-1.120,-5.849,True,0.405,0.618,0.65,59.96
1786962098.143,,0,,,,-0.860,-5.514,True,0.409,-0.019,0.02,59.87
1786962098.268,,0,,,,-0.500,-5.051,True,0.415,0.459,0.48,59.82
1786962098.343,,0,,,,-0.230,-4.704,True,0.420,0.627,0.66,60.29
1786962098.443,,0,,,,0.010,-4.395,True,0.423,0.752,0.79,60.07
1786962098.493,,0,,,,0.010,-4.395,True,0.423,0.475,0.50,60.05
1786962098.618,,0,,,,-0.100,-4.536,True,0.422,0.278,0.29,60.12
1786962098.718,,0,,,,-0.400,-4.922,True,0.417,-0.119,0.12,60.12
1786962098.793,,0,,,,-0.580,-5.154,True,0.414,-0.147,0.15,60.09
1786962098.843,,0,,,,-0.690,-5.296,True,0.412,-0.215,0.23,60.07
1786962098.993,,0,,,,-0.820,-5.463,True,0.410,0.563,0.59,59.96
1786962098.993,,0,,,,-0.820,-5.463,True,0.410,0.672,0.70,59.94
1786962102.093,,0,,,,-0.470,-5.012,True,0.416,0.754,0.80,60.41
1786962102.193,,0,,,,-0.200,-4.665,True,0.420,0.611,0.65,60.69
1786962102.293,,0,,,,0.130,-4.240,True,0.425,0.775,0.82,60.66
1786962102.343,,0,,,,0.210,-4.138,True,0.427,0.692,0.73,60.64
1786962102.493,,0,,,,0.410,-3.880,True,0.430,0.712,0.75,60.44
1786962102.593,,0,,,,0.370,-3.932,True,0.429,0.604,0.64,60.41
1786962102.643,,0,,,,0.290,-4.035,True,0.428,0.515,0.54,60.39
1786962102.793,,0,,,,-0.040,-4.459,True,0.423,0.063,0.07,60.61
1786962102.793,,0,,,,-0.100,-4.536,True,0.422,-0.004,0.00,60.60
1786962102.893,,0,,,,-0.350,-4.858,True,0.418,0.606,0.64,60.25
1786962103.018,,0,,,,-0.510,-5.064,True,0.415,0.598,0.63,60.69
1786962103.093,,0,,,,-0.640,-5.231,True,0.413,0.469,0.49,60.39
1786962103.143,,0,,,,-0.710,-5.321,True,0.412,0.497,0.52,60.37
1786962103.193,,0,,,,-0.790,-5.424,True,0.411,0.443,0.47,60.36
1786962103.293,,0,,,,-0.890,-5.553,True,0.409,0.550,0.58,60.54
1786962103.393,,0,,,,-1.030,-5.733,True,0.407,0.490,0.52,60.68
1786962103.468,,0,,,,-1.120,-5.849,True,0.405,-0.125,0.13,60.70
1786962103.543,,0,,,,-1.160,-5.900,True,0.405,-0.240,0.25,60.68
1786962103.593,,0,,,,-1.210,-5.965,True,0.404,-0.353,0.37,60.66
1786962103.693,,0,,,,-1.200,-5.952,True,0.404,-0.408,0.43,60.64
1786962103.793,,0,,,,-1.100,-5.823,True,0.406,0.230,0.24,60.55
1786962103.893,,0,,,,-0.940,-5.617,True,0.408,0.186,0.20,60.54
1786962103.993,,0,,,,-0.710,-5.321,True,0.412,1.012,1.07,60.34
1786962103.993,,0,,,,-0.710,-5.321,True,0.412,1.015,1.07,60.33
1786962104.093,,0,,,,-0.380,-4.897,True,0.417,0.935,0.98,60.31
1786962104.193,,0,,,,-0.050,-4.472,True,0.422,-0.586,0.62,60.75
1786962104.293,,0,,,,0.180,-4.176,True,0.426,-0.740,0.78,60.73
1786962104.368,,0,,,,0.350,-3.957,True,0.429,-0.832,0.88,60.71
1786962104.443,,0,,,,0.430,-3.854,True,0.430,0.684,0.72,60.35
1786962104.544,,0,,,,0.410,-3.880,True,0.430,0.228,0.24,60.68
1786962104.643,,0,,,,0.330,-3.983,True,0.429,0.608,0.64,60.34
1786962104.768,,0,,,,0.150,-4.215,True,0.426,0.941,0.99,60.30
1786962104.918,,0,,,,-0.120,-4.562,True,0.421,0.764,0.81,60.61
1786962104.943,,0,,,,-0.160,-4.614,True,0.421,0.718,0.76,60.59
1786962105.118,,0,,,,-0.550,-5.115,True,0.414,0.977,1.03,60.31
1786962105.218,,0,,,,-0.710,-5.321,True,0.412,0.972,1.03,60.51
1786962105.318,,0,,,,-0.670,-5.270,True,0.412,0.969,1.02,60.49
1786962105.393,,0,,,,-0.540,-5.103,True,0.415,1.272,1.34,60.27
1786962105.593,,0,,,,0.010,-4.395,True,0.423,1.219,1.28,60.07
1786962105.718,,0,,,,0.180,-4.176,True,0.426,1.011,1.06,60.05
1786962105.843,,0,,,,0.190,-4.163,True,0.426,0.756,0.79,60.02
1786962105.993,,0,,,,0.190,-4.163,True,0.426,1.447,1.51,59.97
1786962106.093,,0,,,,0.260,-4.073,True,0.427,1.419,1.48,59.94
1786962106.193,,0,,,,0.390,-3.906,True,0.430,2.957,3.07,59.43
1786962106.318,,0,,,,0.520,-3.739,True,0.432,0.596,0.63,60.71
1786962106.393,,0,,,,0.470,-3.803,True,0.431,0.452,0.48,60.70
1786962106.468,,0,,,,0.420,-3.867,True,0.430,0.396,0.42,60.68
1786962106.493,,0,,,,0.330,-3.983,True,0.429,0.281,0.30,60.67
1786962106.643,,0,,,,-0.020,-4.433,True,0.423,1.029,1.08,59.94
1786962106.768,,0,,,,-0.360,-4.871,True,0.417,0.241,0.25,60.59
1786962106.793,,0,,,,-0.480,-5.025,True,0.416,0.304,0.32,60.57
1786962106.893,,0,,,,-0.610,-5.193,True,0.413,1.296,1.35,59.81
1786962106.943,,0,,,,-0.660,-5.257,True,0.413,1.227,1.28,59.80
1786962106.993,,0,,,,-0.660,-5.257,True,0.413,1.133,1.18,59.80
1786962107.118,,0,,,,-0.530,-5.090,True,0.415,0.840,0.88,60.01
1786962107.143,,0,,,,-0.530,-5.090,True,0.415,0.788,0.82,60.00
1786962107.193,,0,,,,-0.390,-4.910,True,0.417,0.686,0.72,59.99
1786962107.293,,0,,,,-0.060,-4.485,True,0.422,0.457,0.48,59.97
1786962107.393,,0,,,,0.140,-4.228,True,0.426,0.313,0.33,59.94
1786962107.493,,0,,,,0.350,-3.957,True,0.429,1.441,1.49,59.40
1786962107.593,,0,,,,0.610,-3.623,True,0.433,0.710,0.74,60.05
1786962107.693,,0,,,,0.710,-3.494,True,0.435,0.053,0.06,60.00
1786962107.793,,0,,,,0.790,-3.391,True,0.436,0.626,0.65,59.70
1786962107.843,,0,,,,0.790,-3.391,True,0.436,0.510,0.53,59.69
1786962107.943,,0,,,,0.630,-3.597,True,0.434,1.007,1.04,59.42
1786962108.043,,0,,,,0.380,-3.919,True,0.429,0.222,0.23,59.78
1786962108.143,,0,,,,0.220,-4.125,True,0.427,0.345,0.36,59.75
1786962108.193,,0,,,,0.050,-4.343,True,0.424,0.259,0.27,59.73
1786962108.293,,0,,,,-0.090,-4.524,True,0.422,0.201,0.21,59.72
1786962108.368,,0,,,,-0.100,-4.536,True,0.422,0.294,0.31,59.93
1786962108.393,,0,,,,-0.110,-4.549,True,0.421,0.310,0.32,59.92
1786962108.493,,0,,,,-0.140,-4.588,True,0.421,0.495,0.51,59.42
1786962108.593,,0,,,,-0.190,-4.652,True,0.420,0.262,0.27,59.63
1786962108.693,,0,,,,-0.220,-4.691,True,0.420,0.388,0.41,59.78
1786962108.743,,0,,,,-0.290,-4.781,True,0.419,0.317,0.33,59.76
1786962108.843,,0,,,,-0.320,-4.819,True,0.418,0.341,0.35,59.53
1786962108.893,,0,,,,-0.340,-4.845,True,0.418,0.267,0.28,59.47
1786962108.993,,0,,,,-0.310,-4.807,True,0.418,0.241,0.25,59.45
1786962109.043,,0,,,,-0.300,-4.794,True,0.418,0.437,0.45,59.38
1786962109.193,,0,,,,-0.130,-4.575,True,0.421,0.286,0.30,59.36
1786962109.318,,0,,,,-0.090,-4.524,True,0.422,0.017,0.02,59.33
1786962109.418,,0,,,,-0.050,-4.472,True,0.422,0.208,0.21,59.18
1786962109.493,,0,,,,-0.090,-4.524,True,0.422,0.159,0.16,59.16
1786962109.543,,0,,,,-0.130,-4.575,True,0.421,0.045,0.05,59.15
1786962109.593,,0,,,,-0.200,-4.665,True,0.420,-0.026,0.03,59.14
1786962109.693,,0,,,,-0.400,-4.922,True,0.417,-0.047,0.05,59.20
1786962109.793,,0,,,,-0.590,-5.167,True,0.414,-0.065,0.07,59.19
1786962109.893,,0,,,,-0.750,-5.373,True,0.411,-0.030,0.03,59.17
1786962109.943,,0,,,,-0.790,-5.424,True,0.411,-0.103,0.11,58.99
1786962110.093,,0,,,,-0.750,-5.373,True,0.411,0.112,0.12,58.97
1786962110.093,,0,,,,-0.750,-5.373,True,0.411,0.004,0.00,58.95
1786962110.193,,0,,,,-0.720,-5.334,True,0.412,-0.679,0.71,59.84
1786962110.293,,0,,,,-0.670,-5.270,True,0.412,-0.170,0.17,58.87
1786962110.393,,0,,,,-0.610,-5.193,True,0.413,-0.310,0.32,58.85
1786962110.393,,0,,,,-0.610,-5.193,True,0.413,-0.454,0.47,58.84
1786962110.543,,0,,,,-0.570,-5.141,True,0.414,-0.403,0.41,58.46
1786962110.593,,0,,,,-0.560,-5.128,True,0.414,-0.519,0.53,58.44
1786962110.693,,0,,,,-0.470,-5.012,True,0.416,-0.295,0.30,58.54
1786962110.793,,0,,,,-0.430,-4.961,True,0.416,-0.930,0.96,59.36
1786962110.893,,0,,,,-0.280,-4.768,True,0.419,-0.857,0.88,58.83
1786962110.943,,0,,,,-0.240,-4.717,True,0.419,0.130,0.13,57.99
1786962110.993,,0,,,,-0.180,-4.639,True,0.420,0.096,0.10,57.98
1786962111.093,,0,,,,-0.090,-4.524,True,0.422,-0.037,0.04,58.05
1786962111.143,,0,,,,-0.050,-4.472,True,0.422,-0.085,0.09,58.04
1786962111.293,,0,,,,-0.020,-4.433,True,0.423,-0.087,0.09,58.38
1786962111.343,,0,,,,-0.050,-4.472,True,0.422,0.056,0.06,57.79
1786962111.443,,0,,,,-0.190,-4.652,True,0.420,-0.391,0.40,59.24
1786962111.543,,0,,,,-0.370,-4.884,True,0.417,-0.572,0.58,58.38
1786962111.593,,0,,,,-0.470,-5.012,True,0.416,-0.545,0.56,58.37
1786962111.693,,0,,,,-0.670,-5.270,True,0.412,-0.801,0.82,58.79
1786962111.793,,0,,,,-0.750,-5.373,True,0.411,0.182,0.18,57.77
1786962111.893,,0,,,,-0.740,-5.360,True,0.411,-0.276,0.28,58.26
1786962111.943,,0,,,,-0.740,-5.360,True,0.411,-0.307,0.31,58.24
1786962112.043,,0,,,,-0.620,-5.205,True,0.413,-0.003,0.00,57.63
1786962112.143,,0,,,,-0.540,-5.103,True,0.415,-0.095,0.10,57.92
1786962112.193,,0,,,,-0.510,-5.064,True,0.415,-0.224,0.23,57.90
1786962112.293,,0,,,,-0.470,-5.012,True,0.416,-0.163,0.16,57.80
1786962112.393,,0,,,,-0.350,-4.858,True,0.418,0.397,0.40,57.21
1786962112.443,,0,,,,-0.350,-4.858,True,0.418,0.261,0.26,58.20
1786962112.543,,0,,,,-0.200,-4.665,True,0.420,0.238,0.24,58.19
1786962112.593,,0,,,,-0.160,-4.614,True,0.421,0.205,0.21,58.17
1786962112.693,,0,,,,0.010,-4.395,True,0.423,0.209,0.21,58.15
1786962112.743,,0,,,,0.060,-4.331,True,0.424,0.655,0.65,56.80
1786962112.843,,0,,,,0.140,-4.228,True,0.426,0.600,0.59,56.78
1786962112.893,,0,,,,0.160,-4.202,True,0.426,0.526,0.52,56.76
1786962112.993,,0,,,,0.120,-4.253,True,0.425,0.700,0.70,57.31
1786962113.093,,0,,,,0.050,-4.343,True,0.424,0.592,0.59,57.29
1786962113.193,,0,,,,-0.010,-4.421,True,0.423,0.500,0.50,57.27
1786962113.293,,0,,,,-0.070,-4.498,True,0.422,0.275,0.27,57.00
1786962113.343,,0,,,,-0.090,-4.524,True,0.422,-0.175,0.18,58.12
1786962113.393,,0,,,,-0.120,-4.562,True,0.421,-0.173,0.18,58.11
1786962113.568,,0,,,,-0.090,-4.524,True,0.422,-0.163,0.16,57.31
1786962113.593,,0,,,,-0.090,-4.524,True,0.422,-0.113,0.11,57.29
1786962113.693,,0,,,,-0.140,-4.588,True,0.421,-0.068,0.07,57.28
1786962113.743,,0,,,,-0.170,-4.626,True,0.420,-0.046,0.05,57.26
1786962113.843,,0,,,,-0.230,-4.704,True,0.420,-0.070,0.07,57.24
1786962113.893,,0,,,,-0.250,-4.729,True,0.419,-0.110,0.11,57.22
1786962113.993,,0,,,,-0.290,-4.781,True,0.419,0.121,0.12,57.83
1786962114.118,,0,,,,-0.220,-4.691,True,0.420,-0.014,0.01,57.81
1786962114.193,,0,,,,-0.160,-4.614,True,0.421,-0.061,0.06,57.79
1786962114.193,,0,,,,-0.160,-4.614,True,0.421,-0.100,0.10,57.78
1786962114.293,,0,,,,-0.040,-4.459,True,0.423,0.913,0.90,56.38
1786962114.343,,0,,,,0.000,-4.408,True,0.423,0.848,0.83,56.37
1786962114.443,,0,,,,0.130,-4.240,True,0.425,-0.164,0.16,57.22
1786962114.543,,0,,,,0.260,-4.073,True,0.427,0.150,0.15,57.51
1786962114.593,,0,,,,0.300,-4.022,True,0.428,0.100,0.10,57.49
1786962114.693,,0,,,,0.450,-3.829,True,0.431,0.083,0.08,57.06
1786962114.743,,0,,,,0.590,-3.649,True,0.433,0.015,0.02,57.05
1786962114.793,,0,,,,0.680,-3.533,True,0.434,-0.003,0.00,57.04
1786962114.893,,0,,,,0.800,-3.378,True,0.436,0.420,0.41,56.50
1786962114.993,,0,,,,0.850,-3.314,True,0.437,0.335,0.33,56.48
1786962115.043,,0,,,,0.810,-3.365,True,0.437,0.294,0.29,56.47
1786962115.093,,0,,,,0.730,-3.468,True,0.435,0.229,0.23,56.45
1786962115.218,,0,,,,0.510,-3.752,True,0.432,0.860,0.83,55.44
1786962115.293,,0,,,,0.260,-4.073,True,0.427,0.893,0.87,55.91
1786962115.393,,0,,,,0.040,-4.356,True,0.424,0.625,0.60,55.34
1786962115.493,,0,,,,0.000,-4.408,True,0.423,0.531,0.51,55.33
1786962115.593,,0,,,,0.050,-4.343,True,0.424,1.746,1.68,55.27
1786962115.618,,0,,,,0.050,-4.343,True,0.424,1.750,1.69,55.25
1786962115.693,,0,,,,0.160,-4.202,True,0.426,1.699,1.64,55.24
1786962115.793,,0,,,,0.340,-3.970,True,0.429,1.627,1.57,55.22
1786962115.893,,0,,,,0.410,-3.880,True,0.430,1.061,1.03,55.47
1786962115.943,,0,,,,0.440,-3.842,True,0.430,0.953,0.92,55.46
1786962116.043,,0,,,,0.390,-3.906,True,0.430,0.671,0.66,55.96
1786962116.093,,0,,,,0.310,-4.009,True,0.428,0.607,0.58,54.80
1786962116.193,,0,,,,0.210,-4.138,True,0.427,0.546,0.52,54.78
1786962116.243,,0,,,,0.150,-4.215,True,0.426,0.358,0.34,54.54
1786962116.293,,0,,,,0.120,-4.253,True,0.425,0.336,0.32,54.53
1786962116.393,,0,,,,0.040,-4.356,True,0.424,0.326,0.31,54.52
1786962116.443,,0,,,,0.070,-4.318,True,0.424,0.334,0.32,54.50
1786962116.593,,0,,,,0.210,-4.138,True,0.427,0.892,0.85,54.82
1786962116.593,,0,,,,0.210,-4.138,True,0.427,0.900,0.86,54.81
1786962116.693,,0,,,,0.290,-4.035,True,0.428,0.813,0.78,54.79
1786962116.793,,0,,,,0.460,-3.816,True,0.431,0.739,0.71,54.77
1786962116.843,,0,,,,0.520,-3.739,True,0.432,0.827,0.78,54.06
1786962116.993,,0,,,,0.660,-3.558,True,0.434,0.785,0.73,53.41
1786962117.043,,0,,,,0.650,-3.571,True,0.434,0.592,0.55,53.39
1786962117.093,,0,,,,0.650,-3.571,True,0.434,1.138,1.08,54.13
1786962117.193,,0,,,,0.500,-3.764,True,0.431,0.359,0.34,53.82
1786962117.293,,0,,,,0.400,-3.893,True,0.430,0.305,0.29,54.09
1786962117.293,,0,,,,0.400,-3.893,True,0.430,0.281,0.27,54.08
1786962117.443,,0,,,,0.340,-3.970,True,0.429,0.278,0.27,54.68
1786962117.493,,0,,,,0.400,-3.893,True,0.430,0.302,0.29,54.67
1786962117.593,,0,,,,0.480,-3.790,True,0.431,0.212,0.20,54.43
1786962117.693,,0,,,,0.590,-3.649,True,0.433,0.295,0.28,54.49
1786962117.793,,0,,,,0.420,-3.867,True,0.430,0.099,0.09,53.84
1786962117.893,,0,,,,0.130,-4.240,True,0.425,0.982,0.92,53.75
1786962117.893,,0,,,,0.130,-4.240,True,0.425,0.913,0.86,53.75
1786962117.993,,0,,,,-0.230,-4.704,True,0.420,0.874,0.82,53.74
1786962118.093,,0,,,,-0.600,-5.180,True,0.414,0.815,0.76,53.72
1786962118.118,,0,,,,-0.680,-5.283,True,0.412,0.868,0.81,53.71
1786962118.193,,0,,,,-0.640,-5.231,True,0.413,1.016,0.95,53.68
1786962118.293,,0,,,,-0.300,-4.794,True,0.418,0.883,0.83,53.66
1786962118.393,,0,,,,0.150,-4.215,True,0.426,1.114,1.01,52.01
1786962118.443,,0,,,,0.320,-3.996,True,0.428,1.085,0.98,51.99
1786962118.493,,0,,,,0.400,-3.893,True,0.430,0.973,0.88,51.97
1786962118.593,,0,,,,0.590,-3.649,True,0.433,0.838,0.76,51.96
1786962118.643,,0,,,,0.590,-3.649,True,0.433,0.090,0.08,52.81
1786962118.743,,0,,,,0.320,-3.996,True,0.428,0.441,0.41,52.99
1786962118.843,,0,,,,-0.030,-4.446,True,0.423,-0.123,0.11,52.51
1786962118.918,,0,,,,-0.120,-4.562,True,0.421,-0.049,0.05,52.49
1786962118.993,,0,,,,-0.230,-4.704,True,0.420,-0.041,0.04,52.48
1786962119.093,,0,,,,-0.070,-4.498,True,0.422,1.212,1.11,52.71
1786962119.143,,0,,,,0.020,-4.382,True,0.424,1.198,1.10,52.70
1786962119.193,,0,,,,0.250,-4.086,True,0.427,1.287,1.18,52.68
1786962119.293,,0,,,,0.680,-3.533,True,0.434,1.363,1.25,52.62
1786962119.393,,0,,,,1.110,-2.979,True,0.442,1.227,1.13,52.60
1786962119.443,,0,,,,1.130,-2.954,True,0.442,0.983,0.90,52.58
1786962119.543,,0,,,,1.100,-2.992,True,0.441,0.827,0.76,52.56
1786962119.643,,0,,,,0.850,-3.314,True,0.437,0.239,0.22,52.59
1786962119.693,,0,,,,0.690,-3.520,True,0.435,0.951,0.88,53.08
1786962119.793,,0,,,,0.270,-4.060,True,0.428,0.005,0.00,51.63
1786962119.843,,0,,,,0.090,-4.292,True,0.425,0.301,0.27,51.61
1786962119.893,,0,,,,-0.080,-4.511,True,0.422,0.440,0.40,51.60
1786962119.993,,0,,,,-0.230,-4.704,True,0.420,0.570,0.51,51.59
1786962120.043,,0,,,,-0.230,-4.704,True,0.420,0.717,0.65,51.57
1786962120.143,,0,,,,-0.170,-4.626,True,0.420,0.770,0.72,53.41
1786962120.193,,0,,,,-0.110,-4.549,True,0.421,0.091,0.08,51.47
1786962120.293,,0,,,,0.060,-4.331,True,0.424,0.368,0.33,51.45
1786962120.418,,0,,,,0.170,-4.189,True,0.426,0.406,0.36,51.44
1786962120.493,,0,,,,0.170,-4.189,True,0.426,1.548,1.37,50.85
1786962120.593,,0,,,,0.080,-4.305,True,0.425,1.454,1.31,51.47
1786962120.593,,0,,,,0.080,-4.305,True,0.425,1.526,1.37,51.46
1786962120.693,,0,,,,-0.020,-4.433,True,0.423,1.479,1.33,51.44
1786962120.843,,0,,,,-0.220,-4.691,True,0.420,0.796,0.71,51.40
1786962120.943,,0,,,,-0.210,-4.678,True,0.420,-0.345,0.31,50.69
1786962121.093,,0,,,,0.020,-4.382,True,0.424,-0.639,0.56,50.65
1786962121.143,,0,,,,0.040,-4.356,True,0.424,-0.830,0.73,50.64
1786962121.243,,0,,,,0.230,-4.112,True,0.427,-0.836,0.74,50.58
1786962121.293,,0,,,,0.230,-4.112,True,0.427,-1.524,1.36,51.15
1786962121.418,,0,,,,0.220,-4.125,True,0.427,-1.489,1.33,51.14
1786962121.443,,0,,,,0.140,-4.228,True,0.426,-1.607,1.43,51.12
1786962121.493,,0,,,,0.090,-4.292,True,0.425,-0.647,0.57,50.17
1786962121.593,,0,,,,-0.140,-4.588,True,0.421,0.030,0.03,49.31
1786962121.693,,0,,,,-0.420,-4.948,True,0.416,-0.348,0.30,50.16
1786962121.893,,0,,,,-0.380,-4.897,True,0.417,0.560,0.49,50.37
1786962121.943,,0,,,,-0.300,-4.794,True,0.418,-0.149,0.13,48.84
1786962122.043,,0,,,,-0.120,-4.562,True,0.421,0.438,0.38,49.05
1786962122.093,,0,,,,-0.030,-4.446,True,0.423,0.261,0.22,49.03
1786962122.193,,0,,,,0.080,-4.305,True,0.425,-0.262,0.22,49.15
1786962122.293,,0,,,,0.080,-4.305,True,0.425,-0.152,0.13,49.33
1786962122.343,,0,,,,0.010,-4.395,True,0.423,-0.242,0.21,49.32
1786962122.393,,0,,,,-0.070,-4.498,True,0.422,-0.315,0.27,49.31
1786962122.493,,0,,,,-0.340,-4.845,True,0.418,-0.362,0.31,49.29
1786962122.543,,0,,,,-0.410,-4.935,True,0.417,-0.366,0.32,49.28
1786962122.693,,0,,,,-0.670,-5.270,True,0.412,-0.631,0.54,49.10
1786962122.743,,0,,,,-0.650,-5.244,True,0.413,-0.683,0.59,49.09
1786962122.843,,0,,,,-0.670,-5.270,True,0.412,-0.251,0.21,48.41
1786962122.943,,0,,,,-0.670,-5.270,True,0.412,-0.030,0.03,48.36
1786962122.993,,0,,,,-0.630,-5.218,True,0.413,-0.056,0.05,48.34
1786962123.093,,0,,,,-0.650,-5.244,True,0.413,-0.472,0.40,48.28
1786962123.193,,0,,,,-0.760,-5.386,True,0.411,-1.040,0.91,49.90
1786962123.193,,0,,,,-0.760,-5.386,True,0.411,-1.163,1.01,49.88
1786962123.293,,0,,,,-0.920,-5.591,True,0.409,-1.585,1.37,49.48
1786962123.418,,0,,,,-1.070,-5.784,True,0.406,0.149,0.13,48.58
1786962123.418,,0,,,,-1.070,-5.784,True,0.406,0.111,0.09,48.56
1786962123.493,,0,,,,-1.020,-5.720,True,0.407,-0.725,0.61,48.54
1786962123.593,,0,,,,-0.890,-5.553,True,0.409,-0.696,0.58,47.86
1786962123.643,,0,,,,-0.720,-5.334,True,0.412,-0.792,0.66,47.83
1786962123.693,,0,,,,-0.620,-5.205,True,0.413,-0.168,0.14,47.39
1786962123.793,,0,,,,-0.450,-4.987,True,0.416,-0.289,0.24,47.37
1786962123.918,,0,,,,-0.390,-4.910,True,0.417,-1.108,0.94,48.43
1786962123.943,,0,,,,-0.400,-4.922,True,0.417,-0.803,0.67,47.49
1786962123.993,,0,,,,-0.460,-5.000,True,0.416,-0.895,0.74,47.47
1786962124.093,,0,,,,-0.580,-5.154,True,0.414,-1.177,0.96,46.96
1786962124.193,,0,,,,-0.800,-5.437,True,0.410,-0.780,0.65,48.06
1786962124.243,,0,,,,-0.860,-5.514,True,0.409,-0.728,0.61,48.03
1786962124.343,,0,,,,-1.000,-5.694,True,0.407,-0.424,0.35,47.77
1786962124.493,,0,,,,-1.070,-5.784,True,0.406,-0.419,0.34,46.56
1786962124.593,,0,,,,-1.120,-5.849,True,0.405,-0.471,0.38,46.54
1786962124.693,,0,,,,-1.100,-5.823,True,0.406,-1.980,1.67,48.47
1786962124.743,,0,,,,-1.080,-5.797,True,0.406,-1.217,1.00,47.11
1786962124.843,,0,,,,-1.030,-5.733,True,0.407,-1.051,0.86,47.03
1786962124.943,,0,,,,-0.890,-5.553,True,0.409,-1.170,0.96,47.01
1786962124.993,,0,,,,-0.810,-5.450,True,0.410,-1.300,1.07,47.00
1786962125.093,,0,,,,-0.580,-5.154,True,0.414,-1.430,1.17,46.97
1786962125.218,,0,,,,-0.450,-4.987,True,0.416,-1.481,1.21,46.96
1786962125.243,,0,,,,-0.430,-4.961,True,0.416,-1.572,1.29,46.94
1786962125.293,,0,,,,-0.450,-4.987,True,0.416,-1.654,1.35,46.93
1786962125.393,,0,,,,-0.530,-5.090,True,0.415,-1.618,1.32,46.91
1786962125.493,,0,,,,-0.630,-5.218,True,0.413,-1.553,1.27,46.88
1786962125.593,,0,,,,-0.640,-5.231,True,0.413,-1.534,1.25,46.86
1786962125.693,,0,,,,-0.620,-5.205,True,0.413,-1.524,1.25,46.83
1786962125.793,,0,,,,-0.600,-5.180,True,0.414,-1.527,1.25,46.81
1786962125.793,,0,,,,-0.600,-5.180,True,0.414,-1.545,1.26,46.79
1786962125.893,,0,,,,-0.570,-5.141,True,0.414,-1.565,1.28,46.77
1786962125.993,,0,,,,-0.640,-5.231,True,0.413,-1.607,1.31,46.76
1786962126.043,,0,,,,-0.660,-5.257,True,0.413,-1.633,1.33,46.73
1786962126.093,,0,,,,-0.720,-5.334,True,0.412,-0.251,0.20,46.00
1786962126.193,,0,,,,-0.780,-5.411,True,0.411,-0.240,0.19,45.99
1786962126.293,,0,,,,-0.810,-5.450,True,0.410,-0.264,0.21,45.97
1786962126.343,,0,,,,-0.800,-5.437,True,0.410,-0.294,0.24,45.96
1786962126.393,,0,,,,-0.800,-5.437,True,0.410,-0.710,0.57,45.63
1786962126.493,,0,,,,-0.760,-5.386,True,0.411,-0.288,0.22,44.48
1786962126.543,,0,,,,-0.730,-5.347,True,0.412,-0.296,0.23,44.47
1786962126.643,,0,,,,-0.620,-5.205,True,0.413,-0.730,0.57,44.58
1786962126.693,,0,,,,-0.560,-5.128,True,0.414,-0.807,0.63,44.56
1786962126.793,,0,,,,-0.460,-5.000,True,0.416,0.108,0.09,45.98
1786962126.893,,0,,,,-0.360,-4.871,True,0.417,0.200,0.15,44.25
1786962126.993,,0,,,,-0.420,-4.948,True,0.416,-1.062,0.84,45.52
1786962127.093,,0,,,,-0.410,-4.935,True,0.417,-0.731,0.57,44.88
1786962127.118,,0,,,,-0.410,-4.935,True,0.417,-0.799,0.63,44.87
1786962127.193,,0,,,,-0.390,-4.910,True,0.417,-0.791,0.62,44.70
1786962127.293,,0,,,,-0.420,-4.948,True,0.416,-1.361,1.08,45.42
1786962127.368,,0,,,,-0.380,-4.897,True,0.417,-1.381,1.09,45.41
1786962127.443,,0,,,,-0.460,-5.000,True,0.416,-0.839,0.65,44.50
1786962127.543,,0,,,,-0.500,-5.051,True,0.415,0.115,0.09,43.60
1786962127.643,,0,,,,-0.640,-5.231,True,0.413,0.058,0.04,43.58
1786962127.693,,0,,,,-0.700,-5.308,True,0.412,-0.034,0.03,43.56
1786962127.793,,0,,,,-0.830,-5.476,True,0.410,-1.562,1.22,44.74
1786962127.893,,0,,,,-0.900,-5.566,True,0.409,-1.577,1.23,44.72
1786962128.018,,0,,,,-0.840,-5.489,True,0.410,-1.631,1.27,44.71
1786962128.093,,0,,,,-0.760,-5.386,True,0.411,-1.727,1.35,44.68
1786962128.193,,0,,,,-0.490,-5.038,True,0.415,-1.876,1.46,44.65
1786962128.293,,0,,,,-0.360,-4.871,True,0.417,-2.011,1.57,44.62
1786962128.393,,0,,,,-0.220,-4.691,True,0.420,-1.111,0.85,43.65
1786962128.493,,0,,,,-0.180,-4.639,True,0.420,-1.271,0.97,43.63
1786962128.693,,0,,,,-0.420,-4.948,True,0.416,-0.059,0.04,42.34
1786962128.768,,0,,,,-0.540,-5.103,True,0.415,-0.023,0.02,42.32
1786962128.893,,0,,,,-0.860,-5.514,True,0.409,-0.545,0.40,41.81
1786962128.993,,0,,,,-0.960,-5.643,True,0.408,-0.325,0.24,41.80
1786962129.093,,0,,,,-0.980,-5.669,True,0.408,-0.323,0.24,41.78
1786962129.243,,0,,,,-0.950,-5.630,True,0.408,-0.418,0.31,42.66
1786962129.293,,0,,,,-0.960,-5.643,True,0.408,-0.476,0.35,42.65
1786962129.393,,0,,,,-0.960,-5.643,True,0.408,-0.371,0.27,41.50
1786962129.493,,0,,,,-0.960,-5.643,True,0.408,-0.974,0.72,42.17
1786962129.593,,0,,,,-0.960,-5.643,True,0.408,-1.031,0.76,42.16
1786962129.643,,0,,,,-0.910,-5.579,True,0.409,-1.147,0.84,42.13
1786962129.793,,0,,,,-0.790,-5.424,True,0.411,-0.920,0.68,42.07
1786962129.843,,0,,,,-0.690,-5.296,True,0.412,-1.039,0.76,42.05
1786962129.893,,0,,,,-0.640,-5.231,True,0.413,-1.308,0.97,42.62
1786962129.993,,0,,,,-0.470,-5.012,True,0.416,-1.601,1.18,42.41
1786962130.093,,0,,,,-0.320,-4.819,True,0.418,-1.695,1.25,42.39
1786962130.143,,0,,,,-0.290,-4.781,True,0.419,-1.133,0.83,41.77
1786962130.243,,0,,,,-0.290,-4.781,True,0.419,-1.617,1.20,42.39
1786962130.293,,0,,,,-0.320,-4.819,True,0.418,-1.693,1.25,42.37
1786962130.393,,0,,,,-0.500,-5.051,True,0.415,-1.855,1.37,42.37
1786962130.493,,0,,,,-0.660,-5.257,True,0.413,-1.259,0.90,41.08
1786962130.543,,0,,,,-0.820,-5.463,True,0.410,-1.297,0.93,41.07
1786962130.593,,0,,,,-0.900,-5.566,True,0.409,-2.089,1.52,41.64
1786962130.718,,0,,,,-1.080,-5.797,True,0.406,-1.849,1.34,41.62
1786962130.818,,0,,,,-1.070,-5.784,True,0.406,-1.847,1.34,41.61
1786962130.843,,0,,,,-1.060,-5.772,True,0.406,-1.832,1.33,41.59
1786962130.893,,0,,,,-0.990,-5.682,True,0.407,-1.811,1.31,41.57
1786962130.993,,0,,,,-0.740,-5.360,True,0.411,-1.845,1.34,41.56
1786962131.043,,0,,,,-0.650,-5.244,True,0.413,-1.833,1.33,41.54
1786962131.093,,0,,,,-0.590,-5.167,True,0.414,-1.871,1.36,41.52
1786962131.143,,0,,,,-0.530,-5.090,True,0.415,-1.934,1.40,41.51
1786962131.243,,0,,,,-0.560,-5.128,True,0.414,-0.350,0.25,40.46
1786962131.343,,0,,,,-0.680,-5.283,True,0.412,-0.460,0.32,40.43
1786962131.443,,0,,,,-0.920,-5.591,True,0.409,-0.603,0.43,40.41
1786962131.593,,0,,,,-1.130,-5.862,True,0.405,-0.851,0.60,40.50
1786962131.643,,0,,,,-1.140,-5.875,True,0.405,-0.955,0.67,40.48
1786962131.693,,0,,,,-1.100,-5.823,True,0.406,-1.060,0.75,40.47
1786962131.793,,0,,,,-0.950,-5.630,True,0.408,-1.159,0.82,40.46
1786962131.843,,0,,,,-0.910,-5.579,True,0.409,-1.220,0.86,40.43
1786962131.943,,0,,,,-0.730,-5.347,True,0.412,-1.586,1.12,40.46
1786962132.093,,0,,,,-0.680,-5.283,True,0.412,-1.921,1.34,40.13
1786962132.193,,0,,,,-0.900,-5.566,True,0.409,-1.114,0.77,39.34
1786962132.293,,0,,,,-1.100,-5.823,True,0.406,-0.707,0.48,39.25
1786962132.343,,0,,,,-1.180,-5.926,True,0.404,-0.695,0.48,39.23
1786962132.443,,0,,,,-1.200,-5.952,True,0.404,-0.954,0.65,39.07
1786962132.518,,0,,,,-1.150,-5.887,True,0.405,-0.969,0.66,39.06
1786962132.593,,0,,,,-1.050,-5.759,True,0.407,-0.687,0.47,39.07
1786962132.643,,0,,,,-0.930,-5.604,True,0.408,-1.244,0.86,39.75
1786962132.693,,0,,,,-0.900,-5.566,True,0.409,-1.358,0.94,39.73
1786962132.793,,0,,,,-0.840,-5.489,True,0.410,-0.600,0.40,37.96
1786962132.793,,0,,,,-0.840,-5.489,True,0.410,-0.728,0.48,37.95
1786962132.918,,0,,,,-0.880,-5.540,True,0.409,-1.103,0.74,38.52
1786962132.993,,0,,,,-0.990,-5.682,True,0.407,-2.041,1.40,39.31
1786962133.093,,0,,,,-1.030,-5.733,True,0.407,-0.946,0.63,38.45
1786962133.143,,0,,,,-1.040,-5.746,True,0.407,-0.922,0.62,38.43
1786962133.243,,0,,,,-0.990,-5.682,True,0.407,-0.999,0.67,38.46
1786962133.293,,0,,,,-0.940,-5.617,True,0.408,-1.028,0.69,38.44
1786962133.443,,0,,,,-0.830,-5.476,True,0.410,-1.823,1.23,38.72
1786962133.493,,0,,,,-0.840,-5.489,True,0.410,-1.816,1.23,38.69
1786962133.593,,0,,,,-0.940,-5.617,True,0.408,-1.799,1.21,38.56
1786962133.643,,0,,,,-0.960,-5.643,True,0.408,-1.823,1.23,38.54
1786962133.743,,0,,,,-1.170,-5.913,True,0.405,-0.860,0.56,37.23
1786962133.893,,0,,,,-1.220,-5.977,True,0.404,-0.935,0.61,37.19
1786962133.968,,0,,,,-1.140,-5.875,True,0.405,-0.957,0.62,37.17
1786962134.093,,0,,,,-0.900,-5.566,True,0.409,-1.053,0.68,37.14
1786962134.193,,0,,,,-0.680,-5.283,True,0.412,-1.199,0.78,37.11
1786962134.243,,0,,,,-0.620,-5.205,True,0.413,-1.344,0.87,37.09
1786962134.293,,0,,,,-0.600,-5.180,True,0.414,-1.430,0.94,37.82
1786962134.393,,0,,,,-0.690,-5.296,True,0.412,-1.493,0.98,37.80
1786962134.493,,0,,,,-0.850,-5.501,True,0.410,-1.540,1.01,37.77
1786962134.543,,0,,,,-0.980,-5.669,True,0.408,-1.491,0.98,37.75
1786962134.618,,0,,,,-1.130,-5.862,True,0.405,-2.076,1.36,37.41
1786962134.693,,0,,,,-1.220,-5.977,True,0.404,-2.054,1.34,37.39
1786962134.793,,0,,,,-1.170,-5.913,True,0.405,-2.037,1.32,37.26
1786962134.843,,0,,,,-1.120,-5.849,True,0.405,-1.793,1.16,37.04
1786962134.943,,0,,,,-0.840,-5.489,True,0.410,-0.709,0.45,36.00
1786962134.993,,0,,,,-0.740,-5.360,True,0.411,-0.783,0.49,35.98
1786962135.043,,0,,,,-0.580,-5.154,True,0.414,-1.820,1.17,36.83
1786962135.143,,0,,,,-0.490,-5.038,True,0.415,-1.928,1.24,36.80
1786962135.243,,0,,,,-0.650,-5.244,True,0.413,-0.235,0.15,36.55
1786962135.368,,0,,,,-0.930,-5.604,True,0.408,-1.750,1.11,36.46
1786962135.393,,0,,,,-1.230,-5.990,True,0.404,-1.151,0.74,36.61
1786962135.493,,0,,,,-1.370,-6.160,True,0.403,-1.092,0.70,36.60
1786962135.543,,0,,,,-1.410,-6.201,True,0.405,-1.160,0.74,36.54
1786962135.593,,0,,,,-1.340,-6.129,True,0.402,-1.118,0.71,36.52
1786962135.693,,0,,,,-1.150,-5.887,True,0.405,-1.622,1.03,36.47
1786962135.743,,0,,,,-0.830,-5.476,True,0.410,-0.281,0.17,35.33
1786962135.793,,0,,,,-0.720,-5.334,True,0.412,-0.379,0.23,35.31
1786962135.893,,0,,,,-0.170,-4.626,True,0.420,-1.411,0.89,36.05
1786962135.993,,0,,,,0.130,-4.240,True,0.425,-0.681,0.43,35.81
1786962136.093,,0,,,,0.300,-4.022,True,0.428,-0.858,0.54,35.78
1786962136.143,,0,,,,0.260,-4.073,True,0.427,-1.023,0.64,35.76
1786962136.193,,0,,,,0.270,-4.060,True,0.428,-1.104,0.69,35.74
1786962136.293,,0,,,,-0.030,-4.446,True,0.423,-1.019,0.63,35.71
1786962136.368,,0,,,,-0.340,-4.845,True,0.418,-0.912,0.57,35.69
1786962136.443,,0,,,,-0.750,-5.373,True,0.411,-0.938,0.58,35.66
1786962136.543,,0,,,,-1.060,-5.772,True,0.406,-0.757,0.46,34.58
1786962136.643,,0,,,,-1.280,-6.055,True,0.403,-0.757,0.46,34.56
1786962136.693,,0,,,,-1.260,-6.029,True,0.403,-0.844,0.51,34.54
1786962136.793,,0,,,,-1.120,-5.849,True,0.405,-0.966,0.58,34.52
1786962136.843,,0,,,,-1.010,-5.707,True,0.407,-0.883,0.53,34.18
1786962137.043,,0,,,,-0.560,-5.128,True,0.414,-1.112,0.67,34.71
1786962137.093,,0,,,,-0.550,-5.115,True,0.414,-1.310,0.79,34.68
1786962137.193,,0,,,,-0.550,-5.115,True,0.414,-1.456,0.88,34.67
1786962137.318,,0,,,,-0.720,-5.334,True,0.412,-1.516,0.92,34.62
1786962137.393,,0,,,,-0.820,-5.463,True,0.410,-1.724,1.04,34.58
1786962137.443,,0,,,,-0.890,-5.553,True,0.409,-1.702,1.03,34.56
1786962137.543,,0,,,,-0.930,-5.604,True,0.408,-1.566,0.94,34.54
1786962137.593,,0,,,,-0.910,-5.579,True,0.409,-1.526,0.92,34.52
1786962137.693,,0,,,,-0.810,-5.450,True,0.410,-1.523,0.92,34.50
1786962137.843,,0,,,,-0.620,-5.205,True,0.413,-1.145,0.68,33.91
1786962137.893,,0,,,,-0.580,-5.154,True,0.414,-1.206,0.71,33.89
1786962138.018,,0,,,,-0.520,-5.077,True,0.415,-1.259,0.74,33.87
1786962138.043,,0,,,,-0.520,-5.077,True,0.415,-1.364,0.81,33.85
1786962138.093,,0,,,,-0.510,-5.064,True,0.415,-1.601,0.95,33.83
1786962138.193,,0,,,,-0.610,-5.193,True,0.413,-1.706,1.00,33.56
1786962138.293,,0,,,,-0.840,-5.489,True,0.410,-1.926,1.13,33.53
1786962138.368,,0,,,,-0.940,-5.617,True,0.408,-2.043,1.19,33.51
1786962138.493,,0,,,,-1.070,-5.784,True,0.406,-2.340,1.34,32.90
1786962138.593,,0,,,,-1.090,-5.810,True,0.406,-2.365,1.36,32.88
1786962138.643,,0,,,,-1.100,-5.823,True,0.406,-2.417,1.39,32.87
1786962138.693,,0,,,,-1.090,-5.810,True,0.406,-2.445,1.40,32.85
1786962138.793,,0,,,,-1.010,-5.707,True,0.407,-2.435,1.39,32.83
1786962138.843,,0,,,,-0.950,-5.630,True,0.408,-2.444,1.40,32.81
1786962138.943,,0,,,,-0.870,-5.527,True,0.409,-1.556,0.89,32.73
1786962139.068,,0,,,,-0.810,-5.450,True,0.410,-1.555,0.89,32.70
1786962139.093,,0,,,,-0.840,-5.489,True,0.410,-1.577,0.90,32.69
1786962139.193,,0,,,,-1.000,-5.694,True,0.407,-1.613,0.92,32.67
1786962139.268,,0,,,,-1.170,-5.913,True,0.405,-1.694,0.97,32.66
1786962139.318,,0,,,,-1.300,-6.080,True,0.403,-1.791,1.02,32.64
1786962139.393,,0,,,,-1.480,-6.272,True,0.407,-1.922,1.09,32.61
1786962139.493,,0,,,,-1.590,-6.384,True,0.410,-2.076,1.18,32.59
1786962139.593,,0,,,,-1.510,-6.303,True,0.408,-2.262,1.29,32.57
1786962139.693,,0,,,,-1.240,-6.003,True,0.404,-2.338,1.33,32.55
1786962139.693,,0,,,,-1.240,-6.003,True,0.404,-2.358,1.34,32.53
1786962140.868,,0,,,,-0.900,-5.566,True,0.409,-1.777,0.94,30.27
1786962140.893,,0,,,,-0.830,-5.476,True,0.410,-1.860,0.98,30.25
1786962140.993,,0,,,,-0.620,-5.205,True,0.413,-1.908,1.01,30.22
1786962141.093,,0,,,,-0.570,-5.141,True,0.414,-2.006,1.06,30.19
1786962141.193,,0,,,,-0.620,-5.205,True,0.413,-1.547,0.81,30.10
1786962141.243,,0,,,,-0.690,-5.296,True,0.412,-1.579,0.83,30.08
1786962141.293,,0,,,,-0.750,-5.373,True,0.411,-1.647,0.86,30.07
1786962141.393,,0,,,,-0.880,-5.540,True,0.409,-1.605,0.84,30.06
1786962141.468,,0,,,,-0.920,-5.591,True,0.409,-1.780,0.92,29.70
1786962141.493,,0,,,,-0.910,-5.579,True,0.409,-1.778,0.92,29.68
1786962141.593,,0,,,,-0.760,-5.386,True,0.411,-1.830,0.95,29.66
1786962141.668,,0,,,,-0.640,-5.231,True,0.413,-1.865,0.96,29.65
1786962141.693,,0,,,,-0.600,-5.180,True,0.414,-1.915,0.99,29.63
1786962141.793,,0,,,,-0.360,-4.871,True,0.417,-1.705,0.87,29.25
1786962141.893,,0,,,,-0.230,-4.704,True,0.420,-1.867,0.95,29.22
1786962142.018,,0,,,,-0.100,-4.536,True,0.422,-1.663,0.84,28.97
1786962142.093,,0,,,,-0.110,-4.549,True,0.421,-1.763,0.89,28.95
1786962142.193,,0,,,,-0.300,-4.794,True,0.418,-1.837,0.93,28.93
1786962142.293,,0,,,,-0.580,-5.154,True,0.414,-1.805,0.90,28.54
1786962142.393,,0,,,,-0.950,-5.630,True,0.408,-1.812,0.90,28.52
1786962142.493,,0,,,,-1.130,-5.862,True,0.405,-1.885,0.94,28.51
1786962142.543,,0,,,,-1.140,-5.875,True,0.405,-1.488,0.73,28.20
1786962142.643,,0,,,,-1.050,-5.759,True,0.407,-1.408,0.69,28.18
1786962142.768,,0,,,,-0.830,-5.476,True,0.410,-1.501,0.74,28.17
1786962142.793,,0,,,,-0.750,-5.373,True,0.411,-1.641,0.81,28.15
1786962142.893,,0,,,,-0.540,-5.103,True,0.415,-1.399,0.68,28.01
1786962142.943,,0,,,,-0.490,-5.038,True,0.415,-1.559,0.76,28.00
1786962143.043,,0,,,,-0.420,-4.948,True,0.416,-1.739,0.85,27.98
1786962143.093,,0,,,,-0.440,-4.974,True,0.416,-1.157,0.56,27.66
1786962143.193,,0,,,,-0.480,-5.025,True,0.416,-1.291,0.62,27.64
1786962143.243,,0,,,,-0.540,-5.103,True,0.415,-1.398,0.67,27.63
1786962143.343,,0,,,,-0.610,-5.193,True,0.413,-1.504,0.72,27.61
1786962143.493,,0,,,,-0.620,-5.205,True,0.413,-1.094,0.52,27.31
1786962143.493,,0,,,,-0.620,-5.205,True,0.413,-1.167,0.56,27.30
1786962143.593,,0,,,,-0.560,-5.128,True,0.414,-1.247,0.59,27.28
1786962143.693,,0,,,,-0.470,-5.012,True,0.416,-1.221,0.58,27.17
1786962143.793,,0,,,,-0.340,-4.845,True,0.418,-1.257,0.60,27.16
1786962143.793,,0,,,,-0.340,-4.845,True,0.418,-1.278,0.61,27.15
1786962143.893,,0,,,,-0.280,-4.768,True,0.419,-1.369,0.65,27.14
1786962143.993,,0,,,,-0.320,-4.819,True,0.418,-1.243,0.58,26.85
1786962144.043,,0,,,,-0.360,-4.871,True,0.417,-1.440,0.67,26.83
1786962144.093,,0,,,,-0.400,-4.922,True,0.417,-1.856,0.87,26.81
1786962144.193,,0,,,,-0.490,-5.038,True,0.415,-1.768,0.83,26.80
1786962144.293,,0,,,,-0.540,-5.103,True,0.415,-1.360,0.63,26.54
1786962144.343,,0,,,,-0.580,-5.154,True,0.414,-1.856,0.86,26.51
1786962144.443,,0,,,,-0.640,-5.231,True,0.413,-2.121,0.98,26.49
1786962144.493,,0,,,,-0.700,-5.308,True,0.412,-2.343,1.08,26.47
1786962144.593,,0,,,,-0.820,-5.463,True,0.410,-1.936,0.88,26.15
1786962144.693,,0,,,,-0.920,-5.591,True,0.409,-1.966,0.90,26.13
1786962144.768,,0,,,,-0.960,-5.643,True,0.408,-1.733,0.78,25.95
1786962144.893,,0,,,,-0.990,-5.682,True,0.407,-1.465,0.66,25.84
1786962144.893,,0,,,,-0.990,-5.682,True,0.407,-1.413,0.64,25.83
1786962144.993,,0,,,,-0.910,-5.579,True,0.409,-1.344,0.60,25.72
1786962145.093,,0,,,,-0.800,-5.437,True,0.410,-1.247,0.56,25.65
1786962145.193,,0,,,,-0.770,-5.398,True,0.411,-1.396,0.62,25.53
1786962145.243,,0,,,,-0.770,-5.398,True,0.411,-1.474,0.66,25.51
1786962145.343,,0,,,,-0.760,-5.386,True,0.411,-1.035,0.46,25.42
1786962145.393,,0,,,,-0.770,-5.398,True,0.411,-1.158,0.51,25.40
1786962145.493,,0,,,,-0.780,-5.411,True,0.411,-1.248,0.55,25.29
1786962145.543,,0,,,,-0.770,-5.398,True,0.411,-1.406,0.62,25.28
1786962145.593,,0,,,,-0.710,-5.321,True,0.412,-1.540,0.68,25.26
1786962145.693,,0,,,,-0.520,-5.077,True,0.415,-1.351,0.59,25.01
1786962145.793,,0,,,,-0.340,-4.845,True,0.418,-1.510,0.66,24.98
1786962145.893,,0,,,,-0.020,-4.433,True,0.423,-1.698,0.74,24.97
1786962145.943,,0,,,,0.030,-4.369,True,0.424,-1.426,0.62,24.83
1786962145.993,,0,,,,0.120,-4.253,True,0.425,-1.598,0.69,24.82
1786962146.093,,0,,,,0.180,-4.176,True,0.426,-1.817,0.79,24.80
1786962146.193,,0,,,,0.040,-4.356,True,0.424,-1.438,0.62,24.52
1786962146.293,,0,,,,-0.040,-4.459,True,0.423,-1.542,0.66,24.50
1786962146.393,,0,,,,-0.260,-4.742,True,0.419,-1.484,0.63,24.33
1786962146.443,,0,,,,-0.360,-4.871,True,0.417,-1.223,0.52,24.28
1786962146.543,,0,,,,-0.540,-5.103,True,0.415,-1.246,0.53,24.26
1786962146.643,,0,,,,-0.620,-5.205,True,0.413,-1.337,0.57,24.24
1786962146.693,,0,,,,-0.620,-5.205,True,0.413,-1.395,0.59,24.22
1786962146.793,,0,,,,-0.550,-5.115,True,0.414,-1.706,0.72,24.20
1786962146.893,,0,,,,-0.330,-4.832,True,0.418,-1.942,0.82,24.18
1786962146.993,,0,,,,-0.110,-4.549,True,0.421,-2.099,0.88,24.16
1786962147.093,,0,,,,0.140,-4.228,True,0.426,-2.598,1.09,24.15
1786962147.193,,0,,,,0.130,-4.240,True,0.425,-2.777,1.17,24.13
1786962147.293,,0,,,,0.000,-4.408,True,0.423,-2.841,1.20,24.12
1786962147.443,,0,,,,-0.320,-4.819,True,0.418,-2.894,1.22,24.08
1786962147.593,,0,,,,-0.330,-4.832,True,0.418,-1.011,0.41,23.26
1786962147.668,,0,,,,-0.210,-4.678,True,0.420,-1.220,0.49,23.24
1786962147.693,,0,,,,-0.110,-4.549,True,0.421,-1.390,0.56,23.23
1786962147.793,,0,,,,0.050,-4.343,True,0.424,-1.532,0.61,22.79
1786962147.893,,0,,,,0.120,-4.253,True,0.425,-0.990,0.39,22.84
1786962147.943,,0,,,,0.140,-4.228,True,0.426,-1.182,0.47,22.82
1786962148.043,,0,,,,0.000,-4.408,True,0.423,-1.514,0.60,22.76
1786962148.093,,0,,,,-0.050,-4.472,True,0.422,-1.634,0.65,22.66
1786962148.193,,0,,,,-0.210,-4.678,True,0.420,-1.654,0.65,22.62
1786962148.243,,0,,,,-0.230,-4.704,True,0.420,-1.778,0.70,22.61
1786962148.343,,0,,,,-0.240,-4.717,True,0.419,-1.619,0.63,22.42
1786962148.418,,0,,,,-0.220,-4.691,True,0.420,-1.789,0.70,22.40
1786962148.493,,0,,,,-0.140,-4.588,True,0.421,-1.927,0.75,22.39
1786962148.593,,0,,,,-0.070,-4.498,True,0.422,-1.960,0.77,22.38
1786962148.718,,0,,,,-0.050,-4.472,True,0.422,-2.044,0.80,22.37
1786962148.743,,0,,,,-0.100,-4.536,True,0.422,-2.196,0.86,22.35
1786962148.843,,0,,,,-0.190,-4.652,True,0.420,-2.354,0.92,22.34
1786962148.893,,0,,,,-0.250,-4.729,True,0.419,-2.410,0.94,22.32
1786962148.993,,0,,,,-0.330,-4.832,True,0.418,-2.525,0.98,22.31
1786962149.093,,0,,,,-0.320,-4.819,True,0.418,-3.148,1.22,22.27
1786962149.193,,0,,,,-0.270,-4.755,True,0.419,-3.722,1.44,22.25
1786962149.243,,0,,,,-0.220,-4.691,True,0.420,-3.724,1.44,22.23
1786962149.343,,0,,,,-0.170,-4.626,True,0.420,-3.748,1.45,22.22
1786962149.393,,0,,,,-0.130,-4.575,True,0.421,-3.886,1.50,22.20
1786962149.493,,0,,,,-0.030,-4.446,True,0.423,-4.202,1.62,22.18
1786962149.593,,0,,,,0.040,-4.356,True,0.424,-4.435,1.71,22.16
1786962149.693,,0,,,,0.040,-4.356,True,0.424,-4.681,1.81,22.15
1786962149.793,,0,,,,0.010,-4.395,True,0.423,-4.822,1.86,22.14
1786962149.893,,0,,,,-0.030,-4.446,True,0.423,-2.099,0.77,20.95
1786962149.943,,0,,,,0.000,-4.408,True,0.423,-2.197,0.80,20.94
1786962149.993,,0,,,,0.050,-4.343,True,0.424,-2.124,0.78,20.93
1786962150.093,,0,,,,0.190,-4.163,True,0.426,-2.086,0.76,20.91
1786962150.193,,0,,,,0.360,-3.945,True,0.429,-2.182,0.80,20.89
1786962150.293,,0,,,,0.510,-3.752,True,0.432,-2.394,0.87,20.87
1786962150.393,,0,,,,0.520,-3.739,True,0.432,-2.666,0.97,20.85
1786962150.493,,0,,,,0.430,-3.854,True,0.430,-3.122,1.13,20.82
1786962150.543,,0,,,,0.390,-3.906,True,0.430,-3.440,1.25,20.80
1786962150.643,,0,,,,0.320,-3.996,True,0.428,-3.629,1.32,20.79
1786962150.743,,0,,,,0.210,-4.138,True,0.427,-3.809,1.38,20.77
1786962150.793,,0,,,,0.250,-4.086,True,0.427,-3.826,1.39,20.76
1786962150.893,,0,,,,0.360,-3.945,True,0.429,-3.939,1.43,20.75
1786962150.967,,0,,,,0.500,-3.764,True,0.431,-1.278,0.44,19.91
1786962150.992,,0,,,,0.550,-3.700,True,0.432,-1.455,0.51,19.90
1786962151.092,,0,,,,0.810,-3.365,True,0.437,-1.463,0.51,19.89
1786962151.217,,0,,,,0.870,-3.288,True,0.438,-1.393,0.48,19.88
1786962151.293,,0,,,,0.910,-3.237,True,0.438,-3.779,1.35,20.43
1786962151.293,,0,,,,0.910,-3.237,True,0.438,-3.930,1.40,20.42
1786962151.392,,0,,,,0.770,-3.417,True,0.436,-1.046,0.36,19.59
1786962151.517,,0,,,,0.510,-3.752,True,0.432,-1.013,0.35,19.53
1786962151.592,,0,,,,0.290,-4.035,True,0.428,-0.786,0.27,19.47
1786962151.642,,0,,,,0.230,-4.112,True,0.427,-0.933,0.31,19.32
1786962151.692,,0,,,,0.050,-4.343,True,0.424,-1.129,0.38,19.31
1786962151.792,,0,,,,0.080,-4.305,True,0.425,-1.424,0.48,19.29
1786962151.892,,0,,,,0.240,-4.099,True,0.427,-1.834,0.62,19.28
1786962151.992,,0,,,,0.640,-3.584,True,0.434,-1.304,0.43,19.03
1786962152.192,,0,,,,1.120,-2.967,True,0.442,-1.359,0.45,18.97
1786962152.242,,0,,,,1.140,-2.941,True,0.442,-1.659,0.55,18.97
1786962152.717,,0,,,,-0.190,-4.652,True,0.420,-1.392,0.45,18.41
1786962152.792,,0,,,,-0.120,-4.562,True,0.421,-1.377,0.44,18.39
1786962152.792,,0,,,,-0.120,-4.562,True,0.421,-1.614,0.52,18.37
1786962152.892,,0,,,,0.140,-4.228,True,0.426,-1.354,0.43,18.24
1786962152.992,,0,,,,0.590,-3.649,True,0.433,-1.719,0.55,18.33
1786962152.992,,0,,,,0.590,-3.649,True,0.433,-2.039,0.65,18.31
1786962153.092,,0,,,,1.050,-3.057,True,0.441,-3.062,0.97,18.12
1786962153.142,,0,,,,1.260,-2.786,True,0.444,-3.628,1.15,18.11
1786962153.242,,0,,,,1.500,-2.478,True,0.448,-3.433,1.07,17.94
1786962153.342,,0,,,,1.500,-2.478,True,0.448,-2.936,0.92,17.92
1786962153.467,,0,,,,1.280,-2.761,True,0.444,-2.143,0.67,17.79
1786962153.492,,0,,,,1.250,-2.799,True,0.444,-2.599,0.81,17.78
1786962153.592,,0,,,,0.990,-3.134,True,0.440,-2.665,0.83,17.87
1786962153.643,,0,,,,0.900,-3.250,True,0.438,-2.734,0.85,17.85
1786962153.742,,0,,,,0.780,-3.404,True,0.436,-2.838,0.88,17.70
1786962153.842,,0,,,,0.750,-3.443,True,0.436,-2.739,0.85,17.68
1786962153.892,,0,,,,0.860,-3.301,True,0.437,-2.757,0.85,17.67
1786962153.992,,0,,,,0.990,-3.134,True,0.440,-2.870,0.88,17.65
1786962154.092,,0,,,,1.070,-3.031,True,0.441,-2.976,0.92,17.64
1786962154.192,,0,,,,1.120,-2.967,True,0.442,-3.103,0.95,17.62
1786962154.192,,0,,,,1.120,-2.967,True,0.442,-3.183,0.98,17.61
1786962154.292,,0,,,,1.010,-3.108,True,0.440,-3.304,1.01,17.59
1786962154.417,,0,,,,0.820,-3.353,True,0.437,-3.415,1.05,17.58
1786962154.442,,0,,,,0.730,-3.468,True,0.435,-3.515,1.08,17.57
1786962154.542,,0,,,,0.530,-3.726,True,0.432,-3.564,1.09,17.56
1786962154.642,,0,,,,0.470,-3.803,True,0.431,-3.617,1.11,17.55
1786962154.692,,0,,,,0.460,-3.816,True,0.431,-3.608,1.10,17.53
1786962154.792,,0,,,,0.590,-3.649,True,0.433,-3.525,1.08,17.52
1786962154.892,,0,,,,0.800,-3.378,True,0.436,-3.447,1.05,17.51
1786962154.992,,0,,,,0.920,-3.224,True,0.438,0.671,0.20,16.82
1786962155.042,,0,,,,1.000,-3.121,True,0.440,0.638,0.19,16.80
1786962155.092,,0,,,,1.050,-3.057,True,0.441,0.507,0.15,16.79
1786962155.192,,0,,,,1.090,-3.005,True,0.441,0.558,0.16,16.78
1786962155.292,,0,,,,1.090,-3.005,True,0.441,0.513,0.15,16.76
1786962155.392,,0,,,,1.060,-3.044,True,0.441,0.400,0.12,16.74
1786962155.492,,0,,,,1.120,-2.967,True,0.442,0.269,0.08,16.72
1786962155.567,,0,,,,1.180,-2.889,True,0.443,0.144,0.04,16.71
1786962155.592,,0,,,,1.270,-2.774,True,0.444,-0.036,0.01,16.70
1786962155.767,,0,,,,1.560,-2.400,True,0.449,2.965,0.84,16.17
1786962155.792,,0,,,,1.600,-2.349,True,0.450,2.980,0.84,16.16
1786962155.917,,0,,,,1.720,-2.195,True,0.452,2.937,0.83,16.15
1786962155.992,,0,,,,1.760,-2.143,True,0.453,2.452,0.70,16.26
1786962156.042,,0,,,,1.640,-2.298,True,0.451,2.314,0.66,16.25
1786962156.142,,0,,,,1.490,-2.491,True,0.448,3.722,1.04,16.06
1786962156.192,,0,,,,1.170,-2.902,True,0.443,3.556,0.99,16.03
1786962156.292,,0,,,,0.730,-3.468,True,0.435,3.536,0.99,16.02
1786962156.342,,0,,,,0.580,-3.661,True,0.433,3.613,1.01,16.01
1786962156.392,,0,,,,0.470,-3.803,True,0.431,3.609,1.01,15.99
1786962156.492,,0,,,,0.200,-4.150,True,0.426,4.954,1.36,15.75
1786962156.842,,0,,,,-0.040,-4.459,True,0.423,5.080,1.37,15.48
1786962156.892,,0,,,,0.000,-4.408,True,0.423,4.921,1.33,15.47
1786962199.717,,0,,,,61.320,59.618,True,0.860,-8.383,4.34,29.76
1786962199.792,,0,,,,61.320,59.618,True,0.860,-11.340,5.86,29.83
1786962199.792,,0,,,,61.320,59.618,True,0.860,-11.702,6.05,29.81
1786962199.892,,0,,,,60.500,58.809,True,0.860,-11.479,5.93,29.80
1786962199.992,,0,,,,60.560,58.868,True,0.860,-13.168,6.28,27.56
1786962200.067,,0,,,,60.530,58.839,True,0.860,-12.496,6.26,28.91
1786962200.142,,0,,,,60.220,58.533,True,0.860,-12.303,6.16,28.90
1786962200.192,,0,,,,59.880,58.198,True,0.860,-12.139,6.07,28.89
1786962200.317,,0,,,,59.420,57.744,True,0.860,-11.626,5.82,28.87
1786962200.392,,0,,,,59.000,57.330,True,0.860,-11.063,5.54,28.87
1786962200.492,,0,,,,58.840,57.172,True,0.860,-11.540,5.69,28.46
1786962200.492,,0,,,,58.840,57.172,True,0.860,-11.120,5.49,28.45
1786962200.592,,0,,,,58.840,57.172,True,0.860,-10.853,5.35,28.44
1786962200.692,,0,,,,59.390,57.714,True,0.860,-13.204,6.22,27.22
1786962200.792,,0,,,,60.310,58.622,True,0.860,-13.236,6.21,27.11
1786962200.842,,0,,,,60.450,58.760,True,0.860,-13.080,6.13,27.09
1786962200.892,,0,,,,60.860,59.164,True,0.860,-13.636,6.39,27.12
1786962201.067,,0,,,,60.720,59.026,True,0.860,-13.715,6.42,27.09
1786962201.092,,0,,,,60.640,58.947,True,0.860,-13.512,6.33,27.07
1786962201.192,,0,,,,60.010,58.326,True,0.860,-13.812,6.50,27.24
1786962201.317,,0,,,,59.720,58.040,True,0.860,-13.314,6.27,27.23
1786962201.342,,0,,,,59.610,57.931,True,0.860,-12.985,6.12,27.22
1786962201.442,,0,,,,59.550,57.872,True,0.860,-12.546,5.91,27.21
1786962201.492,,0,,,,59.530,57.852,True,0.860,-11.909,5.61,27.19
1786962201.592,,0,,,,59.520,57.843,True,0.860,-11.371,5.36,27.19
1786962201.692,,0,,,,58.990,57.320,True,0.860,-10.990,5.18,27.17
1786962201.767,,0,,,,58.410,56.748,True,0.860,-10.620,5.01,27.16
1786962201.792,,0,,,,58.290,56.629,True,0.860,-9.650,4.55,27.15
1786962201.892,,0,,,,57.230,55.584,True,0.860,-11.179,5.25,27.06
1786962201.892,,0,,,,57.230,55.584,True,0.860,-10.524,4.94,27.06
1786962201.992,,0,,,,56.080,54.450,True,0.860,-10.182,4.78,27.04
1786962202.042,,0,,,,55.510,53.887,True,0.860,-9.358,4.39,27.00
1786962202.142,,0,,,,54.250,52.714,True,0.860,-8.251,3.87,26.98
1786962202.217,,0,,,,53.710,52.270,True,0.860,-6.723,3.16,26.96
1786962202.292,,0,,,,52.860,51.571,True,0.860,-6.415,2.97,26.62
1786962202.642,,0,,,,50.550,49.673,True,0.860,-4.645,2.15,26.54
1786962202.842,,0,,,,47.830,47.437,True,0.860,-5.738,2.67,26.69
1786962202.892,,0,,,,46.410,46.270,True,0.860,-5.138,2.39,26.68
1786962203.092,,0,,,,44.490,44.692,True,0.860,-4.736,2.26,27.32
1786962203.417,,0,,,,42.700,43.221,True,0.860,-3.075,1.43,26.65
1786962203.467,,0,,,,42.540,43.072,True,0.861,-5.348,2.48,26.58
1786962203.517,,0,,,,42.420,42.957,True,0.861,-6.361,2.94,26.57
1786962203.592,,0,,,,42.180,42.728,True,0.863,-6.252,2.89,26.56
1786962203.792,,0,,,,42.190,42.738,True,0.863,-5.437,2.51,26.51
1786962203.892,,0,,,,42.000,42.556,True,0.864,-6.891,3.18,26.50
1786962203.992,,0,,,,41.670,42.241,True,0.866,-7.003,3.22,26.38
1786962204.067,,0,,,,41.580,42.156,True,0.867,-6.958,3.20,26.41
1786962204.117,,0,,,,41.440,42.022,True,0.868,-7.051,3.24,26.40
1786962204.192,,0,,,,40.900,41.506,True,0.871,-8.747,4.05,26.62
1786962204.317,,0,,,,40.420,41.048,True,0.874,-8.243,3.81,26.59
1786962204.392,,0,,,,39.850,40.504,True,0.878,-7.926,3.66,26.57
1786962204.592,,0,,,,38.950,39.645,True,0.884,-7.413,3.42,26.53
1786962204.592,,0,,,,38.950,39.645,True,0.884,-7.837,3.62,26.52
1786962204.692,,0,,,,38.550,39.263,True,0.886,-7.384,3.41,26.50
1786962204.692,,0,,,,38.550,39.263,True,0.886,-6.637,3.06,26.49
1786962204.792,,0,,,,37.880,38.624,True,0.891,-5.824,2.70,26.66
1786962204.892,,0,,,,36.880,37.669,True,0.897,-7.718,3.53,26.31
1786962204.942,,0,,,,36.610,37.411,True,0.899,-7.517,3.44,26.30
1786962205.017,,0,,,,36.130,36.953,True,0.902,-7.108,3.25,26.28
1786962205.092,,0,,,,35.910,36.743,True,0.903,-6.843,3.13,26.26
1786962205.192,,0,,,,35.840,36.676,True,0.904,-6.741,3.10,26.41
1786962205.242,,0,,,,35.860,36.696,True,0.903,-6.618,3.04,26.39
1786962205.342,,0,,,,36.090,36.915,True,0.902,-6.012,2.76,26.38
1786962205.492,,0,,,,36.200,37.020,True,0.901,-6.269,2.90,26.51
1786962205.542,,0,,,,36.140,36.963,True,0.902,-5.856,2.70,26.50
1786962205.592,,0,,,,36.060,36.886,True,0.902,-4.855,2.23,26.37
1786962205.742,,0,,,,35.750,36.591,True,0.904,-4.079,1.87,26.35
1786962205.842,,0,,,,35.440,36.295,True,0.906,-7.583,3.55,26.92
1786962205.892,,0,,,,35.140,36.008,True,0.908,-6.969,3.26,26.90
1786962205.992,,0,,,,34.780,35.665,True,0.910,-5.929,2.74,26.48
1786962206.142,,0,,,,33.890,34.815,True,0.916,-5.800,2.67,26.44
1786962206.242,,0,,,,33.690,34.624,True,0.917,-6.952,3.27,26.98
1786962206.292,,0,,,,33.660,34.596,True,0.918,-6.424,3.02,26.96
1786962206.392,,0,,,,33.520,34.462,True,0.918,-6.135,2.88,26.94
1786962206.492,,0,,,,33.320,34.271,True,0.920,-4.974,2.30,26.53
1786962206.592,,0,,,,33.380,34.328,True,0.919,-4.385,2.03,26.55
1786962206.642,,0,,,,33.410,34.357,True,0.919,-4.194,1.94,26.54
1786962206.692,,0,,,,33.580,34.519,True,0.918,-4.194,1.94,26.58
1786962206.792,,0,,,,33.740,34.672,True,0.917,-4.567,2.12,26.59
1786962206.892,,0,,,,33.930,34.853,True,0.916,-4.659,2.17,26.67
1786962206.917,,0,,,,33.930,34.853,True,0.916,-4.343,2.02,26.66
1786962206.942,,0,,,,34.110,35.025,True,0.915,-4.232,1.97,26.65
1786962206.992,,0,,,,34.240,35.149,True,0.914,-3.935,1.83,26.63
1786962207.092,,0,,,,34.020,34.939,True,0.915,-3.037,1.41,26.63
1786962207.192,,0,,,,33.310,34.261,True,0.920,-3.912,1.81,26.46
1786962207.242,,0,,,,32.980,33.946,True,0.922,-4.317,1.99,26.43
1786962207.292,,0,,,,32.640,33.622,True,0.924,-4.313,1.99,26.41
1786962207.442,,0,,,,31.510,32.427,True,0.898,-5.258,2.44,26.60
1786962207.492,,0,,,,31.390,32.296,True,0.893,-4.733,2.19,26.59
1786962207.592,,0,,,,31.890,32.844,True,0.911,-5.721,2.67,26.81
1786962207.642,,0,,,,32.160,33.140,True,0.920,-4.984,2.33,26.81
1786962207.692,,0,,,,33.200,34.156,True,0.921,-4.439,2.08,26.81
1786962207.792,,0,,,,34.660,35.550,True,0.911,-4.181,1.95,26.78
1786962207.967,,0,,,,37.640,38.395,True,0.892,-2.355,1.10,26.81
1786962208.016,,0,,,,38.180,38.910,True,0.889,-1.172,0.55,26.81
1786962208.092,,0,,,,41.170,41.764,True,0.869,-1.410,0.66,26.90
1786962208.292,,0,,,,43.170,43.607,True,0.860,-0.783,0.37,26.88
1786962208.342,,0,,,,43.820,44.141,True,0.860,-0.578,0.27,26.86
1786962208.542,,0,,,,43.880,44.191,True,0.860,-0.658,0.31,26.80
1786962208.591,,0,,,,43.510,43.886,True,0.860,-1.161,0.54,26.79
1786962208.691,,0,,,,42.510,43.043,True,0.861,-2.964,1.38,26.77
1786962208.791,,0,,,,42.200,42.747,True,0.863,-3.116,1.45,26.76
1786962208.891,,0,,,,42.400,42.938,True,0.862,-3.472,1.62,26.75
1786962209.017,,0,,,,43.350,43.755,True,0.860,-3.400,1.59,26.74
1786962209.091,,0,,,,44.930,45.054,True,0.860,-4.493,2.09,26.74
1786962209.191,,0,,,,47.480,47.149,True,0.860,-6.669,3.13,26.97
1786962209.242,,0,,,,48.380,47.889,True,0.860,-7.252,3.40,26.97
1786962209.291,,0,,,,49.780,49.040,True,0.860,-7.054,3.31,26.97
1786962209.391,,0,,,,52.880,51.588,True,0.860,-7.296,3.42,26.97
1786962209.491,,0,,,,55.650,54.026,True,0.860,-6.796,3.22,27.22
1786962209.591,,0,,,,57.860,56.205,True,0.860,-6.560,3.11,27.21
1786962209.816,,0,,,,61.230,59.529,True,0.860,-6.458,3.06,27.20
1786962209.841,,0,,,,61.930,60.220,True,0.860,-6.911,3.27,27.18
1786962209.891,,0,,,,62.550,60.831,True,0.860,-7.046,3.33,27.16
1786962209.991,,0,,,,63.480,61.748,True,0.860,-7.639,3.61,27.13
1786962210.091,,0,,,,63.750,62.015,True,0.860,-7.694,3.63,27.11
1786962210.266,,0,,,,63.620,61.886,True,0.860,-12.591,5.98,27.45
1786962210.491,,0,,,,64.370,62.626,True,0.860,-13.434,6.38,27.47
1786962210.591,,0,,,,65.010,63.324,True,0.871,-13.543,6.46,27.58
1786962210.716,,0,,,,66.150,64.674,True,0.909,-13.224,6.30,27.56
1786962210.791,,0,,,,67.020,65.703,True,0.937,-12.846,6.13,27.55
1786962210.891,,0,,,,68.260,67.171,True,0.979,-9.498,4.56,27.62
1786962210.942,,0,,,,68.790,67.798,True,0.996,-8.855,4.25,27.61
1786962211.066,,0,,,,70.580,69.917,True,1.056,-10.494,5.01,27.49
1786962211.091,,0,,,,71.070,70.497,True,1.072,-13.457,6.44,27.67
1786962211.191,,0,,,,72.040,71.645,True,1.105,-16.718,8.60,29.91
1786962211.241,,0,,,,72.370,72.035,True,1.116,-16.531,8.51,29.90
1786962211.366,,0,,,,73.040,72.825,True,1.137,-14.427,7.01,28.15
1786962211.391,,0,,,,73.320,73.132,True,1.137,-14.489,7.04,28.15
1786962211.491,,0,,,,73.680,73.526,True,1.137,-14.179,6.89,28.14
1786962211.541,,0,,,,73.780,73.636,True,1.137,-12.810,6.15,27.76
1786962211.641,,0,,,,73.900,73.767,True,1.137,-12.590,6.05,27.75
1786962211.691,,0,,,,73.880,73.745,True,1.137,-12.185,5.85,27.73
1786962211.791,,0,,,,73.630,73.471,True,1.137,-13.225,6.41,28.00
1786962211.941,,0,,,,73.300,73.110,True,1.137,-12.439,6.01,27.92
1786962212.041,,0,,,,73.150,72.945,True,1.137,-11.992,5.84,28.11
1786962212.091,,0,,,,73.140,72.934,True,1.137,-12.085,5.96,28.49
1786962212.216,,0,,,,73.260,73.066,True,1.137,-11.883,5.82,28.27
1786962212.242,,0,,,,73.340,73.154,True,1.137,-11.276,5.53,28.26
1786962212.391,,0,,,,73.640,73.482,True,1.137,-11.010,5.45,28.55
1786962212.391,,0,,,,73.640,73.482,True,1.137,-10.534,5.22,28.54
1786962212.491,,0,,,,74.030,73.910,True,1.137,-10.617,5.19,28.17
1786962212.591,,0,,,,74.520,74.447,True,1.137,-10.360,5.06,28.15
1786962212.641,,0,,,,74.860,74.819,True,1.137,-10.532,5.25,28.72
1786962212.741,,0,,,,75.420,75.433,True,1.137,-10.717,5.33,28.64
1786962212.791,,0,,,,75.540,75.565,True,1.137,-10.632,5.28,28.63
1786962212.891,,0,,,,75.790,75.839,True,1.137,-12.433,6.39,29.67
1786962212.991,,0,,,,75.810,75.860,True,1.137,-11.958,6.08,29.34
1786962213.041,,0,,,,75.770,75.817,True,1.137,-11.932,6.07,29.34
1786962213.141,,0,,,,75.600,75.630,True,1.137,-11.797,5.99,29.31
1786962213.191,,0,,,,75.480,75.499,True,1.137,-11.702,5.94,29.31
1786962213.341,,0,,,,75.100,75.082,True,1.137,-12.630,6.30,28.82
1786962213.391,,0,,,,74.930,74.896,True,1.137,-12.287,6.13,28.81
1786962213.491,,0,,,,74.660,74.600,True,1.137,-10.874,5.40,28.62
1786962213.616,,0,,,,74.430,74.348,True,1.137,-12.415,6.29,29.26
1786962213.641,,0,,,,74.350,74.260,True,1.137,-10.433,5.22,28.81
1786962213.741,,0,,,,74.060,73.943,True,1.137,-10.274,5.22,29.28
1786962213.791,,0,,,,73.980,73.855,True,1.137,-9.652,4.91,29.27
1786962213.941,,0,,,,73.900,73.767,True,1.137,-10.651,5.33,28.82
1786962214.016,,0,,,,73.940,73.811,True,1.137,-10.294,5.15,28.81
1786962214.091,,0,,,,73.930,73.800,True,1.137,-10.302,5.15,28.78
1786962214.141,,0,,,,73.910,73.778,True,1.137,-10.011,5.00,28.76
1786962214.191,,0,,,,73.940,73.811,True,1.137,-9.636,4.81,28.75
1786962214.291,,0,,,,73.990,73.866,True,1.137,-9.416,4.70,28.74
1786962214.391,,0,,,,73.970,73.844,True,1.137,-9.278,4.63,28.73
1786962214.491,,0,,,,73.820,73.680,True,1.137,-9.192,4.59,28.71
1786962214.591,,0,,,,73.600,73.439,True,1.137,-10.070,5.08,29.04
1786962214.691,,0,,,,73.280,73.088,True,1.137,-9.842,4.96,29.03
1786962214.691,,0,,,,73.280,73.088,True,1.137,-9.720,4.90,29.02
1786962214.791,,0,,,,72.800,72.544,True,1.131,-9.494,4.78,29.00
1786962214.841,,0,,,,72.620,72.331,True,1.124,-10.244,5.18,29.12
1786962214.941,,0,,,,72.140,71.763,True,1.108,-9.987,5.05,29.11
1786962214.991,,0,,,,71.940,71.526,True,1.102,-9.681,4.89,29.09
1786962215.116,,0,,,,71.450,70.946,True,1.085,-9.399,4.75,29.06
1786962215.216,,0,,,,70.990,70.402,True,1.070,-9.271,4.68,29.05
1786962215.291,,0,,,,70.600,69.940,True,1.057,-10.390,5.29,29.33
1786962215.341,,0,,,,70.290,69.574,True,1.046,-10.452,5.47,30.16
1786962215.391,,0,,,,70.020,69.254,True,1.037,-10.401,5.44,30.15
1786962215.516,,0,,,,69.620,68.781,True,1.024,-10.262,5.37,30.13
1786962215.641,,0,,,,69.590,68.745,True,1.023,-10.053,5.26,30.11
1786962215.691,,0,,,,69.690,68.863,True,1.026,-9.764,5.10,30.09
1786962215.791,,0,,,,70.080,69.325,True,1.039,-9.560,5.00,30.08
1786962215.891,,0,,,,70.430,69.739,True,1.051,-9.476,4.95,30.06
1786962215.991,,0,,,,70.550,69.881,True,1.055,-9.183,4.80,30.05
1786962216.091,,0,,,,70.400,69.704,True,1.050,-8.939,4.67,30.04
1786962216.191,,0,,,,69.900,69.112,True,1.033,-8.832,4.61,30.02
1786962216.266,,0,,,,69.580,68.733,True,1.023,-8.823,4.60,30.01
1786962216.341,,0,,,,69.070,68.130,True,1.006,-8.808,4.59,29.98
1786962216.441,,0,,,,68.590,67.562,True,0.990,-8.868,4.62,29.97
1786962216.491,,0,,,,68.410,67.348,True,0.984,-8.751,4.56,29.95
1786962216.541,,0,,,,68.160,67.053,True,0.975,-8.732,4.54,29.93
1786962216.691,,0,,,,67.770,66.591,True,0.962,-8.253,4.29,29.91
1786962216.741,,0,,,,67.660,66.461,True,0.959,-7.735,4.02,29.89
1786962216.791,,0,,,,67.540,66.319,True,0.955,-7.420,3.86,29.88
1786962216.891,,0,,,,67.100,65.798,True,0.940,-7.004,3.64,29.87
1786962216.891,,0,,,,67.100,65.798,True,0.940,-6.637,3.45,29.85
1786962216.991,,0,,,,66.840,65.490,True,0.931,-6.231,3.24,29.84
1786962217.116,,0,,,,66.610,65.218,True,0.924,-11.158,5.81,30.03
1786962217.191,,0,,,,66.510,65.100,True,0.920,-10.969,5.71,30.01
1786962217.291,,0,,,,66.470,65.052,True,0.919,-10.834,5.64,30.00
1786962217.291,,0,,,,66.470,65.052,True,0.919,-10.825,5.63,29.98
1786962217.391,,0,,,,66.600,65.206,True,0.923,-10.658,5.54,29.96
1786962217.491,,0,,,,66.670,65.289,True,0.926,-10.709,5.56,29.94
1786962217.541,,0,,,,66.680,65.301,True,0.926,-10.783,5.60,29.92
1786962217.641,,0,,,,66.590,65.194,True,0.923,-10.744,5.58,29.91
1786962217.691,,0,,,,66.450,65.029,True,0.919,-10.628,5.51,29.89
1786962217.791,,0,,,,66.170,64.697,True,0.909,-10.381,5.38,29.88
1786962217.916,,0,,,,65.750,64.200,True,0.895,-10.255,5.32,29.86
1786962217.941,,0,,,,65.370,63.750,True,0.883,-12.209,6.39,30.22
1786962218.041,,0,,,,64.570,62.823,True,0.860,-12.019,6.29,30.21
1786962218.091,,0,,,,64.310,62.567,True,0.860,-11.763,6.16,30.19
1786962218.191,,0,,,,63.400,61.669,True,0.860,-11.452,5.99,30.17
1786962218.291,,0,,,,62.680,60.959,True,0.860,-11.938,6.29,30.43
1786962218.491,,0,,,,61.980,60.269,True,0.860,-12.876,6.79,30.47
1786962218.591,,0,,,,61.980,60.269,True,0.860,-12.539,6.61,30.44
1786962218.591,,0,,,,61.980,60.269,True,0.860,-12.074,6.36,30.42
1786962218.716,,0,,,,62.160,60.446,True,0.860,-11.695,6.21,30.66
1786962218.791,,0,,,,62.330,60.614,True,0.860,-11.186,5.94,30.63
1786962218.891,,0,,,,62.320,60.604,True,0.860,-11.337,6.02,30.63
1786962218.941,,0,,,,62.070,60.358,True,0.860,-10.144,5.37,30.49
1786962219.066,,0,,,,61.440,59.736,True,0.860,-10.914,5.78,30.51
1786962219.091,,0,,,,60.990,59.292,True,0.860,-10.690,5.66,30.49
1786962219.191,,0,,,,60.160,58.474,True,0.860,-10.417,5.51,30.47
1786962219.291,,0,,,,59.740,58.060,True,0.860,-10.218,5.40,30.46
1786962219.391,,0,,,,59.330,57.655,True,0.860,-10.189,5.38,30.43
1786962219.491,,0,,,,59.020,57.349,True,0.860,-10.138,5.35,30.40
1786962219.591,,0,,,,58.700,57.034,True,0.860,-11.952,6.38,30.79
1786962219.641,,0,,,,58.440,56.777,True,0.860,-11.980,6.39,30.78
1786962219.691,,0,,,,58.280,56.620,True,0.860,-11.597,6.18,30.76
1786962219.791,,0,,,,57.910,56.255,True,0.860,-11.107,5.92,30.74
1786962219.891,,0,,,,57.460,55.811,True,0.860,-10.904,5.81,30.72
1786962219.991,,0,,,,56.400,54.765,True,0.860,-10.646,5.67,30.69
1786962220.066,,0,,,,55.900,54.272,True,0.860,-10.126,5.39,30.67
1786962220.091,,0,,,,55.600,53.976,True,0.860,-9.854,5.25,30.66
1786962220.141,,0,,,,55.370,53.749,True,0.860,-9.474,5.04,30.64
1786962220.341,,0,,,,54.530,52.944,True,0.860,-8.802,4.68,30.59
1786962220.441,,0,,,,54.390,52.829,True,0.860,-8.612,4.58,30.58
1786962220.491,,0,,,,54.320,52.771,True,0.860,-8.351,4.44,30.57
1786962220.591,,0,,,,54.390,52.829,True,0.860,-8.045,4.28,30.55
1786962220.691,,0,,,,54.410,52.845,True,0.860,-7.777,4.13,30.53
1786962220.741,,0,,,,54.270,52.730,True,0.860,-7.437,3.95,30.51
1786962220.791,,0,,,,54.120,52.607,True,0.860,-7.109,3.77,30.50
1786962220.891,,0,,,,53.670,52.237,True,0.860,-6.749,3.58,30.48
1786962220.941,,0,,,,53.280,51.917,True,0.860,-6.453,3.42,30.46
1786962220.991,,0,,,,52.960,51.654,True,0.860,-6.325,3.35,30.44
1786962221.091,,0,,,,52.000,50.864,True,0.860,-6.075,3.22,30.41
1786962221.191,,0,,,,51.050,50.084,True,0.860,-10.305,5.60,31.30
1786962221.291,,0,,,,50.350,49.508,True,0.860,-9.821,5.34,31.28
1786962221.391,,0,,,,49.740,49.007,True,0.860,-9.371,5.09,31.25
1786962221.441,,0,,,,49.380,48.711,True,0.860,-8.971,4.87,31.23
1786962221.541,,0,,,,48.750,48.193,True,0.860,-9.602,5.22,31.28
1786962221.616,,0,,,,48.500,47.988,True,0.860,-9.320,5.06,31.27
1786962221.691,,0,,,,48.240,47.774,True,0.860,-8.845,4.80,31.25
1786962221.816,,0,,,,47.560,47.215,True,0.860,-8.438,4.58,31.22
1786962221.891,,0,,,,47.180,46.903,True,0.860,-8.025,4.36,31.21
1786962221.941,,0,,,,46.830,46.615,True,0.860,-7.707,4.18,31.18
1786962222.041,,0,,,,46.270,46.155,True,0.860,-7.405,4.02,31.17
1786962222.141,,0,,,,45.660,45.654,True,0.860,-7.324,3.97,31.14
1786962222.291,,0,,,,44.890,45.021,True,0.860,-6.773,3.67,31.12
1786962222.291,,0,,,,44.890,45.021,True,0.860,-6.617,3.58,31.10
1786962222.516,,0,,,,43.680,44.026,True,0.860,-8.728,4.81,31.68
1786962222.591,,0,,,,42.920,43.401,True,0.860,-8.241,4.54,31.65
1786962222.641,,0,,,,42.450,42.986,True,0.861,-7.861,4.33,31.63
1786962222.691,,0,,,,41.640,42.213,True,0.866,-8.077,4.45,31.65
1786962222.791,,0,,,,41.070,41.669,True,0.870,-7.455,4.10,31.61
1786962222.891,,0,,,,40.450,41.077,True,0.874,-7.246,3.99,31.64
1786962222.891,,0,,,,40.450,41.077,True,0.874,-6.954,3.83,31.63
1786962223.041,,0,,,,40.010,40.657,True,0.877,-7.323,4.05,31.77
1786962223.091,,0,,,,39.930,40.581,True,0.877,-7.043,3.89,31.75
1786962223.216,,0,,,,39.990,40.638,True,0.877,-6.928,3.84,31.83
1786962223.241,,0,,,,39.980,40.628,True,0.877,-6.759,3.74,31.81
1786962223.366,,0,,,,39.740,40.399,True,0.879,-6.555,3.63,31.79
1786962223.491,,0,,,,38.600,39.311,True,0.886,-6.368,3.52,31.76
1786962223.491,,0,,,,38.600,39.311,True,0.886,-6.105,3.38,31.75
1786962223.591,,0,,,,37.540,38.299,True,0.893,-5.613,3.10,31.73
1786962223.691,,0,,,,36.450,37.259,True,0.900,-5.379,2.97,31.70
1786962223.816,,0,,,,35.530,36.381,True,0.906,-5.302,2.93,31.67
1786962223.841,,0,,,,35.180,36.046,True,0.908,-4.904,2.71,31.65
1786962223.991,,0,,,,34.190,35.101,True,0.914,-4.373,2.41,31.62
1786962224.041,,0,,,,34.020,34.939,True,0.915,-4.040,2.23,31.60
1786962224.091,,0,,,,33.790,34.720,True,0.917,-101.265,1.57,1.60
1786962224.191,,0,,,,33.340,34.290,True,0.920,-101.921,1.55,1.58
1786962224.291,,0,,,,32.740,33.717,True,0.924,-101.834,1.55,1.58
1786962224.341,,0,,,,32.370,33.364,True,0.926,-103.014,1.53,1.57
1786962224.441,,0,,,,32.030,32.997,True,0.916,-102.985,1.53,1.57
1786962224.516,,0,,,,31.950,32.910,True,0.913,-103.438,1.52,1.56
1786962224.591,,0,,,,31.710,32.647,True,0.905,-103.840,1.52,1.56
1786962224.666,,0,,,,31.510,32.427,True,0.898,-104.104,1.52,1.56
1786962224.691,,0,,,,31.340,32.241,True,0.892,-104.509,1.51,1.56
1786962224.741,,0,,,,31.080,31.956,True,0.883,-105.117,1.50,1.56
1786962224.891,,0,,,,29.910,30.674,True,0.842,-105.885,1.50,1.56
1786962226.741,,0,,,,19.480,18.906,True,0.525,-1.748,1.00,32.70
1786962226.841,,0,,,,19.100,18.456,True,0.516,-1.583,0.90,32.68
1786962226.891,,0,,,,19.000,18.338,True,0.514,-1.357,0.77,32.65
1786962227.016,,0,,,,18.580,17.841,True,0.504,-1.526,0.87,32.73
1786962227.091,,0,,,,18.310,17.521,True,0.498,-1.257,0.72,32.72
1786962227.191,,0,,,,17.830,16.953,True,0.486,-0.936,0.53,32.69
1786962227.291,,0,,,,16.930,15.887,True,0.466,-1.524,0.87,32.84
1786962227.391,,0,,,,16.580,15.473,True,0.458,-1.154,0.66,32.81
1786962227.491,,0,,,,16.240,15.071,True,0.450,-0.893,0.51,32.80
1786962227.591,,0,,,,16.050,14.846,True,0.446,-1.504,0.87,33.04
1786962227.591,,0,,,,16.050,14.846,True,0.446,-1.471,0.85,33.03
1786962227.691,,0,,,,15.770,14.514,True,0.440,-1.389,0.80,33.01
1786962227.791,,0,,,,15.580,14.290,True,0.436,-1.042,0.60,32.98
1786962227.891,,0,,,,15.360,14.029,True,0.431,-1.785,1.03,33.06
1786962227.991,,0,,,,15.000,13.603,True,0.424,-1.487,0.86,33.03
1786962228.116,,0,,,,14.540,13.080,True,0.429,-1.245,0.72,33.01
1786962228.141,,0,,,,14.380,12.897,True,0.431,-1.241,0.72,33.02
1786962228.241,,0,,,,14.050,12.522,True,0.435,-0.834,0.48,33.00
1786962228.291,,0,,,,13.980,12.442,True,0.436,-0.549,0.32,32.98
1786962228.391,,0,,,,13.550,11.953,True,0.441,-0.363,0.21,32.96
1786962228.491,,0,,,,12.900,11.213,True,0.449,-0.722,0.42,33.09
1786962228.591,,0,,,,12.270,10.496,True,0.457,-0.482,0.28,33.06
1786962228.716,,0,,,,11.740,9.893,True,0.464,-1.024,0.59,33.14
1786962228.816,,0,,,,11.550,9.677,True,0.466,-0.823,0.48,33.13
1786962228.891,,0,,,,11.450,9.563,True,0.467,-0.556,0.32,33.11
1786962228.991,,0,,,,11.420,9.529,True,0.468,-0.263,0.15,33.08
1786962229.041,,0,,,,11.430,9.541,True,0.467,-0.437,0.25,33.18
1786962229.141,,0,,,,11.380,9.484,True,0.468,-0.295,0.17,33.16
1786962229.241,,0,,,,10.870,8.903,True,0.475,-0.157,0.09,33.13
1786962229.341,,0,,,,10.250,8.198,True,0.483,-0.769,0.45,33.29
1786962229.441,,0,,,,9.670,7.538,True,0.490,-0.378,0.22,33.27
1786962229.491,,0,,,,9.380,7.208,True,0.494,-0.076,0.04,33.25
1786962229.616,,0,,,,8.780,6.525,True,0.502,-0.602,0.35,33.44
1786962229.641,,0,,,,8.540,6.252,True,0.505,-0.161,0.09,33.43
1786962229.691,,0,,,,8.310,5.990,True,0.508,0.379,0.22,33.41
1786962229.791,,0,,,,7.850,5.467,True,0.514,0.754,0.44,33.39
1786962229.891,,0,,,,7.390,4.943,True,0.520,0.276,0.16,33.53
1786962229.941,,0,,,,7.240,4.773,True,0.522,0.538,0.31,33.50
1786962229.991,,0,,,,6.940,4.431,True,0.526,0.701,0.41,33.49
1786962230.091,,0,,,,6.460,3.885,True,0.533,1.023,0.60,33.47
1786962230.191,,0,,,,6.050,3.377,True,0.529,0.439,0.26,33.65
1786962230.241,,0,,,,5.870,3.145,True,0.526,0.834,0.49,33.62
1786962230.341,,0,,,,5.610,2.811,True,0.521,1.261,0.74,33.52
1786962230.416,,0,,,,5.460,2.618,True,0.518,1.546,0.90,33.50
1786962230.491,,0,,,,5.170,2.244,True,0.513,1.659,0.97,33.48
1786962230.541,,0,,,,4.860,1.846,True,0.507,1.760,1.03,33.47
1786962230.616,,0,,,,4.500,1.382,True,0.501,1.866,1.09,33.45
1786962230.691,,0,,,,4.190,0.983,True,0.495,1.963,1.15,33.44
1786962230.741,,0,,,,3.960,0.688,True,0.491,1.956,1.14,33.42
1786962230.791,,0,,,,3.670,0.314,True,0.486,2.040,1.19,33.40
1786962230.891,,0,,,,3.370,-0.072,True,0.481,2.083,1.21,33.39
1786962230.891,,0,,,,3.370,-0.072,True,0.481,2.264,1.32,33.37
1786962231.016,,0,,,,2.970,-0.586,True,0.474,2.083,1.21,33.36
1786962231.116,,0,,,,2.570,-1.101,True,0.467,0.107,0.06,33.66
1786962231.141,,0,,,,2.450,-1.255,True,0.464,0.380,0.22,33.63
1786962231.291,,0,,,,1.910,-1.950,True,0.455,0.605,0.35,33.61
1786962231.341,,0,,,,1.670,-2.259,True,0.451,0.161,0.09,33.73
1786962231.391,,0,,,,1.190,-2.877,True,0.443,0.310,0.18,33.72
1786962231.491,,0,,,,0.810,-3.365,True,0.437,0.506,0.30,33.70
1786962231.616,,0,,,,0.330,-3.983,True,0.429,0.112,0.07,33.85
1786962231.641,,0,,,,0.210,-4.138,True,0.427,0.186,0.11,33.83
1786962231.741,,0,,,,-0.140,-4.588,True,0.421,0.170,0.10,33.80
1786962231.841,,0,,,,-0.470,-5.012,True,0.416,-0.706,0.42,33.93
1786962231.941,,0,,,,-0.770,-5.398,True,0.411,-1.078,0.64,33.97
1786962232.016,,0,,,,-0.880,-5.540,True,0.409,-1.020,0.60,33.96
1786962232.091,,0,,,,-1.080,-5.797,True,0.406,-0.968,0.57,33.94
1786962232.191,,0,,,,-1.160,-5.900,True,0.405,-1.003,0.59,33.92
1786962232.291,,0,,,,-1.210,-5.965,True,0.404,-0.813,0.48,33.90
1786962232.391,,0,,,,-1.250,-6.016,True,0.403,-0.635,0.38,33.87
1786962232.491,,0,,,,-1.260,-6.029,True,0.403,-0.607,0.36,33.85
1786962232.566,,0,,,,-1.310,-6.093,True,0.402,-0.396,0.23,33.84
1786962232.641,,0,,,,-1.480,-6.272,True,0.407,-0.267,0.16,33.82
1786962232.691,,0,,,,-1.580,-6.374,True,0.410,-0.185,0.11,33.79
1786962232.816,,0,,,,-2.010,-6.813,True,0.424,-0.140,0.08,33.78
1786962232.891,,0,,,,-2.580,-7.394,True,0.444,0.008,0.00,33.75
1786962232.991,,0,,,,-3.030,-7.854,True,0.459,0.191,0.11,33.74
1786962233.091,,0,,,,-3.360,-8.190,True,0.471,0.461,0.27,33.70
1786962233.266,,0,,,,-3.540,-8.374,True,0.478,0.624,0.37,33.68
1786962233.341,,0,,,,-3.650,-8.486,True,0.482,0.869,0.51,33.65
1786962233.441,,0,,,,-3.850,-8.690,True,0.489,1.051,0.62,33.63
1786962233.566,,0,,,,-4.130,-8.976,True,0.499,1.335,0.78,33.61
1786962233.616,,0,,,,-4.280,-9.129,True,0.505,1.647,0.97,33.59
1786962233.741,,0,,,,-4.830,-9.690,True,0.526,2.089,1.22,33.56
1786962233.891,,0,,,,-5.250,-10.119,True,0.542,2.617,1.53,33.53
1786962233.991,,0,,,,-5.460,-10.333,True,0.550,2.956,1.73,33.50
1786962234.116,,0,,,,-5.820,-10.700,True,0.564,3.243,1.89,33.48
1786962234.241,,0,,,,-6.370,-11.262,True,0.585,3.538,2.06,33.45
1786962234.416,,0,,,,-6.950,-11.853,True,0.609,-1.520,0.90,34.05
1786962234.491,,0,,,,-7.300,-12.211,True,0.623,-1.086,0.65,34.03
1786962234.591,,0,,,,-7.790,-12.711,True,0.642,-1.301,0.77,34.05
1786962234.716,,0,,,,-8.230,-13.160,True,0.660,-1.595,0.95,34.00
1786962234.791,,0,,,,-8.560,-13.496,True,0.674,-1.241,0.74,33.98
1786962234.891,,0,,,,-8.760,-13.700,True,0.682,-1.434,0.85,34.08
1786962235.016,,0,,,,-9.200,-14.149,True,0.700,-1.204,0.72,34.27
1786962235.091,,0,,,,-9.520,-14.476,True,0.714,-1.087,0.65,34.25
1786962235.191,,0,,,,-10.030,-14.996,True,0.735,-1.137,0.68,34.05
1786962235.291,,0,,,,-10.440,-15.415,True,0.752,-0.834,0.50,34.10
1786962235.391,,0,,,,-10.940,-15.925,True,0.773,-1.063,0.63,34.07
1786962235.466,,0,,,,-11.300,-16.226,True,0.766,-0.726,0.43,34.06
1786962235.541,,0,,,,-11.780,-16.610,True,0.750,-0.540,0.32,34.04
1786962235.591,,0,,,,-12.240,-16.978,True,0.735,-1.323,0.79,34.06
1786962235.716,,0,,,,-12.670,-17.321,True,0.721,-1.005,0.60,34.04
1786962235.791,,0,,,,-13.050,-17.625,True,0.708,-0.866,0.51,34.02
1786962235.891,,0,,,,-13.390,-17.897,True,0.697,-0.638,0.38,34.00
1786962235.991,,0,,,,-13.780,-18.209,True,0.685,-0.555,0.33,33.98
1786962236.091,,0,,,,-14.200,-18.545,True,0.671,-0.288,0.17,33.97
1786962236.191,,0,,,,-14.450,-18.745,True,0.663,-0.399,0.24,33.95
1786962236.291,,0,,,,-14.680,-18.929,True,0.656,-0.309,0.18,33.93
1786962236.416,,0,,,,-15.210,-19.353,True,0.639,-0.186,0.11,33.91
1786962236.491,,0,,,,-15.620,-19.681,True,0.626,-0.084,0.05,33.89
1786962236.591,,0,,,,-16.070,-20.040,True,0.612,-0.070,0.04,33.88
1786962236.591,,0,,,,-16.070,-20.040,True,0.612,0.060,0.04,33.87
1786962236.691,,0,,,,-16.620,-20.480,True,0.594,-2.213,1.32,34.23
1786962236.741,,0,,,,-16.820,-20.640,True,0.588,-2.160,1.29,34.21
1786962236.791,,0,,,,-16.960,-20.752,True,0.584,-2.116,1.26,34.20
1786962236.841,,0,,,,-17.100,-20.864,True,0.579,-2.075,1.24,34.19
1786962236.891,,0,,,,-17.280,-21.008,True,0.574,-2.022,1.21,34.18
1786962236.941,,0,,,,-17.440,-21.136,True,0.569,-2.357,1.41,34.28
1786962237.091,,0,,,,-18.000,-21.584,True,0.552,-2.353,1.41,34.26
1786962237.141,,0,,,,-18.190,-21.736,True,0.546,-2.198,1.31,34.24
1786962237.291,,0,,,,-18.850,-22.263,True,0.526,-2.144,1.28,34.23
1786962237.341,,0,,,,-19.150,-22.503,True,0.517,-2.236,1.34,34.22
1786962237.391,,0,,,,-19.320,-22.639,True,0.512,-2.096,1.25,34.20
1786962237.491,,0,,,,-19.530,-22.807,True,0.506,-1.768,1.05,34.19
1786962237.541,,0,,,,-19.590,-22.855,True,0.504,-1.677,1.00,34.17
1786962237.591,,0,,,,-19.570,-22.839,True,0.505,-1.503,0.90,34.16
1786962237.691,,0,,,,-19.550,-22.823,True,0.505,-1.551,0.92,34.14
1786962237.791,,0,,,,-19.570,-22.839,True,0.505,-1.703,1.01,34.13
1786962237.891,,0,,,,-19.680,-22.927,True,0.502,-1.708,1.02,34.12
1786962237.941,,0,,,,-19.790,-23.015,True,0.498,-1.725,1.03,34.10
1786962237.991,,0,,,,-19.890,-23.095,True,0.496,-1.804,1.07,34.09
1786962238.091,,0,,,,-20.210,-23.351,True,0.486,-1.682,1.00,34.08
1786962238.141,,0,,,,-20.320,-23.439,True,0.483,-1.562,0.93,34.07
1786962238.241,,0,,,,-20.560,-23.631,True,0.476,-1.452,0.86,34.06
1786962238.291,,0,,,,-20.830,-23.847,True,0.469,-1.250,0.74,34.05
1786962238.391,,0,,,,-21.090,-24.055,True,0.461,-1.183,0.70,34.03
1786962238.441,,0,,,,-21.180,-24.127,True,0.459,-1.003,0.60,34.02
1786962238.516,,0,,,,-21.380,-24.287,True,0.453,-0.894,0.53,34.00
1786962238.616,,0,,,,-21.840,-24.654,True,0.441,-0.720,0.43,33.98
1786962238.691,,0,,,,-22.270,-24.998,True,0.429,-0.570,0.34,33.97
1786962238.791,,0,,,,-22.760,-25.390,True,0.417,-0.454,0.27,33.95
1786962238.891,,0,,,,-23.280,-25.806,True,0.403,-0.302,0.18,33.94
1786962238.991,,0,,,,-23.550,-26.005,True,0.407,-0.089,0.05,33.91
1786962239.091,,0,,,,-23.640,-26.070,True,0.409,0.200,0.12,33.90
1786962239.191,,0,,,,-23.600,-26.041,True,0.408,0.499,0.29,33.88
1786962239.266,,0,,,,-23.550,-26.005,True,0.407,0.749,0.44,33.87
1786962239.291,,0,,,,-23.580,-26.026,True,0.408,0.864,0.51,33.86
1786962239.391,,0,,,,-23.640,-26.070,True,0.409,0.944,0.56,33.85
1786962239.491,,0,,,,-23.840,-26.214,True,0.414,1.131,0.67,33.82
1786962239.616,,0,,,,-24.200,-26.474,True,0.422,1.142,0.67,33.81
1786962239.741,,0,,,,-24.640,-26.791,True,0.433,-5.047,3.06,34.80
1786962239.791,,0,,,,-24.720,-26.849,True,0.434,-4.891,2.97,34.79
1786962239.941,,0,,,,-25.180,-27.181,True,0.446,-4.592,2.78,34.77
1786962239.991,,0,,,,-25.410,-27.347,True,0.451,-4.232,2.57,34.76
1786962240.141,,0,,,,-25.840,-27.658,True,0.462,-4.325,2.61,34.67
1786962240.241,,0,,,,-26.440,-28.091,True,0.477,-5.214,3.19,35.13
1786962240.416,,0,,,,-27.250,-28.675,True,0.498,-4.970,3.04,35.11
1786962240.491,,0,,,,-27.720,-29.014,True,0.511,-4.803,2.94,35.10
1786962240.491,,0,,,,-27.720,-29.014,True,0.511,-4.809,2.94,35.09
1786962240.591,,0,,,,-28.240,-29.390,True,0.525,-4.518,2.76,35.08
1786962240.666,,0,,,,-28.530,-29.599,True,0.532,-4.398,2.69,35.07
1786962240.691,,0,,,,-28.690,-29.714,True,0.537,-4.868,2.99,35.18
1786962240.791,,0,,,,-29.030,-29.960,True,0.546,-4.525,2.77,35.17
1786962240.841,,0,,,,-29.160,-30.054,True,0.550,-4.562,2.80,35.16
1786962240.891,,0,,,,-29.250,-30.119,True,0.552,-4.429,2.71,35.15
1786962240.941,,0,,,,-29.350,-30.191,True,0.555,-4.251,2.60,35.14
1786962241.041,,0,,,,-29.460,-30.270,True,0.558,-3.990,2.44,35.13
1786962241.091,,0,,,,-29.490,-30.292,True,0.559,-3.901,2.39,35.13
1786962241.191,,0,,,,-29.840,-30.544,True,0.568,-3.858,2.36,35.11
1786962241.341,,0,,,,-30.550,-31.057,True,0.588,-3.450,2.11,35.09
1786962241.441,,0,,,,-31.060,-31.425,True,0.602,-3.456,2.11,35.09
1786962241.491,,0,,,,-31.350,-31.634,True,0.611,-3.285,2.01,35.08
1786962241.591,,0,,,,-32.080,-32.161,True,0.631,-3.177,1.94,35.06
1786962241.691,,0,,,,-32.750,-32.645,True,0.651,-3.362,2.06,35.05
1786962241.791,,0,,,,-33.230,-32.991,True,0.665,-3.132,1.91,35.03
1786962241.891,,0,,,,-33.810,-33.410,True,0.681,-3.038,1.86,35.02
1786962241.991,,0,,,,-34.220,-33.706,True,0.693,-3.035,1.85,35.00
1786962242.066,,0,,,,-34.440,-33.864,True,0.700,-2.969,1.81,34.99
1786962242.141,,0,,,,-34.660,-34.023,True,0.706,-2.937,1.79,34.97
1786962242.191,,0,,,,-34.790,-34.117,True,0.710,-2.832,1.73,34.96
1786962242.291,,0,,,,-34.940,-34.225,True,0.715,-2.529,1.54,34.96
1786962242.366,,0,,,,-35.070,-34.319,True,0.718,-2.331,1.42,34.94
1786962242.491,,0,,,,-35.700,-34.774,True,0.737,-2.296,1.40,34.93
1786962242.566,,0,,,,-35.910,-34.925,True,0.743,-2.052,1.25,34.92
1786962242.591,,0,,,,-36.040,-35.019,True,0.747,-1.869,1.14,34.91
1786962242.691,,0,,,,-36.440,-35.308,True,0.759,-1.710,1.04,34.91
1786962242.791,,0,,,,-36.790,-35.560,True,0.769,-1.483,0.90,34.89
1786962242.916,,0,,,,-37.310,-35.967,True,0.776,-5.237,3.34,36.61
1786962243.016,,0,,,,-37.570,-36.180,True,0.776,-5.136,3.28,36.59
1786962243.091,,0,,,,-37.780,-36.353,True,0.776,-5.014,3.20,36.58
1786962243.216,,0,,,,-37.910,-36.460,True,0.776,-4.796,3.06,36.56
1786962243.291,,0,,,,-38.020,-36.550,True,0.776,-4.717,3.01,36.55
1786962243.391,,0,,,,-38.260,-36.748,True,0.776,-4.642,2.96,36.53
1786962243.491,,0,,,,-38.660,-37.076,True,0.776,-4.628,2.95,36.52
1786962243.541,,0,,,,-38.910,-37.282,True,0.776,-4.454,2.83,36.50
1786962243.641,,0,,,,-39.590,-37.841,True,0.776,-4.329,2.76,36.50
1786962243.741,,0,,,,-40.060,-38.227,True,0.776,-4.190,2.67,36.49
1786962243.841,,0,,,,-40.290,-38.416,True,0.776,-3.870,2.46,36.48
1786962243.966,,0,,,,-40.360,-38.474,True,0.776,-3.686,2.34,36.46
1786962244.066,,0,,,,-40.390,-38.498,True,0.776,-3.560,2.26,36.45
1786962244.141,,0,,,,-40.510,-38.597,True,0.776,-3.383,2.15,36.44
1786962244.291,,0,,,,-41.070,-39.057,True,0.776,-3.308,2.10,36.43
1786962244.391,,0,,,,-41.550,-39.452,True,0.776,-5.542,3.71,38.38
1786962244.441,,0,,,,-42.000,-39.822,True,0.776,-5.516,3.69,38.37
1786962244.591,,0,,,,-43.010,-40.652,True,0.776,-5.519,3.69,38.36
1786962244.641,,0,,,,-43.330,-40.915,True,0.776,-4.717,3.09,37.63
1786962244.691,,0,,,,-43.520,-41.071,True,0.776,-4.625,3.03,37.62
1786962244.791,,0,,,,-43.850,-41.342,True,0.776,-3.995,2.63,37.75
1786962245.591,,0,,,,-46.910,-43.857,True,0.776,-3.124,2.07,38.04
1786962245.691,,0,,,,-47.200,-44.096,True,0.776,-3.031,2.01,38.04
1786962245.791,,0,,,,-47.530,-44.367,True,0.776,-2.959,1.96,38.02
1786962245.941,,0,,,,-48.350,-45.041,True,0.776,-3.047,2.05,38.48
1786962246.041,,0,,,,-48.860,-45.460,True,0.776,-2.838,1.90,38.47
1786962246.141,,0,,,,-49.440,-45.947,True,0.766,-4.757,3.30,39.84
1786962246.191,,0,,,,-49.670,-46.141,True,0.761,-4.901,3.40,39.83
1786962246.316,,0,,,,-50.330,-46.699,True,0.747,-4.933,3.42,39.83
1786962246.416,,0,,,,-50.900,-47.181,True,0.735,-4.876,3.38,39.82
1786962246.441,,0,,,,-51.100,-47.350,True,0.731,-3.466,2.36,39.05
1786962246.591,,0,,,,-51.740,-47.891,True,0.717,-3.341,2.28,39.03
1786962246.691,,0,,,,-52.260,-48.331,True,0.706,-3.057,2.08,39.02
1786962246.791,,0,,,,-52.620,-48.635,True,0.699,-3.132,2.15,39.37
1786962246.916,,0,,,,-52.970,-48.931,True,0.691,-3.026,2.08,39.36
1786962246.991,,0,,,,-53.230,-49.151,True,0.686,-2.854,1.96,39.35
1786962247.166,,0,,,,-53.450,-49.337,True,0.681,-2.940,2.04,39.79
1786962247.241,,0,,,,-53.480,-49.362,True,0.681,-2.718,1.89,39.78
1786962247.341,,0,,,,-53.610,-49.472,True,0.678,-2.774,1.95,40.23
1786962247.691,,0,,,,-54.660,-50.360,True,0.656,-2.131,1.51,40.51
1786962247.741,,0,,,,-55.010,-50.656,True,0.649,-2.177,1.54,40.50
1786962247.841,,0,,,,-55.530,-51.096,True,0.638,-2.031,1.44,40.50
1786962247.941,,0,,,,-55.960,-51.459,True,0.629,-2.436,1.74,40.89
1786962248.041,,0,,,,-56.220,-51.679,True,0.624,-2.547,1.82,40.89
1786962248.141,,0,,,,-56.600,-52.000,True,0.616,-2.737,1.95,40.87
1786962248.191,,0,,,,-56.850,-52.212,True,0.611,-2.561,1.84,41.27
1786962248.291,,0,,,,-57.240,-52.541,True,0.603,-2.403,1.73,41.26
1786962248.441,,0,,,,-57.780,-52.998,True,0.592,-2.724,1.98,41.68
1786962248.491,,0,,,,-57.890,-53.091,True,0.590,-2.512,1.83,41.66
1786962248.591,,0,,,,-58.110,-53.277,True,0.585,-2.369,1.72,41.65
1786962248.641,,0,,,,-58.150,-53.311,True,0.585,-2.264,1.65,41.64
1786962248.741,,0,,,,-58.150,-53.311,True,0.585,-2.045,1.50,42.06
1786962248.791,,0,,,,-58.090,-53.260,True,0.586,-2.029,1.49,42.06
1786962248.841,,0,,,,-57.990,-53.175,True,0.588,-1.912,1.40,42.05
1786962248.891,,0,,,,-57.930,-53.125,True,0.589,-1.866,1.37,42.05
1786962248.991,,0,,,,-57.800,-53.015,True,0.592,-1.961,1.44,42.04
1786962248.991,,0,,,,-57.800,-53.015,True,0.592,-2.057,1.51,42.04
1786962249.091,,0,,,,-57.790,-53.006,True,0.592,-0.659,0.50,43.91
1786962249.191,,0,,,,-57.920,-53.116,True,0.589,-1.932,1.45,42.95
1786962249.316,,0,,,,-58.150,-53.311,True,0.585,-2.031,1.52,42.94
1786962249.391,,0,,,,-58.400,-53.522,True,0.580,-2.137,1.60,42.93
1786962249.491,,0,,,,-58.700,-53.776,True,0.574,-3.072,2.30,42.96
1786962249.591,,0,,,,-58.900,-53.945,True,0.570,-2.734,2.06,43.12
1786962249.791,,0,,,,-58.760,-53.826,True,0.572,-1.719,1.32,44.00
1786962249.841,,0,,,,-58.690,-53.767,True,0.574,-0.781,0.61,44.94
1786962249.916,,0,,,,-58.560,-53.657,True,0.576,-0.877,0.69,44.93
1786962250.016,,0,,,,-58.540,-53.640,True,0.577,-1.714,1.32,44.23
1786962250.091,,0,,,,-58.620,-53.708,True,0.575,-2.289,1.77,44.42
1786962250.191,,0,,,,-58.830,-53.885,True,0.571,-2.262,1.76,44.63
1786962250.291,,0,,,,-59.280,-54.266,True,0.562,-2.756,2.13,44.35
1786962250.391,,0,,,,-59.580,-54.519,True,0.556,-1.819,1.43,44.93
1786962250.541,,0,,,,-59.740,-54.655,True,0.553,-1.833,1.44,45.08
1786962250.641,,0,,,,-59.610,-54.545,True,0.555,-1.834,1.45,45.23
1786962250.691,,0,,,,-59.360,-54.334,True,0.560,-1.892,1.49,45.22
1786962250.791,,0,,,,-59.090,-54.105,True,0.566,-1.396,1.12,45.95
1786962250.916,,0,,,,-58.990,-54.021,True,0.568,-1.503,1.21,46.09
1786962251.016,,0,,,,-59.040,-54.063,True,0.567,-1.577,1.27,46.25
1786962251.041,,0,,,,-59.110,-54.122,True,0.565,-1.728,1.39,46.24
1786962251.091,,0,,,,-59.200,-54.198,True,0.564,-1.841,1.49,46.52
1786962251.191,,0,,,,-59.430,-54.393,True,0.559,-1.817,1.47,46.49
1786962251.291,,0,,,,-59.620,-54.553,True,0.555,-2.218,1.77,45.75
1786962251.391,,0,,,,-59.700,-54.621,True,0.554,-2.288,1.83,45.74
1786962251.491,,0,,,,-59.520,-54.469,True,0.557,-1.774,1.44,46.65
1786962251.541,,0,,,,-59.370,-54.342,True,0.560,-1.940,1.59,46.84
1786962251.591,,0,,,,-59.150,-54.156,True,0.565,-2.009,1.64,46.83
1786962251.716,,0,,,,-58.810,-53.869,True,0.571,-1.886,1.55,46.97
1786962251.741,,0,,,,-58.550,-53.649,True,0.577,-1.549,1.27,47.16
1786962251.891,,0,,,,-58.220,-53.370,True,0.583,-1.369,1.13,47.36
1786962251.966,,0,,,,-58.240,-53.387,True,0.583,-1.307,1.08,47.34
1786962252.091,,0,,,,-58.430,-53.547,True,0.579,-1.266,1.05,47.49
1786962252.191,,0,,,,-58.540,-53.640,True,0.577,-1.589,1.32,47.59
1786962252.241,,0,,,,-58.600,-53.691,True,0.576,-1.641,1.37,47.85
1786962252.291,,0,,,,-58.640,-53.725,True,0.575,-1.784,1.49,47.84
1786962252.391,,0,,,,-58.600,-53.691,True,0.576,-1.769,1.47,47.71
1786962252.491,,0,,,,-58.300,-53.437,True,0.582,-1.806,1.51,47.96
1786962252.591,,0,,,,-57.920,-53.116,True,0.589,-2.208,1.84,47.76
1786962252.691,,0,,,,-57.580,-52.829,True,0.596,-1.926,1.62,48.16
1786962252.741,,0,,,,-57.280,-52.575,True,0.602,-2.100,1.76,48.15
1786962252.791,,0,,,,-57.190,-52.499,True,0.604,-2.276,1.91,48.14
1786962252.916,,0,,,,-56.840,-52.203,True,0.611,-2.247,1.89,48.30
1786962252.941,,0,,,,-56.780,-52.152,True,0.612,-2.383,2.01,48.29
1786962252.991,,0,,,,-56.750,-52.127,True,0.613,-2.504,2.11,48.28
1786962253.041,,0,,,,-56.740,-52.119,True,0.613,-2.867,2.40,48.00
1786962253.091,,0,,,,-56.780,-52.152,True,0.612,-2.954,2.47,47.99
1786962253.241,,0,,,,-56.880,-52.237,True,0.610,-2.558,2.16,48.29
1786962253.341,,0,,,,-56.820,-52.186,True,0.612,-2.330,1.98,48.70
1786962253.416,,0,,,,-56.700,-52.085,True,0.614,-1.998,1.70,48.82
1786962253.441,,0,,,,-56.540,-51.949,True,0.617,-2.099,1.79,48.81
1786962253.491,,0,,,,-56.350,-51.789,True,0.621,-2.165,1.84,48.80
1786962253.641,,0,,,,-55.490,-51.062,True,0.639,-2.400,2.06,49.09
1786962253.716,,0,,,,-55.200,-50.817,True,0.645,-2.605,2.23,49.08
1786962253.791,,0,,,,-54.880,-50.546,True,0.651,-1.740,1.49,49.07
1786962254.191,,0,,,,-54.780,-50.462,True,0.653,-2.653,2.31,49.85
1786962254.341,,0,,,,-54.970,-50.622,True,0.650,-2.678,2.35,50.39
1786962254.741,,0,,,,-54.650,-50.352,True,0.656,-2.839,2.48,50.00
1786962254.791,,0,,,,-54.530,-50.250,True,0.659,-3.224,2.81,49.99
1786962254.891,,0,,,,-53.850,-49.675,True,0.673,-3.407,2.97,49.97
1786962254.991,,0,,,,-52.950,-48.914,True,0.692,-3.667,3.20,49.96
1786962255.041,,0,,,,-52.550,-48.576,True,0.700,-3.898,3.40,49.95
1786962255.141,,0,,,,-52.130,-48.221,True,0.709,-4.264,3.71,49.94
1786962255.241,,0,,,,-51.870,-48.001,True,0.715,-4.476,3.90,49.93
1786962255.341,,0,,,,-51.790,-47.934,True,0.716,-4.677,4.07,49.92
1786962255.491,,0,,,,-51.840,-47.976,True,0.715,-4.754,4.14,49.90
1786962255.641,,0,,,,-51.620,-47.790,True,0.720,-4.939,4.29,49.88
1786962255.791,,0,,,,-51.020,-47.283,True,0.733,-5.052,4.39,49.85
1786962255.891,,0,,,,-50.430,-46.784,True,0.745,-5.119,4.45,49.83
1786962256.191,,0,,,,-49.800,-46.251,True,0.759,-4.650,4.17,51.42
1786962256.241,,0,,,,-49.810,-46.260,True,0.758,-4.700,4.21,51.41
1786962256.391,,0,,,,-49.760,-46.218,True,0.759,-4.822,4.32,51.39
1786962256.466,,0,,,,-49.760,-46.218,True,0.759,-4.533,4.14,52.39
1786962256.591,,0,,,,-49.710,-46.175,True,0.760,-4.888,4.46,52.37
1786962256.716,,0,,,,-49.660,-46.133,True,0.762,-4.680,4.24,51.98
1786962256.791,,0,,,,-49.640,-46.116,True,0.762,-4.758,4.31,51.96
1786962256.891,,0,,,,-49.670,-46.141,True,0.761,-4.539,4.13,52.19
1786962256.991,,0,,,,-49.640,-46.116,True,0.762,-4.888,4.44,52.11
1786962257.091,,0,,,,-49.470,-45.972,True,0.766,-4.307,3.95,52.63
1786962257.141,,0,,,,-49.350,-45.871,True,0.768,-4.325,3.97,52.61
1786962257.191,,0,,,,-49.160,-45.710,True,0.772,-4.171,3.83,52.60
1786962257.391,,0,,,,-48.220,-44.934,True,0.776,-4.225,3.89,52.77
1786962257.441,,0,,,,-47.950,-44.712,True,0.776,-4.520,4.16,52.76
1786962257.541,,0,,,,-47.570,-44.400,True,0.776,-4.950,4.54,52.64
1786962257.591,,0,,,,-47.420,-44.276,True,0.776,-5.149,4.72,52.63
1786962257.691,,0,,,,-47.200,-44.096,True,0.776,-5.342,4.90,52.62
1786962257.791,,0,,,,-47.030,-43.956,True,0.776,-5.524,5.06,52.60
1786962257.891,,0,,,,-46.890,-43.841,True,0.776,-4.867,4.50,53.03
1786962257.991,,0,,,,-46.750,-43.726,True,0.776,-5.050,4.69,53.26
1786962258.091,,0,,,,-46.730,-43.709,True,0.776,-5.028,4.67,53.31
1786962258.166,,0,,,,-46.720,-43.701,True,0.776,-4.753,4.42,53.36
1786962258.216,,0,,,,-46.700,-43.685,True,0.776,-4.728,4.40,53.35
1786962258.291,,0,,,,-46.700,-43.685,True,0.776,-4.817,4.50,53.54
1786962258.391,,0,,,,-46.720,-43.701,True,0.776,-4.936,4.63,53.76
1786962258.491,,0,,,,-46.700,-43.685,True,0.776,-5.241,4.91,53.75
1786962258.541,,0,,,,-46.670,-43.660,True,0.776,-5.061,4.73,53.64
1786962258.641,,0,,,,-46.600,-43.602,True,0.776,-5.253,4.92,53.69
1786962258.816,,0,,,,-46.510,-43.528,True,0.776,-5.455,5.10,53.67
1786962258.991,,0,,,,-46.230,-43.298,True,0.776,-5.339,4.99,53.65
1786962259.041,,0,,,,-46.090,-43.183,True,0.776,-5.552,5.19,53.64
1786962259.191,,0,,,,-45.770,-42.920,True,0.776,-5.753,5.38,53.62
1786962259.316,,0,,,,-45.510,-42.707,True,0.776,-5.894,5.51,53.61
1786962259.341,,0,,,,-45.460,-42.665,True,0.776,-5.196,4.91,54.25
1786962259.441,,0,,,,-45.190,-42.443,True,0.776,-5.382,5.09,54.23
1786962259.541,,0,,,,-44.990,-42.279,True,0.776,-5.583,5.27,54.22
1786962259.591,,0,,,,-44.810,-42.131,True,0.776,-5.765,5.45,54.21
1786962259.716,,0,,,,-44.600,-41.959,True,0.776,-5.668,5.39,54.62
1786962259.791,,0,,,,-44.460,-41.843,True,0.776,-5.757,5.49,54.75
1786962259.891,,0,,,,-44.220,-41.646,True,0.776,-5.680,5.42,54.81
1786962259.991,,0,,,,-43.980,-41.449,True,0.776,-5.981,5.73,55.01
1786962260.041,,0,,,,-43.950,-41.424,True,0.776,-6.198,5.94,55.00
1786962260.091,,0,,,,-44.000,-41.465,True,0.776,-5.953,5.69,54.86
1786962260.141,,0,,,,-44.040,-41.498,True,0.776,-6.071,5.80,54.85
1786962260.241,,0,,,,-44.310,-41.720,True,0.776,-6.100,5.84,54.94
1786962260.291,,0,,,,-44.450,-41.835,True,0.776,-6.168,5.90,54.93
1786962260.391,,0,,,,-44.580,-41.942,True,0.776,-5.980,5.76,55.30
1786962260.491,,0,,,,-44.530,-41.901,True,0.776,-6.427,6.18,55.21
1786962260.591,,0,,,,-44.390,-41.786,True,0.776,-5.849,5.64,55.36
1786962260.691,,0,,,,-44.220,-41.646,True,0.776,-6.039,5.82,55.34
1786962260.791,,0,,,,-44.120,-41.564,True,0.776,-6.297,6.07,55.32
1786962260.916,,0,,,,-44.030,-41.490,True,0.776,-6.458,6.22,55.31
1786962260.916,,0,,,,-44.030,-41.490,True,0.776,-6.557,6.32,55.30
1786962260.991,,0,,,,-43.940,-41.416,True,0.776,-6.697,6.45,55.30
1786962261.041,,0,,,,-43.930,-41.408,True,0.776,-6.658,6.41,55.29
1786962261.141,,0,,,,-43.930,-41.408,True,0.776,-6.695,6.44,55.28
1786962261.191,,0,,,,-43.940,-41.416,True,0.776,-6.868,6.66,55.72
1786962261.291,,0,,,,-44.000,-41.465,True,0.776,-6.859,6.65,55.71
1786962261.341,,0,,,,-44.020,-41.482,True,0.776,-7.059,6.84,55.70
1786962261.441,,0,,,,-44.050,-41.507,True,0.776,-7.146,6.97,56.03
1786962261.591,,0,,,,-44.020,-41.482,True,0.776,-5.727,5.60,56.14
1786962261.641,,0,,,,-44.020,-41.482,True,0.776,-5.809,5.68,56.13
1786962261.741,,0,,,,-43.920,-41.400,True,0.776,-5.470,5.39,56.52
1786962261.841,,0,,,,-43.830,-41.326,True,0.776,-5.260,5.20,56.69
1786962261.891,,0,,,,-43.740,-41.252,True,0.776,-5.643,5.57,56.62
1786962261.991,,0,,,,-43.550,-41.096,True,0.776,-5.874,5.79,56.61
1786962262.091,,0,,,,-43.430,-40.997,True,0.776,-5.666,5.57,56.44
1786962262.191,,0,,,,-43.410,-40.980,True,0.776,-5.631,5.54,56.44
1786962262.241,,0,,,,-43.420,-40.989,True,0.776,-5.761,5.66,56.43
1786962262.291,,0,,,,-43.510,-41.063,True,0.776,-5.929,5.84,56.52
1786962262.391,,0,,,,-43.730,-41.243,True,0.776,-5.927,5.86,56.76
1786962262.416,,0,,,,-43.730,-41.243,True,0.776,-6.072,6.00,56.76
1786962262.491,,0,,,,-43.870,-41.359,True,0.776,-6.316,6.24,56.75
1786962262.591,,0,,,,-43.990,-41.457,True,0.776,-6.166,6.11,56.89
1786962262.641,,0,,,,-44.050,-41.507,True,0.776,-6.099,6.05,56.93
1786962262.691,,0,,,,-44.120,-41.564,True,0.776,-6.049,6.00,56.91
1786962262.791,,0,,,,-44.150,-41.589,True,0.776,-5.970,5.93,57.04
1786962262.891,,0,,,,-44.160,-41.597,True,0.776,-5.665,5.64,57.19
1786962263.041,,0,,,,-44.060,-41.515,True,0.776,-5.444,5.42,57.10
1786962263.141,,0,,,,-43.900,-41.383,True,0.776,-5.075,5.09,57.49
1786962263.316,,0,,,,-43.670,-41.194,True,0.776,-5.430,5.44,57.52
1786962263.391,,0,,,,-43.790,-41.293,True,0.776,-6.015,6.03,57.50
1786962263.541,,0,,,,-43.950,-41.424,True,0.776,-6.290,6.28,57.35
1786962263.591,,0,,,,-44.130,-41.572,True,0.776,-6.242,6.23,57.34
1786962263.691,,0,,,,-44.430,-41.819,True,0.776,-6.485,6.47,57.33
1786962263.791,,0,,,,-44.300,-41.712,True,0.776,-6.282,6.30,57.54
1786962263.841,,0,,,,-44.160,-41.597,True,0.776,-5.540,5.56,57.59
1786962263.891,,0,,,,-43.910,-41.391,True,0.776,-5.714,5.73,57.57
1786962263.991,,0,,,,-43.490,-41.046,True,0.776,-6.181,6.20,57.60
1786962264.041,,0,,,,-43.360,-40.939,True,0.776,-5.912,5.95,57.72
1786962264.141,,0,,,,-43.170,-40.783,True,0.776,-6.192,6.22,57.71
1786962264.266,,0,,,,-43.170,-40.783,True,0.776,-6.450,6.50,57.86
1786962264.491,,0,,,,-43.380,-40.956,True,0.776,-6.781,6.84,57.91
1786962264.691,,0,,,,-43.170,-40.783,True,0.776,-6.871,6.92,57.88
1786962264.791,,0,,,,-43.080,-40.709,True,0.776,-6.939,6.99,57.87
1786962265.016,,0,,,,-43.280,-40.874,True,0.776,-7.217,7.27,57.84
1786962265.091,,0,,,,-43.570,-41.112,True,0.776,-7.328,7.38,57.83
1786962265.191,,0,,,,-43.920,-41.400,True,0.776,-5.277,5.39,58.60
1786962265.241,,0,,,,-44.080,-41.531,True,0.776,-5.323,5.43,58.59
1786962265.291,,0,,,,-44.290,-41.704,True,0.776,-6.126,6.24,58.48
1786962265.466,,0,,,,-44.730,-42.065,True,0.776,-6.083,6.20,58.46
1786962265.566,,0,,,,-44.770,-42.098,True,0.776,-6.119,6.23,58.44
1786962265.641,,0,,,,-44.770,-42.098,True,0.776,-6.593,6.71,58.43
1786962265.691,,0,,,,-44.750,-42.082,True,0.776,-6.806,6.92,58.42
1786962265.816,,0,,,,-44.530,-41.901,True,0.776,-6.643,6.76,58.40
1786962265.841,,0,,,,-44.440,-41.827,True,0.776,-6.691,6.80,58.39
1786962265.941,,0,,,,-44.310,-41.720,True,0.776,-6.770,6.88,58.38
1786962265.991,,0,,,,-44.280,-41.696,True,0.776,-6.730,6.84,58.37
1786962266.091,,0,,,,-44.290,-41.704,True,0.776,-6.029,6.18,58.84
1786962266.191,,0,,,,-44.410,-41.802,True,0.776,-6.065,6.22,58.83
1786962266.291,,0,,,,-44.480,-41.860,True,0.776,-6.068,6.22,58.82
1786962266.391,,0,,,,-44.520,-41.893,True,0.776,-5.763,5.91,58.82
1786962266.491,,0,,,,-44.430,-41.819,True,0.776,-4.861,5.02,59.25
1786962266.541,,0,,,,-44.400,-41.794,True,0.776,-4.917,5.08,59.24
1786962266.641,,0,,,,-44.350,-41.753,True,0.776,-4.983,5.15,59.23
1786962266.691,,0,,,,-44.370,-41.770,True,0.776,-5.063,5.23,59.22
1786962266.791,,0,,,,-44.500,-41.876,True,0.776,-5.233,5.40,59.21
1786962266.865,,0,,,,-44.710,-42.049,True,0.776,-5.417,5.59,59.21
1786962266.891,,0,,,,-44.800,-42.123,True,0.776,-5.511,5.69,59.20
1786962266.991,,0,,,,-45.260,-42.501,True,0.776,-5.451,5.62,59.19
1786962267.041,,0,,,,-45.330,-42.559,True,0.776,-5.420,5.59,59.18
1786962267.166,,0,,,,-45.560,-42.748,True,0.776,-5.361,5.53,59.17
1786962267.191,,0,,,,-45.660,-42.830,True,0.776,-5.553,5.72,59.16
1786962267.291,,0,,,,-45.800,-42.945,True,0.776,-5.496,5.69,59.45
1786962267.416,,0,,,,-45.790,-42.937,True,0.776,-5.592,5.79,59.43
1786962267.491,,0,,,,-45.750,-42.904,True,0.776,-5.804,6.01,59.42
1786962267.591,,0,,,,-45.750,-42.904,True,0.776,-4.517,4.70,59.63
1786962267.665,,0,,,,-45.830,-42.970,True,0.776,-4.191,4.37,59.83
1786962267.765,,0,,,,-45.910,-43.035,True,0.776,-4.428,4.62,59.82
1786962267.791,,0,,,,-45.990,-43.101,True,0.776,-4.750,4.95,59.82
1786962267.891,,0,,,,-46.120,-43.208,True,0.776,-5.162,5.36,59.57
1786962267.965,,0,,,,-46.130,-43.216,True,0.776,-5.166,5.36,59.56
1786962267.991,,0,,,,-46.120,-43.208,True,0.776,-5.165,5.36,59.50
1786962268.116,,0,,,,-46.100,-43.191,True,0.776,-4.647,4.85,59.85
1786962268.215,,0,,,,-46.000,-43.109,True,0.776,-4.791,5.00,59.83
1786962268.290,,0,,,,-45.900,-43.027,True,0.776,-4.918,5.13,59.83
1786962268.390,,0,,,,-45.710,-42.871,True,0.776,-5.153,5.37,59.81
1786962268.441,,0,,,,-45.640,-42.813,True,0.776,-5.275,5.50,59.81
1786962268.490,,0,,,,-45.570,-42.756,True,0.776,-5.267,5.49,59.80
1786962268.590,,0,,,,-45.450,-42.657,True,0.776,-5.466,5.70,59.79
1786962268.641,,0,,,,-45.320,-42.550,True,0.776,-5.365,5.60,59.85
1786962268.691,,0,,,,-45.250,-42.493,True,0.776,-5.522,5.76,59.84
1786962268.815,,0,,,,-45.090,-42.361,True,0.776,-5.756,6.00,59.83
1786962268.890,,0,,,,-44.970,-42.263,True,0.776,-5.129,5.41,60.55
1786962268.990,,0,,,,-44.930,-42.230,True,0.776,-5.284,5.58,60.54
1786962269.040,,0,,,,-44.910,-42.213,True,0.776,-5.748,6.02,60.14
1786962269.090,,0,,,,-44.940,-42.238,True,0.776,-5.907,6.19,60.12
1786962269.190,,0,,,,-45.110,-42.378,True,0.776,-6.039,6.31,59.98
1786962269.365,,0,,,,-45.340,-42.567,True,0.776,-5.248,5.53,60.43
1786962269.390,,0,,,,-45.430,-42.641,True,0.776,-5.313,5.59,60.42
1786962269.490,,0,,,,-45.490,-42.690,True,0.776,-5.364,5.65,60.41
1786962269.540,,0,,,,-45.530,-42.723,True,0.776,-5.444,5.73,60.40
1786962269.590,,0,,,,-45.560,-42.748,True,0.776,-5.525,5.81,60.39
1786962269.690,,0,,,,-45.580,-42.764,True,0.776,-5.651,5.95,60.38
1786962269.741,,0,,,,-45.530,-42.723,True,0.776,-5.755,6.05,60.37
1786962269.790,,0,,,,-45.500,-42.698,True,0.776,-5.913,6.22,60.36
1786962269.890,,0,,,,-45.290,-42.526,True,0.776,-6.046,6.36,60.35
1786962269.990,,0,,,,-44.920,-42.222,True,0.776,-6.443,6.77,60.34
1786962270.090,,0,,,,-44.650,-42.000,True,0.776,-6.489,6.82,60.33
1786962270.165,,0,,,,-44.530,-41.901,True,0.776,-6.586,6.92,60.31
1786962270.215,,0,,,,-44.450,-41.835,True,0.776,-6.832,7.17,60.31
1786962270.290,,0,,,,-44.230,-41.654,True,0.776,-7.031,7.38,60.30
1786962270.441,,0,,,,-43.680,-41.202,True,0.776,-5.564,5.90,60.86
1786962270.540,,0,,,,-43.310,-40.898,True,0.776,-5.635,5.97,60.84
1786962270.615,,0,,,,-43.100,-40.726,True,0.776,-5.675,6.02,60.84
1786962270.690,,0,,,,-42.870,-40.537,True,0.776,-6.534,6.91,60.71
1786962270.815,,0,,,,-42.770,-40.454,True,0.776,-6.170,6.50,60.45
1786962270.890,,0,,,,-42.790,-40.471,True,0.776,-6.235,6.56,60.44
1786962270.990,,0,,,,-42.940,-40.594,True,0.776,-6.251,6.58,60.43
1786962274.090,,0,,,,-41.780,-39.641,True,0.776,-4.500,4.86,61.90
1786962274.090,,0,,,,-41.780,-39.641,True,0.776,-4.602,4.97,61.89
1786962274.190,,0,,,,-41.400,-39.328,True,0.776,-5.616,6.05,61.81
1786962274.365,,0,,,,-40.560,-38.638,True,0.776,-5.231,5.67,62.17
1786962274.440,,0,,,,-40.340,-38.457,True,0.776,-6.058,6.56,62.16
1786962274.540,,0,,,,-40.020,-38.194,True,0.776,-5.911,6.38,61.97
1786962274.665,,0,,,,-39.280,-37.586,True,0.776,-6.324,6.82,61.96
1786962274.690,,0,,,,-39.190,-37.512,True,0.776,-6.717,7.25,61.95
1786962274.790,,0,,,,-38.480,-36.928,True,0.776,-7.334,7.91,61.94
1786962274.890,,0,,,,-37.650,-36.246,True,0.776,-7.987,8.60,61.93
1786962274.940,,0,,,,-37.400,-36.041,True,0.776,-8.413,9.06,61.91
1786962275.040,,0,,,,-36.830,-35.589,True,0.771,-8.544,9.20,61.90
1786962275.090,,0,,,,-36.640,-35.452,True,0.765,-8.859,9.53,61.89
1786962275.215,,0,,,,-36.230,-35.156,True,0.753,-9.201,9.89,61.88
1786962275.290,,0,,,,-36.090,-35.055,True,0.749,-9.461,10.17,61.87
1786962275.390,,0,,,,-35.980,-34.976,True,0.745,-9.869,10.60,61.86
1786962275.440,,0,,,,-35.870,-34.896,True,0.742,-8.258,8.93,62.14
1786962275.540,,0,,,,-35.700,-34.774,True,0.737,-7.967,8.61,62.13
1786962275.590,,0,,,,-35.450,-34.593,True,0.730,-7.830,8.46,62.11
1786962275.690,,0,,,,-35.100,-34.341,True,0.719,-9.153,9.90,62.24
1786962275.790,,0,,,,-34.840,-34.153,True,0.712,-9.100,9.84,62.22
1786962275.890,,0,,,,-34.450,-33.872,True,0.700,-7.766,8.46,62.62
1786962275.965,,0,,,,-34.220,-33.706,True,0.693,-7.538,8.20,62.48
1786962276.090,,0,,,,-34.050,-33.583,True,0.688,-7.858,8.50,62.17
1786962276.190,,0,,,,-34.030,-33.568,True,0.688,-6.761,7.37,62.60
1786962276.290,,0,,,,-34.000,-33.547,True,0.687,-6.609,7.20,62.59
1786962276.340,,0,,,,-33.960,-33.518,True,0.686,-6.382,6.96,62.58
1786962276.390,,0,,,,-33.880,-33.460,True,0.684,-6.139,6.70,62.65
1786962276.490,,0,,,,-33.730,-33.352,True,0.679,-6.508,7.06,62.25
1786962276.690,,0,,,,-33.410,-33.121,True,0.670,-5.879,6.42,62.69
1786962276.790,,0,,,,-33.270,-33.020,True,0.666,-6.551,7.11,62.34
1786962276.840,,0,,,,-33.140,-32.926,True,0.662,-5.893,6.44,62.72
1786962276.940,,0,,,,-33.060,-32.868,True,0.660,-6.068,6.63,62.71
1786962276.990,,0,,,,-32.990,-32.818,True,0.658,-6.002,6.56,62.76
1786962277.340,,0,,,,-32.510,-32.471,True,0.644,-6.073,6.64,62.75
1786962277.440,,0,,,,-32.480,-32.450,True,0.643,-7.186,7.82,62.48
1786962277.590,,0,,,,-32.490,-32.457,True,0.643,-7.372,8.01,62.46
1786962277.790,,0,,,,-32.720,-32.623,True,0.650,-7.721,8.42,62.69
1786962278.090,,0,,,,-32.430,-32.414,True,0.642,-7.815,8.51,62.60
1786962278.265,,0,,,,-31.820,-31.973,True,0.624,-7.257,7.92,62.72
1786962278.340,,0,,,,-31.470,-31.721,True,0.614,-7.292,7.96,62.71
1786962280.190,,0,,,,-32.030,-32.125,True,0.630,-7.205,7.93,63.21
1786962280.290,,0,,,,-31.830,-31.981,True,0.624,-7.694,8.46,63.19
1786962280.390,,0,,,,-31.680,-31.872,True,0.620,-7.265,8.01,63.33
1786962280.515,,0,,,,-31.650,-31.851,True,0.619,-7.469,8.23,63.32
1786962280.990,,0,,,,-31.050,-31.418,True,0.602,-7.919,8.74,63.43
1786962281.490,,0,,,,-30.700,-31.165,True,0.592,-7.559,8.39,63.76
1786962281.890,,0,,,,-30.340,-30.905,True,0.582,-7.473,8.34,64.09
1786962282.040,,0,,,,-30.440,-30.977,True,0.585,-7.727,8.61,64.07
1786962282.140,,0,,,,-30.570,-31.071,True,0.589,-7.963,8.87,64.05
1786962282.690,,0,,,,-30.080,-30.718,True,0.575,-7.882,8.81,64.25
1786962285.790,,0,,,,-29.070,-29.989,True,0.547,-7.252,8.24,65.27
1786962285.865,,0,,,,-29.170,-30.061,True,0.550,-5.943,6.83,65.94
1786962285.940,,0,,,,-29.160,-30.054,True,0.550,-6.159,7.07,65.92
1786962286.040,,0,,,,-29.090,-30.003,True,0.548,-6.528,7.49,65.91
1786962286.115,,0,,,,-28.970,-29.917,True,0.544,-7.127,8.17,65.89
1786962286.190,,0,,,,-28.760,-29.765,True,0.539,-7.473,8.58,65.96
1786962286.290,,0,,,,-28.280,-29.419,True,0.526,-7.829,8.98,65.94
1786962286.340,,0,,,,-28.130,-29.310,True,0.522,-8.078,9.27,65.93
1786962286.490,,0,,,,-27.390,-28.776,True,0.502,-8.096,9.42,66.86
1786962286.590,,0,,,,-26.950,-28.459,True,0.490,-8.330,9.69,66.85
1786962286.690,,0,,,,-26.700,-28.278,True,0.484,-8.397,9.76,66.83
1786962286.765,,0,,,,-26.700,-28.278,True,0.484,-8.543,9.81,66.01
1786962286.790,,0,,,,-26.720,-28.293,True,0.485,-8.429,9.67,66.00
1786962286.890,,0,,,,-26.710,-28.285,True,0.484,-8.330,9.56,65.99
1786962287.015,,0,,,,-26.660,-28.249,True,0.483,-7.689,8.89,66.41
1786962287.040,,0,,,,-26.670,-28.257,True,0.483,-7.725,8.92,66.39
1786962287.140,,0,,,,-26.620,-28.220,True,0.482,-7.875,9.09,66.38
1786962287.190,,0,,,,-26.590,-28.199,True,0.481,-7.845,9.06,66.37
1786962287.265,,0,,,,-26.550,-28.170,True,0.480,-7.885,9.10,66.35
1786962287.340,,0,,,,-26.500,-28.134,True,0.479,-7.570,8.76,66.47
1786962287.440,,0,,,,-26.350,-28.026,True,0.475,-7.519,8.70,66.46
1786962287.540,,0,,,,-26.230,-27.939,True,0.472,-7.536,8.71,66.44
1786962287.590,,0,,,,-26.140,-27.874,True,0.470,-6.947,8.06,66.60
1786962287.690,,0,,,,-25.950,-27.737,True,0.465,-6.763,7.88,66.88
1786962287.790,,0,,,,-25.810,-27.636,True,0.461,-6.325,7.36,66.78
1786962287.890,,0,,,,-25.660,-27.528,True,0.458,-6.903,8.01,66.64
1786962287.940,,0,,,,-25.640,-27.513,True,0.457,-6.934,8.04,66.62
1786962288.040,,0,,,,-25.550,-27.448,True,0.455,-6.623,7.70,66.72
1786962288.165,,0,,,,-25.480,-27.398,True,0.453,-7.401,8.57,66.51
1786962288.190,,0,,,,-25.490,-27.405,True,0.453,-7.463,8.64,66.49
1786962288.290,,0,,,,-25.530,-27.434,True,0.454,-6.203,7.24,66.97
1786962288.415,,0,,,,-25.580,-27.470,True,0.456,-6.145,7.18,67.03
1786962288.490,,0,,,,-25.560,-27.455,True,0.455,-6.223,7.26,67.01
1786962288.590,,0,,,,-25.490,-27.405,True,0.453,-6.251,7.29,66.95
1786962288.690,,0,,,,-25.210,-27.203,True,0.446,-6.180,7.21,66.94
1786962288.765,,0,,,,-25.120,-27.138,True,0.444,-6.169,7.19,66.92
1786962288.890,,0,,,,-24.920,-26.994,True,0.439,-5.596,6.55,67.21
1786962288.990,,0,,,,-24.910,-26.986,True,0.439,-5.789,6.78,67.20
1786962288.990,,0,,,,-24.910,-26.986,True,0.439,-6.045,7.08,67.19
1786962289.140,,0,,,,-25.140,-27.152,True,0.445,-6.587,7.73,67.40
1786962289.290,,0,,,,-25.580,-27.470,True,0.456,-6.212,7.29,67.39
1786962289.340,,0,,,,-25.650,-27.520,True,0.457,-6.420,7.53,67.37
1786962289.390,,0,,,,-25.710,-27.564,True,0.459,-6.341,7.46,67.59
1786962289.490,,0,,,,-25.790,-27.621,True,0.461,-7.304,8.60,67.63
1786962289.590,,0,,,,-25.800,-27.629,True,0.461,-6.413,7.55,67.58
1786962289.590,,0,,,,-25.800,-27.629,True,0.461,-6.430,7.57,67.57
1786962289.690,,0,,,,-25.610,-27.492,True,0.456,-6.388,7.52,67.55
1786962289.790,,0,,,,-25.150,-27.160,True,0.445,-6.430,7.60,67.88
1786962289.890,,0,,,,-24.730,-26.856,True,0.435,-6.526,7.70,67.75
1786962289.940,,0,,,,-24.620,-26.777,True,0.432,-5.842,6.91,67.90
1786962290.065,,0,,,,-24.460,-26.662,True,0.428,-5.477,6.51,68.20
1786962290.090,,0,,,,-24.470,-26.669,True,0.429,-5.498,6.53,68.19
1786962290.190,,0,,,,-24.460,-26.662,True,0.428,-6.513,7.71,67.93
1786962290.290,,0,,,,-24.470,-26.669,True,0.429,-6.181,7.33,68.06
1786962290.340,,0,,,,-24.460,-26.662,True,0.428,-6.327,7.50,68.05
1786962290.390,,0,,,,-24.430,-26.640,True,0.428,-6.784,8.05,68.14
1786962290.490,,0,,,,-24.300,-26.546,True,0.424,-6.995,8.30,68.12
1786962290.540,,0,,,,-24.190,-26.467,True,0.422,-6.915,8.21,68.22
1786962290.640,,0,,,,-23.890,-26.250,True,0.415,-6.032,7.20,68.49
1786962290.690,,0,,,,-23.670,-26.091,True,0.410,-6.154,7.34,68.48
1786962290.740,,0,,,,-23.580,-26.026,True,0.408,-5.835,6.95,68.38
1786962290.840,,0,,,,-23.110,-25.670,True,0.408,-5.932,7.07,68.36
1786962290.890,,0,,,,-22.820,-25.438,True,0.415,-7.231,8.57,68.11
1786962291.015,,0,,,,-22.460,-25.150,True,0.424,-5.719,6.89,69.15
1786962291.090,,0,,,,-22.410,-25.110,True,0.426,-5.761,6.94,69.13
1786962291.190,,0,,,,-22.470,-25.158,True,0.424,-6.715,7.99,68.36
1786962291.365,,0,,,,-22.710,-25.350,True,0.418,-6.929,8.28,68.64
1786962291.390,,0,,,,-22.740,-25.374,True,0.417,-7.074,8.45,68.63
1786962291.515,,0,,,,-22.840,-25.454,True,0.415,-6.426,7.69,68.68
1786962291.540,,0,,,,-22.870,-25.478,True,0.414,-6.239,7.48,68.82
1786962291.640,,0,,,,-22.770,-25.398,True,0.416,-6.194,7.42,68.80
1786962291.690,,0,,,,-22.660,-25.310,True,0.419,-5.915,7.08,68.72
1786962291.790,,0,,,,-22.400,-25.102,True,0.426,-5.472,6.61,69.34
1786962291.890,,0,,,,-22.090,-24.854,True,0.434,-5.740,6.92,69.16
1786962291.940,,0,,,,-21.990,-24.774,True,0.437,-5.716,6.89,69.14
1786962291.990,,0,,,,-21.890,-24.694,True,0.439,-5.605,6.75,69.08
1786962292.090,,0,,,,-21.890,-24.694,True,0.439,-5.514,6.64,69.07
1786962292.190,,0,,,,-22.000,-24.782,True,0.437,-5.344,6.44,69.13
1786962292.240,,0,,,,-22.100,-24.862,True,0.434,-5.522,6.64,68.96
1786962292.365,,0,,,,-22.130,-24.886,True,0.433,-5.310,6.40,69.16
1786962292.440,,0,,,,-22.020,-24.798,True,0.436,-5.416,6.55,69.44
1786962292.490,,0,,,,-21.860,-24.670,True,0.440,-5.541,6.70,69.43
1786962292.590,,0,,,,-21.580,-24.447,True,0.448,-5.435,6.58,69.43
1786962292.640,,0,,,,-21.350,-24.263,True,0.454,-5.616,6.79,69.41
1786962292.740,,0,,,,-20.990,-23.975,True,0.464,-5.428,6.57,69.48
1786962292.840,,0,,,,-20.820,-23.839,True,0.469,-5.055,6.15,69.78
1786962292.915,,0,,,,-20.640,-23.695,True,0.474,-5.795,7.03,69.59
1786962292.990,,0,,,,-20.550,-23.623,True,0.477,-5.953,7.22,69.58
1786962293.090,,0,,,,-20.470,-23.559,True,0.479,-5.512,6.68,69.55
1786962293.190,,0,,,,-20.320,-23.439,True,0.483,-5.351,6.49,69.63
1786962293.290,,0,,,,-20.210,-23.351,True,0.486,-6.403,7.78,69.75
1786962293.390,,0,,,,-20.010,-23.191,True,0.492,-4.908,6.00,70.09
1786962293.565,,0,,,,-19.760,-22.991,True,0.499,-5.191,6.34,70.07
1786962293.590,,0,,,,-19.760,-22.991,True,0.499,-6.176,7.52,69.89
1786962293.715,,0,,,,-19.680,-22.927,True,0.502,-5.762,7.04,70.15
1786962294.190,,0,,,,-19.360,-22.671,True,0.511,-6.023,7.36,70.13
1786962294.290,,0,,,,-19.300,-22.623,True,0.513,-6.084,7.43,70.11
1786962294.465,,0,,,,-19.190,-22.535,True,0.516,-5.784,7.10,70.40
1786962294.640,,0,,,,-18.840,-22.255,True,0.526,-5.353,6.58,70.53
1786962294.740,,0,,,,-18.580,-22.048,True,0.534,-5.280,6.49,70.51
1786962294.815,,0,,,,-18.440,-21.936,True,0.538,-5.180,6.39,70.75
1786962294.890,,0,,,,-18.270,-21.800,True,0.544,-5.017,6.19,70.78
1786962294.990,,0,,,,-17.990,-21.576,True,0.552,-4.948,6.10,70.77
1786962295.090,,0,,,,-17.800,-21.424,True,0.558,-5.049,6.21,70.60
1786962295.190,,0,,,,-17.640,-21.296,True,0.563,-4.856,6.00,70.87
1786962295.240,,0,,,,-17.560,-21.232,True,0.565,-4.756,5.88,70.93
1786962295.315,,0,,,,-17.480,-21.168,True,0.568,-4.746,5.87,70.91
1786962295.415,,0,,,,-17.470,-21.160,True,0.568,-4.485,5.60,71.55
1786962295.515,,0,,,,-17.350,-21.064,True,0.572,-4.922,6.08,70.86
1786962295.590,,0,,,,-17.300,-21.024,True,0.573,-5.564,6.87,70.84
1786962295.640,,0,,,,-17.250,-20.984,True,0.575,-6.185,7.64,70.94
1786962295.740,,0,,,,-17.050,-20.824,True,0.581,-6.349,7.84,70.92
1786962295.840,,0,,,,-16.810,-20.632,True,0.588,-5.598,6.96,71.31
1786962295.990,,0,,,,-16.360,-20.272,True,0.602,-5.309,6.59,71.23
1786962296.090,,0,,,,-16.330,-20.248,True,0.603,-5.352,6.67,71.49
1786962296.190,,0,,,,-16.380,-20.288,True,0.602,-5.709,7.08,71.13
1786962296.265,,0,,,,-16.390,-20.296,True,0.601,-5.721,7.09,71.12
1786962296.365,,0,,,,-16.490,-20.376,True,0.598,-4.910,6.20,72.40
1786962296.540,,0,,,,-16.260,-20.192,True,0.606,-4.344,5.44,71.83
1786962296.590,,0,,,,-16.150,-20.104,True,0.609,-4.357,5.46,71.81
1786962296.690,,0,,,,-15.890,-19.896,True,0.617,-4.791,5.97,71.54
1786962296.790,,0,,,,-15.670,-19.720,True,0.624,-5.469,6.84,71.72
1786962296.890,,0,,,,-15.520,-19.601,True,0.629,-5.638,7.04,71.70
1786962296.940,,0,,,,-15.480,-19.569,True,0.630,-5.813,7.26,71.69
1786962296.990,,0,,,,-15.390,-19.497,True,0.633,-4.815,6.04,71.92
1786962297.140,,0,,,,-15.200,-19.345,True,0.639,-5.881,7.37,71.94
1786962297.290,,0,,,,-14.870,-19.081,True,0.650,-5.792,7.22,71.55
1786962297.440,,0,,,,-14.570,-18.841,True,0.659,-5.168,6.48,71.96
1786962297.540,,0,,,,-14.330,-18.649,True,0.667,-4.736,5.95,72.03
1786962297.640,,0,,,,-14.090,-18.457,True,0.675,-4.785,6.01,72.01
1786962297.740,,0,,,,-13.870,-18.281,True,0.682,-5.396,6.78,72.05
1786962297.840,,0,,,,-13.640,-18.097,True,0.689,-4.553,5.73,72.22
1786962297.890,,0,,,,-13.530,-18.009,True,0.693,-5.564,7.02,72.40
1786962297.990,,0,,,,-13.220,-17.761,True,0.703,-5.586,7.05,72.39
1786962298.090,,0,,,,-12.990,-17.577,True,0.710,-3.911,5.00,73.32
1786962298.140,,0,,,,-12.980,-17.569,True,0.711,-4.454,5.64,72.59
1786962298.190,,0,,,,-12.860,-17.473,True,0.715,-4.563,5.77,72.58
1786962298.290,,0,,,,-12.750,-17.385,True,0.718,-4.023,5.10,72.74
1786962298.390,,0,,,,-12.880,-17.489,True,0.714,-4.200,5.32,72.64
1786962298.440,,0,,,,-12.960,-17.553,True,0.711,-4.285,5.43,72.63
1786962298.490,,0,,,,-13.060,-17.633,True,0.708,-4.233,5.36,72.61
1786962298.590,,0,,,,-13.230,-17.769,True,0.702,-4.315,5.46,72.60
1786962298.690,,0,,,,-13.240,-17.777,True,0.702,-3.297,4.22,73.37
1786962298.790,,0,,,,-13.060,-17.633,True,0.708,-4.168,5.31,73.04
1786962298.890,,0,,,,-12.670,-17.321,True,0.721,-4.510,5.73,72.90
1786962298.965,,0,,,,-12.530,-17.210,True,0.725,-4.631,5.88,72.88
1786962299.040,,0,,,,-12.290,-17.018,True,0.733,-4.845,6.17,73.03
1786962299.090,,0,,,,-12.160,-16.914,True,0.737,-4.919,6.27,73.10
1786962299.140,,0,,,,-12.070,-16.842,True,0.740,-4.938,6.29,73.08
1786962299.490,,0,,,,-11.610,-16.474,True,0.756,-4.773,6.10,73.25
1786962299.590,,0,,,,-11.210,-16.154,True,0.769,-5.160,6.59,73.27
1786962299.640,,0,,,,-10.890,-15.874,True,0.771,-4.637,5.93,73.35
1786962299.765,,0,,,,-10.320,-15.292,True,0.747,-4.719,6.03,73.33
1786962299.790,,0,,,,-10.140,-15.108,True,0.740,-4.381,5.60,73.35
1786962299.890,,0,,,,-9.550,-14.506,True,0.715,-4.595,5.88,73.46
1786962299.990,,0,,,,-9.220,-14.170,True,0.701,-4.810,6.15,73.32
1786962300.065,,0,,,,-9.130,-14.078,True,0.697,-4.853,6.20,73.31
1786962300.115,,0,,,,-9.090,-14.037,True,0.696,-4.911,6.30,73.58
1786962300.215,,0,,,,-9.050,-13.996,True,0.694,-4.993,6.40,73.57
1786962300.290,,0,,,,-9.020,-13.966,True,0.693,-3.895,5.02,73.88
1786962300.390,,0,,,,-8.980,-13.925,True,0.691,-4.414,5.68,73.77
1786962300.515,,0,,,,-8.730,-13.670,True,0.681,-3.652,4.70,73.76
1786962300.615,,0,,,,-8.440,-13.374,True,0.669,-3.178,4.13,74.46
1786962300.690,,0,,,,-8.280,-13.211,True,0.662,-3.197,4.13,73.98
1786962300.840,,0,,,,-7.860,-12.782,True,0.645,-4.616,5.95,73.98
1786962300.890,,0,,,,-7.820,-12.741,True,0.644,-4.833,6.23,73.96
1786962301.090,,0,,,,-7.380,-12.292,True,0.626,-3.915,5.05,73.92
1786962301.190,,0,,,,-6.950,-11.853,True,0.609,-3.959,5.11,73.98
1786962301.240,,0,,,,-6.820,-11.721,True,0.603,-3.569,4.61,74.12
1786962301.290,,0,,,,-6.560,-11.456,True,0.593,-3.653,4.72,74.11
1786962301.415,,0,,,,-6.030,-10.915,True,0.572,-3.967,5.13,74.11
1786962301.490,,0,,,,-5.570,-10.445,True,0.554,-3.129,4.04,74.04
1786962301.590,,0,,,,-5.230,-10.098,True,0.541,-3.264,4.21,74.03
1786962301.690,,0,,,,-4.860,-9.721,True,0.527,-3.448,4.45,74.02
1786962301.740,,0,,,,-4.760,-9.619,True,0.523,-3.426,4.42,74.02
1786962301.840,,0,,,,-4.620,-9.476,True,0.518,-3.803,4.92,74.19
1786962302.115,,0,,,,-3.770,-8.609,True,0.486,-3.026,3.91,74.10
1786962302.190,,0,,,,-3.420,-8.252,True,0.473,-2.590,3.34,74.01
1786962302.490,,0,,,,-2.400,-7.211,True,0.437,-3.966,5.15,74.47
1786962302.590,,0,,,,-2.280,-7.088,True,0.433,-2.737,3.54,74.07
1786962302.665,,0,,,,-2.220,-7.027,True,0.431,-2.778,3.58,73.96
1786962302.690,,0,,,,-2.180,-6.986,True,0.430,-2.808,3.62,73.95
1786962302.790,,0,,,,-2.250,-7.058,True,0.432,-2.550,3.32,74.68
1786962302.915,,0,,,,-2.290,-7.099,True,0.434,-2.186,2.82,73.83
1786962302.940,,0,,,,-2.220,-7.027,True,0.431,-2.183,2.81,73.81
1786962303.040,,0,,,,-2.060,-6.864,True,0.426,-2.715,3.51,74.06
1786962303.140,,0,,,,-1.560,-6.354,True,0.410,-2.734,3.53,74.08
1786962303.240,,0,,,,-1.050,-5.759,True,0.407,-2.160,2.79,73.91
1786962303.290,,0,,,,-0.840,-5.489,True,0.410,-2.244,2.89,73.90
1786962303.390,,0,,,,-0.530,-5.090,True,0.415,-1.817,2.33,73.57
1786962303.490,,0,,,,-0.550,-5.115,True,0.414,-2.654,3.43,74.04
1786962303.490,,0,,,,-0.550,-5.115,True,0.414,-2.873,3.71,74.03
1786962303.690,,0,,,,-1.060,-5.772,True,0.406,-2.841,3.67,74.01
1786962303.990,,0,,,,0.090,-4.292,True,0.425,-1.622,2.09,73.68
1786962304.040,,0,,,,0.400,-3.893,True,0.430,-1.447,1.86,73.67
1786962304.140,,0,,,,1.300,-2.735,True,0.445,-2.324,3.00,74.10
1786962304.265,,0,,,,1.700,-2.220,True,0.452,-2.614,3.38,74.10
1786962304.290,,0,,,,1.740,-2.169,True,0.452,-2.756,3.56,74.09
1786962304.340,,0,,,,1.800,-2.092,True,0.453,-2.613,3.38,74.07
1786962304.490,,0,,,,1.400,-2.606,True,0.446,-2.898,3.74,74.06
1786962304.540,,0,,,,1.220,-2.838,True,0.443,-2.984,3.85,74.04
1786962304.640,,0,,,,0.970,-3.160,True,0.439,-2.901,3.75,74.03
1786962304.690,,0,,,,0.890,-3.263,True,0.438,-2.457,3.19,74.50
1786962304.815,,0,,,,0.830,-3.340,True,0.437,-2.429,3.16,74.49
1786962304.915,,0,,,,0.870,-3.288,True,0.438,-2.361,3.07,74.48
1786962304.940,,0,,,,0.900,-3.250,True,0.438,-2.312,3.00,74.46
1786962304.990,,0,,,,0.950,-3.185,True,0.439,-2.368,3.08,74.45
1786962305.190,,0,,,,1.400,-2.606,True,0.446,-2.585,3.34,74.04
1786962305.240,,0,,,,1.530,-2.439,True,0.449,-2.656,3.43,74.02
1786962305.340,,0,,,,1.590,-2.362,True,0.450,-1.223,1.56,72.89
1786962305.465,,0,,,,1.590,-2.362,True,0.450,-1.293,1.65,72.88
1786962305.490,,0,,,,1.590,-2.362,True,0.450,-1.372,1.74,72.87
1786962305.615,,0,,,,1.590,-2.362,True,0.450,-1.479,1.88,72.85
1786962305.640,,0,,,,1.590,-2.362,True,0.450,-1.635,2.08,72.85
1786962305.715,,0,,,,1.590,-2.362,True,0.450,-1.795,2.28,72.84
1786962305.740,,0,,,,1.590,-2.362,True,0.450,-1.998,2.54,72.82
1786962305.840,,0,,,,1.590,-2.362,True,0.450,-2.119,2.69,72.81
1786962305.890,,0,,,,1.570,-2.388,True,0.449,-2.094,2.66,72.79
1786962305.990,,0,,,,1.920,-1.937,True,0.455,-1.964,2.49,72.78
1786962306.040,,0,,,,1.990,-1.847,True,0.457,-1.874,2.38,72.77
1786962306.115,,0,,,,2.240,-1.526,True,0.461,-1.976,2.51,72.76
1786962306.215,,0,,,,2.430,-1.281,True,0.464,-2.069,2.63,72.74
1786962306.290,,0,,,,2.540,-1.140,True,0.466,-2.195,2.79,72.73
1786962306.440,,0,,,,2.490,-1.204,True,0.465,-2.525,3.20,72.70
1786962306.540,,0,,,,2.490,-1.204,True,0.465,-2.675,3.39,72.69
1786962306.615,,0,,,,1.930,-1.924,True,0.456,-2.990,3.79,72.68
1786962306.715,,0,,,,1.830,-2.053,True,0.454,-2.743,3.48,72.67
1786962306.815,,0,,,,1.960,-1.886,True,0.456,-2.543,3.22,72.65
1786962306.840,,0,,,,2.020,-1.809,True,0.457,-2.532,3.21,72.64
1786962306.940,,0,,,,2.290,-1.461,True,0.462,-2.573,3.26,72.62
1786962307.040,,0,,,,2.600,-1.062,True,0.467,-2.651,3.36,72.61
1786962307.090,,0,,,,2.720,-0.908,True,0.469,-2.765,3.50,72.59
1786962307.215,,0,,,,2.970,-0.586,True,0.474,-2.943,3.73,72.58
1786962307.290,,0,,,,3.040,-0.496,True,0.475,-3.052,3.86,72.56
1786962307.390,,0,,,,3.090,-0.432,True,0.476,-3.191,4.04,72.55
1786962307.515,,0,,,,3.070,-0.458,True,0.475,-3.234,4.09,72.54
1786962307.615,,0,,,,3.030,-0.509,True,0.475,-3.200,4.05,72.52
1786962307.640,,0,,,,3.010,-0.535,True,0.474,-3.175,4.02,72.51
1786962307.690,,0,,,,3.000,-0.548,True,0.474,-3.158,3.99,72.50
1786962307.740,,0,,,,2.980,-0.573,True,0.474,-3.119,3.94,72.49
1786962307.790,,0,,,,2.910,-0.663,True,0.473,-3.119,3.94,72.48
1786962307.940,,0,,,,2.800,-0.805,True,0.471,-3.182,4.02,72.45
1786962307.990,,0,,,,2.690,-0.947,True,0.469,-3.217,4.07,72.44
1786962308.065,,0,,,,2.570,-1.101,True,0.467,-3.279,4.14,72.44
1786962308.140,,0,,,,2.460,-1.242,True,0.465,-3.331,4.21,72.42
1786962308.240,,0,,,,2.340,-1.397,True,0.463,-3.340,4.22,72.41
1786962308.290,,0,,,,2.350,-1.384,True,0.463,-3.263,4.12,72.40
1786962308.390,,0,,,,2.420,-1.294,True,0.464,-3.428,4.33,72.39
1786962308.565,,0,,,,2.690,-0.947,True,0.469,-3.340,4.22,72.36
1786962308.590,,0,,,,2.750,-0.869,True,0.470,-3.325,4.20,72.36
1786962308.690,,0,,,,2.890,-0.689,True,0.472,-3.282,4.14,72.34
1786962308.790,,0,,,,2.990,-0.561,True,0.474,-3.402,4.29,72.32
1786962309.290,,0,,,,2.490,-1.204,True,0.465,-1.460,1.81,71.01
1786962309.415,,0,,,,2.490,-1.204,True,0.465,-1.484,1.84,71.00
1786962309.540,,0,,,,2.580,-1.088,True,0.467,-1.618,2.00,70.97
1786962309.640,,0,,,,2.580,-1.088,True,0.467,-1.984,2.42,70.03
1786962309.740,,0,,,,2.540,-1.140,True,0.466,-2.092,2.56,70.02
1786962309.840,,0,,,,2.440,-1.268,True,0.464,-2.248,2.75,70.01
1786962309.890,,0,,,,2.420,-1.294,True,0.464,-2.277,2.78,70.00
1786962309.965,,0,,,,2.320,-1.423,True,0.462,-2.340,2.86,69.99
1786962309.990,,0,,,,2.240,-1.526,True,0.461,-2.415,2.95,69.98
1786962310.115,,0,,,,2.120,-1.680,True,0.459,-2.495,3.05,69.97
1786962310.190,,0,,,,2.070,-1.744,True,0.458,-2.564,3.13,69.96
1786962310.315,,0,,,,2.030,-1.796,True,0.457,-2.602,3.18,69.95
1786962310.315,,0,,,,2.030,-1.796,True,0.457,-2.606,3.18,69.94
1786962310.415,,0,,,,2.040,-1.783,True,0.457,-2.630,3.21,69.93
1786962310.440,,0,,,,2.050,-1.770,True,0.458,-2.671,3.26,69.92
1786962310.490,,0,,,,2.070,-1.744,True,0.458,-2.706,3.30,69.90
1786962310.590,,0,,,,2.070,-1.744,True,0.458,-2.717,3.31,69.89
1786962310.640,,0,,,,2.080,-1.731,True,0.458,-2.697,3.29,69.88
1786962310.990,,0,,,,1.620,-2.323,True,0.450,-1.485,1.80,69.54
1786962311.090,,0,,,,1.510,-2.465,True,0.448,-1.521,1.85,69.53
1786962311.090,,0,,,,1.510,-2.465,True,0.448,-1.496,1.81,69.52
1786962311.240,,0,,,,1.710,-2.207,True,0.452,-1.608,1.95,69.51
1786962311.340,,0,,,,1.920,-1.937,True,0.455,-1.570,1.90,69.49
1786962311.490,,0,,,,2.170,-1.616,True,0.460,-1.625,1.97,69.48
1786962311.540,,0,,,,2.170,-1.616,True,0.460,-1.548,1.88,69.47
1786962311.640,,0,,,,2.050,-1.770,True,0.458,-1.649,2.00,69.45
1786962311.690,,0,,,,1.890,-1.976,True,0.455,-1.647,2.00,69.44
1786962311.790,,0,,,,1.580,-2.375,True,0.450,-1.648,2.00,69.43
1786962311.890,,0,,,,1.360,-2.658,True,0.446,-1.678,2.03,69.42
1786962312.040,,0,,,,1.290,-2.748,True,0.445,-1.639,1.99,69.39
1786962312.140,,0,,,,1.230,-2.825,True,0.444,-1.725,2.09,69.37
1786962312.240,,0,,,,1.180,-2.889,True,0.443,-1.758,2.13,69.36
1786962312.340,,0,,,,1.090,-3.005,True,0.441,-1.817,2.20,69.34
1786962312.390,,0,,,,1.020,-3.095,True,0.440,-1.847,2.23,69.34
1786962312.840,,0,,,,0.340,-3.970,True,0.429,-2.551,3.09,69.40
1786962312.990,,0,,,,0.320,-3.996,True,0.428,-2.652,3.21,69.38
1786962313.065,,0,,,,0.370,-3.932,True,0.429,-2.794,3.38,69.37
1786962313.140,,0,,,,0.370,-3.932,True,0.429,-2.966,3.59,69.35
1786962313.240,,0,,,,0.390,-3.906,True,0.430,-3.111,3.76,69.35
1786962313.340,,0,,,,0.400,-3.893,True,0.430,-3.241,3.92,69.33
1786962313.390,,0,,,,0.420,-3.867,True,0.430,-3.260,3.94,69.32
1786962313.465,,0,,,,0.510,-3.752,True,0.432,-3.213,3.89,69.32
1786962313.565,,0,,,,0.640,-3.584,True,0.434,-3.150,3.81,69.31
1786962313.590,,0,,,,0.740,-3.456,True,0.435,-3.119,3.77,69.30
1786962313.690,,0,,,,0.900,-3.250,True,0.438,-3.148,3.81,69.28
1786962313.815,,0,,,,0.910,-3.237,True,0.438,-2.624,3.01,65.76
1786962313.890,,0,,,,0.850,-3.314,True,0.437,-2.671,3.06,65.75
1786962313.890,,0,,,,0.850,-3.314,True,0.437,-2.742,3.14,65.74
1786962314.040,,0,,,,0.530,-3.726,True,0.432,-2.839,3.26,65.72
1786962314.090,,0,,,,0.410,-3.880,True,0.430,-2.853,3.27,65.71
1786962314.190,,0,,,,0.360,-3.945,True,0.429,-2.786,3.19,65.69
1786962314.240,,0,,,,0.470,-3.803,True,0.431,-2.735,3.13,65.68
1786962314.390,,0,,,,0.690,-3.520,True,0.435,-2.444,2.79,65.41
1786962314.415,,0,,,,0.690,-3.520,True,0.435,-2.353,2.68,65.40
1786962314.490,,0,,,,0.720,-3.481,True,0.435,-2.332,2.66,65.39
1786962314.540,,0,,,,0.670,-3.546,True,0.434,-2.204,2.51,65.37
1786962314.640,,0,,,,0.510,-3.752,True,0.432,-2.159,2.46,65.37
1786962314.740,,0,,,,0.200,-4.150,True,0.426,-2.184,2.49,65.36
1786962314.790,,0,,,,-0.010,-4.421,True,0.423,-2.110,2.41,65.35
1786962314.890,,0,,,,-0.150,-4.601,True,0.421,-2.005,2.29,65.34
1786962314.940,,0,,,,-0.170,-4.626,True,0.420,-1.941,2.21,65.33
1786962314.990,,0,,,,-0.160,-4.614,True,0.421,-1.963,2.24,65.32
1786962315.090,,0,,,,0.070,-4.318,True,0.424,-1.962,2.24,65.30
1786962315.190,,0,,,,0.520,-3.739,True,0.432,-1.965,2.24,65.29
1786962315.290,,0,,,,0.800,-3.378,True,0.436,-2.049,2.33,65.28
1786962315.415,,0,,,,1.000,-3.121,True,0.440,-1.635,1.85,64.99
1786962315.490,,0,,,,1.030,-3.082,True,0.440,-1.665,1.89,64.98
1786962315.490,,0,,,,1.030,-3.082,True,0.440,-1.723,1.95,64.97
1786962315.590,,0,,,,0.800,-3.378,True,0.436,-1.778,2.02,64.97
1786962315.590,,0,,,,0.800,-3.378,True,0.436,-1.902,2.16,64.96
1786962315.690,,0,,,,0.580,-3.661,True,0.433,-1.895,2.15,64.95
1786962315.740,,0,,,,0.520,-3.739,True,0.432,-1.707,1.90,63.77
1786962315.840,,0,,,,0.410,-3.880,True,0.430,-1.674,1.86,63.76
1786962315.965,,0,,,,0.450,-3.829,True,0.431,-1.519,1.69,63.74
1786962316.015,,0,,,,0.550,-3.700,True,0.432,-2.549,2.85,64.13
1786962316.090,,0,,,,0.740,-3.456,True,0.435,-2.564,2.87,64.11
1786962316.165,,0,,,,0.940,-3.198,True,0.439,-2.502,2.80,64.10
1786962316.215,,0,,,,1.010,-3.108,True,0.440,-2.424,2.71,64.09
1786962316.290,,0,,,,1.040,-3.070,True,0.440,-1.567,1.72,62.80
1786962316.390,,0,,,,0.860,-3.301,True,0.437,-1.641,1.80,62.79
1786962316.490,,0,,,,0.550,-3.700,True,0.432,-1.648,1.81,62.79
1786962316.590,,0,,,,0.280,-4.047,True,0.428,-1.803,2.01,64.03
1786962316.665,,0,,,,0.300,-4.022,True,0.428,-1.872,2.09,64.02
1786962316.690,,0,,,,0.320,-3.996,True,0.428,-1.843,2.06,64.01
1786962316.840,,0,,,,0.800,-3.378,True,0.436,-1.835,2.05,64.00
1786962316.940,,0,,,,1.160,-2.915,True,0.442,-1.860,2.08,63.98
1786962317.015,,0,,,,1.240,-2.812,True,0.444,-1.913,2.14,63.97
1786962317.090,,0,,,,1.270,-2.774,True,0.444,-1.871,2.09,63.96
1786962317.265,,0,,,,0.810,-3.365,True,0.437,-1.866,2.08,63.94
1786962317.340,,0,,,,0.670,-3.546,True,0.434,-1.833,2.04,63.92
1786962317.440,,0,,,,0.590,-3.649,True,0.433,-1.764,1.97,63.91
1786962317.565,,0,,,,0.800,-3.378,True,0.436,-1.703,1.90,63.90
1786962317.590,,0,,,,0.880,-3.275,True,0.438,-1.752,1.95,63.89
1786962317.840,,0,,,,1.170,-2.902,True,0.443,-1.772,1.88,60.73
1786962317.890,,0,,,,1.130,-2.954,True,0.442,-1.752,1.86,60.72
1786962317.990,,0,,,,0.840,-3.327,True,0.437,-1.770,1.88,60.71
1786962318.040,,0,,,,0.710,-3.494,True,0.435,-1.781,1.89,60.70
1786962318.465,,0,,,,1.130,-2.954,True,0.442,-2.468,2.61,60.67
1786962318.565,,0,,,,1.250,-2.799,True,0.444,-2.547,2.70,60.66
1786962318.590,,0,,,,1.240,-2.812,True,0.444,-2.691,2.85,60.65
1786962318.690,,0,,,,1.050,-3.057,True,0.441,-2.899,3.12,61.69
1786962318.740,,0,,,,0.900,-3.250,True,0.438,-2.814,3.03,61.68
1786962318.840,,0,,,,0.660,-3.558,True,0.434,-2.786,3.00,61.67
1786962318.990,,0,,,,0.590,-3.649,True,0.433,-2.118,2.12,57.36
1786962319.040,,0,,,,0.640,-3.584,True,0.434,-1.985,2.08,60.04
1786962319.090,,0,,,,0.730,-3.468,True,0.435,-1.843,1.93,60.04
1786962319.190,,0,,,,1.020,-3.095,True,0.440,-1.845,1.93,60.03
1786962319.265,,0,,,,1.180,-2.889,True,0.443,-1.923,2.01,60.02
1786962319.340,,0,,,,1.400,-2.606,True,0.446,-1.844,1.87,58.27
1786962319.440,,0,,,,1.460,-2.529,True,0.447,-1.967,2.00,58.25
1786962319.590,,0,,,,1.270,-2.774,True,0.444,-2.189,2.22,58.23
1786962319.665,,0,,,,1.110,-2.979,True,0.442,-2.965,3.05,58.88
1786962319.740,,0,,,,0.870,-3.288,True,0.438,-2.964,3.04,58.86
1786962319.840,,0,,,,0.610,-3.623,True,0.433,-2.365,2.31,56.09
1786962319.890,,0,,,,0.470,-3.803,True,0.431,-2.364,2.31,56.08
1786962319.965,,0,,,,0.400,-3.893,True,0.430,-2.366,2.32,56.07
1786962319.990,,0,,,,0.410,-3.880,True,0.430,-2.266,2.22,56.06
1786962320.090,,0,,,,0.470,-3.803,True,0.431,-2.235,2.19,56.05
1786962320.190,,0,,,,0.600,-3.636,True,0.433,-2.106,2.16,58.91
1786962320.265,,0,,,,0.720,-3.481,True,0.435,-2.027,2.08,58.90
1786962320.315,,0,,,,0.780,-3.404,True,0.436,-1.980,2.04,58.89
1786962320.390,,0,,,,0.770,-3.417,True,0.436,-2.047,2.10,58.88
1786962320.490,,0,,,,0.650,-3.571,True,0.434,-2.234,2.25,57.78
1786962320.590,,0,,,,0.430,-3.854,True,0.430,-2.266,2.28,57.77
1786962320.715,,0,,,,0.180,-4.176,True,0.426,-2.270,2.29,57.75
1786962320.790,,0,,,,0.050,-4.343,True,0.424,-2.242,2.26,57.74
1786962320.790,,0,,,,0.050,-4.343,True,0.424,-2.188,2.20,57.73
1786962320.965,,0,,,,0.220,-4.125,True,0.427,-2.567,2.51,56.12
1786962321.040,,0,,,,0.360,-3.945,True,0.429,-2.555,2.50,56.10
1786962321.090,,0,,,,0.510,-3.752,True,0.432,-2.483,2.43,56.10
1786962321.190,,0,,,,0.630,-3.597,True,0.434,-2.404,2.35,56.08
1786962321.315,,0,,,,0.780,-3.404,True,0.436,-1.196,1.15,55.32
1786962321.390,,0,,,,0.870,-3.288,True,0.438,-1.204,1.16,55.31
1786962321.490,,0,,,,0.950,-3.185,True,0.439,-1.262,1.22,55.30
1786962321.590,,0,,,,1.080,-3.018,True,0.441,-1.273,1.18,53.27
1786962321.640,,0,,,,1.130,-2.954,True,0.442,-1.380,1.28,53.26
1786962321.690,,0,,,,1.140,-2.941,True,0.442,-1.505,1.40,53.24
1786962321.790,,0,,,,1.170,-2.902,True,0.443,-2.508,2.37,54.24
1786962321.915,,0,,,,1.120,-2.967,True,0.442,-2.594,2.45,54.23
1786962321.940,,0,,,,1.090,-3.005,True,0.441,-2.681,2.54,54.22
1786962321.990,,0,,,,1.050,-3.057,True,0.441,-2.679,2.53,54.21
1786962322.040,,0,,,,1.030,-3.082,True,0.440,-2.148,2.02,53.87
1786962322.140,,0,,,,0.970,-3.160,True,0.439,-2.047,1.92,53.86
1786962322.265,,0,,,,0.970,-3.160,True,0.439,-1.863,1.75,53.85
1786962322.340,,0,,,,0.990,-3.134,True,0.440,-2.274,2.11,53.20
1786962322.415,,0,,,,1.040,-3.070,True,0.440,-2.170,2.01,53.20
1786962322.490,,0,,,,1.050,-3.057,True,0.441,-1.184,1.12,54.22
1786962322.540,,0,,,,0.970,-3.160,True,0.439,-1.165,1.10,54.21
1786962322.690,,0,,,,0.810,-3.365,True,0.437,-1.924,1.78,53.16
1786962322.740,,0,,,,0.730,-3.468,True,0.435,-1.929,1.79,53.15
1786962322.790,,0,,,,0.650,-3.571,True,0.434,-2.418,2.23,52.89
1786962322.890,,0,,,,0.510,-3.752,True,0.432,-2.160,2.00,52.93
1786962322.990,,0,,,,0.540,-3.713,True,0.432,-1.629,1.48,52.05
1786962323.040,,0,,,,0.600,-3.636,True,0.433,-1.563,1.42,52.04
1786962323.090,,0,,,,0.730,-3.468,True,0.435,-1.982,1.81,52.29
1786962323.190,,0,,,,0.990,-3.134,True,0.440,-1.981,1.81,52.28
1786962323.240,,0,,,,1.190,-2.877,True,0.443,-1.710,1.59,53.36
1786962323.415,,0,,,,1.590,-2.362,True,0.450,-2.411,2.19,52.02
1786962323.440,,0,,,,1.640,-2.298,True,0.451,-1.732,1.53,50.56
1786962323.490,,0,,,,1.670,-2.259,True,0.451,-1.741,1.54,50.55
1786962323.590,,0,,,,1.660,-2.272,True,0.451,-1.524,1.43,53.58
1786962323.665,,0,,,,1.690,-2.233,True,0.451,-1.584,1.48,53.57
1786962323.690,,0,,,,1.700,-2.220,True,0.452,-1.676,1.57,53.56
1786962323.790,,0,,,,1.790,-2.105,True,0.453,-1.804,1.69,53.56
1786962323.890,,0,,,,1.890,-1.976,True,0.455,-2.092,1.86,50.98
1786962323.940,,0,,,,1.940,-1.912,True,0.456,-2.122,1.89,50.97
1786962324.115,,0,,,,2.000,-1.834,True,0.457,-1.775,1.53,49.39
1786962324.140,,0,,,,1.950,-1.899,True,0.456,-1.779,1.53,49.38
1786962324.240,,0,,,,1.940,-1.912,True,0.456,-2.390,2.09,50.16
1786962324.340,,0,,,,1.690,-2.233,True,0.451,-2.416,2.12,50.32
1786962324.465,,0,,,,1.420,-2.581,True,0.447,-2.241,1.95,49.89
1786962324.490,,0,,,,1.360,-2.658,True,0.446,-2.179,1.90,49.88
1786962324.590,,0,,,,1.140,-2.941,True,0.442,-2.521,2.20,49.97
1786962324.665,,0,,,,1.100,-2.992,True,0.441,-2.758,2.35,48.89
1786962324.690,,0,,,,1.010,-3.108,True,0.440,-2.715,2.32,48.88
1786962324.790,,0,,,,0.960,-3.172,True,0.439,-1.492,1.29,49.51
1786962324.840,,0,,,,0.960,-3.172,True,0.439,-1.405,1.21,49.51
1786962324.890,,0,,,,0.970,-3.160,True,0.439,-1.344,1.16,49.50
1786962324.990,,0,,,,1.130,-2.954,True,0.442,-1.306,1.13,49.49
1786962325.040,,0,,,,1.160,-2.915,True,0.442,-1.447,1.23,48.65
1786962325.190,,0,,,,1.460,-2.529,True,0.447,-1.296,1.10,48.69
1786962325.390,,0,,,,1.440,-2.555,True,0.447,-1.450,1.23,48.47
1786962325.440,,0,,,,1.400,-2.606,True,0.446,-1.517,1.28,48.46
1786962325.490,,0,,,,1.360,-2.658,True,0.446,-1.584,1.34,48.45
1786962325.590,,0,,,,1.290,-2.748,True,0.445,-1.555,1.32,48.47
1786962325.690,,0,,,,1.340,-2.684,True,0.445,-1.455,1.21,47.67
1786962325.890,,0,,,,1.780,-2.117,True,0.453,-2.176,1.78,46.85
1786962325.890,,0,,,,1.780,-2.117,True,0.453,-2.230,1.82,46.84
1786962326.040,,0,,,,1.970,-1.873,True,0.456,-1.117,0.92,47.38
1786962326.090,,0,,,,1.970,-1.873,True,0.456,-1.138,0.94,47.38
1786962326.215,,0,,,,1.910,-1.950,True,0.455,-1.133,0.94,47.36
1786962326.315,,0,,,,1.670,-2.259,True,0.451,-1.575,1.30,47.35
1786962326.415,,0,,,,1.400,-2.606,True,0.446,-1.273,1.02,45.71
1786962326.465,,0,,,,1.340,-2.684,True,0.445,-1.276,1.02,45.70
1786962326.565,,0,,,,1.150,-2.928,True,0.442,-2.351,1.90,46.44
1786962326.590,,0,,,,1.010,-3.108,True,0.440,-2.260,1.81,45.95
1786962326.690,,0,,,,0.980,-3.147,True,0.439,-2.218,1.78,45.94
1786962326.790,,0,,,,1.030,-3.082,True,0.440,-2.000,1.66,47.60
1786962326.890,,0,,,,1.110,-2.979,True,0.442,-1.602,1.29,46.01
1786962326.940,,0,,,,1.110,-2.979,True,0.442,-2.400,1.89,45.11
1786962327.090,,0,,,,1.200,-2.864,True,0.443,-1.425,1.14,45.96
1786962327.190,,0,,,,1.200,-2.864,True,0.443,-1.311,1.04,45.60
1786962327.265,,0,,,,1.150,-2.928,True,0.442,-1.389,1.10,45.59
1786962327.390,,0,,,,0.990,-3.134,True,0.440,-1.941,1.54,45.42
1786962327.440,,0,,,,0.910,-3.237,True,0.438,-2.177,1.69,44.43
1786962327.565,,0,,,,0.850,-3.314,True,0.437,-2.154,1.65,43.97
1786962327.640,,0,,,,0.910,-3.237,True,0.438,-2.131,1.63,43.96
1786962327.690,,0,,,,1.020,-3.095,True,0.440,-1.134,0.88,44.41
1786962327.790,,0,,,,1.160,-2.915,True,0.442,-2.341,1.80,44.08
1786962327.914,,0,,,,1.420,-2.581,True,0.447,-1.349,1.05,44.44
1786962327.940,,0,,,,1.550,-2.413,True,0.449,-1.502,1.16,44.44
1786962327.989,,0,,,,1.590,-2.362,True,0.450,-1.488,1.15,44.43
1786962328.089,,0,,,,1.730,-2.182,True,0.452,-1.668,1.29,44.26
1786962328.189,,0,,,,1.810,-2.079,True,0.453,-1.383,1.03,42.54
1786962328.289,,0,,,,1.820,-2.066,True,0.454,-2.457,1.85,43.07
1786962328.389,,0,,,,1.660,-2.272,True,0.451,-2.605,1.93,42.55
1786962328.489,,0,,,,1.430,-2.568,True,0.447,-1.417,1.06,42.96
1786962328.539,,0,,,,1.360,-2.658,True,0.446,-1.395,1.05,42.95
1786962328.614,,0,,,,1.280,-2.761,True,0.444,-2.222,1.71,44.08
1786962328.689,,0,,,,1.190,-2.877,True,0.443,-2.190,1.68,44.06
1786962328.789,,0,,,,1.120,-2.967,True,0.442,-2.618,1.93,42.33
1786962328.840,,0,,,,1.150,-2.928,True,0.442,-2.217,1.65,42.78
1786962328.939,,0,,,,1.260,-2.786,True,0.444,-1.486,1.10,42.34
1786962328.989,,0,,,,1.330,-2.696,True,0.445,-1.465,1.08,42.33
1786962329.065,,0,,,,1.360,-2.658,True,0.446,-1.014,0.73,41.50
1786962329.139,,0,,,,1.370,-2.645,True,0.446,-0.978,0.71,41.49
1786962329.240,,0,,,,1.210,-2.851,True,0.443,-2.454,1.77,41.39
1786962329.290,,0,,,,1.050,-3.057,True,0.441,-2.339,1.68,41.28
1786962329.414,,0,,,,0.790,-3.391,True,0.436,-2.284,1.64,41.27
1786962329.489,,0,,,,0.570,-3.674,True,0.433,-2.307,1.65,40.97
1786962329.589,,0,,,,0.520,-3.739,True,0.432,-2.503,1.78,40.72
1786962329.639,,0,,,,0.580,-3.661,True,0.433,-1.416,1.01,40.97
1786962329.689,,0,,,,0.710,-3.494,True,0.435,-1.387,0.99,40.96
1786962329.789,,0,,,,1.100,-2.992,True,0.441,-1.499,1.07,40.95
1786962329.889,,0,,,,1.480,-2.503,True,0.448,-2.168,1.53,40.43
1786962330.014,,0,,,,1.710,-2.207,True,0.452,-1.316,0.93,40.64
1786962330.039,,0,,,,1.740,-2.169,True,0.452,-1.409,1.00,40.63
1786962330.089,,0,,,,1.780,-2.117,True,0.453,-2.499,1.73,39.69
1786962330.239,,0,,,,1.700,-2.220,True,0.452,-1.703,1.20,40.36
1786962330.414,,0,,,,1.280,-2.761,True,0.444,-2.719,1.86,39.16
1786962330.489,,0,,,,1.220,-2.838,True,0.443,-2.210,1.53,39.55
1786962330.589,,0,,,,1.170,-2.902,True,0.443,-2.773,1.89,39.04
1786962330.639,,0,,,,1.220,-2.838,True,0.443,-2.633,1.79,39.03
1786962330.689,,0,,,,1.290,-2.748,True,0.445,-2.556,1.74,39.09
1786962330.789,,0,,,,1.430,-2.568,True,0.447,-2.508,1.67,38.20
1786962330.889,,0,,,,1.530,-2.439,True,0.449,-2.389,1.59,38.19
1786962330.989,,0,,,,1.510,-2.465,True,0.448,-2.511,1.67,38.23
1786962331.089,,0,,,,1.440,-2.555,True,0.447,-2.471,1.65,38.33
1786962331.189,,0,,,,1.230,-2.825,True,0.444,-2.627,1.75,38.08
1786962331.314,,0,,,,0.970,-3.160,True,0.439,-2.601,1.71,37.79
1786962331.339,,0,,,,0.900,-3.250,True,0.438,-2.582,1.70,37.79
1786962331.439,,0,,,,0.760,-3.430,True,0.436,-2.333,1.53,37.51
1786962331.489,,0,,,,0.700,-3.507,True,0.435,-2.292,1.50,37.51
1786962331.589,,0,,,,0.660,-3.558,True,0.434,-2.169,1.40,36.89
1786962331.689,,0,,,,0.670,-3.546,True,0.434,-2.304,1.49,37.00
1786962331.739,,0,,,,0.690,-3.520,True,0.435,-2.276,1.47,36.99
1786962331.864,,0,,,,0.740,-3.456,True,0.435,-2.188,1.41,36.91
1786962331.889,,0,,,,0.760,-3.430,True,0.436,-2.228,1.43,36.90
1786962331.989,,0,,,,0.810,-3.365,True,0.437,-2.250,1.43,36.54
1786962332.089,,0,,,,0.860,-3.301,True,0.437,-2.450,1.55,36.29
1786962332.189,,0,,,,0.920,-3.224,True,0.438,-2.616,1.64,35.98
1786962332.289,,0,,,,1.000,-3.121,True,0.440,-2.566,1.59,35.45
1786962332.314,,0,,,,1.000,-3.121,True,0.440,-2.596,1.61,35.45
1786962332.389,,0,,,,1.050,-3.057,True,0.441,-2.627,1.62,35.44
1786962332.589,,0,,,,1.110,-2.979,True,0.442,-2.342,1.45,35.37
1786962332.639,,0,,,,1.100,-2.992,True,0.441,-2.459,1.52,35.33
1786962332.739,,0,,,,1.050,-3.057,True,0.441,-2.358,1.45,35.27
1786962332.789,,0,,,,1.030,-3.082,True,0.440,-2.283,1.41,35.27
1786962332.889,,0,,,,1.030,-3.082,True,0.440,-2.247,1.38,35.25
1786962332.964,,0,,,,1.050,-3.057,True,0.441,-2.283,1.40,35.25
1786962333.039,,0,,,,1.100,-2.992,True,0.441,-2.516,1.50,34.26
1786962333.139,,0,,,,1.150,-2.928,True,0.442,-2.465,1.48,34.45
1786962333.189,,0,,,,1.200,-2.864,True,0.443,-2.581,1.55,34.44
1786962333.289,,0,,,,1.260,-2.786,True,0.444,-2.280,1.35,33.88
1786962333.389,,0,,,,1.220,-2.838,True,0.443,-2.302,1.35,33.51
1786962333.489,,0,,,,1.150,-2.928,True,0.442,-2.278,1.33,33.49
1786962333.589,,0,,,,0.970,-3.160,True,0.439,-2.741,1.60,33.41
1786962333.639,,0,,,,0.890,-3.263,True,0.438,-2.476,1.44,33.22
1786962333.689,,0,,,,0.790,-3.391,True,0.436,-2.359,1.37,33.22
1786962333.789,,0,,,,0.650,-3.571,True,0.434,-2.278,1.31,33.05
1786962333.839,,0,,,,0.610,-3.623,True,0.433,-2.296,1.32,32.89
1786962333.939,,0,,,,0.570,-3.674,True,0.433,-2.242,1.29,32.88
1786962333.989,,0,,,,0.570,-3.674,True,0.433,-2.332,1.34,32.86
1786962334.039,,0,,,,0.560,-3.687,True,0.432,-2.340,1.34,32.84
1786962334.189,,0,,,,0.670,-3.546,True,0.434,-2.440,1.38,32.46
1786962334.289,,0,,,,0.770,-3.417,True,0.436,-2.357,1.32,32.07
1786962334.414,,0,,,,0.900,-3.250,True,0.438,-2.494,1.40,32.10
1786962334.464,,0,,,,0.950,-3.185,True,0.439,-2.482,1.39,32.08
1786962334.489,,0,,,,0.940,-3.198,True,0.439,-2.540,1.42,32.07
1786962334.589,,0,,,,0.900,-3.250,True,0.438,-2.474,1.37,31.63
1786962334.689,,0,,,,0.820,-3.353,True,0.437,-2.512,1.38,31.40
1786962334.789,,0,,,,0.780,-3.404,True,0.436,-2.336,1.27,31.25
1786962334.839,,0,,,,0.770,-3.417,True,0.436,-2.383,1.30,31.23
1786962334.889,,0,,,,0.890,-3.263,True,0.438,-2.014,1.08,30.84
1786962335.014,,0,,,,1.110,-2.979,True,0.442,-2.321,1.24,30.71
1786962335.089,,0,,,,1.360,-2.658,True,0.446,-2.289,1.23,30.70
1786962335.139,,0,,,,1.500,-2.478,True,0.448,-2.321,1.24,30.49
1786962335.239,,0,,,,1.600,-2.349,True,0.450,-2.699,1.43,30.39
1786962335.289,,0,,,,1.600,-2.349,True,0.450,-2.817,1.49,30.38
1786962335.389,,0,,,,1.470,-2.516,True,0.448,-2.662,1.40,30.14
1786962335.489,,0,,,,1.130,-2.954,True,0.442,-2.896,1.52,30.01
1786962335.589,,0,,,,0.780,-3.404,True,0.436,-2.567,1.33,29.61
1786962335.714,,0,,,,0.420,-3.867,True,0.430,-2.584,1.33,29.58
1786962335.814,,0,,,,0.300,-4.022,True,0.428,-2.473,1.26,29.23
1786962335.889,,0,,,,0.300,-4.022,True,0.428,-2.601,1.34,29.49
1786962335.989,,0,,,,0.520,-3.739,True,0.432,-2.534,1.30,29.48
1786962336.114,,0,,,,0.630,-3.597,True,0.434,-2.393,1.21,28.89
1786962336.189,,0,,,,0.650,-3.571,True,0.434,-2.389,1.20,28.70
1786962336.289,,0,,,,0.580,-3.661,True,0.433,-2.981,1.50,28.84
1786962336.389,,0,,,,0.260,-4.073,True,0.427,-2.396,1.19,28.40
1786962336.439,,0,,,,0.130,-4.240,True,0.425,-2.390,1.18,28.38
1786962336.539,,0,,,,-0.100,-4.536,True,0.422,-2.403,1.18,28.09
1786962336.639,,0,,,,-0.180,-4.639,True,0.420,-2.240,1.09,27.90
1786962336.764,,0,,,,0.030,-4.369,True,0.424,-2.285,1.10,27.65
1786962336.789,,0,,,,0.200,-4.150,True,0.426,-2.390,1.15,27.63
1786962336.889,,0,,,,0.660,-3.558,True,0.434,-2.306,1.10,27.46
1786962336.939,,0,,,,0.740,-3.456,True,0.435,-2.144,1.02,27.24
1786962337.039,,0,,,,1.220,-2.838,True,0.443,-2.165,1.02,27.11
1786962337.114,,0,,,,1.360,-2.658,True,0.446,-2.264,1.07,27.10
1786962337.189,,0,,,,1.390,-2.619,True,0.446,-2.713,1.26,26.70
1786962337.289,,0,,,,1.240,-2.812,True,0.444,-2.559,1.18,26.53
1786962337.389,,0,,,,1.030,-3.082,True,0.440,-2.605,1.20,26.36
1786962337.464,,0,,,,0.900,-3.250,True,0.438,-2.516,1.16,26.34
1786962337.539,,0,,,,0.810,-3.365,True,0.437,-2.426,1.11,26.17
1786962337.589,,0,,,,0.750,-3.443,True,0.436,-2.418,1.10,26.16
1786962337.689,,0,,,,0.690,-3.520,True,0.435,-2.661,1.21,26.10
1786962337.789,,0,,,,0.590,-3.649,True,0.433,-2.392,1.08,25.81
1786962337.889,,0,,,,0.440,-3.842,True,0.430,-2.378,1.06,25.67
1786962337.939,,0,,,,0.310,-4.009,True,0.428,-2.495,1.11,25.48
1786962338.039,,0,,,,0.150,-4.215,True,0.426,-2.517,1.11,25.33
1786962338.089,,0,,,,0.000,-4.408,True,0.423,-2.518,1.11,25.32
1786962338.139,,0,,,,-0.070,-4.498,True,0.422,-2.451,1.08,25.31
1786962338.239,,0,,,,-0.140,-4.588,True,0.421,-2.367,1.03,24.92
1786962338.339,,0,,,,-0.020,-4.433,True,0.423,-2.308,1.00,24.78
1786962338.489,,0,,,,0.200,-4.150,True,0.426,-2.411,1.04,24.75
1786962338.589,,0,,,,0.410,-3.880,True,0.430,-2.255,0.95,24.27
1786962338.689,,0,,,,0.500,-3.764,True,0.431,-2.037,0.86,24.09
1786962338.789,,0,,,,0.490,-3.777,True,0.431,-2.585,1.08,23.94
1786962338.864,,0,,,,0.510,-3.752,True,0.432,-2.648,1.10,23.92
1786962338.889,,0,,,,0.470,-3.803,True,0.431,-2.760,1.15,23.91
1786962338.989,,0,,,,0.400,-3.893,True,0.430,-2.798,1.17,23.89
1786962339.089,,0,,,,0.390,-3.906,True,0.430,-2.745,1.13,23.62
1786962339.189,,0,,,,0.340,-3.970,True,0.429,-2.362,0.96,23.28
1786962339.264,,0,,,,0.330,-3.983,True,0.429,-2.306,0.93,23.15
1786962339.339,,0,,,,0.300,-4.022,True,0.428,-2.289,0.92,22.95
1786962339.439,,0,,,,0.250,-4.086,True,0.427,-2.237,0.89,22.73
1786962339.539,,0,,,,0.180,-4.176,True,0.426,-2.309,0.91,22.57
1786962339.589,,0,,,,0.150,-4.215,True,0.426,-2.253,0.89,22.55
1786962339.689,,0,,,,0.040,-4.356,True,0.424,-2.263,0.88,22.41
1786962339.789,,0,,,,0.020,-4.382,True,0.424,-2.295,0.89,22.11
1786962339.889,,0,,,,0.090,-4.292,True,0.425,-2.192,0.84,22.09
1786962339.889,,0,,,,0.090,-4.292,True,0.425,-2.092,0.81,22.08
1786962340.014,,0,,,,0.300,-4.022,True,0.428,-2.056,0.78,21.87
1786962340.089,,0,,,,0.470,-3.803,True,0.431,-2.451,0.93,21.70
1786962340.189,,0,,,,0.620,-3.610,True,0.433,-2.054,0.77,21.49
1786962340.289,,0,,,,0.830,-3.340,True,0.437,-2.052,0.77,21.48
1786962340.489,,0,,,,0.870,-3.288,True,0.438,-2.570,0.94,20.94
1786962340.589,,0,,,,0.740,-3.456,True,0.435,-2.755,1.00,20.75
1786962340.689,,0,,,,0.630,-3.597,True,0.434,-2.808,1.01,20.58
1786962340.889,,0,,,,0.770,-3.417,True,0.436,-2.843,1.01,20.29
1786962340.939,,0,,,,0.940,-3.198,True,0.439,-2.939,1.03,20.17
1786962341.089,,0,,,,1.150,-2.928,True,0.442,-3.003,1.06,20.15
1786962341.189,,0,,,,1.180,-2.889,True,0.443,-2.829,0.97,19.71
1786962341.289,,0,,,,1.150,-2.928,True,0.442,-2.920,0.99,19.38
1786962341.389,,0,,,,0.870,-3.288,True,0.438,-2.861,0.97,19.36
1786962341.589,,0,,,,0.770,-3.417,True,0.436,-2.534,0.84,18.99
1786962341.689,,0,,,,0.880,-3.275,True,0.438,-2.497,0.82,18.79
1786962341.789,,0,,,,1.130,-2.954,True,0.442,-2.541,0.82,18.60
1786962341.889,,0,,,,1.390,-2.619,True,0.446,-2.501,0.81,18.49
1786962342.189,,0,,,,2.140,-1.654,True,0.459,-2.640,0.82,17.73
1786962342.264,,0,,,,2.260,-1.500,True,0.461,-2.788,0.86,17.71
1786962342.364,,0,,,,2.220,-1.551,True,0.461,-2.892,0.89,17.70
1786962342.414,,0,,,,2.200,-1.577,True,0.460,-2.552,0.77,17.33
1786962342.489,,0,,,,2.120,-1.680,True,0.459,-2.646,0.80,17.31
1786962342.564,,0,,,,2.030,-1.796,True,0.457,-2.713,0.82,17.30
1786962342.689,,0,,,,2.020,-1.809,True,0.457,-4.479,1.32,16.90
1786962342.714,,0,,,,2.020,-1.809,True,0.457,-4.451,1.31,16.89
1786962342.814,,0,,,,2.050,-1.770,True,0.458,-3.154,0.91,16.62
1786962342.839,,0,,,,2.050,-1.770,True,0.458,-3.057,0.89,16.61
1786962342.939,,0,,,,2.050,-1.770,True,0.458,-2.904,0.83,16.45
1786962342.989,,0,,,,2.480,-1.217,True,0.465,-2.785,0.80,16.44
1786962343.064,,0,,,,2.510,-1.178,True,0.466,-2.523,0.71,16.22
1786962343.139,,0,,,,2.480,-1.217,True,0.465,-2.508,0.70,16.07
1786962343.264,,0,,,,2.270,-1.487,True,0.461,-2.613,0.72,15.89
1786962343.339,,0,,,,2.100,-1.706,True,0.458,-2.636,0.72,15.71
1786962343.464,,0,,,,1.850,-2.027,True,0.454,-2.721,0.74,15.57
1786962343.564,,0,,,,1.780,-2.117,True,0.453,-2.740,0.74,15.38
1786962343.589,,0,,,,1.830,-2.053,True,0.454,-2.649,0.71,15.36
1786962343.689,,0,,,,2.100,-1.706,True,0.458,-2.555,0.68,15.18
1786962343.789,,0,,,,2.480,-1.217,True,0.465,-2.332,0.61,15.00
1786962343.914,,0,,,,2.890,-0.689,True,0.472,-2.412,0.62,14.64
1786962343.989,,0,,,,3.160,-0.342,True,0.477,-2.422,0.61,14.44
1786962344.089,,0,,,,3.300,-0.162,True,0.479,-2.510,0.63,14.28
1786962344.139,,0,,,,3.320,-0.136,True,0.480,-2.663,0.66,14.27
1786962344.189,,0,,,,3.360,-0.084,True,0.480,-1.649,0.48,16.65
1786962344.239,,0,,,,3.380,-0.059,True,0.481,-1.777,0.52,16.64
1786962344.289,,0,,,,3.370,-0.072,True,0.481,-2.957,0.72,13.92
1786962344.414,,0,,,,3.530,0.134,True,0.483,-3.066,0.74,13.77
1786962344.439,,0,,,,3.570,0.186,True,0.484,-3.137,0.75,13.76
1786962344.539,,0,,,,3.800,0.482,True,0.488,-2.983,0.70,13.54
1786962344.689,,0,,,,4.110,0.881,True,0.494,-2.916,0.68,13.40
1786962344.764,,0,,,,4.170,0.958,True,0.495,-2.913,0.67,13.21
1786962344.789,,0,,,,4.240,1.048,True,0.496,-2.924,0.67,13.20
1786962344.889,,0,,,,4.300,1.125,True,0.497,-3.257,0.73,12.89
1786962344.939,,0,,,,4.260,1.074,True,0.497,-3.215,0.72,12.88
1786962344.989,,0,,,,4.210,1.009,True,0.496,-1.832,0.47,14.81
1786962345.089,,0,,,,4.070,0.829,True,0.493,-1.819,0.47,14.80
1786962345.139,,0,,,,3.980,0.713,True,0.492,-1.813,0.47,14.78
1786962345.289,,0,,,,3.820,0.507,True,0.489,-1.847,0.48,14.76
1786962345.339,,0,,,,3.840,0.533,True,0.489,-0.507,0.13,15.01
1786962345.439,,0,,,,3.930,0.649,True,0.491,-0.358,0.09,14.84
1786962345.614,,0,,,,4.290,1.112,True,0.497,-2.424,0.50,11.76
1786962345.639,,0,,,,4.450,1.318,True,0.500,-2.502,0.51,11.74
1786962345.739,,0,,,,4.620,1.537,True,0.503,-1.804,0.44,13.92
1786962345.789,,0,,,,4.670,1.601,True,0.504,-1.847,0.45,13.90
1786962345.889,,0,,,,4.790,1.756,True,0.506,-1.822,0.43,13.39
1786962345.939,,0,,,,4.830,1.807,True,0.507,-1.790,0.42,13.38
1786962346.039,,0,,,,4.870,1.858,True,0.508,0.198,0.05,13.65
1786962346.089,,0,,,,4.920,1.923,True,0.509,-1.997,0.46,13.19
1786962346.189,,0,,,,5.030,2.064,True,0.511,-2.126,0.49,13.18
1786962346.289,,0,,,,5.120,2.180,True,0.512,-2.892,0.53,10.51
1786962346.414,,0,,,,5.300,2.412,True,0.516,-3.312,0.60,10.39
1786962346.489,,0,,,,5.380,2.515,True,0.517,-2.033,0.45,12.58
1786962346.589,,0,,,,5.480,2.643,True,0.519,-2.637,0.46,10.02
1786962346.664,,0,,,,5.520,2.695,True,0.520,-2.327,0.50,12.20
1786962346.764,,0,,,,5.530,2.708,True,0.520,-2.874,0.49,9.68
1786962346.789,,0,,,,5.470,2.630,True,0.519,-2.866,0.48,9.67
1786962346.889,,0,,,,5.490,2.656,True,0.519,-2.794,0.46,9.47
1786962346.989,,0,,,,5.470,2.630,True,0.519,-2.887,0.46,9.10
1786962347.039,,0,,,,5.420,2.566,True,0.518,-2.956,0.47,9.09
1786962347.164,,0,,,,5.380,2.515,True,0.517,-3.480,0.54,8.97
1786962347.239,,0,,,,5.360,2.489,True,0.517,-3.060,0.47,8.76
1786962347.339,,0,,,,5.330,2.450,True,0.516,-3.310,0.50,8.74
1786962347.464,,0,,,,5.410,2.553,True,0.518,-3.289,0.48,8.44
1786962347.564,,0,,,,5.530,2.708,True,0.520,-3.173,0.46,8.28
1786962347.589,,0,,,,5.530,2.708,True,0.520,-3.084,0.44,8.27
1786962347.764,,0,,,,5.750,2.991,True,0.524,-0.007,0.00,8.98
1786962347.789,,0,,,,5.790,3.042,True,0.525,-0.137,0.02,8.96
1786962347.889,,0,,,,5.840,3.107,True,0.526,-5.094,0.68,7.66
1786962347.989,,0,,,,5.830,3.094,True,0.525,-3.346,0.43,7.37
1786962348.089,,0,,,,5.770,3.016,True,0.524,-4.731,0.69,8.36
1786962348.139,,0,,,,5.720,2.952,True,0.523,-4.681,0.68,8.35
1786962348.239,,0,,,,5.670,2.888,True,0.522,-2.912,0.36,7.04
1786962348.339,,0,,,,5.690,2.914,True,0.523,-3.078,0.43,7.94
1786962348.464,,0,,,,5.690,2.914,True,0.523,-2.847,0.33,6.69
1786962348.539,,0,,,,5.710,2.939,True,0.523,-3.370,0.38,6.53
1786962348.589,,0,,,,5.680,2.901,True,0.523,-3.588,0.41,6.51
1786962348.689,,0,,,,5.540,2.721,True,0.520,-3.402,0.37,6.31
1786962348.814,,0,,,,5.430,2.579,True,0.518,-3.582,0.39,6.17
1786962348.914,,0,,,,5.370,2.502,True,0.517,-4.121,0.43,6.04
1786962348.939,,0,,,,5.360,2.489,True,0.517,-4.171,0.44,6.02
1786962348.989,,0,,,,5.400,2.540,True,0.517,-3.962,0.40,5.86
1786962349.089,,0,,,,5.540,2.721,True,0.520,-3.500,0.34,5.52
1786962349.189,,0,,,,5.790,3.042,True,0.525,-4.210,0.40,5.39
1786962349.239,,0,,,,5.840,3.107,True,0.526,-4.318,0.40,5.38
1786962349.389,,0,,,,6.100,3.441,True,0.530,-3.890,0.34,5.04
1786962349.514,,0,,,,6.050,3.377,True,0.529,-4.860,0.41,4.90
1786962349.589,,0,,,,5.990,3.300,True,0.528,-5.045,0.43,4.88
1786962349.689,,0,,,,5.920,3.209,True,0.527,-5.098,0.41,4.58
1786962349.789,,0,,,,5.950,3.248,True,0.528,-5.107,0.41,4.57
1786962349.889,,0,,,,6.070,3.402,True,0.530,-4.884,0.38,4.42
1786962349.939,,0,,,,6.100,3.441,True,0.530,-4.973,0.37,4.27
1786962350.039,,0,,,,6.200,3.570,True,0.532,-4.904,0.35,4.15
1786962350.089,,0,,,,6.200,3.570,True,0.532,-4.886,0.35,4.13
1786962350.189,,0,,,,6.130,3.480,True,0.531,-5.029,0.35,3.96
1786962350.289,,0,,,,5.960,3.261,True,0.528,-4.813,0.32,3.82
1786962350.389,,0,,,,5.790,3.042,True,0.525,-5.320,0.34,3.69
1786962350.439,,0,,,,5.770,3.016,True,0.524,-4.649,0.29,3.57
1786962350.564,,0,,,,5.790,3.042,True,0.525,-4.405,0.27,3.48
1786962350.589,,0,,,,5.850,3.119,True,0.526,-4.470,0.27,3.47
1786962350.714,,0,,,,6.100,3.441,True,0.530,-5.436,0.32,3.38
1786962350.739,,0,,,,6.140,3.493,True,0.531,-5.110,0.29,3.26
1786962350.839,,0,,,,6.480,3.908,True,0.533,-5.381,0.30,3.24
1786962350.939,,0,,,,6.680,4.135,True,0.530,-5.572,0.30,3.06
1786962351.064,,0,,,,6.610,4.056,True,0.531,-5.381,0.28,2.98
1786962351.139,,0,,,,6.530,3.965,True,0.532,-5.636,0.29,2.96
1786962351.239,,0,,,,6.380,3.794,True,0.534,-6.862,0.35,2.89
1786962351.289,,0,,,,6.400,3.817,True,0.534,-6.064,0.30,2.83
1786962351.389,,0,,,,6.550,3.987,True,0.532,-7.398,0.36,2.79
1786962351.539,,0,,,,6.920,4.408,True,0.527,-6.085,0.29,2.71
1786962351.689,,0,,,,7.050,4.556,True,0.525,-7.455,0.35,2.69
1786962351.789,,0,,,,7.120,4.636,True,0.524,-5.956,0.28,2.66
1786962351.839,,0,,,,7.140,4.659,True,0.524,-6.074,0.28,2.64
1786962351.989,,0,,,,7.140,4.659,True,0.524,-6.502,0.30,2.63
1786962352.039,,0,,,,7.200,4.727,True,0.523,-6.541,0.30,2.61
1786962352.164,,0,,,,7.320,4.864,True,0.521,-6.447,0.29,2.59
1786962352.239,,0,,,,7.540,5.114,True,0.518,-6.609,0.30,2.57
1786962352.339,,0,,,,7.610,5.194,True,0.517,-6.638,0.29,2.55
1786962352.489,,0,,,,7.910,5.535,True,0.513,-6.828,0.30,2.54
1786962352.564,,0,,,,7.890,5.512,True,0.514,-6.798,0.30,2.52
1786962352.689,,0,,,,7.980,5.615,True,0.512,-6.719,0.29,2.49
1786962352.889,,0,,,,8.250,5.922,True,0.509,-6.717,0.29,2.46
1786962352.939,,0,,,,8.360,6.047,True,0.507,-6.534,0.28,2.44
1786962353.039,,0,,,,8.410,6.104,True,0.507,-6.516,0.28,2.42
1786962353.089,,0,,,,8.390,6.081,True,0.507,-6.307,0.26,2.41
1786962353.189,,0,,,,8.150,5.808,True,0.510,-6.221,0.26,2.39
1786962353.289,,0,,,,7.920,5.546,True,0.513,-6.152,0.26,2.38
1786962353.439,,0,,,,7.700,5.296,True,0.516,-6.218,0.25,2.35
1786962353.489,,0,,,,7.710,5.307,True,0.516,-5.932,0.24,2.34
1786962353.589,,0,,,,7.960,5.592,True,0.513,-5.842,0.24,2.32
1786962353.739,,0,,,,8.520,6.229,True,0.505,-5.717,0.23,2.29
1786962353.839,,0,,,,8.850,6.605,True,0.501,-5.876,0.23,2.28
1786962353.989,,0,,,,8.840,6.593,True,0.501,-5.549,0.22,2.25
1786962354.039,,0,,,,8.740,6.479,True,0.502,-5.809,0.23,2.24
1786962354.189,,0,,,,8.400,6.093,True,0.507,-5.913,0.23,2.21
1786962354.289,,0,,,,8.590,6.309,True,0.504,-6.022,0.23,2.20
1786962354.414,,0,,,,8.830,6.582,True,0.501,-5.868,0.22,2.17
1786962354.539,,0,,,,9.710,7.583,True,0.490,-5.796,0.22,2.15
1786962354.589,,0,,,,9.920,7.822,True,0.487,-5.973,0.22,2.13
1786962354.689,,0,,,,10.200,8.141,True,0.483,-6.201,0.23,2.12
1786962354.739,,0,,,,10.160,8.095,True,0.484,-6.153,0.23,2.10
1786962354.889,,0,,,,9.720,7.595,True,0.489,-6.435,0.23,2.08
1786962354.964,,0,,,,9.540,7.390,True,0.492,-6.332,0.23,2.07
1786962354.989,,0,,,,9.410,7.242,True,0.494,-6.185,0.22,2.06
1786962355.089,,0,,,,9.290,7.105,True,0.495,-6.178,0.22,2.04
1786962355.189,,0,,,,9.290,7.105,True,0.495,-5.968,0.21,2.03
1786962355.264,,0,,,,9.410,7.242,True,0.494,-5.848,0.21,2.01
1786962355.314,,0,,,,9.450,7.287,True,0.493,-5.636,0.20,2.00
1786962355.464,,0,,,,9.700,7.572,True,0.490,-5.541,0.19,1.99
1786962355.539,,0,,,,9.720,7.595,True,0.489,20.471,0.65,1.87
1786962355.614,,0,,,,9.720,7.595,True,0.489,20.657,0.66,1.86
1786962355.689,,0,,,,9.800,7.686,True,0.488,20.987,0.66,1.85
1786962355.789,,0,,,,9.970,7.879,True,0.486,21.431,0.67,1.84
1786962355.964,,0,,,,10.280,8.232,True,0.482,22.003,0.68,1.82
1786962356.064,,0,,,,10.480,8.459,True,0.480,22.250,0.68,1.80
1786962356.089,,0,,,,10.520,8.505,True,0.479,22.498,0.69,1.79
1786962356.239,,0,,,,10.670,8.676,True,0.477,22.853,0.69,1.78
1786962356.339,,0,,,,10.700,8.710,True,0.477,23.339,0.70,1.77
1786962356.439,,0,,,,10.790,8.812,True,0.476,23.533,0.70,1.76
1786962356.539,,0,,,,10.920,8.960,True,0.474,24.134,0.71,1.74
1786962356.689,,0,,,,10.980,9.028,True,0.473,24.786,0.72,1.73
1786962356.889,,0,,,,11.010,9.063,True,0.473,26.530,0.76,1.70
1786962356.989,,0,,,,10.890,8.926,True,0.474,27.011,0.77,1.69
1786962357.039,,0,,,,10.830,8.858,True,0.475,27.234,0.77,1.67
1786962357.189,,0,,,,10.640,8.642,True,0.478,27.781,0.77,1.66
1786962357.264,,0,,,,10.610,8.607,True,0.478,27.599,0.76,1.65
1786962357.339,,0,,,,10.610,8.607,True,0.478,28.512,0.78,1.64
1786962357.739,,0,,,,10.710,8.721,True,0.477,29.903,0.80,1.60
1786962358.039,,0,,,,10.080,8.004,True,0.485,32.146,0.83,1.56
1786962367.839,,0,,,,15.420,14.100,True,0.433,-9.354,0.35,2.14
1786962367.939,,0,,,,15.670,14.396,True,0.438,-9.042,0.33,2.12
1786962368.089,,0,,,,16.290,15.130,True,0.452,4.463,0.19,2.48
1786962368.139,,0,,,,16.700,15.615,True,0.461,4.714,0.20,2.47
1786962368.189,,0,,,,17.090,16.077,True,0.469,4.552,0.20,2.47
1786962368.289,,0,,,,17.820,16.941,True,0.486,4.471,0.19,2.46
1786962368.389,,0,,,,18.090,17.261,True,0.493,-3.098,0.10,1.93
1786962368.439,,0,,,,18.130,17.308,True,0.493,-3.098,0.10,1.91
1786962368.589,,0,,,,17.920,17.059,True,0.489,-6.618,0.23,2.02
1786962368.639,,0,,,,17.820,16.941,True,0.486,-6.602,0.23,2.01
1786962368.689,,0,,,,17.840,16.965,True,0.487,-6.296,0.22,2.01
1786962368.789,,0,,,,18.060,17.225,True,0.492,-5.861,0.20,1.99
1786962368.889,,0,,,,18.600,17.864,True,0.504,8.277,0.36,2.50
1786962368.989,,0,,,,18.920,18.243,True,0.512,8.776,0.38,2.49
1786962369.089,,0,,,,19.360,18.764,True,0.523,3.861,0.15,2.19
1786962369.189,,0,,,,19.480,18.906,True,0.525,4.008,0.15,2.18
1786962369.289,,0,,,,19.300,18.693,True,0.521,9.442,0.55,3.36
1786962369.389,,0,,,,18.980,18.314,True,0.513,9.567,0.56,3.35
1786962369.564,,0,,,,18.490,17.734,True,0.502,-1.512,0.05,2.01
1786962369.664,,0,,,,18.390,17.616,True,0.500,-1.209,0.04,2.00
1786962369.689,,0,,,,18.350,17.568,True,0.499,-0.775,0.03,1.99
