t,ns,marker_id,track_id,boresight_deg,angle_in_frame_deg,gimbal_yaw_deg,corrected_yaw_deg,yaw_correction_valid,yaw_sigma_deg,angle_error_deg,miss_distance_m,range_m
1786962005.044,,0,,,,0.580,-3.661,True,0.433,0.064,0.04,35.15
1786962005.069,,0,,,,0.520,-3.739,True,0.432,-0.015,0.01,35.15
1786962005.069,,0,,,,0.500,-3.764,True,0.431,-0.072,0.04,35.13
1786962005.094,,0,,,,0.530,-3.726,True,0.432,-0.141,0.09,35.12
1786962005.119,,0,,,,0.610,-3.623,True,0.433,-0.286,0.18,35.11
1786962005.144,,0,,,,0.750,-3.443,True,0.436,-0.265,0.16,35.06
1786962005.169,,0,,,,0.910,-3.237,True,0.438,-0.407,0.25,35.05
1786962005.194,,0,,,,0.930,-3.211,True,0.439,-0.643,0.39,35.03
1786962005.244,,0,,,,0.700,-3.507,True,0.435,-0.776,0.47,35.02
1786962005.269,,0,,,,0.510,-3.752,True,0.432,-0.861,0.53,35.02
1786962005.269,,0,,,,0.370,-3.932,True,0.429,-0.838,0.51,34.99
1786962005.319,,0,,,,0.100,-4.279,True,0.425,-0.833,0.51,34.99
1786962005.344,,0,,,,-0.030,-4.446,True,0.423,-0.740,0.45,34.97
1786962005.369,,0,,,,-0.050,-4.472,True,0.422,-0.706,0.43,34.96
1786962005.394,,0,,,,-0.010,-4.421,True,0.423,-0.679,0.41,34.94
1786962005.419,,0,,,,-0.020,-4.433,True,0.423,-0.759,0.46,34.92
1786962005.444,,0,,,,-0.050,-4.472,True,0.422,-0.833,0.51,34.92
1786962005.469,,0,,,,-0.140,-4.588,True,0.421,-0.870,0.53,34.89
1786962005.519,,0,,,,-0.180,-4.639,True,0.420,-0.389,0.24,35.03
1786962005.644,,0,,,,-0.300,-4.794,True,0.418,-0.416,0.25,34.99
1786962005.719,,0,,,,-0.260,-4.742,True,0.419,-0.392,0.24,34.99
1786962005.819,,0,,,,-0.130,-4.575,True,0.421,-0.494,0.30,35.02
1786962005.894,,0,,,,-0.040,-4.459,True,0.423,-0.578,0.35,35.01
1786962005.969,,0,,,,0.040,-4.356,True,0.424,-0.606,0.37,35.01
1786962006.069,,0,,,,0.130,-4.240,True,0.425,-0.699,0.43,34.98
1786962006.144,,0,,,,0.120,-4.253,True,0.425,-0.530,0.32,35.10
1786962006.219,,0,,,,0.020,-4.382,True,0.424,-0.661,0.40,35.08
1786962006.294,,0,,,,-0.120,-4.562,True,0.421,-0.656,0.40,35.07
1786962006.369,,0,,,,-0.210,-4.678,True,0.420,-0.610,0.37,35.05
1786962006.469,,0,,,,-0.350,-4.858,True,0.418,-0.618,0.38,35.03
1786962006.544,,0,,,,-0.340,-4.845,True,0.418,-0.573,0.35,35.03
1786962006.619,,0,,,,-0.300,-4.794,True,0.418,-0.491,0.30,35.01
1786962006.669,,0,,,,-0.190,-4.652,True,0.420,-0.697,0.43,35.18
1786962006.746,,0,,,,-0.080,-4.511,True,0.422,-0.770,0.47,35.17
1786962006.794,,0,,,,-0.010,-4.421,True,0.423,-0.874,0.54,35.15
1786962006.869,,0,,,,0.030,-4.369,True,0.424,-0.913,0.56,35.14
1786962006.969,,0,,,,-0.040,-4.459,True,0.423,-0.438,0.27,34.90
1786962007.044,,0,,,,-0.150,-4.601,True,0.421,-0.586,0.36,34.88
1786962007.144,,0,,,,-0.430,-4.961,True,0.416,-0.635,0.39,34.87
1786962007.219,,0,,,,-0.570,-5.141,True,0.414,-0.663,0.41,35.09
1786962007.269,,0,,,,-0.610,-5.193,True,0.413,-0.676,0.41,35.09
1786962007.369,,0,,,,-0.610,-5.193,True,0.413,-0.631,0.39,35.08
1786962007.469,,0,,,,-0.530,-5.090,True,0.415,-0.647,0.40,35.05
1786962007.544,,0,,,,-0.450,-4.987,True,0.416,-0.653,0.40,35.01
1786962007.619,,0,,,,-0.390,-4.910,True,0.417,-0.724,0.44,34.99
1786962007.719,,0,,,,-0.350,-4.858,True,0.418,-0.760,0.46,34.98
1786962007.769,,0,,,,-0.290,-4.781,True,0.419,-0.784,0.48,34.98
1786962007.844,,0,,,,-0.280,-4.768,True,0.419,-0.659,0.40,34.92
1786962007.919,,0,,,,-0.290,-4.781,True,0.419,-0.697,0.42,34.91
1786962008.044,,0,,,,-0.260,-4.742,True,0.419,-0.773,0.47,34.88
1786962008.119,,0,,,,-0.230,-4.704,True,0.420,-0.899,0.55,35.16
1786962008.194,,0,,,,-0.160,-4.614,True,0.421,-0.961,0.59,35.14
1786962008.294,,0,,,,-0.140,-4.588,True,0.421,-1.103,0.68,35.13
1786962008.369,,0,,,,-0.180,-4.639,True,0.420,-0.730,0.45,34.95
1786962008.469,,0,,,,-0.320,-4.819,True,0.418,-0.803,0.49,34.92
1786962008.544,,0,,,,-0.440,-4.974,True,0.416,-0.828,0.50,34.92
1786962008.618,,0,,,,-0.540,-5.103,True,0.415,-0.825,0.50,34.90
1786962008.744,,0,,,,-0.590,-5.167,True,0.414,-0.737,0.45,35.05
1786962008.819,,0,,,,-0.540,-5.103,True,0.415,-0.687,0.42,35.03
1786962008.868,,0,,,,-0.410,-4.935,True,0.417,-1.024,0.63,35.08
1786962008.944,,0,,,,-0.290,-4.781,True,0.419,-0.946,0.58,35.07
1786962009.044,,0,,,,0.010,-4.395,True,0.423,-0.553,0.34,34.79
1786962009.144,,0,,,,0.160,-4.202,True,0.426,-0.370,0.23,34.90
1786962009.218,,0,,,,0.170,-4.189,True,0.426,-0.576,0.35,34.83
1786962009.293,,0,,,,0.100,-4.279,True,0.425,-0.689,0.42,34.82
1786962009.368,,0,,,,-0.010,-4.421,True,0.423,-0.694,0.42,34.81
1786962009.443,,0,,,,-0.110,-4.549,True,0.421,-0.744,0.45,34.79
1786962009.518,,0,,,,-0.180,-4.639,True,0.420,-0.791,0.48,34.78
1786962009.619,,0,,,,-0.180,-4.639,True,0.420,-0.850,0.52,34.76
1786962009.668,,0,,,,-0.180,-4.639,True,0.420,-0.894,0.54,34.76
1786962009.793,,0,,,,-0.080,-4.511,True,0.422,-0.894,0.54,34.73
1786962009.869,,0,,,,0.010,-4.395,True,0.423,-0.977,0.59,34.72
1786962009.968,,0,,,,0.110,-4.266,True,0.425,-1.050,0.64,34.71
1786962010.068,,0,,,,0.110,-4.266,True,0.425,-1.099,0.67,34.68
1786962010.118,,0,,,,0.090,-4.292,True,0.425,-1.189,0.72,34.67
1786962010.193,,0,,,,-0.010,-4.421,True,0.423,-1.239,0.75,34.65
1786962010.293,,0,,,,-0.160,-4.614,True,0.421,-1.248,0.75,34.64
1786962010.369,,0,,,,-0.310,-4.807,True,0.418,-1.281,0.77,34.63
1786962010.443,,0,,,,-0.400,-4.922,True,0.417,-1.309,0.79,34.62
1786962010.519,,0,,,,-0.410,-4.935,True,0.417,-1.282,0.77,34.60
1786962010.593,,0,,,,-0.350,-4.858,True,0.418,-1.254,0.76,34.58
1786962010.693,,0,,,,-0.150,-4.601,True,0.421,-1.383,0.83,34.57
1786962010.768,,0,,,,-0.020,-4.433,True,0.423,-1.486,0.90,34.56
1786962010.843,,0,,,,0.220,-4.125,True,0.427,-1.598,0.96,34.53
1786962010.918,,0,,,,0.400,-3.893,True,0.430,-1.750,1.05,34.53
1786962011.018,,0,,,,0.470,-3.803,True,0.431,-1.932,1.16,34.51
1786962011.068,,0,,,,0.410,-3.880,True,0.430,-1.971,1.19,34.50
1786962011.143,,0,,,,0.260,-4.073,True,0.427,-2.093,1.26,34.49
1786962011.218,,0,,,,0.120,-4.253,True,0.425,-2.085,1.25,34.47
1786962011.293,,0,,,,0.050,-4.343,True,0.424,-2.011,1.21,34.46
1786962011.393,,0,,,,-0.110,-4.549,True,0.421,-2.075,1.25,34.44
1786962011.468,,0,,,,-0.200,-4.665,True,0.420,-2.132,1.28,34.43
1786962011.593,,0,,,,-0.250,-4.729,True,0.419,-2.266,1.36,34.42
1786962011.668,,0,,,,-0.250,-4.729,True,0.419,-2.407,1.44,34.39
1786962011.743,,0,,,,-0.200,-4.665,True,0.420,-2.456,1.47,34.38
1786962011.843,,0,,,,-0.180,-4.639,True,0.420,-2.567,1.54,34.35
1786962011.944,,0,,,,-0.040,-4.459,True,0.423,-2.618,1.57,34.34
1786962012.018,,0,,,,0.070,-4.318,True,0.424,-2.702,1.62,34.32
1786962012.093,,0,,,,0.140,-4.228,True,0.426,-2.846,1.70,34.31
1786962012.193,,0,,,,0.130,-4.240,True,0.425,-3.045,1.82,34.28
1786962012.268,,0,,,,0.070,-4.318,True,0.424,-3.188,1.91,34.28
1786962012.318,,0,,,,0.000,-4.408,True,0.423,-3.311,1.98,34.27
1786962012.418,,0,,,,-0.170,-4.626,True,0.420,-3.411,2.04,34.25
1786962012.518,,0,,,,-0.360,-4.871,True,0.417,-3.484,2.08,34.24
1786962012.618,,0,,,,-0.480,-5.025,True,0.416,-3.487,2.08,34.22
1786962012.718,,0,,,,-0.520,-5.077,True,0.415,-1.038,0.62,34.30
1786962012.793,,0,,,,-0.450,-4.987,True,0.416,-0.981,0.59,34.28
1786962012.843,,0,,,,-0.310,-4.807,True,0.418,-1.047,0.63,34.27
1786962012.918,,0,,,,-0.070,-4.498,True,0.422,-1.032,0.62,34.27
1786962013.018,,0,,,,0.290,-4.035,True,0.428,-1.125,0.67,34.25
1786962013.118,,0,,,,0.440,-3.842,True,0.430,-0.411,0.24,34.02
1786962013.168,,0,,,,0.470,-3.803,True,0.431,-0.483,0.29,34.02
1786962013.243,,0,,,,0.340,-3.970,True,0.429,-0.648,0.38,33.99
1786962013.318,,0,,,,0.050,-4.343,True,0.424,-0.801,0.47,33.99
1786962013.393,,0,,,,-0.160,-4.614,True,0.421,-1.017,0.60,34.01
1786962013.443,,0,,,,-0.380,-4.897,True,0.417,-0.844,0.50,33.93
1786962013.543,,0,,,,-0.560,-5.128,True,0.414,-0.742,0.44,33.92
1786962013.618,,0,,,,-0.470,-5.012,True,0.416,-0.709,0.42,33.90
1786962013.668,,0,,,,-0.390,-4.910,True,0.417,-0.862,0.51,33.90
1786962013.743,,0,,,,-0.040,-4.459,True,0.423,-0.831,0.49,33.89
1786962013.843,,0,,,,0.420,-3.867,True,0.430,-0.953,0.56,33.87
1786962013.893,,0,,,,0.600,-3.636,True,0.433,-0.392,0.23,33.84
1786962013.968,,0,,,,0.640,-3.584,True,0.434,-0.480,0.28,33.84
1786962014.043,,0,,,,0.530,-3.726,True,0.432,-0.707,0.42,33.81
1786962014.118,,0,,,,0.300,-4.022,True,0.428,-0.875,0.52,33.81
1786962014.168,,0,,,,0.030,-4.369,True,0.424,-1.194,0.70,33.78
1786962014.243,,0,,,,-0.300,-4.794,True,0.418,-1.346,0.79,33.75
1786962014.318,,0,,,,-0.610,-5.193,True,0.413,-1.702,1.00,33.82
1786962014.393,,0,,,,-0.790,-5.424,True,0.411,-1.608,0.95,33.80
1786962014.468,,0,,,,-0.750,-5.373,True,0.411,-1.718,1.01,33.79
1786962014.543,,0,,,,-0.550,-5.115,True,0.414,-1.685,0.99,33.78
1786962014.643,,0,,,,-0.170,-4.626,True,0.420,-0.897,0.53,33.58
1786962014.693,,0,,,,0.150,-4.215,True,0.426,-1.084,0.63,33.57
1786962014.793,,0,,,,0.470,-3.803,True,0.431,-0.853,0.50,33.58
1786962014.893,,0,,,,0.530,-3.726,True,0.432,-0.607,0.35,33.41
1786962014.943,,0,,,,0.490,-3.777,True,0.431,-0.757,0.44,33.40
1786962015.018,,0,,,,0.300,-4.022,True,0.428,-1.297,0.76,33.54
1786962015.118,,0,,,,-0.120,-4.562,True,0.421,-1.405,0.82,33.53
1786962015.218,,0,,,,-0.460,-5.000,True,0.416,-1.412,0.83,33.52
1786962015.343,,0,,,,-0.470,-5.012,True,0.416,-0.934,0.54,33.37
1786962015.418,,0,,,,-0.280,-4.768,True,0.419,-0.961,0.56,33.35
1786962015.468,,0,,,,-0.070,-4.498,True,0.422,-1.152,0.67,33.34
1786962015.568,,0,,,,0.300,-4.022,True,0.428,-1.291,0.75,33.33
1786962015.693,,0,,,,0.460,-3.816,True,0.431,-1.589,0.93,33.37
1786962015.768,,0,,,,0.440,-3.842,True,0.430,-1.664,0.96,33.12
1786962015.843,,0,,,,0.220,-4.125,True,0.427,-1.685,0.98,33.17
1786962015.918,,0,,,,0.030,-4.369,True,0.424,-1.764,1.02,33.17
1786962015.993,,0,,,,-0.220,-4.691,True,0.420,-1.732,1.00,33.16
1786962016.068,,0,,,,-0.410,-4.935,True,0.417,-1.815,1.05,33.13
1786962016.118,,0,,,,-0.430,-4.961,True,0.416,-1.773,1.02,33.12
1786962016.193,,0,,,,-0.410,-4.935,True,0.417,-1.737,1.00,33.10
1786962016.243,,0,,,,-0.320,-4.819,True,0.418,-1.782,1.03,33.09
1786962016.318,,0,,,,-0.160,-4.614,True,0.421,-1.726,1.00,33.09
1786962016.393,,0,,,,0.000,-4.408,True,0.423,-1.837,1.06,33.06
1786962016.468,,0,,,,0.020,-4.382,True,0.424,-1.919,1.11,33.05
1786962016.518,,0,,,,0.000,-4.408,True,0.423,-2.040,1.18,33.05
1786962016.593,,0,,,,-0.050,-4.472,True,0.422,-2.069,1.19,33.03
1786962016.693,,0,,,,-0.150,-4.601,True,0.421,-2.087,1.20,33.01
1786962016.743,,0,,,,-0.160,-4.614,True,0.421,-2.160,1.24,33.01
1786962016.843,,0,,,,-0.100,-4.536,True,0.422,-2.184,1.26,32.98
1786962016.893,,0,,,,0.000,-4.408,True,0.423,-2.253,1.30,32.98
1786962016.968,,0,,,,0.130,-4.240,True,0.425,-2.402,1.38,32.97
1786962017.043,,0,,,,0.290,-4.035,True,0.428,-2.443,1.40,32.95
1786962017.093,,0,,,,0.360,-3.945,True,0.429,-2.592,1.49,32.94
1786962017.168,,0,,,,0.400,-3.893,True,0.430,-2.697,1.55,32.94
1786962017.218,,0,,,,0.370,-3.932,True,0.429,-2.798,1.61,32.92
1786962017.343,,0,,,,0.200,-4.150,True,0.426,-2.827,1.62,32.90
1786962017.393,,0,,,,0.100,-4.279,True,0.425,-2.863,1.64,32.88
1786962017.493,,0,,,,0.020,-4.382,True,0.424,-2.876,1.65,32.87
1786962017.593,,0,,,,0.080,-4.305,True,0.425,-2.937,1.68,32.84
1786962017.668,,0,,,,0.170,-4.189,True,0.426,-3.057,1.75,32.84
1786962017.768,,0,,,,0.330,-3.983,True,0.429,-3.132,1.79,32.83
1786962017.843,,0,,,,0.510,-3.752,True,0.432,-3.141,1.80,32.81
1786962017.893,,0,,,,0.610,-3.623,True,0.433,-3.325,1.90,32.80
1786962017.968,,0,,,,0.720,-3.481,True,0.435,-3.427,1.96,32.79
1786962018.043,,0,,,,0.720,-3.481,True,0.435,-3.557,2.03,32.76
1786962018.143,,0,,,,0.700,-3.507,True,0.435,-3.696,2.11,32.75
1786962018.218,,0,,,,0.580,-3.661,True,0.433,-3.764,2.15,32.73
1786962018.268,,0,,,,0.480,-3.790,True,0.431,-3.789,2.16,32.72
1786962018.368,,0,,,,0.290,-4.035,True,0.428,-3.757,2.14,32.71
1786962018.468,,0,,,,0.140,-4.228,True,0.426,-3.715,2.12,32.68
1786962018.568,,0,,,,0.130,-4.240,True,0.425,-3.795,2.16,32.67
1786962018.668,,0,,,,0.200,-4.150,True,0.426,-3.828,2.18,32.64
1786962018.768,,0,,,,0.350,-3.957,True,0.429,-3.837,2.18,32.64
1786962018.843,,0,,,,0.370,-3.932,True,0.429,-3.930,2.24,32.61
1786962018.918,,0,,,,0.430,-3.854,True,0.430,-4.141,2.35,32.61
1786962019.018,,0,,,,0.520,-3.739,True,0.432,-4.260,2.42,32.59
1786962019.093,,0,,,,0.570,-3.674,True,0.433,-4.447,2.53,32.58
1786962019.168,,0,,,,0.600,-3.636,True,0.433,-4.581,2.60,32.57
1786962019.268,,0,,,,0.620,-3.610,True,0.433,-4.617,2.62,32.54
1786962019.368,,0,,,,0.590,-3.649,True,0.433,-1.522,0.85,31.84
1786962019.443,,0,,,,0.540,-3.713,True,0.432,-1.557,0.86,31.81
1786962019.518,,0,,,,0.520,-3.739,True,0.432,-1.534,0.85,31.81
1786962019.568,,0,,,,0.500,-3.764,True,0.431,-1.650,0.92,31.80
1786962019.643,,0,,,,0.500,-3.764,True,0.431,-1.736,0.96,31.75
1786962019.693,,0,,,,0.500,-3.764,True,0.431,-0.617,0.33,30.80
1786962019.768,,0,,,,0.550,-3.700,True,0.432,-0.673,0.36,30.79
1786962019.818,,0,,,,0.610,-3.623,True,0.433,-1.572,0.87,31.58
1786962019.893,,0,,,,0.690,-3.520,True,0.435,-1.656,0.91,31.56
1786962019.968,,0,,,,0.760,-3.430,True,0.436,-1.553,0.86,31.65
1786962020.043,,0,,,,0.840,-3.327,True,0.437,-1.618,0.89,31.61
1786962020.118,,0,,,,0.880,-3.275,True,0.438,-1.657,0.91,31.59
1786962020.218,,0,,,,0.940,-3.198,True,0.439,-1.646,0.91,31.57
1786962020.293,,0,,,,1.000,-3.121,True,0.440,-1.688,0.93,31.56
1786962020.368,,0,,,,1.110,-2.979,True,0.442,-1.532,0.84,31.35
1786962020.468,,0,,,,1.090,-3.005,True,0.441,-1.698,0.93,31.32
1786962020.543,,0,,,,1.030,-3.082,True,0.440,-1.809,0.99,31.31
1786962020.593,,0,,,,0.940,-3.198,True,0.439,-1.848,1.01,31.29
1786962020.718,,0,,,,0.720,-3.481,True,0.435,-1.816,0.99,31.28
1786962020.793,,0,,,,0.580,-3.661,True,0.433,-1.771,0.97,31.26
1786962020.893,,0,,,,0.440,-3.842,True,0.430,-1.905,1.04,31.25
1786962020.943,,0,,,,0.430,-3.854,True,0.430,-1.916,1.04,31.24
1786962021.043,,0,,,,0.470,-3.803,True,0.431,-1.792,0.98,31.22
1786962021.093,,0,,,,0.610,-3.623,True,0.433,-1.778,0.97,31.20
1786962021.168,,0,,,,0.840,-3.327,True,0.437,-1.901,1.03,31.19
1786962021.243,,0,,,,0.990,-3.134,True,0.440,-1.923,1.05,31.17
1786962021.343,,0,,,,1.150,-2.928,True,0.442,-2.025,1.10,31.16
1786962021.418,,0,,,,1.180,-2.889,True,0.443,-2.287,1.24,31.13
1786962021.468,,0,,,,1.130,-2.954,True,0.442,-2.421,1.31,31.13
1786962021.543,,0,,,,0.980,-3.147,True,0.439,-2.662,1.45,31.12
1786962021.618,,0,,,,0.810,-3.365,True,0.437,-2.627,1.43,31.09
1786962021.693,,0,,,,0.660,-3.558,True,0.434,-2.476,1.34,31.08
1786962021.743,,0,,,,0.630,-3.597,True,0.434,-2.583,1.40,31.07
1786962021.818,,0,,,,0.590,-3.649,True,0.433,-2.646,1.43,31.05
1786962021.893,,0,,,,0.630,-3.597,True,0.434,-2.677,1.45,31.04
1786962021.968,,0,,,,0.730,-3.468,True,0.435,-2.686,1.45,31.03
1786962022.018,,0,,,,0.890,-3.263,True,0.438,-2.640,1.43,31.01
1786962022.143,,0,,,,1.100,-2.992,True,0.441,-2.609,1.41,30.99
1786962022.193,,0,,,,1.180,-2.889,True,0.443,-2.635,1.42,30.97
1786962022.268,,0,,,,1.190,-2.877,True,0.443,-2.755,1.49,30.96
1786962022.343,,0,,,,1.170,-2.902,True,0.443,-2.772,1.50,30.96
1786962022.493,,0,,,,0.890,-3.263,True,0.438,-2.699,1.46,30.92
1786962022.568,,0,,,,0.800,-3.378,True,0.436,-2.748,1.48,30.92
1786962022.743,,0,,,,0.860,-3.301,True,0.437,-2.857,1.54,30.88
1786962022.843,,0,,,,1.040,-3.070,True,0.440,-3.224,1.73,30.85
1786962022.968,,0,,,,1.350,-2.671,True,0.446,-3.301,1.78,30.84
1786962023.118,,0,,,,1.540,-2.426,True,0.449,-3.592,1.93,30.79
1786962023.168,,0,,,,1.510,-2.465,True,0.448,-3.739,2.01,30.79
1786962023.443,,0,,,,0.810,-3.365,True,0.437,-3.387,1.81,30.72
1786962023.543,,0,,,,0.590,-3.649,True,0.433,-3.534,1.89,30.71
1786962023.668,,0,,,,0.480,-3.790,True,0.431,-3.431,1.84,30.68
1786962023.843,,0,,,,0.670,-3.546,True,0.434,-3.308,1.77,30.64
1786962023.943,,0,,,,0.860,-3.301,True,0.437,-3.812,2.04,30.63
1786962023.993,,0,,,,0.990,-3.134,True,0.440,-3.827,2.04,30.61
1786962024.068,,0,,,,1.020,-3.095,True,0.440,-2.318,1.21,29.92
1786962024.143,,0,,,,1.030,-3.082,True,0.440,-2.344,1.22,29.91
1786962024.218,,0,,,,0.980,-3.147,True,0.439,-2.401,1.25,29.89
1786962024.268,,0,,,,1.000,-3.121,True,0.440,-2.424,1.26,29.87
1786962024.393,,0,,,,1.130,-2.954,True,0.442,-2.544,1.32,29.83
1786962024.468,,0,,,,1.260,-2.786,True,0.444,-2.751,1.43,29.82
1786962026.043,,0,,,,0.800,-3.378,True,0.436,-3.369,1.71,29.13
1786962026.093,,0,,,,0.850,-3.314,True,0.437,-3.357,1.71,29.12
1786962026.193,,0,,,,0.980,-3.147,True,0.439,-3.500,1.78,29.10
1786962026.243,,0,,,,1.030,-3.082,True,0.440,-3.647,1.85,29.09
1786962026.318,,0,,,,1.110,-2.979,True,0.442,-2.276,1.08,27.27
1786962026.418,,0,,,,1.130,-2.954,True,0.442,-2.457,1.17,27.25
1786962026.493,,0,,,,1.170,-2.902,True,0.443,-2.531,1.20,27.22
1786962026.568,,0,,,,1.220,-2.838,True,0.443,-2.642,1.25,27.22
1786962026.643,,0,,,,1.200,-2.864,True,0.443,-2.723,1.29,27.20
1786962026.693,,0,,,,1.210,-2.851,True,0.443,-2.832,1.34,27.20
1786962026.818,,0,,,,1.160,-2.915,True,0.442,-2.505,1.19,27.16
1786962026.893,,0,,,,1.120,-2.967,True,0.442,-2.436,1.15,27.15
1786962026.968,,0,,,,1.020,-3.095,True,0.440,-2.632,1.25,27.14
1786962027.043,,0,,,,0.940,-3.198,True,0.439,-2.619,1.24,27.12
1786962027.143,,0,,,,0.820,-3.353,True,0.437,-2.653,1.25,27.11
1786962027.193,,0,,,,0.770,-3.417,True,0.436,-2.660,1.26,27.09
1786962027.593,,0,,,,0.700,-3.507,True,0.435,-2.483,1.16,26.83
1786962027.668,,0,,,,0.680,-3.533,True,0.434,-2.551,1.19,26.83
1786962027.743,,0,,,,0.710,-3.494,True,0.435,-2.561,1.20,26.81
1786962027.818,,0,,,,0.740,-3.456,True,0.435,-2.613,1.22,26.80
1786962027.893,,0,,,,0.780,-3.404,True,0.436,-2.651,1.24,26.78
1786962027.968,,0,,,,0.950,-3.185,True,0.439,-2.817,1.32,26.77
1786962028.018,,0,,,,1.030,-3.082,True,0.440,-2.798,1.31,26.76
1786962028.118,,0,,,,1.250,-2.799,True,0.444,-2.881,1.34,26.73
1786962028.218,,0,,,,1.380,-2.632,True,0.446,-2.994,1.40,26.71
1786962028.268,,0,,,,1.380,-2.632,True,0.446,-3.052,1.42,26.70
1786962028.368,,0,,,,1.310,-2.722,True,0.445,-3.045,1.42,26.69
1786962028.443,,0,,,,1.280,-2.761,True,0.444,-3.092,1.44,26.68
1786962028.543,,0,,,,1.190,-2.877,True,0.443,-3.000,1.40,26.66
1786962028.643,,0,,,,1.190,-2.877,True,0.443,-2.918,1.36,26.64
1786962051.118,,0,,,,0.160,-4.202,True,0.426,-4.571,1.79,22.47
1786962051.243,,0,,,,0.290,-4.035,True,0.428,-4.388,1.72,22.45
1786962051.343,,0,,,,0.370,-3.932,True,0.429,-4.269,1.67,22.43
1786962051.393,,0,,,,0.390,-3.906,True,0.430,-4.064,1.59,22.42
1786962051.493,,0,,,,0.460,-3.816,True,0.431,-3.922,1.53,22.41
1786962051.643,,0,,,,0.570,-3.674,True,0.433,-3.700,1.44,22.38
1786962051.768,,0,,,,0.700,-3.507,True,0.435,-3.472,1.35,22.35
1786962051.843,,0,,,,0.720,-3.481,True,0.435,-3.314,1.29,22.34
1786962051.943,,0,,,,0.680,-3.533,True,0.434,-3.243,1.26,22.32
1786962052.843,,0,,,,0.360,-3.945,True,0.429,-11.218,4.38,22.50
1786962052.893,,0,,,,0.220,-4.125,True,0.427,-10.894,4.25,22.47
1786962052.968,,0,,,,0.060,-4.331,True,0.424,-10.693,4.17,22.47
1786962053.068,,0,,,,0.010,-4.395,True,0.423,-10.282,4.01,22.46
1786962053.118,,0,,,,0.050,-4.343,True,0.424,-9.985,3.89,22.44
1786962053.218,,0,,,,0.140,-4.228,True,0.426,-9.757,3.80,22.43
1786962053.293,,0,,,,0.280,-4.047,True,0.428,-9.605,3.74,22.41
1786962053.393,,0,,,,0.480,-3.790,True,0.431,-9.436,3.67,22.39
1786962053.493,,0,,,,0.670,-3.546,True,0.434,-9.322,3.62,22.37
1786962053.593,,0,,,,0.750,-3.443,True,0.436,-9.185,3.57,22.35
1786962053.693,,0,,,,0.730,-3.468,True,0.435,-9.076,3.52,22.33
1786962053.768,,0,,,,0.680,-3.533,True,0.434,-8.850,3.43,22.33
1786962053.818,,0,,,,0.630,-3.597,True,0.434,-8.436,3.27,22.31
1786962053.868,,0,,,,0.620,-3.610,True,0.433,-8.106,3.14,22.30
1786962053.943,,0,,,,0.590,-3.649,True,0.433,-7.843,3.04,22.28
1786962057.168,,0,,,,0.970,-3.160,True,0.439,-3.506,1.39,22.73
1786962057.268,,0,,,,1.140,-2.941,True,0.442,-3.345,1.32,22.71
1786962057.343,,0,,,,1.220,-2.838,True,0.443,-3.292,1.30,22.69
1786962057.443,,0,,,,1.220,-2.838,True,0.443,-3.199,1.27,22.68
1786962057.518,,0,,,,1.180,-2.889,True,0.443,-3.042,1.20,22.65
1786962057.593,,0,,,,1.170,-2.902,True,0.443,-2.858,1.13,22.65
1786962057.668,,0,,,,1.150,-2.928,True,0.442,-2.649,1.05,22.63
1786962057.743,,0,,,,1.120,-2.967,True,0.442,-2.230,0.88,22.62
1786962057.793,,0,,,,1.130,-2.954,True,0.442,-2.045,0.81,22.60
1786962057.918,,0,,,,1.190,-2.877,True,0.443,-1.390,0.55,22.58
1786962057.993,,0,,,,1.210,-2.851,True,0.443,-1.356,0.53,22.57
1786962058.043,,0,,,,1.190,-2.877,True,0.443,-1.086,0.43,22.56
1786962058.118,,0,,,,1.120,-2.967,True,0.442,-0.957,0.38,22.55
1786962058.193,,0,,,,0.990,-3.134,True,0.440,-0.800,0.31,22.54
1786962062.868,,0,,,,0.010,-4.395,True,0.423,-1.459,0.66,25.80
1786962062.943,,0,,,,0.030,-4.369,True,0.424,-1.409,0.63,25.79
1786962062.993,,0,,,,0.000,-4.408,True,0.423,-1.316,0.59,25.77
1786962063.093,,0,,,,0.000,-4.408,True,0.423,-1.344,0.60,25.76
1786962063.168,,0,,,,-0.030,-4.446,True,0.423,-3.457,1.56,25.90
1786962063.268,,0,,,,0.000,-4.408,True,0.423,-3.334,1.51,25.88
1786962063.343,,0,,,,0.000,-4.408,True,0.423,-3.119,1.41,25.87
1786962063.418,,0,,,,0.000,-4.408,True,0.423,-3.161,1.44,26.06
1786962063.493,,0,,,,0.060,-4.331,True,0.424,-2.894,1.31,26.05
1786962063.568,,0,,,,0.080,-4.305,True,0.425,-2.837,1.29,26.04
1786962063.643,,0,,,,0.110,-4.266,True,0.425,-2.860,1.30,26.02
1786962063.718,,0,,,,0.090,-4.292,True,0.425,-3.374,1.56,26.47
1786962063.818,,0,,,,0.070,-4.318,True,0.424,-3.417,1.58,26.45
1786962063.868,,0,,,,0.030,-4.369,True,0.424,-3.281,1.51,26.44
1786962063.968,,0,,,,-0.020,-4.433,True,0.423,-3.630,1.69,26.73
1786962064.043,,0,,,,-0.150,-4.601,True,0.421,-3.393,1.58,26.70
1786962064.118,,0,,,,-0.270,-4.755,True,0.419,-3.368,1.57,26.70
1786962064.218,,0,,,,-0.410,-4.935,True,0.417,-3.077,1.43,26.68
1786962064.318,,0,,,,-0.640,-5.231,True,0.413,-3.254,1.53,26.91
1786962064.393,,0,,,,-0.700,-5.308,True,0.412,-2.895,1.36,26.89
1786962064.468,,0,,,,-0.730,-5.347,True,0.412,-2.776,1.30,26.88
1786962064.543,,0,,,,-0.730,-5.347,True,0.412,-2.860,1.36,27.22
1786962064.618,,0,,,,-0.710,-5.321,True,0.412,-2.838,1.35,27.20
1786962064.743,,0,,,,-0.650,-5.244,True,0.413,-2.890,1.37,27.18
1786962064.793,,0,,,,-0.640,-5.231,True,0.413,-2.952,1.40,27.16
1786962064.868,,0,,,,-0.610,-5.193,True,0.413,-3.359,1.61,27.52
1786962064.943,,0,,,,-0.590,-5.167,True,0.414,-3.327,1.60,27.50
1786962065.018,,0,,,,-0.610,-5.193,True,0.413,-3.346,1.60,27.48
1786962065.068,,0,,,,-0.650,-5.244,True,0.413,-3.288,1.58,27.48
1786962065.143,,0,,,,-0.640,-5.231,True,0.413,-2.492,1.18,27.13
1786962065.243,,0,,,,-0.570,-5.141,True,0.414,-2.399,1.13,27.11
1786962065.293,,0,,,,-0.470,-5.012,True,0.416,-2.192,1.04,27.10
1786962065.418,,0,,,,-0.170,-4.626,True,0.420,-3.190,1.56,28.10
1786962065.493,,0,,,,0.000,-4.408,True,0.423,-3.152,1.54,28.08
1786962065.593,,0,,,,0.190,-4.163,True,0.426,-2.968,1.45,28.07
1786962065.668,,0,,,,0.230,-4.112,True,0.427,-2.877,1.41,28.05
1786962065.718,,0,,,,0.230,-4.112,True,0.427,-2.976,1.48,28.49
1786962065.843,,0,,,,0.070,-4.318,True,0.424,-2.861,1.42,28.47
1786962065.893,,0,,,,-0.010,-4.421,True,0.423,-2.559,1.27,28.45
1786962065.968,,0,,,,-0.120,-4.562,True,0.421,-2.396,1.19,28.45
1786962066.018,,0,,,,-0.160,-4.614,True,0.421,-2.555,1.28,28.71
1786962066.118,,0,,,,-0.070,-4.498,True,0.422,-2.309,1.16,28.69
1786962066.218,,0,,,,0.030,-4.369,True,0.424,-2.453,1.23,28.67
1786962066.293,,0,,,,0.110,-4.266,True,0.425,-2.658,1.35,29.05
1786962066.393,,0,,,,0.150,-4.215,True,0.426,-2.732,1.39,29.06
1786962066.493,,0,,,,0.080,-4.305,True,0.425,-2.699,1.37,29.16
1786962066.568,,0,,,,0.040,-4.356,True,0.424,-2.585,1.31,29.15
1786962066.643,,0,,,,-0.040,-4.459,True,0.423,-1.902,0.95,28.59
1786962066.718,,0,,,,-0.110,-4.549,True,0.421,-2.294,1.18,29.43
1786962066.818,,0,,,,-0.110,-4.549,True,0.421,-2.152,1.10,29.40
1786962066.918,,0,,,,0.010,-4.395,True,0.423,-0.707,0.35,28.35
1786962066.993,,0,,,,0.140,-4.228,True,0.426,-2.427,1.26,29.67
1786962067.093,,0,,,,0.350,-3.957,True,0.429,-1.313,0.66,28.78
1786962067.168,,0,,,,0.420,-3.867,True,0.430,-2.409,1.25,29.84
1786962067.268,,0,,,,0.490,-3.777,True,0.431,-2.393,1.25,29.82
1786962067.343,,0,,,,0.500,-3.764,True,0.431,-2.140,1.12,30.02
1786962067.468,,0,,,,0.550,-3.700,True,0.432,-2.246,1.18,30.10
1786962067.543,,0,,,,0.550,-3.700,True,0.432,-1.120,0.57,29.00
1786962067.643,,0,,,,0.580,-3.661,True,0.433,-2.048,1.08,30.26
1786962067.718,,0,,,,0.580,-3.661,True,0.433,-2.023,1.07,30.25
1786962067.768,,0,,,,0.520,-3.739,True,0.432,-1.394,0.72,29.80
1786962067.868,,0,,,,0.410,-3.880,True,0.430,-1.372,0.71,29.77
1786962067.918,,0,,,,0.370,-3.932,True,0.429,-1.269,0.66,29.76
1786962067.993,,0,,,,0.320,-3.996,True,0.428,-1.188,0.62,29.74
1786962068.093,,0,,,,0.390,-3.906,True,0.430,-0.590,0.30,29.33
1786962068.168,,0,,,,0.490,-3.777,True,0.431,-1.884,1.02,30.88
1786962068.243,,0,,,,0.660,-3.558,True,0.434,-0.918,0.48,30.03
1786962068.343,,0,,,,0.820,-3.353,True,0.437,-0.876,0.46,30.02
1786962068.418,,0,,,,0.930,-3.211,True,0.439,-0.848,0.45,30.39
1786962068.493,,0,,,,0.890,-3.263,True,0.438,0.105,0.05,29.76
1786962068.568,,0,,,,0.730,-3.468,True,0.435,0.084,0.04,29.74
1786962068.643,,0,,,,0.580,-3.661,True,0.433,-1.859,1.02,31.34
1786962068.718,,0,,,,0.420,-3.867,True,0.430,-1.935,1.06,31.36
1786962068.793,,0,,,,0.390,-3.906,True,0.430,-1.892,1.03,31.33
1786962068.868,,0,,,,0.440,-3.842,True,0.430,-0.861,0.45,30.27
1786962068.968,,0,,,,0.570,-3.674,True,0.433,-0.518,0.28,30.41
1786962069.068,,0,,,,0.820,-3.353,True,0.437,-1.752,0.97,31.71
1786962069.143,,0,,,,0.980,-3.147,True,0.439,-1.718,0.95,31.70
1786962069.243,,0,,,,1.010,-3.108,True,0.440,0.455,0.24,30.08
1786962069.318,,0,,,,0.950,-3.185,True,0.439,0.456,0.24,30.25
1786962069.443,,0,,,,0.730,-3.468,True,0.435,-1.979,1.11,32.06
1786962069.518,,0,,,,0.580,-3.661,True,0.433,-1.906,1.07,32.06
1786962069.568,,0,,,,0.530,-3.726,True,0.432,-1.861,1.04,32.05
1786962069.693,,0,,,,0.420,-3.867,True,0.430,-0.951,0.52,31.34
1786962069.768,,0,,,,0.390,-3.906,True,0.430,-0.917,0.50,31.33
1786962069.868,,0,,,,0.430,-3.854,True,0.430,-0.744,0.41,31.33
1786962070.043,,0,,,,0.540,-3.713,True,0.432,0.591,0.32,30.92
1786962070.118,,0,,,,0.600,-3.636,True,0.433,0.609,0.33,30.91
1786962070.218,,0,,,,0.530,-3.726,True,0.432,-1.696,0.97,32.89
1786962070.343,,0,,,,0.360,-3.945,True,0.429,0.384,0.21,31.11
1786962070.393,,0,,,,0.200,-4.150,True,0.426,0.124,0.07,31.32
1786962070.443,,0,,,,-0.020,-4.433,True,0.423,0.194,0.11,31.31
1786962070.543,,0,,,,-0.160,-4.614,True,0.421,0.286,0.16,31.46
1786962070.668,,0,,,,-0.170,-4.626,True,0.420,-0.799,0.45,32.22
1786962070.743,,0,,,,-0.100,-4.536,True,0.422,-1.751,1.02,33.45
1786962070.843,,0,,,,-0.030,-4.446,True,0.423,0.530,0.29,31.75
1786962070.893,,0,,,,-0.010,-4.421,True,0.423,-0.936,0.54,32.92
1786962070.968,,0,,,,-0.030,-4.446,True,0.423,-0.836,0.48,32.91
1786962071.068,,0,,,,-0.120,-4.562,True,0.421,-0.969,0.55,32.68
1786962071.168,,0,,,,-0.150,-4.601,True,0.421,-1.018,0.58,32.67
1786962071.243,,0,,,,-0.110,-4.549,True,0.421,-0.917,0.52,32.65
1786962071.343,,0,,,,0.000,-4.408,True,0.423,-1.047,0.60,32.63
1786962071.443,,0,,,,0.080,-4.305,True,0.425,-0.108,0.06,32.38
1786962071.518,,0,,,,0.110,-4.266,True,0.425,-0.042,0.02,32.47
1786962071.618,,0,,,,0.000,-4.408,True,0.423,-0.249,0.14,32.61
1786962071.743,,0,,,,-0.200,-4.665,True,0.420,-0.106,0.06,32.59
1786962071.893,,0,,,,-0.210,-4.678,True,0.420,-0.131,0.08,32.91
1786962071.968,,0,,,,-0.020,-4.433,True,0.423,-0.135,0.08,32.90
1786962072.143,,0,,,,0.270,-4.060,True,0.428,-0.173,0.10,33.10
1786962072.218,,0,,,,0.220,-4.125,True,0.427,-0.232,0.13,33.23
1786962072.293,,0,,,,0.060,-4.331,True,0.424,-0.436,0.25,33.21
1786962072.368,,0,,,,-0.150,-4.601,True,0.421,-0.663,0.38,33.26
1786962072.443,,0,,,,-0.460,-5.000,True,0.416,-0.621,0.36,33.23
1786962072.518,,0,,,,-0.690,-5.296,True,0.412,-0.614,0.36,33.52
1786962072.618,,0,,,,-0.730,-5.347,True,0.412,-0.883,0.52,33.61
1786962072.718,,0,,,,-0.600,-5.180,True,0.414,-0.782,0.46,33.59
1786962072.793,,0,,,,-0.400,-4.922,True,0.417,-0.773,0.45,33.56
1786962073.193,,0,,,,-0.820,-5.463,True,0.410,-1.127,0.67,34.17
1786962073.343,,0,,,,-1.430,-6.221,True,0.405,-0.759,0.46,34.44
1786962073.418,,0,,,,-1.640,-6.435,True,0.412,-0.705,0.43,34.56
1786962073.518,,0,,,,-1.630,-6.425,True,0.412,-0.696,0.42,34.66
1786962073.593,,0,,,,-1.510,-6.303,True,0.408,-0.761,0.46,34.63
1786962073.693,,0,,,,-1.360,-6.150,True,0.403,-1.456,0.88,34.74
1786962073.768,,0,,,,-1.150,-5.887,True,0.405,-1.410,0.86,34.87
1786962073.843,,0,,,,-1.090,-5.810,True,0.406,-1.604,0.97,34.84
1786962073.918,,0,,,,-1.120,-5.849,True,0.405,-1.730,1.06,35.11
1786962074.093,,0,,,,-1.280,-6.055,True,0.403,-1.653,1.02,35.21
1786962074.393,,0,,,,-1.900,-6.701,True,0.421,-1.999,1.24,35.57
1786962074.793,,0,,,,-1.390,-6.180,True,0.404,-2.483,1.56,36.07
1786962074.893,,0,,,,-1.230,-5.990,True,0.404,-2.318,1.47,36.24
1786962075.092,,0,,,,-1.390,-6.180,True,0.404,-1.970,1.25,36.36
1786962075.617,,0,,,,-1.650,-6.446,True,0.412,-1.929,1.24,36.73
1786962075.718,,0,,,,-1.170,-5.913,True,0.405,-1.332,0.86,37.01
1786962075.793,,0,,,,-0.820,-5.463,True,0.410,-1.458,0.94,37.11
1786962075.868,,0,,,,-0.680,-5.283,True,0.412,-1.487,0.96,37.10
1786962075.943,,0,,,,-0.650,-5.244,True,0.413,-0.942,0.61,37.26
1786962076.093,,0,,,,-0.970,-5.656,True,0.408,-1.182,0.77,37.41
1786962076.193,,0,,,,-1.570,-6.364,True,0.410,-0.310,0.20,37.49
1786962076.668,,0,,,,-1.470,-6.262,True,0.407,-0.380,0.25,38.02
1786962076.743,,0,,,,-1.210,-5.965,True,0.404,-0.603,0.40,38.19
1786962076.818,,0,,,,-1.010,-5.707,True,0.407,-0.493,0.33,38.27
1786962076.918,,0,,,,-0.990,-5.682,True,0.407,-0.380,0.26,38.50
1786962077.018,,0,,,,-1.110,-5.836,True,0.406,-0.196,0.13,38.62
1786962077.093,,0,,,,-1.290,-6.068,True,0.403,0.008,0.01,38.60
1786962077.168,,0,,,,-1.450,-6.241,True,0.406,-0.659,0.45,38.74
1786962077.243,,0,,,,-1.520,-6.313,True,0.408,-0.258,0.17,38.75
1786962077.342,,0,,,,-1.480,-6.272,True,0.407,-0.048,0.03,38.73
1786962077.418,,0,,,,-1.350,-6.139,True,0.403,0.196,0.13,38.72
1786962077.468,,0,,,,-1.240,-6.003,True,0.404,0.311,0.21,38.71
1786962077.567,,0,,,,-0.880,-5.540,True,0.409,0.059,0.04,39.10
1786962077.667,,0,,,,-0.770,-5.398,True,0.411,0.038,0.03,39.08
1786962077.792,,0,,,,-0.650,-5.244,True,0.413,0.084,0.06,39.50
1786962077.892,,0,,,,-0.760,-5.386,True,0.411,0.537,0.37,39.50
1786962077.968,,0,,,,-0.900,-5.566,True,0.409,0.655,0.45,39.50
1786962078.042,,0,,,,-1.080,-5.797,True,0.406,0.293,0.20,39.72
1786962078.417,,0,,,,-1.440,-6.231,True,0.406,0.464,0.32,40.11
1786962078.543,,0,,,,-1.440,-6.231,True,0.406,0.483,0.34,40.08
1786962078.643,,0,,,,-1.380,-6.170,True,0.404,0.382,0.27,40.06
1786962078.717,,0,,,,-1.320,-6.106,True,0.402,0.101,0.07,40.47
1786962078.792,,0,,,,-1.280,-6.055,True,0.403,0.064,0.05,40.46
1786962087.492,,0,,,,-13.080,-17.649,True,0.707,15.344,13.53,51.14
1786962087.567,,0,,,,-13.210,-17.753,True,0.703,15.513,13.67,51.11
1786962087.642,,0,,,,-13.270,-17.801,True,0.701,16.535,14.86,52.22
1786962087.992,,0,,,,-13.830,-18.249,True,0.683,0.386,0.35,51.72
1786962088.067,,0,,,,-13.990,-18.377,True,0.678,0.018,0.02,51.70
1786962088.192,,0,,,,-14.210,-18.553,True,0.671,-0.680,0.61,51.64
1786962088.342,,0,,,,-14.390,-18.697,True,0.665,-0.653,0.60,52.86
1786962088.792,,0,,,,-13.980,-18.369,True,0.678,-1.056,0.98,53.36
1786962089.317,,0,,,,-14.100,-18.465,True,0.674,-1.288,1.20,53.40
1786962089.367,,0,,,,-14.140,-18.497,True,0.673,-1.226,1.14,53.11
1786962089.742,,0,,,,-14.020,-18.401,True,0.677,-1.995,1.85,53.06
1786962089.867,,0,,,,-14.100,-18.465,True,0.674,-2.326,2.18,53.66
1786962090.142,,0,,,,-14.700,-18.945,True,0.655,-2.023,1.94,54.96
1786962090.492,,0,,,,-14.490,-18.777,True,0.662,-1.974,1.89,54.75
1786962090.592,,0,,,,-14.230,-18.569,True,0.670,-1.619,1.56,55.31
1786962090.667,,0,,,,-14.150,-18.505,True,0.673,-1.792,1.73,55.28
1786962090.742,,0,,,,-14.170,-18.521,True,0.672,-1.713,1.65,55.17
1786962090.842,,0,,,,-14.340,-18.657,True,0.667,-1.835,1.77,55.15
1786962090.917,,0,,,,-14.460,-18.753,True,0.663,-1.890,1.82,55.13
1786962090.992,,0,,,,-14.590,-18.857,True,0.659,-2.495,2.39,54.83
1786962091.092,,0,,,,-14.600,-18.865,True,0.658,-2.514,2.40,54.80
1786962091.167,,0,,,,-14.520,-18.801,True,0.661,-2.262,2.20,55.87
1786962091.242,,0,,,,-14.430,-18.729,True,0.664,-1.893,1.83,55.47
1786962091.342,,0,,,,-14.170,-18.521,True,0.672,-2.901,2.80,55.39
1786962091.417,,0,,,,-14.050,-18.425,True,0.676,-3.031,2.93,55.37
1786962091.517,,0,,,,-14.060,-18.433,True,0.676,-1.765,1.72,55.86
1786962091.592,,0,,,,-14.130,-18.489,True,0.673,-2.398,2.34,55.80
1786962091.642,,0,,,,-14.240,-18.577,True,0.670,-2.436,2.37,55.79
1786962091.717,,0,,,,-14.350,-18.665,True,0.666,-3.205,3.11,55.67
1786962091.792,,0,,,,-14.510,-18.793,True,0.661,-2.281,2.24,56.28
1786962091.867,,0,,,,-14.690,-18.937,True,0.655,-2.421,2.38,56.27
1786962091.942,,0,,,,-14.720,-18.961,True,0.654,-2.285,2.24,56.29
1786962092.017,,0,,,,-14.750,-18.985,True,0.653,-2.256,2.22,56.27
1786962092.117,,0,,,,-14.630,-18.889,True,0.657,-2.627,2.59,56.42
1786962092.267,,0,,,,0.540,-3.713,True,0.432,-7.490,7.38,56.66
1786962092.342,,0,,,,6.760,4.226,True,0.529,-14.175,13.87,56.64
1786962092.442,,0,,,,8.220,5.888,True,0.509,-23.968,23.08,56.81
1786962092.542,,0,,,,8.660,6.388,True,0.503,-26.020,24.72,56.34
1786962092.592,,0,,,,8.740,6.479,True,0.502,-26.534,25.16,56.33
1786962092.692,,0,,,,8.720,6.457,True,0.503,-26.134,25.11,57.00
1786962092.792,,0,,,,8.750,6.491,True,0.502,-26.340,25.28,56.97
1786962094.917,,0,,,,1.290,-2.748,True,0.445,4.433,4.52,58.50
1786962094.967,,0,,,,1.030,-3.082,True,0.440,3.033,3.10,58.50
1786962095.042,,0,,,,0.880,-3.275,True,0.438,3.164,3.24,58.67
1786962095.092,,0,,,,0.590,-3.649,True,0.433,2.354,2.41,58.72
1786962095.167,,0,,,,0.440,-3.842,True,0.430,2.052,2.10,58.70
1786962095.317,,0,,,,0.330,-3.983,True,0.429,1.977,2.01,58.40
1786962095.392,,0,,,,0.560,-3.687,True,0.432,1.559,1.59,58.38
1786962095.467,,0,,,,0.770,-3.417,True,0.436,1.168,1.19,58.37
1786962095.567,,0,,,,0.990,-3.134,True,0.440,0.698,0.71,58.33
1786962095.642,,0,,,,1.060,-3.044,True,0.441,0.633,0.64,58.32
1786962095.692,,0,,,,1.060,-3.044,True,0.441,0.531,0.54,58.29
1786962095.742,,0,,,,0.950,-3.185,True,0.439,1.237,1.28,59.07
1786962095.792,,0,,,,0.740,-3.456,True,0.435,1.051,1.08,59.05
1786962095.892,,0,,,,0.350,-3.957,True,0.429,0.911,0.94,59.02
1786962095.967,,0,,,,-0.210,-4.678,True,0.420,0.942,0.97,59.01
1786962096.042,,0,,,,-0.430,-4.961,True,0.416,0.545,0.56,58.96
1786962096.142,,0,,,,-0.610,-5.193,True,0.413,0.633,0.65,58.93
1786962096.217,,0,,,,-0.580,-5.154,True,0.414,2.147,2.23,59.50
1786962096.292,,0,,,,-0.320,-4.819,True,0.418,2.005,2.08,59.42
1786962096.392,,0,,,,0.270,-4.060,True,0.428,2.413,2.50,59.47
1786962096.467,,0,,,,0.590,-3.649,True,0.433,2.405,2.50,59.46
1786962096.542,,0,,,,0.940,-3.198,True,0.439,1.614,1.68,59.72
1786962096.642,,0,,,,1.100,-2.992,True,0.441,1.527,1.59,59.51
1786962096.717,,0,,,,1.050,-3.057,True,0.441,1.324,1.37,59.48
1786962096.792,,0,,,,0.630,-3.597,True,0.434,1.043,1.08,59.46
1786962096.867,,0,,,,0.440,-3.842,True,0.430,0.042,0.04,59.39
1786962096.942,,0,,,,-0.030,-4.446,True,0.423,0.018,0.02,59.36
1786962097.017,,0,,,,-0.170,-4.626,True,0.420,0.163,0.17,59.34
1786962097.092,,0,,,,-0.350,-4.858,True,0.418,0.307,0.32,59.32
1786962097.142,,0,,,,-0.290,-4.781,True,0.419,0.155,0.16,59.31
1786962097.242,,0,,,,-0.070,-4.498,True,0.422,0.155,0.16,59.62
1786962097.342,,0,,,,0.150,-4.215,True,0.426,0.021,0.02,59.65
1786962097.467,,0,,,,0.330,-3.983,True,0.429,0.382,0.40,59.70
1786962097.592,,0,,,,-0.040,-4.459,True,0.423,0.433,0.45,59.80
1786962097.692,,0,,,,-0.430,-4.961,True,0.416,0.810,0.85,59.98
1786962097.817,,0,,,,-0.880,-5.540,True,0.409,-0.222,0.23,59.80
1786962097.867,,0,,,,-1.110,-5.836,True,0.406,0.554,0.58,59.91
1786962097.942,,0,,,,-1.150,-5.887,True,0.405,0.417,0.44,59.89
1786962098.042,,0,,,,-1.120,-5.849,True,0.405,0.463,0.48,59.96
1786962098.142,,0,,,,-0.860,-5.514,True,0.409,-0.092,0.10,59.86
1786962098.242,,0,,,,-0.500,-5.051,True,0.415,0.324,0.34,59.81
1786962098.342,,0,,,,-0.230,-4.704,True,0.420,0.561,0.59,60.28
1786962098.417,,0,,,,-0.040,-4.459,True,0.423,0.685,0.72,60.05
1786962098.517,,0,,,,0.010,-4.395,True,0.423,0.446,0.47,60.02
1786962098.592,,0,,,,-0.100,-4.536,True,0.422,0.222,0.23,60.11
1786962098.692,,0,,,,-0.290,-4.781,True,0.419,-0.057,0.06,60.14
1786962098.767,,0,,,,-0.580,-5.154,True,0.414,-0.181,0.19,60.10
1786962098.842,,0,,,,-0.690,-5.296,True,0.412,-0.191,0.20,60.07
1786962098.942,,0,,,,-0.800,-5.437,True,0.410,-0.149,0.16,60.06
1786962102.042,,0,,,,-0.750,-5.373,True,0.411,0.885,0.93,60.43
1786962102.117,,0,,,,-0.400,-4.922,True,0.417,0.738,0.78,60.71
1786962102.192,,0,,,,-0.130,-4.575,True,0.421,0.947,1.00,60.67
1786962102.267,,0,,,,-0.020,-4.433,True,0.423,0.923,0.98,60.67
1786962102.367,,0,,,,0.270,-4.060,True,0.428,0.730,0.77,60.64
1786962102.467,,0,,,,0.370,-3.932,True,0.429,0.854,0.90,60.39
1786962102.567,,0,,,,0.410,-3.880,True,0.430,0.754,0.79,60.37
1786962102.642,,0,,,,0.290,-4.035,True,0.428,0.504,0.53,60.34
1786962102.717,,0,,,,0.100,-4.279,True,0.425,0.569,0.60,60.40
1786962102.817,,0,,,,-0.160,-4.614,True,0.421,-0.063,0.07,60.59
1786962102.892,,0,,,,-0.310,-4.807,True,0.418,-0.001,0.00,60.58
1786962102.967,,0,,,,-0.450,-4.987,True,0.416,0.634,0.67,60.23
1786962103.067,,0,,,,-0.590,-5.167,True,0.414,0.400,0.42,60.39
1786962103.092,,0,,,,-0.650,-5.244,True,0.413,0.388,0.41,60.38
1786962103.167,,0,,,,-0.790,-5.424,True,0.411,0.501,0.53,60.56
1786962103.292,,0,,,,-0.890,-5.553,True,0.409,0.493,0.52,60.53
1786962103.367,,0,,,,-1.000,-5.694,True,0.407,0.339,0.36,60.51
1786962103.442,,0,,,,-1.100,-5.823,True,0.406,-0.183,0.19,60.68
1786962103.517,,0,,,,-1.160,-5.900,True,0.405,-0.252,0.27,60.66
1786962103.592,,0,,,,-1.210,-5.965,True,0.404,0.358,0.38,60.76
1786962103.717,,0,,,,-1.170,-5.913,True,0.405,0.282,0.30,60.57
1786962103.767,,0,,,,-1.140,-5.875,True,0.405,0.251,0.27,60.56
1786962103.867,,0,,,,-1.030,-5.733,True,0.407,0.485,0.51,60.62
1786962103.917,,0,,,,-0.880,-5.540,True,0.409,0.687,0.73,60.59
1786962104.017,,0,,,,-0.630,-5.218,True,0.413,0.662,0.70,60.57
1786962104.092,,0,,,,-0.450,-4.987,True,0.416,0.942,0.99,60.31
1786962104.192,,0,,,,-0.110,-4.549,True,0.421,-0.535,0.57,60.77
1786962104.267,,0,,,,0.120,-4.253,True,0.425,-0.601,0.64,60.76
1786962104.367,,0,,,,0.350,-3.957,True,0.429,-0.771,0.82,60.73
1786962104.442,,0,,,,0.430,-3.854,True,0.430,0.720,0.76,60.37
1786962104.542,,0,,,,0.410,-3.880,True,0.430,0.642,0.68,60.34
1786962104.642,,0,,,,0.330,-3.983,True,0.429,0.578,0.61,60.33
1786962104.792,,0,,,,0.100,-4.279,True,0.425,0.750,0.79,60.28
1786962104.842,,0,,,,-0.010,-4.421,True,0.423,0.672,0.71,60.28
1786962105.043,,0,,,,-0.430,-4.961,True,0.416,0.717,0.75,60.24
1786962105.142,,0,,,,-0.620,-5.205,True,0.413,0.525,0.55,60.21
1786962105.242,,0,,,,-0.710,-5.321,True,0.412,0.469,0.49,60.19
1786962105.317,,0,,,,-0.670,-5.270,True,0.412,0.451,0.47,60.17
1786962105.492,,0,,,,-0.240,-4.717,True,0.419,0.288,0.30,60.12
1786962105.617,,0,,,,0.060,-4.331,True,0.424,0.108,0.11,60.10
1786962105.767,,0,,,,0.180,-4.176,True,0.426,-0.124,0.13,60.07
1786962105.892,,0,,,,0.170,-4.189,True,0.426,0.721,0.76,60.04
1786962106.017,,0,,,,0.190,-4.163,True,0.426,0.656,0.69,60.01
1786962106.117,,0,,,,0.270,-4.060,True,0.428,2.985,3.10,59.45
1786962106.217,,0,,,,0.390,-3.906,True,0.430,0.646,0.68,60.74
1786962106.292,,0,,,,0.480,-3.790,True,0.431,0.553,0.59,60.73
1786962106.367,,0,,,,0.510,-3.752,True,0.432,0.322,0.34,60.55
1786962106.417,,0,,,,0.460,-3.816,True,0.431,0.090,0.09,60.53
1786962106.567,,0,,,,0.220,-4.125,True,0.427,0.881,0.92,59.97
1786962106.667,,0,,,,-0.020,-4.433,True,0.423,0.977,1.02,59.94
1786962106.717,,0,,,,-0.290,-4.781,True,0.419,0.146,0.15,60.57
1786962106.817,,0,,,,-0.480,-5.025,True,0.416,0.771,0.81,59.92
1786962106.867,,0,,,,-0.590,-5.167,True,0.414,0.670,0.70,59.91
1786962106.917,,0,,,,-0.640,-5.231,True,0.413,1.095,1.14,59.81
1786962106.992,,0,,,,-0.660,-5.257,True,0.413,1.030,1.07,59.79
1786962107.042,,0,,,,-0.610,-5.193,True,0.413,0.948,0.99,59.80
1786962107.117,,0,,,,-0.530,-5.090,True,0.415,0.943,0.98,59.78
1786962107.192,,0,,,,-0.390,-4.910,True,0.417,0.574,0.60,59.98
1786962107.292,,0,,,,-0.060,-4.485,True,0.422,0.340,0.36,59.96
1786962107.417,,0,,,,0.170,-4.189,True,0.426,1.488,1.54,59.40
1786962107.492,,0,,,,0.320,-3.996,True,0.428,1.482,1.54,59.38
1786962107.592,,0,,,,0.520,-3.739,True,0.432,0.641,0.67,59.76
1786962107.692,,0,,,,0.710,-3.494,True,0.435,0.044,0.05,60.01
1786962107.767,,0,,,,0.740,-3.456,True,0.435,-0.144,0.15,59.99
1786962107.842,,0,,,,0.790,-3.391,True,0.436,0.437,0.46,59.69
1786962107.942,,0,,,,0.630,-3.597,True,0.434,0.918,0.95,59.42
1786962108.042,,0,,,,0.380,-3.919,True,0.429,0.282,0.29,59.77
1786962108.117,,0,,,,0.260,-4.073,True,0.427,0.192,0.20,59.75
1786962108.192,,0,,,,0.080,-4.305,True,0.425,0.092,0.10,59.74
1786962108.242,,0,,,,0.000,-4.408,True,0.423,0.129,0.13,59.72
1786962108.342,,0,,,,-0.100,-4.536,True,0.422,0.242,0.25,59.94
1786962108.392,,0,,,,-0.110,-4.549,True,0.421,0.519,0.54,59.43
1786962108.492,,0,,,,-0.140,-4.588,True,0.421,-0.480,0.51,60.59
1786962108.567,,0,,,,-0.150,-4.601,True,0.421,-0.561,0.59,60.58
1786962108.667,,0,,,,-0.220,-4.691,True,0.420,0.112,0.12,59.62
1786962108.742,,0,,,,-0.290,-4.781,True,0.419,0.190,0.20,59.76
1786962108.792,,0,,,,-0.300,-4.794,True,0.418,0.092,0.10,59.74
1786962108.867,,0,,,,-0.330,-4.832,True,0.418,0.233,0.24,59.48
1786962108.967,,0,,,,-0.310,-4.807,True,0.418,0.453,0.47,59.41
1786962109.042,,0,,,,-0.230,-4.704,True,0.420,0.345,0.36,59.38
1786962109.217,,0,,,,-0.130,-4.575,True,0.421,0.086,0.09,59.35
1786962109.292,,0,,,,-0.090,-4.524,True,0.422,0.426,0.44,59.05
1786962109.367,,0,,,,-0.030,-4.446,True,0.423,0.247,0.26,59.18
1786962109.442,,0,,,,-0.050,-4.472,True,0.422,0.115,0.12,59.16
1786962109.542,,0,,,,-0.100,-4.536,True,0.422,0.024,0.02,59.15
1786962109.592,,0,,,,-0.200,-4.665,True,0.420,-0.046,0.05,59.13
1786962109.667,,0,,,,-0.350,-4.858,True,0.418,-0.071,0.07,59.21
1786962109.767,,0,,,,-0.590,-5.167,True,0.414,-0.120,0.12,59.19
1786962109.842,,0,,,,-0.670,-5.270,True,0.412,-0.051,0.05,59.01
1786962109.967,,0,,,,-0.790,-5.424,True,0.411,-0.108,0.11,58.98
1786962110.017,,0,,,,-0.800,-5.437,True,0.410,-0.204,0.21,58.97
1786962110.092,,0,,,,-0.750,-5.373,True,0.411,-0.295,0.30,58.94
1786962110.192,,0,,,,-0.710,-5.321,True,0.412,-0.816,0.85,59.81
1786962110.267,,0,,,,-0.700,-5.308,True,0.412,-0.198,0.20,58.87
1786962110.342,,0,,,,-0.630,-5.218,True,0.413,-0.333,0.34,58.86
1786962110.442,,0,,,,-0.600,-5.180,True,0.414,-0.156,0.16,59.46
1786962110.542,,0,,,,-0.570,-5.141,True,0.414,-0.398,0.41,58.46
1786962110.617,,0,,,,-0.550,-5.115,True,0.414,-0.252,0.26,58.55
1786962110.717,,0,,,,-0.470,-5.012,True,0.416,-0.894,0.93,59.38
1786962110.767,,0,,,,-0.430,-4.961,True,0.416,-0.953,0.99,59.37
1786962110.867,,0,,,,-0.280,-4.768,True,0.419,-0.860,0.88,58.83
1786962110.942,,0,,,,-0.240,-4.717,True,0.419,-0.856,0.88,58.81
1786962111.017,,0,,,,-0.180,-4.639,True,0.420,0.116,0.12,57.98
1786962111.067,,0,,,,-0.090,-4.524,True,0.422,0.095,0.10,57.97
1786962111.167,,0,,,,-0.030,-4.446,True,0.423,-0.083,0.08,58.04
1786962111.267,,0,,,,-0.010,-4.421,True,0.423,-0.059,0.06,58.38
1786962111.342,,0,,,,-0.050,-4.472,True,0.422,0.119,0.12,57.86
1786962111.442,,0,,,,-0.190,-4.652,True,0.420,-0.362,0.37,59.24
1786962111.517,,0,,,,-0.330,-4.832,True,0.418,-0.368,0.38,59.22
1786962111.617,,0,,,,-0.520,-5.077,True,0.415,0.061,0.06,57.81
1786962111.692,,0,,,,-0.670,-5.270,True,0.412,-0.790,0.81,58.78
1786962111.792,,0,,,,-0.750,-5.373,True,0.411,-0.805,0.83,58.78
1786962111.842,,0,,,,-0.750,-5.373,True,0.411,-0.841,0.86,58.75
1786962111.967,,0,,,,-0.720,-5.334,True,0.412,-0.426,0.43,58.24
1786962112.042,,0,,,,-0.620,-5.205,True,0.413,-0.061,0.06,57.65
1786962112.117,,0,,,,-0.570,-5.141,True,0.414,-0.146,0.15,57.64
1786962112.192,,0,,,,-0.510,-5.064,True,0.415,-0.120,0.12,57.82
1786962112.267,,0,,,,-0.450,-4.987,True,0.416,0.456,0.46,57.23
1786962112.367,,0,,,,-0.420,-4.948,True,0.416,0.396,0.40,57.21
1786962112.442,,0,,,,-0.350,-4.858,True,0.418,0.265,0.27,58.20
1786962112.517,,0,,,,-0.230,-4.704,True,0.420,0.266,0.27,58.19
1786962112.592,,0,,,,-0.160,-4.614,True,0.421,0.252,0.26,58.16
1786962112.642,,0,,,,-0.010,-4.421,True,0.423,0.219,0.22,58.16
1786962112.742,,0,,,,0.060,-4.331,True,0.424,0.648,0.64,56.80
1786962112.842,,0,,,,0.110,-4.266,True,0.425,0.624,0.62,56.79
1786962112.917,,0,,,,0.160,-4.202,True,0.426,0.815,0.82,57.33
1786962112.992,,0,,,,0.120,-4.253,True,0.425,0.626,0.63,57.30
1786962113.092,,0,,,,0.060,-4.331,True,0.424,0.557,0.56,57.29
1786962113.192,,0,,,,0.010,-4.395,True,0.423,0.260,0.26,57.01
1786962113.267,,0,,,,-0.050,-4.472,True,0.422,0.230,0.23,57.00
1786962113.342,,0,,,,-0.090,-4.524,True,0.422,-0.256,0.26,58.13
1786962113.442,,0,,,,-0.080,-4.511,True,0.422,0.341,0.34,56.40
1786962113.517,,0,,,,-0.080,-4.511,True,0.422,0.412,0.40,56.38
1786962113.592,,0,,,,-0.090,-4.524,True,0.422,-0.013,0.01,57.21
1786962113.667,,0,,,,-0.110,-4.549,True,0.421,0.004,0.00,57.20
1786962113.767,,0,,,,-0.190,-4.652,True,0.420,0.018,0.02,57.18
1786962113.842,,0,,,,-0.230,-4.704,True,0.420,-0.002,0.00,57.15
1786962113.892,,0,,,,-0.270,-4.755,True,0.419,-0.027,0.03,57.15
1786962113.967,,0,,,,-0.280,-4.768,True,0.419,-0.164,0.16,57.14
1786962114.067,,0,,,,-0.260,-4.742,True,0.419,-0.090,0.09,57.80
1786962114.117,,0,,,,-0.230,-4.704,True,0.420,-0.101,0.10,57.78
1786962114.192,,0,,,,-0.150,-4.601,True,0.421,-0.151,0.15,57.76
1786962114.292,,0,,,,-0.050,-4.472,True,0.422,-0.216,0.22,57.75
1786962114.342,,0,,,,0.000,-4.408,True,0.423,0.820,0.81,56.37
1786962114.442,,0,,,,0.130,-4.240,True,0.425,-0.185,0.18,57.21
1786962114.517,,0,,,,0.210,-4.138,True,0.427,0.140,0.14,57.51
1786962114.592,,0,,,,0.300,-4.022,True,0.428,0.119,0.12,57.49
1786962114.667,,0,,,,0.420,-3.867,True,0.430,0.050,0.05,57.06
1786962114.717,,0,,,,0.540,-3.713,True,0.432,0.005,0.01,57.05
1786962114.817,,0,,,,0.730,-3.468,True,0.435,-0.056,0.06,57.04
1786962114.892,,0,,,,0.800,-3.378,True,0.436,-0.119,0.12,56.86
1786962114.967,,0,,,,0.860,-3.301,True,0.437,-0.140,0.14,56.85
1786962115.042,,0,,,,0.820,-3.353,True,0.437,-0.251,0.25,56.84
1786962115.142,,0,,,,0.650,-3.571,True,0.434,0.450,0.44,56.63
1786962115.192,,0,,,,0.510,-3.752,True,0.432,0.401,0.40,56.61
1786962115.317,,0,,,,0.190,-4.163,True,0.426,0.866,0.85,55.93
1786962115.392,,0,,,,0.080,-4.305,True,0.425,0.327,0.32,55.36
1786962115.467,,0,,,,-0.010,-4.421,True,0.423,0.375,0.36,55.33
1786962115.517,,0,,,,-0.030,-4.446,True,0.423,0.391,0.38,55.32
1786962115.592,,0,,,,0.000,-4.408,True,0.423,1.536,1.48,55.27
1786962115.717,,0,,,,0.230,-4.112,True,0.427,1.651,1.59,55.23
1786962115.767,,0,,,,0.340,-3.970,True,0.429,1.543,1.49,55.23
1786962115.867,,0,,,,0.410,-3.880,True,0.430,1.492,1.44,55.20
1786962115.942,,0,,,,0.410,-3.880,True,0.430,0.896,0.87,55.46
1786962116.017,,0,,,,0.420,-3.867,True,0.430,0.521,0.51,55.96
1786962116.092,,0,,,,0.340,-3.970,True,0.429,0.342,0.33,55.94
1786962116.167,,0,,,,0.220,-4.125,True,0.427,0.462,0.44,54.79
1786962116.217,,0,,,,0.190,-4.163,True,0.426,0.278,0.26,54.51
1786962116.292,,0,,,,0.120,-4.253,True,0.425,0.220,0.21,54.50
1786962116.367,,0,,,,0.050,-4.343,True,0.424,0.177,0.17,54.48
1786962116.467,,0,,,,0.080,-4.305,True,0.425,0.222,0.21,54.46
1786962116.517,,0,,,,0.110,-4.266,True,0.425,0.248,0.24,56.47
1786962116.592,,0,,,,0.210,-4.138,True,0.427,0.814,0.78,54.80
1786962116.667,,0,,,,0.290,-4.035,True,0.428,0.735,0.70,54.80
1786962116.767,,0,,,,0.400,-3.893,True,0.430,0.669,0.64,54.78
1786962116.867,,0,,,,0.520,-3.739,True,0.432,0.617,0.59,54.75
1786962116.942,,0,,,,0.640,-3.584,True,0.434,0.654,0.62,54.04
1786962117.017,,0,,,,0.650,-3.571,True,0.434,0.476,0.44,53.39
1786962117.092,,0,,,,0.650,-3.571,True,0.434,0.349,0.33,53.37
1786962117.167,,0,,,,0.570,-3.674,True,0.433,1.013,0.96,54.13
1786962117.242,,0,,,,0.460,-3.816,True,0.431,0.258,0.24,53.80
1786962117.342,,0,,,,0.380,-3.919,True,0.429,0.180,0.17,54.07
1786962117.417,,0,,,,0.350,-3.957,True,0.429,0.156,0.15,54.06
1786962117.517,,0,,,,0.400,-3.893,True,0.430,0.168,0.16,54.45
1786962117.592,,0,,,,0.480,-3.790,True,0.431,0.236,0.22,54.51
1786962117.692,,0,,,,0.580,-3.661,True,0.433,0.068,0.06,53.86
1786962117.767,,0,,,,0.540,-3.713,True,0.432,0.017,0.02,53.85
1786962117.817,,0,,,,0.370,-3.932,True,0.429,0.886,0.83,53.74
1786962117.867,,0,,,,0.130,-4.240,True,0.425,0.827,0.78,53.73
1786962117.967,,0,,,,-0.230,-4.704,True,0.420,-0.147,0.14,55.09
1786962118.042,,0,,,,-0.440,-4.974,True,0.416,-0.189,0.18,55.06
1786962118.117,,0,,,,-0.680,-5.283,True,0.412,-0.121,0.12,55.05
1786962118.217,,0,,,,-0.570,-5.141,True,0.414,-0.041,0.04,55.03
1786962118.292,,0,,,,-0.350,-4.858,True,0.418,-0.213,0.20,55.01
1786962118.367,,0,,,,0.000,-4.408,True,0.423,-0.255,0.25,55.00
1786962118.442,,0,,,,0.320,-3.996,True,0.428,1.032,0.94,52.00
1786962118.492,,0,,,,0.470,-3.803,True,0.431,0.891,0.81,51.97
1786962118.567,,0,,,,0.570,-3.674,True,0.433,0.867,0.79,51.97
1786962118.667,,0,,,,0.540,-3.713,True,0.432,0.738,0.67,51.94
1786962118.742,,0,,,,0.400,-3.893,True,0.430,0.406,0.38,53.00
1786962118.817,,0,,,,0.080,-4.305,True,0.425,0.193,0.18,53.99
1786962118.892,,0,,,,-0.090,-4.524,True,0.422,0.242,0.23,53.97
1786962118.967,,0,,,,-0.230,-4.704,True,0.420,-0.051,0.05,52.49
1786962119.067,,0,,,,-0.120,-4.562,True,0.421,0.501,0.46,52.57
1786962119.117,,0,,,,0.020,-4.382,True,0.424,0.615,0.56,52.56
1786962119.192,,0,,,,0.250,-4.086,True,0.427,0.630,0.58,52.54
1786962119.292,,0,,,,0.680,-3.533,True,0.434,1.360,1.25,52.63
1786962119.367,,0,,,,0.990,-3.134,True,0.440,1.162,1.07,52.61
1786962119.442,,0,,,,1.130,-2.954,True,0.442,0.951,0.87,52.57
1786962119.542,,0,,,,1.100,-2.992,True,0.441,0.810,0.74,52.56
1786962119.617,,0,,,,0.990,-3.134,True,0.440,0.153,0.14,52.59
1786962119.667,,0,,,,0.690,-3.520,True,0.435,0.541,0.50,53.08
1786962119.742,,0,,,,0.360,-3.945,True,0.429,0.872,0.81,53.07
1786962119.817,,0,,,,0.230,-4.112,True,0.427,0.391,0.35,51.62
1786962119.867,,0,,,,-0.030,-4.446,True,0.423,0.418,0.38,51.61
1786962119.942,,0,,,,-0.170,-4.626,True,0.420,0.508,0.46,51.59
1786962120.042,,0,,,,-0.230,-4.704,True,0.420,0.617,0.56,51.57
1786962120.117,,0,,,,-0.190,-4.652,True,0.420,0.211,0.20,53.41
1786962120.192,,0,,,,-0.070,-4.498,True,0.422,0.548,0.51,53.39
1786962120.292,,0,,,,0.040,-4.356,True,0.424,0.396,0.36,51.46
1786962120.367,,0,,,,0.150,-4.215,True,0.426,-0.171,0.15,51.44
1786962120.467,,0,,,,0.190,-4.163,True,0.426,0.062,0.06,51.41
1786962120.517,,0,,,,0.170,-4.189,True,0.426,0.043,0.04,51.40
1786962120.617,,0,,,,0.040,-4.356,True,0.424,1.798,1.59,50.82
1786962120.767,,0,,,,-0.160,-4.614,True,0.421,0.861,0.77,51.46
1786962120.867,,0,,,,-0.260,-4.742,True,0.419,0.526,0.47,51.43
1786962121.017,,0,,,,-0.140,-4.588,True,0.421,-0.393,0.35,50.67
1786962121.067,,0,,,,-0.050,-4.472,True,0.422,-0.607,0.54,50.65
1786962121.142,,0,,,,0.020,-4.382,True,0.424,-0.684,0.60,50.64
1786962121.242,,0,,,,0.200,-4.150,True,0.426,-0.896,0.79,50.58
1786962121.267,,0,,,,0.230,-4.112,True,0.427,-0.878,0.77,50.57
1786962121.342,,0,,,,0.240,-4.099,True,0.427,-1.017,0.91,51.19
1786962121.417,,0,,,,0.190,-4.163,True,0.426,-1.078,0.96,51.17
1786962121.517,,0,,,,0.060,-4.331,True,0.424,-1.025,0.90,50.18
1786962121.592,,0,,,,-0.140,-4.588,True,0.421,0.018,0.02,49.31
1786962121.767,,0,,,,-0.420,-4.948,True,0.416,-0.333,0.29,50.15
1786962121.842,,0,,,,-0.460,-5.000,True,0.416,0.178,0.16,50.55
1786962121.942,,0,,,,-0.300,-4.794,True,0.418,-0.398,0.34,48.93
1786962122.042,,0,,,,-0.140,-4.588,True,0.421,-0.726,0.64,50.60
1786962122.117,,0,,,,-0.010,-4.421,True,0.423,-0.902,0.80,50.58
1786962122.192,,0,,,,0.080,-4.305,True,0.425,0.082,0.07,49.01
1786962122.267,,0,,,,0.100,-4.279,True,0.425,-0.103,0.09,49.34
1786962122.317,,0,,,,0.040,-4.356,True,0.424,-0.243,0.21,49.33
1786962122.392,,0,,,,-0.070,-4.498,True,0.422,-0.600,0.52,50.05
1786962122.467,,0,,,,-0.240,-4.717,True,0.419,-0.592,0.52,50.04
1786962122.592,,0,,,,-0.540,-5.103,True,0.415,-0.263,0.23,49.60
1786962122.667,,0,,,,-0.610,-5.193,True,0.413,-0.930,0.80,49.35
1786962122.742,,0,,,,-0.650,-5.244,True,0.413,-1.014,0.87,49.34
1786962122.842,,0,,,,-0.670,-5.270,True,0.412,-0.282,0.24,48.41
1786962122.917,,0,,,,-0.650,-5.244,True,0.413,-0.034,0.03,48.36
1786962122.992,,0,,,,-0.640,-5.231,True,0.413,-0.142,0.12,48.33
1786962123.042,,0,,,,-0.640,-5.231,True,0.413,-0.400,0.34,48.35
1786962123.117,,0,,,,-0.660,-5.257,True,0.413,-1.058,0.92,49.90
1786962123.192,,0,,,,-0.760,-5.386,True,0.411,-1.194,1.04,49.88
1786962123.267,,0,,,,-0.890,-5.553,True,0.409,-1.562,1.35,49.48
1786962123.342,,0,,,,-0.980,-5.669,True,0.408,-1.627,1.41,49.48
1786962123.417,,0,,,,-1.060,-5.772,True,0.406,-0.639,0.54,48.52
1786962123.492,,0,,,,-1.050,-5.759,True,0.407,-0.616,0.51,47.86
1786962123.567,,0,,,,-0.990,-5.682,True,0.407,-0.736,0.61,47.85
1786962123.642,,0,,,,-0.720,-5.334,True,0.412,-0.858,0.72,48.35
1786962123.717,,0,,,,-0.610,-5.193,True,0.413,-0.143,0.12,47.39
1786962123.792,,0,,,,-0.450,-4.987,True,0.416,-0.228,0.19,47.38
1786962123.842,,0,,,,-0.390,-4.910,True,0.417,-1.026,0.87,48.44
1786962123.917,,0,,,,-0.400,-4.922,True,0.417,-1.169,0.99,48.42
1786962124.017,,0,,,,-0.480,-5.025,True,0.416,-1.157,0.95,46.98
1786962124.067,,0,,,,-0.570,-5.141,True,0.414,-1.123,0.94,47.84
1786962124.167,,0,,,,-0.730,-5.347,True,0.412,-1.077,0.90,47.83
1786962124.242,,0,,,,-0.860,-5.514,True,0.409,-0.696,0.58,48.03
1786962124.367,,0,,,,-1.020,-5.720,True,0.407,-0.445,0.37,47.77
1786962124.467,,0,,,,-1.070,-5.784,True,0.406,-0.870,0.72,47.48
1786962124.592,,0,,,,-1.100,-5.823,True,0.406,-1.482,1.25,48.42
1786962124.667,,0,,,,-1.100,-5.823,True,0.406,-1.532,1.29,48.40
1786962124.742,,0,,,,-1.080,-5.797,True,0.406,-1.704,1.44,48.39
1786962124.842,,0,,,,-1.030,-5.733,True,0.407,-0.554,0.45,46.84
1786962124.942,,0,,,,-0.890,-5.553,True,0.409,-1.141,0.94,47.02
1786962124.992,,0,,,,-0.790,-5.424,True,0.411,-1.324,1.09,46.99
1786962125.092,,0,,,,-0.610,-5.193,True,0.413,-1.418,1.16,46.97
1786962125.167,,0,,,,-0.520,-5.077,True,0.415,-1.108,0.90,46.73
1786962125.217,,0,,,,-0.410,-4.935,True,0.417,-1.192,0.97,46.71
1786962125.292,,0,,,,-0.450,-4.987,True,0.416,-1.186,0.97,46.70
1786962125.392,,0,,,,-0.550,-5.115,True,0.414,-1.219,0.99,46.66
1786962125.467,,0,,,,-0.620,-5.205,True,0.413,-1.147,0.93,46.65
1786962125.567,,0,,,,-0.640,-5.231,True,0.413,-0.529,0.42,45.80
1786962125.667,,0,,,,-0.620,-5.205,True,0.413,-0.575,0.46,45.77
1786962125.717,,0,,,,-0.610,-5.193,True,0.413,-0.605,0.48,45.75
1786962125.792,,0,,,,-0.600,-5.180,True,0.414,-0.624,0.50,45.75
1786962125.867,,0,,,,-0.580,-5.154,True,0.414,-0.579,0.47,46.06
1786962125.942,,0,,,,-0.630,-5.218,True,0.413,-0.620,0.50,46.05
1786962126.017,,0,,,,-0.640,-5.231,True,0.413,-0.623,0.50,46.03
1786962126.117,,0,,,,-0.720,-5.334,True,0.412,-0.653,0.52,46.01
1786962126.167,,0,,,,-0.750,-5.373,True,0.411,-0.665,0.53,46.00
1786962126.242,,0,,,,-0.800,-5.437,True,0.410,-0.693,0.56,45.97
1786962126.292,,0,,,,-0.810,-5.450,True,0.410,-0.679,0.54,45.96
1786962126.392,,0,,,,-0.790,-5.424,True,0.411,-0.726,0.58,45.96
1786962126.442,,0,,,,-0.790,-5.424,True,0.411,-0.734,0.58,45.61
1786962126.542,,0,,,,-0.730,-5.347,True,0.412,-0.795,0.63,45.59
1786962126.642,,0,,,,-0.630,-5.218,True,0.413,-0.836,0.67,45.57
1786962126.717,,0,,,,-0.530,-5.090,True,0.415,0.166,0.13,46.00
1786962126.767,,0,,,,-0.480,-5.025,True,0.416,0.138,0.11,46.00
1786962126.867,,0,,,,-0.410,-4.935,True,0.417,0.234,0.18,44.22
1786962126.967,,0,,,,-0.420,-4.948,True,0.416,-1.109,0.89,45.73
1786962127.017,,0,,,,-0.370,-4.884,True,0.417,-1.094,0.87,45.50
1786962127.142,,0,,,,-0.400,-4.922,True,0.417,-0.789,0.62,44.88
1786962127.192,,0,,,,-0.390,-4.910,True,0.417,-0.790,0.62,44.88
1786962127.267,,0,,,,-0.420,-4.948,True,0.416,-1.333,1.06,45.42
1786962127.367,,0,,,,-0.380,-4.897,True,0.417,-1.374,1.09,45.41
1786962127.442,,0,,,,-0.460,-5.000,True,0.416,-0.833,0.65,44.50
1786962127.542,,0,,,,-0.500,-5.051,True,0.415,0.097,0.07,43.60
1786962127.642,,0,,,,-0.640,-5.231,True,0.413,-0.053,0.04,43.45
1786962127.742,,0,,,,-0.750,-5.373,True,0.411,-1.565,1.22,44.76
1786962127.792,,0,,,,-0.830,-5.476,True,0.410,-1.574,1.23,44.73
1786962127.867,,0,,,,-0.900,-5.566,True,0.409,-1.556,1.21,44.73
1786962127.992,,0,,,,-0.850,-5.501,True,0.410,-1.663,1.30,44.71
1786962128.117,,0,,,,-0.660,-5.257,True,0.413,-1.782,1.39,44.67
1786962128.217,,0,,,,-0.490,-5.038,True,0.415,-1.890,1.47,44.64
1786962128.317,,0,,,,-0.330,-4.832,True,0.418,-0.941,0.72,43.96
1786962128.417,,0,,,,-0.180,-4.639,True,0.420,-1.186,0.91,43.93
1786962128.542,,0,,,,-0.180,-4.639,True,0.420,-0.243,0.18,42.50
1786962128.642,,0,,,,-0.320,-4.819,True,0.418,-0.889,0.67,43.29
1786962128.767,,0,,,,-0.600,-5.180,True,0.414,-0.006,0.00,42.34
1786962128.867,,0,,,,-0.860,-5.514,True,0.409,0.009,0.01,42.31
1786962128.992,,0,,,,-0.950,-5.630,True,0.408,-0.482,0.35,41.79
1786962129.142,,0,,,,-0.970,-5.656,True,0.408,0.034,0.02,41.94
1786962129.217,,0,,,,-0.990,-5.682,True,0.407,0.009,0.01,41.91
1786962129.317,,0,,,,-0.950,-5.630,True,0.408,-0.546,0.41,42.65
1786962129.392,,0,,,,-0.960,-5.643,True,0.408,-0.409,0.30,41.49
1786962129.492,,0,,,,-0.960,-5.643,True,0.408,-0.888,0.65,42.18
1786962129.567,,0,,,,-0.970,-5.656,True,0.408,-0.990,0.73,42.16
1786962129.667,,0,,,,-0.910,-5.579,True,0.409,-1.590,1.18,42.63
1786962129.742,,0,,,,-0.840,-5.489,True,0.410,-1.738,1.29,42.62
1786962129.817,,0,,,,-0.720,-5.334,True,0.412,-0.996,0.73,42.05
1786962129.917,,0,,,,-0.600,-5.180,True,0.414,-1.302,0.97,42.62
1786962129.992,,0,,,,-0.470,-5.012,True,0.416,-1.373,1.02,42.61
1786962130.067,,0,,,,-0.400,-4.922,True,0.417,-1.468,1.09,42.52
1786962130.142,,0,,,,-0.270,-4.755,True,0.419,-1.165,0.85,41.77
1786962130.192,,0,,,,-0.260,-4.742,True,0.419,-1.271,0.93,41.75
1786962130.292,,0,,,,-0.310,-4.807,True,0.418,-1.620,1.20,42.41
1786962130.367,,0,,,,-0.500,-5.051,True,0.415,-1.786,1.32,42.37
1786962130.442,,0,,,,-0.590,-5.167,True,0.414,-1.757,1.30,42.34
1786962130.542,,0,,,,-0.780,-5.411,True,0.411,-1.286,0.92,41.07
1786962130.617,,0,,,,-0.940,-5.617,True,0.408,-2.083,1.51,41.64
1786962130.667,,0,,,,-1.070,-5.784,True,0.406,-2.094,1.52,41.63
1786962130.742,,0,,,,-1.100,-5.823,True,0.406,-1.850,1.34,41.62
1786962130.792,,0,,,,-1.070,-5.784,True,0.406,-1.819,1.32,41.59
1786962130.867,,0,,,,-0.990,-5.682,True,0.407,-1.863,1.35,41.59
1786962130.942,,0,,,,-0.860,-5.514,True,0.409,-1.823,1.32,41.56
1786962131.017,,0,,,,-0.740,-5.360,True,0.411,-1.832,1.33,41.54
1786962131.067,,0,,,,-0.650,-5.244,True,0.413,-1.868,1.35,41.53
1786962131.142,,0,,,,-0.540,-5.103,True,0.415,-1.924,1.39,41.52
1786962131.267,,0,,,,-0.560,-5.128,True,0.414,-0.322,0.23,40.45
1786962131.367,,0,,,,-0.720,-5.334,True,0.412,-0.416,0.29,40.43
1786962131.467,,0,,,,-0.990,-5.682,True,0.407,-0.557,0.39,40.41
1786962131.542,,0,,,,-1.090,-5.810,True,0.406,-0.777,0.55,40.38
1786962131.617,,0,,,,-1.140,-5.875,True,0.405,-0.954,0.67,40.49
1786962131.692,,0,,,,-1.110,-5.836,True,0.406,-1.010,0.71,40.48
1786962131.767,,0,,,,-1.020,-5.720,True,0.407,-1.174,0.83,40.46
1786962131.842,,0,,,,-0.880,-5.540,True,0.409,-1.213,0.86,40.43
1786962131.967,,0,,,,-0.680,-5.283,True,0.412,-1.600,1.13,40.45
1786962132.067,,0,,,,-0.670,-5.270,True,0.412,-1.113,0.76,39.32
1786962132.142,,0,,,,-0.810,-5.450,True,0.410,-1.882,1.32,40.11
1786962132.242,,0,,,,-0.960,-5.643,True,0.408,-0.659,0.45,39.25
1786962132.342,,0,,,,-1.180,-5.926,True,0.404,-0.699,0.48,39.22
1786962132.392,,0,,,,-1.220,-5.977,True,0.404,-0.879,0.60,39.08
1786962132.492,,0,,,,-1.190,-5.939,True,0.404,-0.571,0.39,39.09
1786962132.542,,0,,,,-1.110,-5.836,True,0.406,-0.686,0.47,39.07
1786962132.592,,0,,,,-1.020,-5.720,True,0.407,-1.251,0.87,39.75
1786962132.667,,0,,,,-0.900,-5.566,True,0.409,-1.358,0.94,39.74
1786962132.742,,0,,,,-0.860,-5.514,True,0.409,-0.519,0.34,37.95
1786962132.817,,0,,,,-0.820,-5.463,True,0.410,-0.722,0.48,37.92
1786962132.917,,0,,,,-0.890,-5.553,True,0.409,-1.049,0.71,38.52
1786962132.967,,0,,,,-0.970,-5.656,True,0.408,-1.679,1.16,39.45
1786962133.067,,0,,,,-1.040,-5.746,True,0.407,-1.709,1.18,39.42
1786962133.142,,0,,,,-1.040,-5.746,True,0.407,-0.936,0.63,38.43
1786962133.217,,0,,,,-1.020,-5.720,True,0.407,-0.975,0.65,38.46
1786962133.342,,0,,,,-0.860,-5.514,True,0.409,-1.595,1.08,38.93
1786962133.442,,0,,,,-0.850,-5.501,True,0.410,-1.774,1.20,38.72
1786962133.492,,0,,,,-0.860,-5.514,True,0.409,-1.830,1.24,38.69
1786962133.567,,0,,,,-0.920,-5.591,True,0.409,-0.730,0.49,38.07
1786962133.667,,0,,,,-1.060,-5.772,True,0.406,-1.202,0.79,37.73
1786962133.767,,0,,,,-1.170,-5.913,True,0.405,-1.656,1.10,38.24
1786962133.867,,0,,,,-1.250,-6.016,True,0.403,-1.687,1.13,38.21
1786962133.967,,0,,,,-1.140,-5.875,True,0.405,-1.775,1.18,38.19
1786962134.067,,0,,,,-0.900,-5.566,True,0.409,-1.883,1.25,38.16
1786962134.167,,0,,,,-0.830,-5.476,True,0.410,-0.921,0.60,37.34
1786962134.217,,0,,,,-0.640,-5.231,True,0.413,-1.063,0.69,37.32
1786962134.292,,0,,,,-0.600,-5.180,True,0.414,-1.272,0.83,37.30
1786962134.392,,0,,,,-0.660,-5.257,True,0.413,-1.386,0.90,37.26
1786962134.467,,0,,,,-0.780,-5.411,True,0.411,-1.541,1.01,37.71
1786962134.542,,0,,,,-0.950,-5.630,True,0.408,-1.878,1.22,37.27
1786962134.592,,0,,,,-1.130,-5.862,True,0.405,-1.891,1.23,37.24
1786962134.667,,0,,,,-1.190,-5.939,True,0.404,-1.882,1.22,37.23
1786962134.742,,0,,,,-1.240,-6.003,True,0.404,-1.871,1.21,37.21
1786962134.842,,0,,,,-1.120,-5.849,True,0.405,-1.878,1.21,37.03
1786962134.892,,0,,,,-0.940,-5.617,True,0.408,-1.902,1.23,37.02
1786962134.967,,0,,,,-0.790,-5.424,True,0.411,-0.737,0.46,36.00
1786962135.067,,0,,,,-0.550,-5.115,True,0.414,-1.538,0.99,37.08
1786962135.142,,0,,,,-0.490,-5.038,True,0.415,-0.757,0.48,36.16
1786962135.267,,0,,,,-0.700,-5.308,True,0.412,-1.630,1.04,36.48
1786962135.317,,0,,,,-0.840,-5.489,True,0.410,-1.736,1.10,36.47
1786962135.392,,0,,,,-1.080,-5.797,True,0.406,-1.011,0.65,36.62
1786962135.442,,0,,,,-1.270,-6.042,True,0.403,-1.059,0.68,36.60
1786962135.517,,0,,,,-1.400,-6.190,True,0.404,-1.064,0.68,36.54
1786962135.567,,0,,,,-1.400,-6.190,True,0.404,-1.125,0.72,36.53
1786962135.642,,0,,,,-1.210,-5.965,True,0.404,-1.593,1.01,36.47
1786962135.692,,0,,,,-1.080,-5.797,True,0.406,-1.597,1.02,36.46
1786962135.792,,0,,,,-0.540,-5.103,True,0.415,-1.272,0.80,36.08
1786962135.867,,0,,,,-0.270,-4.755,True,0.419,-1.334,0.84,36.07
1786962135.942,,0,,,,-0.050,-4.472,True,0.422,-1.647,1.04,36.04
1786962136.042,,0,,,,0.270,-4.060,True,0.428,-1.766,1.11,36.01
1786962136.092,,0,,,,0.300,-4.022,True,0.428,-1.936,1.22,35.99
1786962136.192,,0,,,,0.270,-4.060,True,0.428,-1.830,1.15,35.98
1786962136.267,,0,,,,0.030,-4.369,True,0.424,-1.768,1.11,35.94
1786962136.367,,0,,,,-0.340,-4.845,True,0.418,-1.816,1.14,35.92
1786962136.442,,0,,,,-0.750,-5.373,True,0.411,-1.851,1.16,35.89
1786962136.517,,0,,,,-1.060,-5.772,True,0.406,-1.853,1.16,35.87
1786962136.592,,0,,,,-1.250,-6.016,True,0.403,-1.861,1.16,35.85
1786962136.692,,0,,,,-1.300,-6.080,True,0.403,-2.029,1.27,35.84
1786962136.767,,0,,,,-1.220,-5.977,True,0.404,-1.882,1.15,34.93
1786962136.942,,0,,,,-0.770,-5.398,True,0.411,-1.952,1.19,34.89
1786962137.017,,0,,,,-0.580,-5.154,True,0.414,-1.103,0.67,34.88
1786962137.067,,0,,,,-0.550,-5.115,True,0.414,-1.188,0.72,34.87
1786962137.142,,0,,,,-0.520,-5.077,True,0.415,-1.469,0.89,34.70
1786962137.292,,0,,,,-0.700,-5.308,True,0.412,-1.484,0.90,34.60
1786962137.367,,0,,,,-0.790,-5.424,True,0.411,-1.652,0.99,34.51
1786962137.467,,0,,,,-0.920,-5.591,True,0.409,-1.594,0.96,34.48
1786962137.517,,0,,,,-0.930,-5.604,True,0.408,-1.643,0.98,34.08
1786962137.592,,0,,,,-0.910,-5.579,True,0.409,-1.630,0.97,34.06
1786962137.742,,0,,,,-0.770,-5.398,True,0.411,-1.660,0.99,34.03
1786962137.792,,0,,,,-0.700,-5.308,True,0.412,-1.716,1.02,34.00
1786962137.867,,0,,,,-0.620,-5.205,True,0.413,-1.719,1.02,33.99
1786962137.942,,0,,,,-0.520,-5.077,True,0.415,-1.767,1.05,33.95
1786962138.042,,0,,,,-0.520,-5.077,True,0.415,-1.937,1.15,33.94
1786962138.067,,0,,,,-0.510,-5.064,True,0.415,-2.000,1.18,33.93
1786962138.192,,0,,,,-0.610,-5.193,True,0.413,-2.452,1.45,33.88
1786962138.242,,0,,,,-0.790,-5.424,True,0.411,-1.916,1.12,33.53
1786962138.392,,0,,,,-0.990,-5.682,True,0.407,-2.068,1.21,33.51
1786962138.467,,0,,,,-1.050,-5.759,True,0.407,-2.187,1.28,33.48
1786962138.542,,0,,,,-1.080,-5.797,True,0.406,-2.366,1.36,32.89
1786962138.592,,0,,,,-1.090,-5.810,True,0.406,-2.401,1.38,32.87
1786962138.692,,0,,,,-1.090,-5.810,True,0.406,-2.431,1.39,32.84
1786962138.767,,0,,,,-1.030,-5.733,True,0.407,-2.467,1.41,32.84
1786962138.867,,0,,,,-0.930,-5.604,True,0.408,-2.401,1.37,32.80
1786962138.967,,0,,,,-0.870,-5.527,True,0.409,-1.545,0.88,32.73
1786962139.017,,0,,,,-0.820,-5.463,True,0.410,-1.541,0.88,32.71
1786962139.092,,0,,,,-0.830,-5.476,True,0.410,-1.561,0.89,32.68
1786962139.167,,0,,,,-0.930,-5.604,True,0.408,-1.565,0.89,32.67
1786962139.217,,0,,,,-1.000,-5.694,True,0.407,-1.690,0.96,32.66
1786962139.317,,0,,,,-1.340,-6.129,True,0.402,-1.828,1.04,32.64
1786962139.417,,0,,,,-1.540,-6.333,True,0.409,-1.900,1.08,32.61
1786962139.492,,0,,,,-1.590,-6.384,True,0.410,-2.078,1.18,32.59
1786962139.567,,0,,,,-1.550,-6.343,True,0.409,-2.195,1.25,32.58
1786962139.642,,0,,,,-1.440,-6.231,True,0.406,-2.208,1.25,32.56
1786962139.717,,0,,,,-1.110,-5.836,True,0.406,-2.343,1.33,32.53
1786962139.817,,0,,,,-0.790,-5.424,True,0.411,-2.524,1.43,32.51
1786962139.867,,0,,,,-0.590,-5.167,True,0.414,-2.499,1.42,32.51
1786962139.967,,0,,,,-0.430,-4.961,True,0.416,-2.562,1.45,32.47
1786962140.042,,0,,,,-0.400,-4.922,True,0.417,-2.658,1.51,32.46
1786962140.142,,0,,,,-0.490,-5.038,True,0.415,-2.567,1.45,32.42
1786962140.217,,0,,,,-0.680,-5.283,True,0.412,-2.584,1.46,32.41
1786962140.917,,0,,,,-0.800,-5.437,True,0.410,-1.886,1.00,30.24
1786962141.017,,0,,,,-0.580,-5.154,True,0.414,-1.861,0.98,30.21
1786962141.067,,0,,,,-0.570,-5.141,True,0.414,-1.821,0.96,30.21
1786962141.142,,0,,,,-0.600,-5.180,True,0.414,-1.437,0.75,30.10
1786962141.217,,0,,,,-0.670,-5.270,True,0.412,-1.554,0.82,30.09
1786962141.267,,0,,,,-0.730,-5.347,True,0.412,-1.476,0.77,30.08
1786962141.367,,0,,,,-0.840,-5.489,True,0.410,-1.533,0.80,30.06
1786962141.417,,0,,,,-0.930,-5.604,True,0.408,-1.760,0.91,29.70
1786962141.517,,0,,,,-0.900,-5.566,True,0.409,-1.783,0.92,29.68
1786962141.567,,0,,,,-0.810,-5.450,True,0.410,-1.828,0.95,29.67
1786962141.642,,0,,,,-0.670,-5.270,True,0.412,-1.798,0.93,29.65
1786962141.717,,0,,,,-0.490,-5.038,True,0.415,-1.611,0.82,29.27
1786962141.842,,0,,,,-0.300,-4.794,True,0.418,-1.762,0.90,29.25
1786962141.917,,0,,,,-0.190,-4.652,True,0.420,-1.987,1.01,29.22
1786962141.992,,0,,,,-0.130,-4.575,True,0.421,-1.693,0.86,28.97
1786962142.092,,0,,,,-0.110,-4.549,True,0.421,-1.762,0.89,28.96
1786962142.192,,0,,,,-0.300,-4.794,True,0.418,-1.892,0.96,28.93
1786962142.267,,0,,,,-0.520,-5.077,True,0.415,-1.549,0.77,28.64
1786962142.342,,0,,,,-0.820,-5.463,True,0.410,-1.560,0.78,28.62
1786962142.442,,0,,,,-1.030,-5.733,True,0.407,-1.663,0.83,28.60
1786962142.542,,0,,,,-1.120,-5.849,True,0.405,-1.581,0.78,28.36
1786962142.642,,0,,,,-1.100,-5.823,True,0.406,-1.582,0.78,28.34
1786962142.717,,0,,,,-0.920,-5.591,True,0.409,-1.653,0.82,28.32
1786962142.792,,0,,,,-0.750,-5.373,True,0.411,-1.345,0.66,28.03
1786962142.867,,0,,,,-0.580,-5.154,True,0.414,-1.426,0.70,28.02
1786962142.942,,0,,,,-0.500,-5.051,True,0.415,-1.636,0.80,27.99
1786962143.017,,0,,,,-0.450,-4.987,True,0.416,-1.788,0.87,27.98
1786962143.092,,0,,,,-0.440,-4.974,True,0.416,-1.165,0.56,27.67
1786962143.142,,0,,,,-0.480,-5.025,True,0.416,-1.332,0.64,27.64
1786962143.242,,0,,,,-0.540,-5.103,True,0.415,-1.408,0.68,27.63
1786962143.367,,0,,,,-0.620,-5.205,True,0.413,-1.543,0.74,27.35
1786962143.417,,0,,,,-0.640,-5.231,True,0.413,-1.597,0.76,27.34
1786962143.492,,0,,,,-0.620,-5.205,True,0.413,-1.695,0.81,27.32
1786962143.592,,0,,,,-0.530,-5.090,True,0.415,-1.797,0.86,27.29
1786962143.667,,0,,,,-0.470,-5.012,True,0.416,-2.587,1.30,28.88
1786962143.717,,0,,,,-0.410,-4.935,True,0.417,-2.664,1.34,28.86
1786962143.792,,0,,,,-0.340,-4.845,True,0.418,-2.749,1.38,28.84
1786962143.867,,0,,,,-0.290,-4.781,True,0.419,-2.784,1.40,28.83
1786962143.967,,0,,,,-0.270,-4.755,True,0.419,-1.398,0.65,26.84
1786962144.017,,0,,,,-0.360,-4.871,True,0.417,-1.849,0.87,26.82
1786962144.092,,0,,,,-0.400,-4.922,True,0.417,-1.679,0.79,26.80
1786962144.167,,0,,,,-0.470,-5.012,True,0.416,-1.699,0.79,26.79
1786962144.242,,0,,,,-0.550,-5.115,True,0.414,-1.804,0.84,26.54
1786962144.342,,0,,,,-0.580,-5.154,True,0.414,-2.042,0.94,26.50
1786962144.442,,0,,,,-0.630,-5.218,True,0.413,-2.203,1.02,26.49
1786962144.516,,0,,,,-0.700,-5.308,True,0.412,-2.405,1.11,26.47
1786962144.592,,0,,,,-0.820,-5.463,True,0.410,-1.956,0.89,26.14
1786962144.667,,0,,,,-0.900,-5.566,True,0.409,-1.996,0.91,26.14
1786962144.767,,0,,,,-0.960,-5.643,True,0.408,-1.821,0.83,26.06
1786962144.817,,0,,,,-0.990,-5.682,True,0.407,-1.805,0.82,25.93
1786962144.916,,0,,,,-0.990,-5.682,True,0.407,-1.970,0.89,25.85
1786962144.966,,0,,,,-0.910,-5.579,True,0.409,-2.061,0.93,25.85
1786962145.091,,0,,,,-0.800,-5.437,True,0.410,-2.058,0.93,25.84
1786962145.166,,0,,,,-0.770,-5.398,True,0.411,-2.093,0.94,25.81
1786962145.242,,0,,,,-0.770,-5.398,True,0.411,-2.158,0.97,25.78
1786962145.341,,0,,,,-0.760,-5.386,True,0.411,-2.203,0.99,25.77
1786962145.416,,0,,,,-0.780,-5.411,True,0.411,-1.125,0.50,25.31
1786962145.467,,0,,,,-0.750,-5.373,True,0.411,-1.244,0.55,25.30
1786962145.516,,0,,,,-0.770,-5.398,True,0.411,-1.372,0.61,25.28
1786962145.592,,0,,,,-0.670,-5.270,True,0.412,-1.660,0.73,25.26
1786962145.691,,0,,,,-0.520,-5.077,True,0.415,-1.454,0.63,25.00
1786962145.766,,0,,,,-0.380,-4.897,True,0.417,-1.639,0.71,24.99
1786962145.842,,0,,,,-0.170,-4.626,True,0.420,-1.767,0.77,24.97
1786962145.916,,0,,,,0.000,-4.408,True,0.423,-1.553,0.67,24.84
1786962146.016,,0,,,,0.150,-4.215,True,0.426,-1.793,0.78,24.82
1786962146.116,,0,,,,0.160,-4.202,True,0.426,-1.908,0.83,24.80
1786962146.216,,0,,,,0.040,-4.356,True,0.424,-1.607,0.69,24.52
1786962146.266,,0,,,,-0.050,-4.472,True,0.422,-1.696,0.73,24.52
1786962146.366,,0,,,,-0.230,-4.704,True,0.420,-1.584,0.67,24.33
1786962146.441,,0,,,,-0.400,-4.922,True,0.417,-1.508,0.64,24.31
1786962146.541,,0,,,,-0.540,-5.103,True,0.415,-1.620,0.69,24.29
1786962146.616,,0,,,,-0.600,-5.180,True,0.414,-1.608,0.68,24.27
1786962146.716,,0,,,,-0.590,-5.167,True,0.414,-1.862,0.79,24.25
1786962146.791,,0,,,,-0.500,-5.051,True,0.415,-2.073,0.88,24.23
1786962146.916,,0,,,,-0.330,-4.832,True,0.418,-2.229,0.94,24.21
1786962147.016,,0,,,,0.000,-4.408,True,0.423,-2.668,1.13,24.19
1786962147.091,,0,,,,0.140,-4.228,True,0.426,-1.325,0.54,23.54
1786962147.192,,0,,,,0.130,-4.240,True,0.425,-1.407,0.58,23.53
1786962147.341,,0,,,,-0.170,-4.626,True,0.420,-1.492,0.61,23.49
1786962147.466,,0,,,,-0.380,-4.897,True,0.417,-1.500,0.61,23.30
1786962147.566,,0,,,,-0.360,-4.871,True,0.417,-1.360,0.55,23.26
1786962147.616,,0,,,,-0.310,-4.807,True,0.418,-1.407,0.57,23.25
1786962147.716,,0,,,,-0.110,-4.549,True,0.421,-1.285,0.52,23.02
1786962147.791,,0,,,,0.050,-4.343,True,0.424,-1.497,0.60,23.00
1786962147.866,,0,,,,0.100,-4.279,True,0.425,-1.657,0.66,22.99
1786962147.941,,0,,,,0.140,-4.228,True,0.426,-1.947,0.78,22.97
1786962148.016,,0,,,,0.050,-4.343,True,0.424,-1.672,0.66,22.76
1786962148.091,,0,,,,-0.050,-4.472,True,0.422,-1.758,0.69,22.65
1786962148.166,,0,,,,-0.170,-4.626,True,0.420,-1.855,0.73,22.64
1786962148.241,,0,,,,-0.230,-4.704,True,0.420,-1.936,0.76,22.61
1786962148.341,,0,,,,-0.230,-4.704,True,0.420,-1.770,0.69,22.42
1786962148.416,,0,,,,-0.210,-4.678,True,0.420,-1.915,0.75,22.37
1786962148.491,,0,,,,-0.140,-4.588,True,0.421,-1.951,0.76,22.35
1786962148.566,,0,,,,-0.070,-4.498,True,0.422,-1.714,0.67,22.24
1786962148.666,,0,,,,-0.070,-4.498,True,0.422,-1.825,0.71,22.23
1786962148.741,,0,,,,-0.060,-4.485,True,0.422,-1.975,0.77,22.22
1786962148.816,,0,,,,-0.140,-4.588,True,0.421,-2.064,0.80,22.20
1786962148.891,,0,,,,-0.230,-4.704,True,0.420,-2.189,0.85,22.20
1786962149.041,,0,,,,-0.320,-4.819,True,0.418,-2.746,1.06,22.15
1786962149.091,,0,,,,-0.320,-4.819,True,0.418,-3.236,1.25,22.13
1786962149.166,,0,,,,-0.280,-4.768,True,0.419,-3.244,1.25,22.11
1786962149.242,,0,,,,-0.220,-4.691,True,0.420,-3.245,1.25,22.09
1786962149.316,,0,,,,-0.180,-4.639,True,0.420,-2.036,0.77,21.54
1786962149.416,,0,,,,-0.060,-4.485,True,0.422,-2.316,0.87,21.51
1786962149.516,,0,,,,0.020,-4.382,True,0.424,-2.648,0.99,21.49
1786962149.616,,0,,,,0.030,-4.369,True,0.424,-2.139,0.79,21.16
1786962149.716,,0,,,,0.040,-4.356,True,0.424,-2.229,0.82,21.11
1786962149.766,,0,,,,0.010,-4.395,True,0.423,-2.421,0.89,21.10
1786962149.841,,0,,,,0.010,-4.395,True,0.423,-2.547,0.94,21.09
1786962149.916,,0,,,,-0.050,-4.472,True,0.422,-2.542,0.93,21.08
1786962150.016,,0,,,,0.070,-4.318,True,0.424,-2.380,0.87,21.06
1786962150.116,,0,,,,0.250,-4.086,True,0.427,-2.398,0.88,21.04
1786962150.191,,0,,,,0.360,-3.945,True,0.429,-2.563,0.94,21.01
1786962150.266,,0,,,,0.490,-3.777,True,0.431,-2.805,1.03,21.00
1786962150.391,,0,,,,0.520,-3.739,True,0.432,-3.230,1.18,20.97
1786962150.466,,0,,,,0.480,-3.790,True,0.431,-3.492,1.28,20.96
1786962150.541,,0,,,,0.420,-3.867,True,0.430,-3.723,1.36,20.93
1786962150.641,,0,,,,0.310,-4.009,True,0.428,-3.959,1.44,20.92
1786962150.716,,0,,,,0.220,-4.125,True,0.427,-4.055,1.48,20.90
1786962150.791,,0,,,,0.250,-4.086,True,0.427,-4.199,1.53,20.89
1786962150.866,,0,,,,0.330,-3.983,True,0.429,-4.386,1.60,20.88
1786962150.916,,0,,,,0.470,-3.803,True,0.431,-4.488,1.63,20.87
1786962150.991,,0,,,,0.660,-3.558,True,0.434,-4.500,1.64,20.86
1786962151.067,,0,,,,0.730,-3.468,True,0.435,-4.553,1.66,20.85
1786962151.141,,0,,,,0.860,-3.301,True,0.437,-1.445,0.50,19.86
1786962151.216,,0,,,,0.920,-3.224,True,0.438,-1.477,0.51,19.84
1786962151.341,,0,,,,0.830,-3.340,True,0.437,-1.588,0.55,19.83
1786962151.416,,0,,,,0.680,-3.533,True,0.434,-1.026,0.35,19.54
1786962151.491,,0,,,,0.640,-3.584,True,0.434,-1.230,0.42,19.53
1786962151.566,,0,,,,0.290,-4.035,True,0.428,-1.418,0.48,19.54
1786962151.641,,0,,,,0.230,-4.112,True,0.427,-1.093,0.37,19.31
1786962151.716,,0,,,,0.030,-4.369,True,0.424,-1.401,0.47,19.29
1786962151.841,,0,,,,0.150,-4.215,True,0.426,-1.820,0.61,19.26
1786962151.941,,0,,,,0.440,-3.842,True,0.430,-1.629,0.54,19.08
1786962152.066,,0,,,,0.940,-3.198,True,0.439,-1.571,0.52,19.02
1786962152.166,,0,,,,1.120,-2.967,True,0.442,-1.689,0.56,18.95
1786962152.616,,0,,,,-0.010,-4.421,True,0.423,-2.709,0.88,18.70
1786962152.666,,0,,,,-0.160,-4.614,True,0.421,-1.721,0.55,18.42
1786962152.716,,0,,,,-0.210,-4.678,True,0.420,-1.920,0.62,18.40
1786962152.791,,0,,,,-0.160,-4.614,True,0.421,-1.914,0.61,18.37
1786962152.841,,0,,,,-0.070,-4.498,True,0.422,-2.204,0.71,18.37
1786962152.916,,0,,,,0.220,-4.125,True,0.427,-1.940,0.62,18.23
1786962152.991,,0,,,,0.590,-3.649,True,0.433,-3.354,1.07,18.31
1786962153.066,,0,,,,0.970,-3.160,True,0.439,-3.676,1.16,18.13
1786962153.166,,0,,,,1.320,-2.709,True,0.445,-3.913,1.24,18.11
1786962153.266,,0,,,,1.540,-2.426,True,0.449,-3.008,0.94,17.94
1786962153.341,,0,,,,1.500,-2.478,True,0.448,-2.187,0.68,17.88
1786962153.416,,0,,,,1.380,-2.632,True,0.446,-2.786,0.87,17.80
1786962153.491,,0,,,,1.250,-2.799,True,0.444,-2.954,0.92,17.79
1786962153.541,,0,,,,1.090,-3.005,True,0.441,-2.795,0.87,17.74
1786962153.641,,0,,,,0.870,-3.288,True,0.438,-2.744,0.85,17.73
1786962153.741,,0,,,,0.780,-3.404,True,0.436,-2.894,0.89,17.70
1786962153.816,,0,,,,0.760,-3.430,True,0.436,-2.895,0.89,17.69
1786962153.891,,0,,,,0.860,-3.301,True,0.437,-2.914,0.90,17.67
1786962153.966,,0,,,,0.960,-3.172,True,0.439,-3.070,0.95,17.66
1786962154.041,,0,,,,1.020,-3.095,True,0.440,-3.146,0.97,17.64
1786962154.116,,0,,,,1.080,-3.018,True,0.441,-3.223,0.99,17.63
1786962154.216,,0,,,,1.110,-2.979,True,0.442,-3.352,1.03,17.61
1786962154.291,,0,,,,1.050,-3.057,True,0.441,-3.474,1.07,17.60
1786962154.366,,0,,,,0.900,-3.250,True,0.438,-3.674,1.13,17.59
1786962154.441,,0,,,,0.730,-3.468,True,0.435,-3.709,1.14,17.57
1786962154.541,,0,,,,0.530,-3.726,True,0.432,-3.766,1.15,17.55
1786962154.616,,0,,,,0.480,-3.790,True,0.431,-3.834,1.17,17.55
1786962154.716,,0,,,,0.450,-3.829,True,0.431,-3.738,1.14,17.53
1786962154.791,,0,,,,0.620,-3.610,True,0.433,-3.615,1.10,17.52
1786962154.866,,0,,,,0.740,-3.456,True,0.435,-3.704,1.13,17.51
1786962154.966,,0,,,,0.880,-3.275,True,0.438,0.311,0.09,16.84
1786962155.041,,0,,,,0.970,-3.160,True,0.439,0.140,0.04,16.82
1786962155.091,,0,,,,1.050,-3.057,True,0.441,0.156,0.05,16.82
1786962155.166,,0,,,,1.110,-2.979,True,0.442,0.229,0.07,16.80
1786962155.266,,0,,,,1.120,-2.967,True,0.442,0.181,0.05,16.78
1786962155.366,,0,,,,1.060,-3.044,True,0.441,0.066,0.02,16.76
1786962155.441,,0,,,,1.120,-2.967,True,0.442,-0.092,0.03,16.74
1786962155.516,,0,,,,1.130,-2.954,True,0.442,-0.274,0.08,16.73
1786962155.641,,0,,,,1.330,-2.696,True,0.445,-0.544,0.16,16.71
1786962155.716,,0,,,,1.440,-2.555,True,0.447,-0.553,0.16,16.70
1786962155.791,,0,,,,1.600,-2.349,True,0.450,-0.649,0.19,16.70
1786962155.891,,0,,,,1.730,-2.182,True,0.452,2.365,0.67,16.25
1786962155.966,,0,,,,1.760,-2.143,True,0.453,2.181,0.62,16.25
1786962156.041,,0,,,,1.640,-2.298,True,0.451,2.180,0.62,16.23
1786962156.116,,0,,,,1.490,-2.491,True,0.448,2.070,0.59,16.22
1786962156.166,,0,,,,1.170,-2.902,True,0.443,3.213,0.90,16.04
1786962156.266,,0,,,,0.940,-3.198,True,0.439,3.306,0.92,16.02
1786962156.341,,0,,,,0.650,-3.571,True,0.434,3.348,0.94,16.01
1786962156.391,,0,,,,0.470,-3.803,True,0.431,3.506,0.98,15.99
1786962156.741,,0,,,,0.000,-4.408,True,0.423,4.326,1.18,15.71
1786962156.816,,0,,,,-0.010,-4.421,True,0.423,4.168,1.14,15.69
1786962199.591,,0,,,,61.320,59.618,True,0.860,-5.364,2.66,28.51
1786962199.641,,0,,,,61.320,59.618,True,0.860,-6.481,3.22,28.49
1786962199.716,,0,,,,61.320,59.618,True,0.860,-12.331,6.01,28.13
1786962199.791,,0,,,,61.320,59.618,True,0.860,-12.545,6.11,28.11
1786962199.866,,0,,,,60.450,58.760,True,0.860,-12.213,5.95,28.11
1786962199.941,,0,,,,60.580,58.888,True,0.860,-11.407,5.56,28.09
1786962200.066,,0,,,,60.480,58.789,True,0.860,-12.203,6.11,28.91
1786962200.141,,0,,,,60.300,58.612,True,0.860,-11.461,5.71,28.73
1786962200.216,,0,,,,59.880,58.198,True,0.860,-11.141,5.55,28.72
1786962200.266,,0,,,,59.530,57.852,True,0.860,-11.008,5.65,29.61
1786962200.366,,0,,,,59.000,57.330,True,0.860,-11.557,5.71,28.48
1786962200.441,,0,,,,58.840,57.172,True,0.860,-11.273,5.56,28.47
1786962200.491,,0,,,,58.840,57.172,True,0.860,-10.844,5.35,28.45
1786962200.566,,0,,,,58.840,57.172,True,0.860,-10.766,5.31,28.45
1786962200.641,,0,,,,59.080,57.409,True,0.860,-13.067,6.15,27.22
1786962200.741,,0,,,,59.690,58.010,True,0.860,-12.394,5.84,27.21
1786962200.841,,0,,,,60.450,58.760,True,0.860,-12.260,5.77,27.19
1786962200.941,,0,,,,60.940,59.243,True,0.860,-13.507,6.33,27.11
1786962201.016,,0,,,,60.870,59.174,True,0.860,-13.669,6.40,27.07
1786962201.091,,0,,,,60.540,58.849,True,0.860,-13.626,6.37,27.04
1786962201.166,,0,,,,60.210,58.523,True,0.860,-13.102,6.13,27.03
1786962201.266,,0,,,,59.780,58.099,True,0.860,-12.656,5.92,27.01
1786962201.341,,0,,,,59.610,57.931,True,0.860,-13.058,6.15,27.21
1786962201.416,,0,,,,59.560,57.882,True,0.860,-12.398,5.84,27.20
1786962201.466,,0,,,,59.530,57.852,True,0.860,-11.914,5.61,27.19
1786962201.566,,0,,,,59.500,57.823,True,0.860,-11.617,5.47,27.18
1786962201.641,,0,,,,59.520,57.843,True,0.860,-11.315,5.33,27.17
1786962201.716,,0,,,,58.990,57.320,True,0.860,-12.455,5.78,26.78
1786962201.766,,0,,,,58.410,56.748,True,0.860,-11.963,5.55,26.78
1786962201.816,,0,,,,57.980,56.324,True,0.860,-11.398,5.35,27.07
1786962201.891,,0,,,,57.230,55.584,True,0.860,-10.373,4.87,27.06
1786962201.966,,0,,,,56.260,54.627,True,0.860,-9.966,4.68,27.05
1786962202.041,,0,,,,55.510,53.887,True,0.860,-8.110,3.81,27.02
1786962202.116,,0,,,,54.710,53.098,True,0.860,-6.887,3.24,27.01
1786962202.191,,0,,,,53.860,52.393,True,0.860,-5.923,2.79,27.00
1786962202.541,,0,,,,50.790,49.870,True,0.860,-4.956,2.29,26.56
1786962202.741,,0,,,,49.260,48.612,True,0.860,-5.520,2.55,26.53
1786962202.816,,0,,,,47.830,47.437,True,0.860,-6.481,3.01,26.69
1786962202.991,,0,,,,45.430,45.464,True,0.860,-4.248,1.98,26.66
1786962203.316,,0,,,,42.840,43.336,True,0.860,-4.811,2.29,27.27
1786962203.366,,0,,,,42.720,43.237,True,0.860,-3.443,1.60,26.67
1786962203.416,,0,,,,42.650,43.177,True,0.860,-4.422,2.06,26.66
1786962203.491,,0,,,,42.480,43.015,True,0.861,-6.787,3.14,26.58
1786962203.666,,0,,,,42.240,42.786,True,0.863,-6.878,3.16,26.39
1786962203.766,,0,,,,42.180,42.728,True,0.863,-6.422,2.95,26.37
1786962203.866,,0,,,,42.040,42.595,True,0.864,-5.946,2.73,26.35
1786962203.941,,0,,,,41.850,42.413,True,0.865,-6.677,3.06,26.32
1786962204.016,,0,,,,41.650,42.222,True,0.866,-6.745,3.09,26.30
1786962204.091,,0,,,,41.510,42.089,True,0.867,-6.582,3.01,26.28
1786962204.216,,0,,,,40.820,41.430,True,0.872,-8.573,3.97,26.61
1786962204.316,,0,,,,40.420,41.048,True,0.874,-8.182,3.78,26.59
1786962204.441,,0,,,,39.580,40.246,True,0.880,-6.506,3.00,26.46
1786962204.516,,0,,,,39.190,39.874,True,0.882,-7.837,3.60,26.37
1786962204.566,,0,,,,38.950,39.645,True,0.884,-7.716,3.54,26.37
1786962204.616,,0,,,,38.770,39.473,True,0.885,-7.121,3.29,26.51
1786962204.716,,0,,,,38.260,38.986,True,0.888,-7.006,3.23,26.48
1786962204.791,,0,,,,37.750,38.500,True,0.891,-6.471,2.98,26.45
1786962204.866,,0,,,,37.370,38.137,True,0.894,-6.454,2.97,26.44
1786962204.916,,0,,,,36.780,37.574,True,0.898,-6.120,2.82,26.42
1786962205.016,,0,,,,36.130,36.953,True,0.902,-7.080,3.26,26.44
1786962205.091,,0,,,,35.910,36.743,True,0.903,-6.769,3.11,26.42
1786962205.166,,0,,,,35.840,36.676,True,0.904,-6.805,3.13,26.41
1786962205.241,,0,,,,35.860,36.696,True,0.903,-6.277,2.89,26.39
1786962205.341,,0,,,,36.090,36.915,True,0.902,-5.659,2.67,27.04
1786962205.441,,0,,,,36.210,37.030,True,0.901,-6.238,2.87,26.46
1786962205.541,,0,,,,36.170,36.991,True,0.901,-6.073,2.80,26.50
1786962205.641,,0,,,,35.950,36.781,True,0.903,-4.336,1.99,26.37
1786962205.741,,0,,,,35.750,36.591,True,0.904,-3.898,1.79,26.35
1786962205.816,,0,,,,35.560,36.409,True,0.905,-3.302,1.52,26.33
1786962205.916,,0,,,,35.140,36.008,True,0.908,-4.673,2.20,26.99
1786962206.066,,0,,,,34.380,35.283,True,0.913,-6.063,2.80,26.46
1786962206.141,,0,,,,33.890,34.815,True,0.916,-5.683,2.62,26.43
1786962206.216,,0,,,,33.730,34.662,True,0.917,-6.911,3.25,26.98
1786962206.291,,0,,,,33.680,34.615,True,0.917,-6.396,3.00,26.96
1786962206.416,,0,,,,33.500,34.443,True,0.919,-6.143,2.88,26.94
1786962206.466,,0,,,,33.350,34.300,True,0.920,-5.893,2.76,26.93
1786962206.541,,0,,,,33.350,34.300,True,0.920,-4.632,2.14,26.52
1786962206.616,,0,,,,33.410,34.357,True,0.919,-4.621,2.14,26.50
1786962206.691,,0,,,,33.550,34.491,True,0.918,-4.283,1.98,26.49
1786962206.766,,0,,,,33.660,34.596,True,0.918,-4.130,1.91,26.58
1786962206.791,,0,,,,33.740,34.672,True,0.917,-3.609,1.67,26.57
1786962206.866,,0,,,,33.770,34.701,True,0.917,-4.213,1.95,26.58
1786962206.941,,0,,,,34.000,34.920,True,0.915,-4.188,1.95,26.65
1786962206.991,,0,,,,34.260,35.168,True,0.914,-3.866,1.80,26.63
1786962207.066,,0,,,,34.260,35.168,True,0.914,-4.143,1.92,26.61
1786962207.141,,0,,,,33.610,34.548,True,0.918,-4.560,2.11,26.58
1786962207.216,,0,,,,33.140,34.099,True,0.921,-4.685,2.17,26.55
1786962207.341,,0,,,,32.320,33.315,True,0.926,-4.500,2.08,26.52
1786962207.416,,0,,,,31.610,32.537,True,0.901,-4.505,2.08,26.51
1786962207.491,,0,,,,31.390,32.296,True,0.893,-4.029,1.86,26.51
1786962207.566,,0,,,,31.510,32.427,True,0.898,-3.649,1.69,26.50
1786962207.641,,0,,,,32.160,33.140,True,0.920,-3.060,1.41,26.51
1786962207.716,,0,,,,33.400,34.347,True,0.919,-2.101,0.97,26.51
1786962207.866,,0,,,,36.010,36.839,True,0.903,-3.393,1.59,26.90
1786962207.916,,0,,,,37.200,37.975,True,0.895,-2.347,1.10,26.89
1786962208.016,,0,,,,38.660,39.368,True,0.886,-1.123,0.53,26.89
1786962208.166,,0,,,,42.370,42.910,True,0.862,-1.161,0.54,26.89
1786962208.266,,0,,,,43.070,43.525,True,0.860,-1.114,0.52,26.95
1786962208.441,,0,,,,44.320,44.552,True,0.860,1.390,0.65,26.96
1786962208.516,,0,,,,44.160,44.421,True,0.860,0.539,0.25,26.95
1786962208.616,,0,,,,43.160,43.599,True,0.860,-1.728,0.81,26.92
1786962208.691,,0,,,,42.650,43.177,True,0.860,-5.709,2.72,27.35
1786962208.791,,0,,,,42.190,42.738,True,0.863,-5.951,2.83,27.33
1786962208.866,,0,,,,42.300,42.843,True,0.862,-6.326,3.01,27.33
1786962208.966,,0,,,,42.890,43.377,True,0.860,-7.691,3.63,27.16
1786962209.066,,0,,,,44.470,44.675,True,0.860,-6.858,3.22,26.98
1786962209.141,,0,,,,46.620,46.443,True,0.860,-7.252,3.41,26.97
1786962209.216,,0,,,,47.900,47.495,True,0.860,-10.420,5.05,27.93
1786962209.291,,0,,,,49.780,49.040,True,0.860,-9.451,4.48,27.30
1786962209.391,,0,,,,52.880,51.588,True,0.860,-9.661,4.58,27.30
1786962209.491,,0,,,,55.270,53.651,True,0.860,-6.390,3.03,27.23
1786962209.641,,0,,,,58.580,56.915,True,0.860,-6.508,3.08,27.21
1786962209.741,,0,,,,60.510,58.819,True,0.860,-6.234,2.95,27.20
1786962209.816,,0,,,,61.600,59.894,True,0.860,-6.841,3.24,27.18
1786962209.941,,0,,,,63.050,61.324,True,0.860,-7.092,3.35,27.15
1786962210.016,,0,,,,63.660,61.926,True,0.860,-7.661,3.62,27.13
1786962210.166,,0,,,,63.690,61.955,True,0.860,-12.872,6.12,27.46
1786962210.416,,0,,,,64.000,62.261,True,0.860,-13.321,6.33,27.48
1786962210.516,,0,,,,64.500,62.754,True,0.860,-13.739,6.52,27.46
1786962210.616,,0,,,,65.380,63.762,True,0.883,-13.514,6.44,27.57
1786962210.716,,0,,,,66.150,64.674,True,0.909,-13.042,6.22,27.56
1786962210.766,,0,,,,66.780,65.419,True,0.929,-12.908,6.16,27.55
1786962210.841,,0,,,,67.710,66.520,True,0.960,-12.174,5.81,27.56
1786962210.941,,0,,,,68.510,67.467,True,0.987,-8.666,4.16,27.61
1786962210.991,,0,,,,69.430,68.556,True,1.018,-10.076,4.81,27.49
1786962211.091,,0,,,,70.840,70.225,True,1.065,-9.738,4.65,27.48
1786962211.166,,0,,,,71.700,71.242,True,1.094,-12.846,6.15,27.66
1786962211.266,,0,,,,72.370,72.035,True,1.116,-16.273,8.38,29.90
1786962211.316,,0,,,,72.780,72.521,True,1.130,-14.296,6.95,28.16
1786962211.391,,0,,,,73.240,73.044,True,1.137,-14.042,6.83,28.15
1786962211.466,,0,,,,73.550,73.384,True,1.137,-13.943,6.78,28.14
1786962211.541,,0,,,,73.780,73.636,True,1.137,-13.702,6.66,28.13
1786962211.616,,0,,,,73.900,73.767,True,1.137,-12.298,5.91,27.75
1786962211.716,,0,,,,73.830,73.691,True,1.137,-13.166,6.35,27.87
1786962211.866,,0,,,,73.460,73.285,True,1.137,-12.796,6.20,27.99
1786962211.941,,0,,,,73.300,73.110,True,1.137,-12.139,5.88,27.95
1786962211.991,,0,,,,73.180,72.978,True,1.137,-11.745,5.69,27.94
1786962212.066,,0,,,,73.140,72.934,True,1.137,-11.856,5.80,28.21
1786962212.141,,0,,,,73.200,73.000,True,1.137,-11.526,5.69,28.50
1786962212.241,,0,,,,73.340,73.154,True,1.137,-11.313,5.65,28.82
1786962212.316,,0,,,,73.470,73.296,True,1.137,-10.855,5.43,28.81
1786962212.391,,0,,,,73.750,73.603,True,1.137,-10.381,5.14,28.54
1786962212.466,,0,,,,74.030,73.910,True,1.137,-10.470,5.12,28.17
1786962212.566,,0,,,,74.410,74.326,True,1.137,-10.076,4.92,28.15
1786962212.641,,0,,,,74.860,74.819,True,1.137,-10.221,5.10,28.72
1786962212.716,,0,,,,75.290,75.291,True,1.137,-10.549,5.24,28.65
1786962212.766,,0,,,,75.480,75.499,True,1.137,-10.388,5.16,28.64
1786962212.891,,0,,,,75.740,75.784,True,1.137,-12.291,6.32,29.67
1786962212.966,,0,,,,75.810,75.860,True,1.137,-11.800,6.00,29.35
1786962213.041,,0,,,,75.770,75.817,True,1.137,-11.771,5.98,29.34
1786962213.116,,0,,,,75.650,75.685,True,1.137,-11.700,5.95,29.32
1786962213.241,,0,,,,75.370,75.378,True,1.137,-11.019,5.43,28.39
1786962213.341,,0,,,,75.190,75.181,True,1.137,-12.564,6.27,28.82
1786962213.416,,0,,,,74.850,74.808,True,1.137,-12.175,6.08,28.81
1786962213.491,,0,,,,74.660,74.600,True,1.137,-10.795,5.36,28.61
1786962213.566,,0,,,,74.550,74.480,True,1.137,-10.905,5.45,28.83
1786962213.641,,0,,,,74.350,74.260,True,1.137,-10.362,5.18,28.81
1786962213.741,,0,,,,74.080,73.965,True,1.137,-10.000,5.08,29.28
1786962213.841,,0,,,,73.910,73.778,True,1.137,-10.220,5.09,28.70
1786962213.916,,0,,,,73.870,73.734,True,1.137,-9.856,4.92,28.77
1786962213.966,,0,,,,73.940,73.811,True,1.137,-9.688,4.84,28.76
1786962214.041,,0,,,,73.920,73.789,True,1.137,-10.007,5.01,28.81
1786962214.141,,0,,,,73.910,73.778,True,1.137,-9.946,4.97,28.76
1786962214.191,,0,,,,73.950,73.822,True,1.137,-9.590,4.79,28.75
1786962214.291,,0,,,,73.990,73.866,True,1.137,-9.498,4.76,28.83
1786962214.391,,0,,,,73.970,73.844,True,1.137,-9.307,4.66,28.81
1786962214.491,,0,,,,73.910,73.778,True,1.137,-10.093,5.09,29.04
1786962214.541,,0,,,,73.780,73.636,True,1.137,-9.857,4.97,29.02
1786962214.616,,0,,,,73.500,73.329,True,1.137,-9.754,4.92,29.01
1786962214.691,,0,,,,73.240,73.044,True,1.137,-9.546,4.81,28.99
1786962214.766,,0,,,,73.040,72.825,True,1.137,-10.215,5.16,29.11
1786962214.841,,0,,,,72.740,72.473,True,1.128,-10.023,5.06,29.09
1786962214.891,,0,,,,72.300,71.953,True,1.114,-10.113,5.11,29.11
1786962215.016,,0,,,,71.780,71.337,True,1.096,-9.888,4.99,29.09
1786962215.091,,0,,,,71.450,70.946,True,1.085,-9.620,4.86,29.06
1786962215.166,,0,,,,71.160,70.603,True,1.075,-10.165,5.16,29.23
1786962215.241,,0,,,,70.800,70.177,True,1.063,-10.466,5.33,29.34
1786962215.341,,0,,,,70.290,69.574,True,1.046,-10.497,5.49,30.16
1786962215.416,,0,,,,69.930,69.147,True,1.034,-10.339,5.41,30.14
1786962215.541,,0,,,,69.520,68.662,True,1.021,-10.269,5.37,30.12
1786962215.616,,0,,,,69.540,68.686,True,1.021,-9.927,5.19,30.11
1786962215.741,,0,,,,69.840,69.041,True,1.031,-9.773,5.11,30.09
1786962215.816,,0,,,,70.180,69.443,True,1.043,-9.534,4.98,30.08
1786962215.891,,0,,,,70.430,69.739,True,1.051,-9.363,4.89,30.08
1786962215.966,,0,,,,70.530,69.858,True,1.054,-9.124,4.76,30.05
1786962216.066,,0,,,,70.480,69.798,True,1.053,-8.769,4.58,30.05
1786962216.141,,0,,,,70.130,69.384,True,1.041,-8.703,4.54,30.02
1786962216.241,,0,,,,69.690,68.863,True,1.026,-8.793,4.59,30.01
1786962216.341,,0,,,,69.070,68.130,True,1.006,-8.871,4.62,29.99
1786962216.416,,0,,,,68.670,67.656,True,0.992,-8.950,4.66,29.97
1786962216.466,,0,,,,68.490,67.443,True,0.986,-9.178,4.78,29.96
1786962216.566,,0,,,,68.090,66.970,True,0.973,-8.854,4.61,29.92
1786962216.641,,0,,,,67.890,66.733,True,0.966,-8.315,4.33,29.91
1786962216.716,,0,,,,67.730,66.544,True,0.961,-7.819,4.07,29.89
1786962216.766,,0,,,,67.580,66.366,True,0.956,-7.539,3.92,29.88
1786962216.816,,0,,,,67.420,66.177,True,0.951,-7.078,3.68,29.88
1786962216.891,,0,,,,67.100,65.798,True,0.940,-6.484,3.37,29.85
1786962216.966,,0,,,,66.880,65.538,True,0.933,-6.369,3.31,29.84
1786962217.066,,0,,,,66.660,65.277,True,0.925,-6.021,3.13,29.83
1786962217.140,,0,,,,66.560,65.159,True,0.922,-5.830,3.03,29.80
1786962217.241,,0,,,,66.470,65.052,True,0.919,-5.805,3.01,29.79
1786962217.316,,0,,,,66.490,65.076,True,0.920,-5.693,2.95,29.77
1786962217.391,,0,,,,66.560,65.159,True,0.922,-5.605,2.91,29.75
1786962217.466,,0,,,,66.660,65.277,True,0.925,-5.733,2.97,29.74
1786962217.566,,0,,,,66.680,65.301,True,0.926,-5.757,2.98,29.72
1786962217.616,,0,,,,66.620,65.230,True,0.924,-135.398,4.17,5.94
1786962217.691,,0,,,,66.500,65.088,True,0.920,-135.299,4.17,5.93
1786962217.791,,0,,,,66.210,64.745,True,0.911,-135.579,4.15,5.93
1786962217.866,,0,,,,65.900,64.378,True,0.900,-135.661,4.14,5.92
1786962217.941,,0,,,,65.510,63.916,True,0.888,-136.046,4.10,5.91
1786962218.015,,0,,,,64.880,63.171,True,0.867,-136.096,4.10,5.91
1786962218.090,,0,,,,64.310,62.567,True,0.860,-136.006,4.10,5.90
1786962218.215,,0,,,,63.130,61.403,True,0.860,-136.103,4.09,5.89
1786962218.366,,0,,,,62.360,60.644,True,0.860,-136.089,4.08,5.88
1786962218.466,,0,,,,62.050,60.338,True,0.860,-136.296,4.05,5.87
1786962218.516,,0,,,,61.940,60.229,True,0.860,-136.390,4.04,5.86
1786962218.616,,0,,,,62.030,60.318,True,0.860,-136.160,4.05,5.84
1786962218.715,,0,,,,62.160,60.446,True,0.860,-136.091,4.04,5.83
1786962218.766,,0,,,,62.330,60.614,True,0.860,-135.951,4.05,5.83
1786962218.865,,0,,,,62.360,60.644,True,0.860,-135.910,4.04,5.81
1786962218.941,,0,,,,62.070,60.358,True,0.860,-135.891,4.04,5.81
1786962219.016,,0,,,,61.730,60.022,True,0.860,-135.959,4.03,5.80
1786962219.091,,0,,,,60.990,59.292,True,0.860,-136.092,4.02,5.80
1786962219.191,,0,,,,60.320,58.632,True,0.860,-136.158,4.02,5.80
1786962219.291,,0,,,,59.740,58.060,True,0.860,-136.172,4.01,5.79
1786962219.415,,0,,,,59.270,57.596,True,0.860,-136.734,3.97,5.79
1786962219.466,,0,,,,59.120,57.448,True,0.860,-137.221,3.93,5.79
1786962219.541,,0,,,,58.870,57.201,True,0.860,-137.613,3.90,5.79
1786962219.616,,0,,,,58.600,56.935,True,0.860,-137.797,3.88,5.78
1786962219.715,,0,,,,58.220,56.560,True,0.860,-137.646,3.89,5.78
1786962219.790,,0,,,,57.910,56.255,True,0.860,-137.501,3.90,5.77
1786962219.866,,0,,,,57.590,55.939,True,0.860,-137.553,3.89,5.77
1786962219.941,,0,,,,56.920,55.278,True,0.860,-137.684,3.88,5.76
1786962219.990,,0,,,,56.400,54.765,True,0.860,-137.513,3.89,5.76
1786962220.065,,0,,,,55.900,54.272,True,0.860,-137.419,3.89,5.76
1786962220.265,,0,,,,54.770,53.158,True,0.860,-137.361,3.90,5.75
1786962220.340,,0,,,,54.510,52.927,True,0.860,-137.489,3.88,5.75
1786962220.390,,0,,,,54.430,52.862,True,0.860,-137.275,3.90,5.74
1786962220.490,,0,,,,54.380,52.821,True,0.860,-137.230,3.90,5.74
1786962220.565,,0,,,,54.350,52.796,True,0.860,-10.782,5.81,31.05
1786962220.640,,0,,,,54.420,52.854,True,0.860,-10.373,5.59,31.03
1786962220.715,,0,,,,54.400,52.837,True,0.860,-10.072,5.42,31.01
1786962220.790,,0,,,,54.120,52.607,True,0.860,-9.694,5.22,30.99
1786962220.865,,0,,,,53.860,52.393,True,0.860,-9.459,5.09,30.98
1786962220.915,,0,,,,53.410,52.023,True,0.860,-10.401,5.64,31.22
1786962221.015,,0,,,,52.640,51.391,True,0.860,-10.211,5.53,31.19
1786962221.090,,0,,,,52.000,50.864,True,0.860,-10.021,5.42,31.16
1786962221.166,,0,,,,51.050,50.084,True,0.860,-9.893,5.35,31.16
1786962221.290,,0,,,,50.350,49.508,True,0.860,-9.802,5.32,31.28
1786962221.341,,0,,,,49.990,49.212,True,0.860,-9.466,5.14,31.26
1786962221.466,,0,,,,49.250,48.604,True,0.860,-9.230,5.01,31.23
1786962221.515,,0,,,,48.900,48.317,True,0.860,-10.370,5.63,31.29
1786962221.615,,0,,,,48.500,47.988,True,0.860,-9.267,5.06,31.40
1786962221.715,,0,,,,48.160,47.708,True,0.860,-8.696,4.74,31.37
1786962221.790,,0,,,,47.750,47.371,True,0.860,-8.475,4.62,31.36
1786962221.865,,0,,,,47.340,47.034,True,0.860,-9.471,5.19,31.52
1786962221.965,,0,,,,46.690,46.500,True,0.860,-8.778,4.80,31.43
1786962222.040,,0,,,,46.270,46.155,True,0.860,-8.757,4.78,31.42
1786962222.165,,0,,,,45.530,45.547,True,0.860,-8.749,4.78,31.42
1786962222.240,,0,,,,45.260,45.325,True,0.860,-9.033,4.96,31.56
1786962222.365,,0,,,,44.510,44.708,True,0.860,-9.109,5.01,31.64
1786962222.465,,0,,,,43.920,44.223,True,0.860,-8.743,4.82,31.69
1786962222.540,,0,,,,43.290,43.706,True,0.860,-8.233,4.52,31.58
1786962222.615,,0,,,,42.670,43.196,True,0.860,-7.775,4.27,31.56
1786962222.740,,0,,,,41.470,42.051,True,0.868,-7.078,3.88,31.52
1786962222.791,,0,,,,41.210,41.802,True,0.869,-6.812,3.74,31.50
1786962222.840,,0,,,,40.810,41.421,True,0.872,-6.462,3.54,31.49
1786962222.940,,0,,,,40.330,40.962,True,0.875,-5.861,3.21,31.45
1786962223.015,,0,,,,40.100,40.743,True,0.876,-5.655,3.10,31.44
1786962223.065,,0,,,,39.930,40.581,True,0.877,-5.444,2.98,31.44
1786962223.165,,0,,,,39.970,40.619,True,0.877,-4.980,2.73,31.41
1786962223.265,,0,,,,39.940,40.590,True,0.877,-4.731,2.59,31.39
1786962223.365,,0,,,,39.740,40.399,True,0.879,-4.539,2.48,31.37
1786962223.440,,0,,,,39.050,39.741,True,0.883,-4.324,2.36,31.35
1786962223.540,,0,,,,38.180,38.910,True,0.889,-4.056,2.22,31.33
1786962223.590,,0,,,,37.370,38.137,True,0.894,-3.637,1.99,31.31
1786962223.665,,0,,,,36.980,37.765,True,0.896,-3.791,2.07,31.30
1786962223.765,,0,,,,35.930,36.762,True,0.903,-3.418,1.86,31.26
1786962223.865,,0,,,,35.050,35.922,True,0.909,-2.923,1.59,31.23
1786962223.940,,0,,,,34.560,35.455,True,0.912,-2.698,1.47,31.21
1786962224.015,,0,,,,34.090,35.006,True,0.915,-2.095,1.14,31.18
1786962224.090,,0,,,,33.680,34.615,True,0.917,-1.776,0.97,31.16
1786962224.165,,0,,,,33.340,34.290,True,0.920,-1.408,0.77,31.14
1786962224.240,,0,,,,33.040,34.004,True,0.922,-1.331,0.72,31.13
1786962224.340,,0,,,,32.370,33.364,True,0.926,-0.780,0.42,31.10
1786962224.415,,0,,,,32.060,33.030,True,0.917,-0.289,0.16,31.09
1786962224.490,,0,,,,31.950,32.910,True,0.913,-0.081,0.04,31.09
1786962224.566,,0,,,,31.890,32.844,True,0.911,0.234,0.13,31.06
1786962224.590,,0,,,,31.710,32.647,True,0.905,0.284,0.15,31.04
1786962224.665,,0,,,,31.510,32.427,True,0.898,0.398,0.22,31.04
1786962224.765,,0,,,,30.940,31.803,True,0.878,0.695,0.38,31.01
1786962224.840,,0,,,,30.320,31.123,True,0.856,0.781,0.42,30.99
1786962224.940,,0,,,,29.760,30.510,True,0.837,1.110,0.60,30.96
1786962225.015,,0,,,,29.000,29.677,True,0.811,1.490,0.80,30.94
1786962225.140,,0,,,,27.840,28.405,True,0.771,2.110,1.14,30.90
1786962225.265,,0,,,,27.360,27.879,True,0.755,2.895,1.56,30.86
1786962225.340,,0,,,,27.020,27.507,True,0.744,2.969,1.60,30.83
1786962225.440,,0,,,,26.530,26.970,True,0.727,3.063,1.65,30.82
1786962225.515,,0,,,,26.280,26.696,True,0.719,3.522,1.89,30.80
1786962225.590,,0,,,,25.730,26.093,True,0.700,3.996,2.14,30.78
1786962225.640,,0,,,,25.530,25.874,True,0.694,4.168,2.24,30.77
1786962225.715,,0,,,,25.250,25.567,True,0.684,4.568,2.45,30.75
1786962225.790,,0,,,,24.980,25.271,True,0.675,4.729,2.53,30.74
1786962225.865,,0,,,,24.740,25.008,True,0.667,5.202,2.79,30.73
1786962225.940,,0,,,,24.650,24.910,True,0.664,5.749,3.07,30.69
1786962226.040,,0,,,,24.230,24.449,True,0.651,-3.880,2.20,32.50
1786962226.140,,0,,,,23.540,23.693,True,0.628,-3.545,2.01,32.46
1786962226.215,,0,,,,22.930,22.990,True,0.611,-3.272,1.85,32.45
1786962226.340,,0,,,,21.850,21.711,True,0.584,-2.814,1.59,32.42
1786962226.390,,0,,,,21.090,20.812,True,0.565,-2.500,1.42,32.55
1786962226.465,,0,,,,20.590,20.220,True,0.552,-2.317,1.32,32.54
1786962226.540,,0,,,,20.070,19.604,True,0.540,-1.935,1.10,32.52
1786962226.590,,0,,,,19.820,19.308,True,0.534,-1.222,0.69,32.49
1786962226.640,,0,,,,19.580,19.024,True,0.528,-2.241,1.28,32.68
1786962226.740,,0,,,,19.480,18.906,True,0.525,-1.884,1.08,32.79
1786962226.840,,0,,,,19.160,18.527,True,0.518,-1.916,1.10,32.78
1786962226.915,,0,,,,18.910,18.231,True,0.512,-1.851,1.06,32.78
1786962226.965,,0,,,,18.730,18.018,True,0.508,-1.659,0.95,32.76
1786962227.065,,0,,,,18.430,17.663,True,0.500,-1.309,0.75,32.75
1786962227.140,,0,,,,18.050,17.213,True,0.492,-1.230,0.70,32.74
1786962227.265,,0,,,,17.220,16.231,True,0.472,-1.652,0.95,32.84
1786962227.365,,0,,,,16.650,15.556,True,0.460,-1.197,0.69,32.81
1786962227.465,,0,,,,16.280,15.118,True,0.451,-1.002,0.57,32.80
1786962227.515,,0,,,,16.140,14.952,True,0.448,-1.748,1.01,32.96
1786962227.615,,0,,,,16.050,14.846,True,0.446,-1.605,0.92,32.93
1786962227.715,,0,,,,15.690,14.420,True,0.438,-1.386,0.80,33.00
1786962227.815,,0,,,,15.580,14.290,True,0.436,-0.985,0.57,32.98
1786962227.890,,0,,,,15.300,13.958,True,0.430,-0.671,0.39,32.95
1786962227.965,,0,,,,15.120,13.745,True,0.426,-0.457,0.26,32.93
1786962228.065,,0,,,,14.770,13.341,True,0.426,-0.209,0.12,32.91
1786962228.140,,0,,,,14.380,12.897,True,0.431,0.173,0.10,32.88
1786962228.215,,0,,,,14.120,12.602,True,0.434,0.566,0.32,32.87
1786962228.290,,0,,,,13.920,12.374,True,0.437,0.900,0.52,32.84
1786962228.390,,0,,,,13.550,11.953,True,0.441,1.097,0.63,32.81
1786962228.490,,0,,,,12.950,11.270,True,0.448,1.453,0.83,32.78
1786962228.590,,0,,,,12.440,10.690,True,0.455,1.625,0.93,32.76
1786962228.665,,0,,,,11.920,10.098,True,0.461,1.592,0.91,32.75
1786962228.765,,0,,,,11.610,9.745,True,0.465,2.005,1.14,32.72
1786962228.865,,0,,,,11.470,9.586,True,0.467,2.228,1.27,32.71
1786962228.965,,0,,,,11.410,9.518,True,0.468,2.581,1.47,32.68
1786962229.040,,0,,,,11.430,9.541,True,0.467,3.037,1.73,32.65
1786962229.140,,0,,,,11.380,9.484,True,0.468,3.208,1.83,32.62
1786962229.240,,0,,,,10.870,8.903,True,0.475,3.466,1.97,32.60
1786962229.365,,0,,,,10.120,8.050,True,0.484,3.824,2.17,32.57
1786962229.415,,0,,,,9.790,7.674,True,0.489,4.070,2.31,32.56
1786962229.465,,0,,,,9.500,7.344,True,0.492,4.220,2.40,32.56
1786962229.540,,0,,,,9.120,6.912,True,0.497,4.777,2.71,32.52
1786962229.615,,0,,,,8.780,6.525,True,0.502,5.287,3.00,32.51
1786962229.690,,0,,,,8.310,5.990,True,0.508,5.567,3.15,32.50
1786962229.765,,0,,,,7.970,5.603,True,0.513,6.024,3.41,32.47
1786962229.840,,0,,,,7.550,5.125,True,0.518,6.399,3.62,32.45
1786962229.915,,0,,,,7.240,4.773,True,0.522,6.596,3.73,32.43
1786962229.990,,0,,,,6.940,4.431,True,0.526,6.848,3.86,32.41
1786962230.065,,0,,,,6.560,3.999,True,0.532,6.787,3.83,32.41
1786962230.165,,0,,,,6.250,3.634,True,0.533,7.191,4.05,32.38
1786962230.240,,0,,,,5.870,3.145,True,0.526,7.811,4.40,32.35
1786962230.340,,0,,,,5.690,2.914,True,0.523,8.100,4.56,32.33
1786962230.390,,0,,,,5.530,2.708,True,0.520,8.154,4.59,32.33
1786962230.440,,0,,,,5.340,2.463,True,0.516,8.428,4.73,32.31
1786962230.515,,0,,,,4.980,2.000,True,0.510,8.552,4.80,32.28
1786962230.565,,0,,,,4.680,1.614,True,0.504,8.668,4.86,32.26
1786962230.640,,0,,,,4.410,1.267,True,0.499,8.671,4.86,32.25
1786962230.690,,0,,,,4.190,0.983,True,0.495,8.859,4.96,32.23
1786962230.765,,0,,,,3.850,0.546,True,0.489,8.853,4.96,32.21
1786962230.840,,0,,,,3.590,0.211,True,0.485,8.869,4.97,32.20
1786962230.890,,0,,,,3.430,0.006,True,0.482,8.858,4.96,32.18
1786962230.990,,0,,,,3.150,-0.355,True,0.477,0.286,0.17,33.73
1786962231.065,,0,,,,2.730,-0.895,True,0.469,0.554,0.33,33.71
1786962231.165,,0,,,,2.370,-1.358,True,0.463,0.891,0.52,33.68
1786962231.240,,0,,,,2.070,-1.744,True,0.458,0.953,0.56,33.67
1786962231.315,,0,,,,1.670,-2.259,True,0.451,1.176,0.69,33.64
1786962231.415,,0,,,,1.100,-2.992,True,0.441,1.294,0.76,33.62
1786962231.465,,0,,,,0.810,-3.365,True,0.437,1.219,0.72,33.62
1786962231.565,,0,,,,0.480,-3.790,True,0.431,1.492,0.87,33.59
1786962231.665,,0,,,,0.130,-4.240,True,0.425,1.576,0.92,33.56
1786962231.740,,0,,,,-0.140,-4.588,True,0.421,1.531,0.90,33.52
1786962231.865,,0,,,,-0.560,-5.128,True,0.414,1.398,0.82,33.51
1786962231.940,,0,,,,-0.720,-5.334,True,0.412,-1.286,0.76,33.98
1786962231.990,,0,,,,-0.850,-5.501,True,0.410,-1.228,0.73,33.95
1786962232.090,,0,,,,-1.080,-5.797,True,0.406,-1.338,0.79,33.95
1786962232.190,,0,,,,-1.160,-5.900,True,0.405,-1.925,1.14,33.93
1786962232.265,,0,,,,-1.210,-5.965,True,0.404,-1.811,1.07,33.92
1786962232.390,,0,,,,-1.250,-6.016,True,0.403,-1.381,0.82,34.05
1786962232.440,,0,,,,-1.260,-6.029,True,0.403,-1.391,0.83,34.07
1786962232.540,,0,,,,-1.310,-6.093,True,0.402,-1.149,0.68,34.05
1786962232.640,,0,,,,-1.430,-6.221,True,0.405,-1.068,0.63,34.03
1786962232.715,,0,,,,-1.700,-6.497,True,0.414,-1.052,0.62,34.00
1786962232.815,,0,,,,-2.140,-6.946,True,0.429,-0.997,0.59,33.98
1786962232.890,,0,,,,-2.350,-7.160,True,0.436,-0.829,0.49,33.97
1786962233.015,,0,,,,-3.110,-7.935,True,0.462,-1.806,1.08,34.17
1786962233.140,,0,,,,-3.380,-8.211,True,0.472,-1.624,0.97,34.13
1786962233.240,,0,,,,-3.510,-8.343,True,0.477,-0.606,0.36,33.88
1786962233.340,,0,,,,-3.650,-8.486,True,0.482,-0.371,0.22,33.84
1786962233.440,,0,,,,-3.780,-8.619,True,0.486,-0.143,0.08,33.84
1786962233.540,,0,,,,-4.020,-8.864,True,0.495,0.157,0.09,33.81
1786962233.665,,0,,,,-4.500,-9.354,True,0.513,0.514,0.30,33.79
1786962233.815,,0,,,,-5.010,-9.874,True,0.532,1.014,0.60,33.76
1786962233.890,,0,,,,-5.250,-10.119,True,0.542,1.537,0.90,33.72
1786962234.040,,0,,,,-5.590,-10.466,True,0.555,-1.830,1.09,34.07
1786962234.140,,0,,,,-5.910,-10.792,True,0.567,-1.565,0.93,34.04
1786962234.315,,0,,,,-6.650,-11.547,True,0.597,-1.627,0.97,34.07
1786962234.390,,0,,,,-6.950,-11.853,True,0.609,-1.217,0.72,34.04
1786962234.515,,0,,,,-7.390,-12.302,True,0.626,-1.524,0.90,33.97
1786962234.590,,0,,,,-7.870,-12.792,True,0.646,-1.177,0.70,34.02
1786962234.690,,0,,,,-8.050,-12.976,True,0.653,-1.486,0.88,34.01
1786962234.790,,0,,,,-8.490,-13.425,True,0.671,-1.087,0.64,33.97
1786962234.865,,0,,,,-8.690,-13.629,True,0.679,-0.797,0.47,33.97
1786962234.965,,0,,,,-9.020,-13.966,True,0.693,-1.092,0.65,34.06
1786962235.065,,0,,,,-9.440,-14.394,True,0.710,-1.037,0.62,34.26
1786962235.165,,0,,,,-9.970,-14.935,True,0.732,-1.157,0.69,34.05
1786962235.265,,0,,,,-10.440,-15.415,True,0.752,-0.958,0.57,34.05
1786962235.365,,0,,,,-10.850,-15.833,True,0.769,-0.438,0.26,34.02
1786962235.440,,0,,,,-11.300,-16.226,True,0.766,-0.819,0.49,34.20
1786962235.515,,0,,,,-11.780,-16.610,True,0.750,-0.886,0.53,34.19
1786962235.615,,0,,,,-12.350,-17.066,True,0.731,-0.436,0.26,34.17
1786962235.715,,0,,,,-12.670,-17.321,True,0.721,-0.199,0.12,34.15
1786962235.815,,0,,,,-13.180,-17.729,True,0.704,0.008,0.00,34.13
1786962235.915,,0,,,,-13.450,-17.945,True,0.695,0.127,0.08,34.11
1786962236.015,,0,,,,-13.870,-18.281,True,0.682,0.282,0.17,34.09
1786962236.090,,0,,,,-14.200,-18.545,True,0.671,0.379,0.23,34.07
1786962236.190,,0,,,,-14.450,-18.745,True,0.663,0.508,0.30,34.05
1786962236.315,,0,,,,-14.760,-18.993,True,0.653,0.556,0.33,34.03
1786962236.390,,0,,,,-15.130,-19.289,True,0.641,0.598,0.36,34.02
1786962236.465,,0,,,,-15.520,-19.601,True,0.629,0.459,0.27,34.02
1786962236.515,,0,,,,-15.790,-19.816,True,0.620,0.745,0.44,33.99
1786962236.590,,0,,,,-16.070,-20.040,True,0.612,0.944,0.56,33.98
1786962236.640,,0,,,,-16.420,-20.320,True,0.601,0.927,0.55,33.98
1786962236.690,,0,,,,-16.620,-20.480,True,0.594,0.992,0.59,33.95
1786962236.765,,0,,,,-16.870,-20.680,True,0.586,-2.432,1.45,34.23
1786962236.815,,0,,,,-17.030,-20.808,True,0.582,-2.221,1.33,34.22
1786962236.865,,0,,,,-17.280,-21.008,True,0.574,-2.369,1.41,34.21
1786962236.965,,0,,,,-17.560,-21.232,True,0.565,-2.338,1.39,34.18
1786962237.065,,0,,,,-17.860,-21.472,True,0.556,-2.780,1.66,34.13
1786962237.165,,0,,,,-18.190,-21.736,True,0.546,-3.028,1.81,34.26
1786962237.240,,0,,,,-18.600,-22.064,True,0.534,-3.199,1.91,34.24
1786962237.315,,0,,,,-19.060,-22.431,True,0.520,-3.357,2.00,34.22
1786962237.390,,0,,,,-19.320,-22.639,True,0.512,-3.162,1.89,34.21
1786962237.465,,0,,,,-19.520,-22.799,True,0.506,-2.911,1.74,34.20
1786962237.515,,0,,,,-19.600,-22.863,True,0.504,-2.687,1.60,34.18
1786962237.590,,0,,,,-19.570,-22.839,True,0.505,-2.552,1.52,34.16
1786962237.690,,0,,,,-19.530,-22.807,True,0.506,-2.737,1.63,34.16
1786962237.765,,0,,,,-19.560,-22.831,True,0.505,-2.709,1.61,34.13
1786962237.840,,0,,,,-19.630,-22.887,True,0.503,-2.622,1.56,34.13
1786962238.790,,0,,,,-22.760,-25.390,True,0.417,-4.518,2.72,34.51
1786962238.865,,0,,,,-23.190,-25.734,True,0.406,-4.262,2.56,34.49
1786962238.965,,0,,,,-23.510,-25.976,True,0.406,-4.031,2.42,34.47
1786962239.065,,0,,,,-23.650,-26.077,True,0.409,-5.109,3.08,34.62
1786962239.140,,0,,,,-23.600,-26.041,True,0.408,-4.816,2.90,34.60
1786962239.215,,0,,,,-23.600,-26.041,True,0.408,-4.582,2.76,34.59
1786962239.265,,0,,,,-23.550,-26.005,True,0.407,-4.168,2.51,34.56
1786962239.415,,0,,,,-23.750,-26.149,True,0.412,-3.960,2.39,34.54
1786962239.515,,0,,,,-23.920,-26.272,True,0.416,-3.879,2.34,34.53
1786962239.640,,0,,,,-24.280,-26.532,True,0.424,-5.217,3.17,34.86
1786962239.715,,0,,,,-24.600,-26.763,True,0.432,-5.006,3.04,34.85
1786962239.840,,0,,,,-24.850,-26.943,True,0.438,-4.636,2.81,34.81
1786962239.915,,0,,,,-25.080,-27.109,True,0.443,-4.392,2.66,34.80
1786962240.040,,0,,,,-25.590,-27.477,True,0.456,-3.990,2.42,34.78
1786962240.140,,0,,,,-25.990,-27.766,True,0.466,-4.266,2.58,34.67
1786962240.265,,0,,,,-26.570,-28.184,True,0.481,-4.265,2.58,34.65
1786962240.365,,0,,,,-27.050,-28.531,True,0.493,-3.934,2.38,34.63
1786962240.415,,0,,,,-27.380,-28.769,True,0.502,-3.935,2.38,34.63
1786962240.490,,0,,,,-27.810,-29.079,True,0.513,-3.679,2.22,34.61
1786962240.540,,0,,,,-28.030,-29.238,True,0.519,-3.691,2.23,34.60
1786962240.615,,0,,,,-28.350,-29.469,True,0.528,-3.510,2.12,34.59
1786962240.690,,0,,,,-28.600,-29.649,True,0.534,-2.956,1.78,34.58
1786962240.765,,0,,,,-28.840,-29.823,True,0.541,-3.113,1.88,34.57
1786962240.790,,0,,,,-29.030,-29.960,True,0.546,-3.037,1.83,34.56
1786962240.865,,0,,,,-29.210,-30.090,True,0.551,-2.961,1.79,34.56
1786962240.940,,0,,,,-29.350,-30.191,True,0.555,-2.561,1.54,34.53
1786962240.990,,0,,,,-29.400,-30.227,True,0.556,-2.365,1.42,34.53
1786962241.090,,0,,,,-29.490,-30.292,True,0.559,-2.350,1.42,34.52
1786962241.240,,0,,,,-30.080,-30.718,True,0.575,-2.174,1.31,34.51
1786962241.340,,0,,,,-30.430,-30.970,True,0.585,-1.994,1.20,34.49
1786962241.415,,0,,,,-30.800,-31.237,True,0.595,-1.777,1.07,34.48
1786962241.490,,0,,,,-31.350,-31.634,True,0.611,-1.619,0.97,34.47
1786962241.590,,0,,,,-31.940,-32.060,True,0.627,-1.812,1.09,34.46
1786962241.690,,0,,,,-32.600,-32.536,True,0.646,-1.846,1.11,34.46
1786962241.815,,0,,,,-33.340,-33.070,True,0.668,-1.563,0.94,34.42
1786962241.890,,0,,,,-33.810,-33.410,True,0.681,-1.707,1.03,34.42
1786962241.965,,0,,,,-34.110,-33.626,True,0.690,-1.692,1.02,34.40
1786962242.040,,0,,,,-34.380,-33.821,True,0.698,-1.515,0.91,34.38
1786962242.115,,0,,,,-34.610,-33.987,True,0.705,-1.458,0.87,34.37
1786962242.190,,0,,,,-34.720,-34.066,True,0.708,-1.020,0.61,34.36
1786962242.290,,0,,,,-34.900,-34.196,True,0.713,-0.910,0.55,34.35
1786962242.365,,0,,,,-35.140,-34.370,True,0.720,-5.540,3.49,36.13
1786962242.465,,0,,,,-35.520,-34.644,True,0.732,-5.319,3.35,36.12
1786962242.540,,0,,,,-35.780,-34.831,True,0.739,-5.230,3.29,36.11
1786962242.590,,0,,,,-35.970,-34.969,True,0.745,-4.809,3.03,36.10
1786962242.665,,0,,,,-36.250,-35.171,True,0.753,-5.290,3.36,36.48
1786962242.765,,0,,,,-36.660,-35.467,True,0.766,-5.275,3.35,36.47
1786962242.865,,0,,,,-37.240,-35.909,True,0.776,-5.553,3.56,36.82
1786962242.965,,0,,,,-37.490,-36.115,True,0.776,-5.258,3.37,36.80
1786962243.090,,0,,,,-37.810,-36.378,True,0.776,-5.120,3.28,36.78
1786962243.190,,0,,,,-37.920,-36.468,True,0.776,-5.946,3.86,37.23
1786962243.315,,0,,,,-38.060,-36.583,True,0.776,-5.737,3.72,37.21
1786962243.390,,0,,,,-38.260,-36.748,True,0.776,-5.623,3.64,37.19
1786962243.465,,0,,,,-38.510,-36.953,True,0.776,-5.531,3.65,37.88
1786962243.565,,0,,,,-39.130,-37.463,True,0.776,-5.444,3.59,37.86
1786962243.640,,0,,,,-39.590,-37.841,True,0.776,-5.325,3.51,37.86
1786962243.765,,0,,,,-40.130,-38.285,True,0.776,-5.109,3.37,37.84
1786962243.840,,0,,,,-40.330,-38.449,True,0.776,-4.843,3.19,37.83
1786962243.965,,0,,,,-40.360,-38.474,True,0.776,-4.648,3.06,37.82
1786962244.065,,0,,,,-40.390,-38.498,True,0.776,-4.137,2.67,37.01
1786962244.165,,0,,,,-40.560,-38.638,True,0.776,-3.986,2.57,36.99
1786962244.265,,0,,,,-40.890,-38.909,True,0.776,-3.881,2.50,36.99
1786962244.340,,0,,,,-41.290,-39.238,True,0.776,-4.538,2.97,37.59
1786962244.440,,0,,,,-42.000,-39.822,True,0.776,-5.763,3.86,38.46
1786962244.540,,0,,,,-42.580,-40.298,True,0.776,-5.069,3.36,37.98
1786962244.615,,0,,,,-43.230,-40.833,True,0.776,-4.822,3.16,37.62
1786962244.715,,0,,,,-43.600,-41.137,True,0.776,-4.528,2.97,37.60
1786962244.790,,0,,,,-43.850,-41.342,True,0.776,-4.385,2.87,37.59
1786962244.840,,0,,,,-44.010,-41.474,True,0.776,-4.321,2.83,37.59
1786962244.940,,0,,,,-44.380,-41.778,True,0.776,-4.104,2.69,37.57
1786962244.990,,0,,,,-44.540,-41.909,True,0.776,-3.767,2.47,37.56
1786962245.090,,0,,,,-44.860,-42.172,True,0.776,-3.682,2.41,37.55
1786962245.190,,0,,,,-45.220,-42.468,True,0.776,-3.325,2.18,37.53
1786962245.290,,0,,,,-45.830,-42.970,True,0.776,-3.278,2.15,37.52
1786962245.390,,0,,,,-46.210,-43.282,True,0.776,-3.205,2.10,37.52
1786962245.490,,0,,,,-46.530,-43.545,True,0.776,-3.181,2.08,37.52
1786962245.590,,0,,,,-46.910,-43.857,True,0.776,-2.919,1.91,37.51
1786962245.690,,0,,,,-47.200,-44.096,True,0.776,-3.006,1.99,38.03
1786962245.840,,0,,,,-47.840,-44.622,True,0.776,-3.034,2.01,38.02
1786962245.940,,0,,,,-48.350,-45.041,True,0.776,-3.777,2.54,38.61
1786962246.040,,0,,,,-48.860,-45.460,True,0.776,-3.668,2.47,38.60
1786962246.115,,0,,,,-49.310,-45.837,True,0.769,-3.337,2.25,38.57
1786962246.190,,0,,,,-49.670,-46.141,True,0.761,-3.321,2.23,38.56
1786962246.265,,0,,,,-50.060,-46.471,True,0.753,-3.395,2.28,38.56
1786962246.340,,0,,,,-50.560,-46.894,True,0.742,-3.729,2.54,39.06
1786962246.490,,0,,,,-51.290,-47.511,True,0.727,-3.550,2.42,39.08
1786962246.640,,0,,,,-52.010,-48.120,True,0.712,-3.162,2.17,39.29
1786962246.715,,0,,,,-52.350,-48.407,True,0.704,-3.237,2.22,39.37
1786962246.815,,0,,,,-52.620,-48.635,True,0.699,-3.082,2.12,39.37
1786962246.890,,0,,,,-52.870,-48.847,True,0.693,-3.312,2.29,39.62
1786962247.065,,0,,,,-53.390,-49.286,True,0.682,-3.137,2.18,39.92
1786962247.165,,0,,,,-53.450,-49.337,True,0.681,-2.414,1.69,40.02
1786962247.240,,0,,,,-53.480,-49.362,True,0.681,-2.252,1.57,40.02
1786962247.590,,0,,,,-54.260,-50.022,True,0.664,-2.780,1.97,40.58
1786962247.665,,0,,,,-54.560,-50.276,True,0.658,-2.693,1.91,40.58
1786962247.765,,0,,,,-55.120,-50.749,True,0.646,-2.738,1.94,40.63
1786962247.865,,0,,,,-55.600,-51.155,True,0.637,-2.479,1.77,40.83
1786962247.965,,0,,,,-56.030,-51.518,True,0.628,-2.494,1.78,40.89
1786962248.040,,0,,,,-56.290,-51.738,True,0.622,-2.866,2.06,41.16
1786962248.115,,0,,,,-56.600,-52.000,True,0.616,-2.681,1.92,41.14
1786962248.190,,0,,,,-56.930,-52.279,True,0.609,-2.527,1.81,41.13
1786962248.340,,0,,,,-57.380,-52.660,True,0.600,-3.029,2.18,41.30
1786962248.440,,0,,,,-57.690,-52.922,True,0.594,-2.369,1.72,41.52
1786962248.490,,0,,,,-57.960,-53.150,True,0.588,-2.563,1.86,41.66
1786962248.565,,0,,,,-58.070,-53.243,True,0.586,-2.548,1.85,41.65
1786962248.640,,0,,,,-58.150,-53.311,True,0.585,-2.478,1.81,41.91
1786962248.690,,0,,,,-58.150,-53.311,True,0.585,-2.388,1.75,41.90
1786962248.740,,0,,,,-58.110,-53.277,True,0.585,-2.088,1.53,42.06
1786962248.790,,0,,,,-58.070,-53.243,True,0.586,-1.931,1.42,42.06
1786962248.865,,0,,,,-57.950,-53.141,True,0.589,-2.015,1.48,42.05
1786962248.915,,0,,,,-57.890,-53.091,True,0.590,-2.016,1.48,42.04
1786962248.990,,0,,,,-57.800,-53.015,True,0.592,-2.136,1.57,42.04
1786962249.090,,0,,,,-57.790,-53.006,True,0.592,-0.856,0.66,43.91
1786962249.190,,0,,,,-57.890,-53.091,True,0.590,-1.995,1.49,42.95
1786962249.265,,0,,,,-58.050,-53.226,True,0.587,-2.073,1.55,42.95
1786962249.365,,0,,,,-58.350,-53.480,True,0.581,-2.210,1.66,42.93
1786962249.465,,0,,,,-58.640,-53.725,True,0.575,-3.153,2.36,42.97
1786962249.665,,0,,,,-58.960,-53.995,True,0.568,-1.732,1.34,44.25
1786962249.740,,0,,,,-58.910,-53.953,True,0.569,-1.780,1.37,44.00
1786962249.790,,0,,,,-58.800,-53.860,True,0.572,-1.843,1.41,44.00
1786962249.915,,0,,,,-58.540,-53.640,True,0.577,-1.223,0.96,44.91
1786962250.015,,0,,,,-58.540,-53.640,True,0.577,-1.784,1.38,44.23
1786962250.090,,0,,,,-58.620,-53.708,True,0.575,-2.328,1.80,44.42
1786962250.165,,0,,,,-58.830,-53.885,True,0.571,-2.249,1.75,44.63
1786962250.290,,0,,,,-59.280,-54.266,True,0.562,-2.784,2.15,44.34
1786962250.465,,0,,,,-59.700,-54.621,True,0.554,-1.985,1.56,44.93
1786962250.540,,0,,,,-59.740,-54.655,True,0.553,-2.007,1.58,45.08
1786962250.590,,0,,,,-59.650,-54.579,True,0.555,-1.958,1.54,45.08
1786962250.665,,0,,,,-59.500,-54.452,True,0.558,-2.182,1.72,45.23
1786962250.765,,0,,,,-59.230,-54.224,True,0.563,-1.476,1.19,46.10
1786962250.840,,0,,,,-59.050,-54.071,True,0.567,-1.518,1.22,46.09
1786962250.965,,0,,,,-58.990,-54.021,True,0.568,-2.543,2.02,45.46
1786962251.040,,0,,,,-59.110,-54.122,True,0.565,-1.692,1.37,46.24
1786962251.115,,0,,,,-59.250,-54.241,True,0.563,-1.817,1.48,46.52
1786962251.190,,0,,,,-59.430,-54.393,True,0.559,-1.883,1.53,46.50
1786962251.290,,0,,,,-59.620,-54.553,True,0.555,-1.903,1.54,46.47
1786962251.365,,0,,,,-59.700,-54.621,True,0.554,-2.333,1.86,45.74
1786962251.440,,0,,,,-59.650,-54.579,True,0.555,-1.850,1.51,46.65
1786962251.515,,0,,,,-59.520,-54.469,True,0.557,-1.824,1.48,46.65
1786962251.590,,0,,,,-59.230,-54.224,True,0.563,-1.934,1.59,46.97
1786962251.665,,0,,,,-58.890,-53.936,True,0.570,-1.705,1.40,47.17
1786962251.740,,0,,,,-58.550,-53.649,True,0.577,-1.606,1.32,47.15
1786962251.865,,0,,,,-58.230,-53.378,True,0.583,-2.211,1.80,46.59
1786962251.965,,0,,,,-58.290,-53.429,True,0.582,-1.317,1.09,47.34
1786962252.090,,0,,,,-58.430,-53.547,True,0.579,-1.315,1.09,47.50
1786962252.140,,0,,,,-58.490,-53.598,True,0.578,-1.601,1.33,47.59
1786962252.240,,0,,,,-58.600,-53.691,True,0.576,-1.703,1.42,47.86
1786962252.315,,0,,,,-58.640,-53.725,True,0.575,-1.896,1.58,47.84
1786962252.415,,0,,,,-58.530,-53.632,True,0.577,-1.800,1.50,47.70
1786962252.490,,0,,,,-58.350,-53.480,True,0.581,-1.841,1.54,47.95
1786962252.590,,0,,,,-57.920,-53.116,True,0.589,-2.400,2.00,47.77
1786962252.665,,0,,,,-57.580,-52.829,True,0.596,-2.466,2.05,47.75
1786962252.740,,0,,,,-57.350,-52.634,True,0.601,-2.212,1.86,48.15
1786962252.790,,0,,,,-57.190,-52.499,True,0.604,-2.261,1.90,48.15
1786962252.840,,0,,,,-56.930,-52.279,True,0.609,-2.329,1.96,48.31
1786962252.890,,0,,,,-56.840,-52.203,True,0.611,-2.401,2.02,48.30
1786962252.965,,0,,,,-56.760,-52.135,True,0.613,-2.368,2.00,48.29
1786962253.015,,0,,,,-56.740,-52.119,True,0.613,-2.998,2.51,47.99
1786962253.140,,0,,,,-56.800,-52.169,True,0.612,-3.037,2.54,47.97
1786962253.240,,0,,,,-56.880,-52.237,True,0.610,-2.563,2.16,48.28
1786962253.290,,0,,,,-56.880,-52.237,True,0.610,-2.457,2.09,48.70
1786962253.365,,0,,,,-56.800,-52.169,True,0.612,-2.594,2.20,48.70
1786962253.415,,0,,,,-56.630,-52.026,True,0.615,-2.200,1.87,48.82
1786962253.540,,0,,,,-56.030,-51.518,True,0.628,-2.208,1.88,48.80
1786962253.615,,0,,,,-55.580,-51.138,True,0.637,-2.368,2.02,48.78
1786962253.690,,0,,,,-55.280,-50.884,True,0.643,-2.512,2.14,48.78
1786962254.090,,0,,,,-54.670,-50.369,True,0.656,-3.031,2.62,49.52
1786962254.240,,0,,,,-54.850,-50.521,True,0.652,-2.880,2.49,49.50
1786962254.640,,0,,,,-55.110,-50.740,True,0.647,-2.830,2.47,50.02
1786962254.715,,0,,,,-54.850,-50.521,True,0.652,-3.173,2.78,50.29
1786962254.815,,0,,,,-54.270,-50.030,True,0.664,-3.205,2.82,50.49
1786962254.865,,0,,,,-53.850,-49.675,True,0.673,-3.396,2.99,50.48
1786962254.965,,0,,,,-53.100,-49.041,True,0.689,-3.512,3.09,50.49
1786962255.040,,0,,,,-52.550,-48.576,True,0.700,-3.434,3.03,50.57
1786962255.140,,0,,,,-52.130,-48.221,True,0.709,-3.848,3.41,50.80
1786962255.265,,0,,,,-51.840,-47.976,True,0.715,-3.993,3.54,50.83
1786962255.390,,0,,,,-51.790,-47.934,True,0.716,-4.095,3.64,51.01
1786962255.540,,0,,,,-51.800,-47.942,True,0.716,-4.281,3.81,50.99
1786962255.690,,0,,,,-51.400,-47.604,True,0.724,-4.374,3.89,50.96
1786962255.790,,0,,,,-51.020,-47.283,True,0.733,-4.476,3.98,50.96
1786962256.115,,0,,,,-49.820,-46.268,True,0.758,-4.470,3.99,51.26
1786962256.165,,0,,,,-49.810,-46.260,True,0.758,-4.134,3.72,51.60
1786962256.290,,0,,,,-49.790,-46.243,True,0.759,-4.499,4.08,52.02
1786962256.365,,0,,,,-49.760,-46.218,True,0.759,-4.534,4.11,52.01
1786962256.490,,0,,,,-49.770,-46.226,True,0.759,-4.801,4.38,52.39
1786962256.615,,0,,,,-49.680,-46.150,True,0.761,-4.393,3.98,52.02
1786962256.715,,0,,,,-49.660,-46.133,True,0.762,-4.532,4.11,52.00
1786962256.790,,0,,,,-49.640,-46.116,True,0.762,-4.844,4.39,51.96
1786962256.890,,0,,,,-49.670,-46.141,True,0.761,-4.625,4.21,52.20
1786962256.965,,0,,,,-49.640,-46.116,True,0.762,-4.668,4.25,52.19
1786962257.040,,0,,,,-49.590,-46.074,True,0.763,-4.967,4.51,52.10
1786962257.115,,0,,,,-49.420,-45.930,True,0.767,-4.287,3.93,52.62
1786962257.240,,0,,,,-49.000,-45.575,True,0.776,-4.156,3.81,52.59
1786962257.340,,0,,,,-48.440,-45.115,True,0.776,-4.592,4.20,52.50
1786962257.440,,0,,,,-48.050,-44.794,True,0.776,-4.865,4.45,52.48
1786962257.515,,0,,,,-47.650,-44.465,True,0.776,-4.245,3.91,52.80
1786962257.615,,0,,,,-47.420,-44.276,True,0.776,-4.471,4.11,52.78
1786962257.715,,0,,,,-47.180,-44.079,True,0.776,-4.690,4.31,52.77
1786962257.790,,0,,,,-46.990,-43.923,True,0.776,-4.817,4.43,52.76
1786962257.890,,0,,,,-46.890,-43.841,True,0.776,-4.884,4.49,52.76
1786962257.965,,0,,,,-46.800,-43.767,True,0.776,-5.012,4.61,52.74
1786962258.040,,0,,,,-46.710,-43.693,True,0.776,-5.057,4.65,52.73
1786962258.140,,0,,,,-46.700,-43.685,True,0.776,-5.007,4.65,53.30
1786962258.190,,0,,,,-46.700,-43.685,True,0.776,-4.984,4.63,53.28
1786962258.290,,0,,,,-46.700,-43.685,True,0.776,-4.969,4.61,53.28
1786962258.365,,0,,,,-46.720,-43.701,True,0.776,-5.285,4.91,53.26
1786962258.440,,0,,,,-46.720,-43.701,True,0.776,-5.251,4.92,53.75
1786962258.565,,0,,,,-46.670,-43.660,True,0.776,-5.109,4.78,53.66
1786962258.740,,0,,,,-46.550,-43.561,True,0.776,-5.348,5.01,53.76
1786962258.865,,0,,,,-46.480,-43.504,True,0.776,-5.233,4.90,53.75
1786962258.965,,0,,,,-46.270,-43.331,True,0.776,-5.339,5.00,53.74
1786962259.065,,0,,,,-46.010,-43.117,True,0.776,-5.052,4.77,54.11
1786962259.165,,0,,,,-45.800,-42.945,True,0.776,-5.230,4.93,54.10
1786962259.265,,0,,,,-45.580,-42.764,True,0.776,-5.391,5.08,54.08
1786962259.365,,0,,,,-45.430,-42.641,True,0.776,-5.506,5.19,54.06
1786962259.440,,0,,,,-45.190,-42.443,True,0.776,-5.478,5.19,54.40
1786962259.515,,0,,,,-45.030,-42.312,True,0.776,-5.645,5.35,54.39
1786962259.590,,0,,,,-44.890,-42.197,True,0.776,-5.559,5.29,54.63
1786962259.690,,0,,,,-44.670,-42.016,True,0.776,-5.691,5.43,54.73
1786962259.790,,0,,,,-44.460,-41.843,True,0.776,-5.854,5.58,54.73
1786962259.865,,0,,,,-44.270,-41.687,True,0.776,-5.652,5.40,54.81
1786962259.940,,0,,,,-44.130,-41.572,True,0.776,-5.640,5.39,54.89
1786962260.015,,0,,,,-43.980,-41.449,True,0.776,-5.853,5.60,54.88
1786962260.065,,0,,,,-43.980,-41.449,True,0.776,-5.997,5.76,55.13
1786962260.140,,0,,,,-44.070,-41.523,True,0.776,-6.003,5.74,54.86
1786962260.240,,0,,,,-44.310,-41.720,True,0.776,-6.116,5.84,54.86
1786962260.340,,0,,,,-44.480,-41.860,True,0.776,-5.868,5.65,55.32
1786962260.415,,0,,,,-44.580,-41.942,True,0.776,-6.319,6.08,55.22
1786962260.490,,0,,,,-44.530,-41.901,True,0.776,-5.743,5.54,55.35
1786962260.590,,0,,,,-44.390,-41.786,True,0.776,-5.775,5.57,55.34
1786962260.665,,0,,,,-44.270,-41.687,True,0.776,-6.060,5.84,55.33
1786962260.765,,0,,,,-44.120,-41.564,True,0.776,-5.934,5.73,55.46
1786962260.840,,0,,,,-44.060,-41.515,True,0.776,-6.028,5.82,55.46
1786962260.890,,0,,,,-44.030,-41.490,True,0.776,-6.137,5.93,55.46
1786962260.965,,0,,,,-43.970,-41.441,True,0.776,-6.224,6.01,55.44
1786962261.040,,0,,,,-43.930,-41.408,True,0.776,-6.244,6.03,55.43
1786962261.115,,0,,,,-43.920,-41.400,True,0.776,-6.417,6.19,55.42
1786962261.165,,0,,,,-43.940,-41.416,True,0.776,-6.356,6.13,55.42
1786962261.265,,0,,,,-43.990,-41.457,True,0.776,-6.605,6.37,55.40
1786962261.340,,0,,,,-44.020,-41.482,True,0.776,-6.756,6.52,55.38
1786962261.490,,0,,,,-44.040,-41.498,True,0.776,-6.405,6.18,55.37
1786962261.565,,0,,,,-44.040,-41.498,True,0.776,-6.557,6.32,55.35
1786962261.640,,0,,,,-43.990,-41.457,True,0.776,-6.439,6.21,55.34
1786962261.740,,0,,,,-43.920,-41.400,True,0.776,-6.531,6.29,55.31
1786962261.815,,0,,,,-43.830,-41.326,True,0.776,-6.615,6.37,55.31
1786962261.915,,0,,,,-43.680,-41.202,True,0.776,-6.717,6.47,55.29
1786962261.990,,0,,,,-43.550,-41.096,True,0.776,-6.973,6.71,55.28
1786962262.065,,0,,,,-43.450,-41.013,True,0.776,-6.902,6.64,55.27
1786962262.140,,0,,,,-43.410,-40.980,True,0.776,-5.634,5.54,56.42
1786962262.215,,0,,,,-43.420,-40.989,True,0.776,-5.775,5.68,56.41
1786962262.265,,0,,,,-43.460,-41.022,True,0.776,-5.902,5.80,56.41
1786962262.340,,0,,,,-43.550,-41.096,True,0.776,-6.123,6.02,56.40
1786962262.390,,0,,,,-43.730,-41.243,True,0.776,-6.254,6.18,56.76
1786962262.465,,0,,,,-43.870,-41.359,True,0.776,-6.345,6.27,56.75
1786962262.540,,0,,,,-43.930,-41.408,True,0.776,-6.099,6.05,56.90
1786962262.615,,0,,,,-44.050,-41.507,True,0.776,-6.000,5.95,56.93
1786962262.715,,0,,,,-44.120,-41.564,True,0.776,-5.918,5.87,56.91
1786962262.815,,0,,,,-44.150,-41.589,True,0.776,-5.943,5.91,57.04
1786962262.940,,0,,,,-44.140,-41.580,True,0.776,-5.713,5.69,57.17
1786962263.040,,0,,,,-44.060,-41.515,True,0.776,-5.704,5.67,57.10
1786962263.215,,0,,,,-43.740,-41.252,True,0.776,-5.313,5.33,57.53
1786962263.315,,0,,,,-43.670,-41.194,True,0.776,-5.900,5.90,57.43
1786962263.440,,0,,,,-43.880,-41.367,True,0.776,-6.081,6.08,57.36
1786962263.490,,0,,,,-43.950,-41.424,True,0.776,-6.055,6.05,57.35
1786962263.590,,0,,,,-44.130,-41.572,True,0.776,-5.940,5.96,57.61
1786962263.690,,0,,,,-44.430,-41.819,True,0.776,-6.457,6.47,57.49
1786962263.765,,0,,,,-44.410,-41.802,True,0.776,-6.330,6.35,57.57
1786962263.815,,0,,,,-44.300,-41.712,True,0.776,-6.307,6.32,57.55
1786962263.865,,0,,,,-44.080,-41.531,True,0.776,-6.526,6.54,57.54
1786962263.965,,0,,,,-43.560,-41.104,True,0.776,-5.894,5.91,57.59
1786962264.040,,0,,,,-43.400,-40.972,True,0.776,-5.968,6.00,57.70
1786962264.190,,0,,,,-43.150,-40.767,True,0.776,-6.214,6.26,57.84
1786962264.440,,0,,,,-43.370,-40.948,True,0.776,-6.376,6.44,57.98
1786962264.590,,0,,,,-43.320,-40.907,True,0.776,-6.537,6.59,57.92
1786962264.715,,0,,,,-43.170,-40.783,True,0.776,-6.555,6.61,57.90
1786962264.865,,0,,,,-43.040,-40.676,True,0.776,-5.359,5.48,58.66
1786962264.990,,0,,,,-43.220,-40.824,True,0.776,-5.502,5.62,58.64
1786962265.065,,0,,,,-43.480,-41.038,True,0.776,-5.546,5.67,58.63
1786962265.140,,0,,,,-43.770,-41.276,True,0.776,-5.517,5.64,58.62
1786962265.215,,0,,,,-44.000,-41.465,True,0.776,-5.291,5.40,58.59
1786962265.365,,0,,,,-44.580,-41.942,True,0.776,-5.453,5.57,58.57
1786962265.440,,0,,,,-44.700,-42.041,True,0.776,-5.446,5.56,58.56
1786962265.540,,0,,,,-44.760,-42.090,True,0.776,-5.772,5.89,58.55
1786962265.615,,0,,,,-44.790,-42.115,True,0.776,-6.051,6.17,58.53
1786962265.690,,0,,,,-44.750,-42.082,True,0.776,-5.813,5.93,58.53
1786962265.765,,0,,,,-44.600,-41.959,True,0.776,-5.874,5.99,58.50
1786962265.840,,0,,,,-44.440,-41.827,True,0.776,-5.973,6.09,58.49
1786962265.915,,0,,,,-44.350,-41.753,True,0.776,-5.842,5.98,58.77
1786962266.015,,0,,,,-44.250,-41.671,True,0.776,-5.575,5.70,58.65
1786962266.090,,0,,,,-44.290,-41.704,True,0.776,-6.059,6.21,58.84
1786962266.215,,0,,,,-44.410,-41.802,True,0.776,-5.994,6.13,58.66
1786962266.290,,0,,,,-44.450,-41.835,True,0.776,-6.061,6.19,58.65
1786962266.390,,0,,,,-44.540,-41.909,True,0.776,-6.078,6.21,58.65
1786962266.465,,0,,,,-44.470,-41.852,True,0.776,-6.103,6.23,58.64
1786962266.540,,0,,,,-44.400,-41.794,True,0.776,-6.140,6.27,58.62
1786962266.590,,0,,,,-44.360,-41.761,True,0.776,-6.226,6.36,58.61
1786962266.665,,0,,,,-44.340,-41.745,True,0.776,-6.361,6.49,58.61
1786962266.740,,0,,,,-44.430,-41.819,True,0.776,-6.499,6.63,58.60
1786962266.815,,0,,,,-44.530,-41.901,True,0.776,-6.663,6.80,58.59
1786962266.890,,0,,,,-44.800,-42.123,True,0.776,-6.710,6.84,58.58
1786962266.965,,0,,,,-45.090,-42.361,True,0.776,-6.700,6.83,58.57
1786962267.040,,0,,,,-45.330,-42.559,True,0.776,-4.615,4.79,59.55
1786962267.115,,0,,,,-45.510,-42.707,True,0.776,-4.618,4.79,59.54
1786962267.190,,0,,,,-45.630,-42.805,True,0.776,-4.869,5.05,59.53
1786962267.290,,0,,,,-45.800,-42.945,True,0.776,-4.963,5.15,59.51
1786962267.390,,0,,,,-45.790,-42.937,True,0.776,-5.459,5.64,59.25
1786962267.465,,0,,,,-45.750,-42.904,True,0.776,-5.774,5.97,59.38
1786962267.565,,0,,,,-45.760,-42.912,True,0.776,-4.486,4.67,59.65
1786962267.640,,0,,,,-45.800,-42.945,True,0.776,-4.166,4.35,59.83
1786962267.715,,0,,,,-45.850,-42.986,True,0.776,-4.404,4.59,59.82
1786962267.765,,0,,,,-45.980,-43.093,True,0.776,-4.685,4.89,59.83
1786962267.840,,0,,,,-46.050,-43.150,True,0.776,-4.814,5.02,59.81
1786962267.915,,0,,,,-46.120,-43.208,True,0.776,-5.139,5.34,59.56
1786962267.990,,0,,,,-46.120,-43.208,True,0.776,-5.164,5.35,59.50
1786962268.090,,0,,,,-46.100,-43.191,True,0.776,-5.266,5.46,59.50
1786962268.190,,0,,,,-46.040,-43.142,True,0.776,-5.384,5.58,59.48
1786962268.290,,0,,,,-45.860,-42.994,True,0.776,-5.631,5.83,59.46
1786962268.365,,0,,,,-45.810,-42.953,True,0.776,-5.737,5.94,59.46
1786962268.415,,0,,,,-45.650,-42.822,True,0.776,-5.722,5.93,59.45
1786962268.490,,0,,,,-45.570,-42.756,True,0.776,-5.952,6.16,59.44
1786962268.540,,0,,,,-45.480,-42.682,True,0.776,-6.035,6.25,59.44
1786962268.640,,0,,,,-45.320,-42.550,True,0.776,-6.235,6.45,59.43
1786962268.715,,0,,,,-45.190,-42.443,True,0.776,-6.384,6.61,59.42
1786962268.765,,0,,,,-45.160,-42.419,True,0.776,-5.047,5.29,60.17
1786962268.840,,0,,,,-45.040,-42.320,True,0.776,-5.272,5.53,60.17
1786962268.940,,0,,,,-44.950,-42.246,True,0.776,-5.536,5.80,60.15
1786962269.040,,0,,,,-44.910,-42.213,True,0.776,-5.680,5.95,60.14
1786962269.115,,0,,,,-44.980,-42.271,True,0.776,-5.959,6.23,60.02
1786962269.240,,0,,,,-45.140,-42.402,True,0.776,-5.207,5.48,60.44
1786962269.315,,0,,,,-45.290,-42.526,True,0.776,-5.251,5.54,60.48
1786962269.365,,0,,,,-45.370,-42.591,True,0.776,-5.262,5.55,60.47
1786962269.440,,0,,,,-45.460,-42.665,True,0.776,-5.349,5.64,60.47
1786962269.515,,0,,,,-45.520,-42.715,True,0.776,-5.406,5.70,60.46
1786962269.590,,0,,,,-45.560,-42.748,True,0.776,-5.537,5.83,60.45
1786962269.665,,0,,,,-45.580,-42.764,True,0.776,-5.567,5.86,60.45
1786962269.715,,0,,,,-45.550,-42.739,True,0.776,-5.721,6.02,60.43
1786962269.815,,0,,,,-45.430,-42.641,True,0.776,-5.869,6.18,60.42
1786962269.890,,0,,,,-45.220,-42.468,True,0.776,-6.253,6.58,60.40
1786962269.965,,0,,,,-45.020,-42.304,True,0.776,-6.283,6.61,60.40
1786962270.040,,0,,,,-44.810,-42.131,True,0.776,-6.384,6.71,60.39
1786962270.115,,0,,,,-44.590,-41.950,True,0.776,-6.706,7.05,60.37
1786962270.215,,0,,,,-44.400,-41.794,True,0.776,-6.878,7.23,60.36
1786962270.365,,0,,,,-44.020,-41.482,True,0.776,-5.405,5.73,60.86
1786962270.440,,0,,,,-43.680,-41.202,True,0.776,-5.474,5.81,60.85
1786962270.540,,0,,,,-43.340,-40.923,True,0.776,-5.400,5.73,60.85
1786962270.615,,0,,,,-43.100,-40.726,True,0.776,-5.559,5.89,60.84
1786962270.715,,0,,,,-42.840,-40.512,True,0.776,-6.548,6.92,60.71
1786962270.815,,0,,,,-42.770,-40.454,True,0.776,-6.163,6.49,60.45
1786962270.865,,0,,,,-42.790,-40.471,True,0.776,-6.138,6.46,60.44
1786962273.940,,0,,,,-41.820,-39.674,True,0.776,-4.907,5.31,62.12
1786962274.040,,0,,,,-41.840,-39.690,True,0.776,-5.020,5.43,62.11
1786962274.140,,0,,,,-41.620,-39.509,True,0.776,-5.571,6.00,61.82
1786962274.265,,0,,,,-41.030,-39.024,True,0.776,-5.891,6.36,61.92
1786962274.365,,0,,,,-40.560,-38.638,True,0.776,-5.730,6.20,62.15
1786962274.465,,0,,,,-40.310,-38.433,True,0.776,-5.647,6.09,61.91
1786962274.540,,0,,,,-40.020,-38.194,True,0.776,-6.122,6.60,61.89
1786962274.615,,0,,,,-39.680,-37.915,True,0.776,-6.394,6.89,61.88
1786962274.665,,0,,,,-39.280,-37.586,True,0.776,-6.836,7.37,61.88
1786962274.790,,0,,,,-38.480,-36.928,True,0.776,-7.271,7.83,61.86
1786962274.865,,0,,,,-37.770,-36.345,True,0.776,-7.894,8.50,61.85
1786962274.965,,0,,,,-37.230,-35.901,True,0.776,-8.112,8.73,61.84
1786962275.015,,0,,,,-36.910,-35.647,True,0.773,-8.340,8.97,61.83
1786962275.115,,0,,,,-36.640,-35.452,True,0.765,-8.799,9.46,61.81
1786962275.165,,0,,,,-36.380,-35.265,True,0.757,-8.768,9.42,61.81
1786962275.265,,0,,,,-36.130,-35.084,True,0.750,-9.200,9.88,61.80
1786962275.365,,0,,,,-35.980,-34.976,True,0.745,-9.359,10.05,61.78
1786962275.465,,0,,,,-35.870,-34.896,True,0.742,-7.790,8.42,62.14
1786962275.540,,0,,,,-35.700,-34.774,True,0.737,-7.761,8.39,62.12
1786962275.615,,0,,,,-35.450,-34.593,True,0.730,-7.631,8.25,62.11
1786962275.715,,0,,,,-35.100,-34.341,True,0.719,-8.964,9.70,62.23
1786962275.790,,0,,,,-34.840,-34.153,True,0.712,-9.030,9.77,62.22
1786962275.865,,0,,,,-34.560,-33.951,True,0.703,-8.987,9.72,62.22
1786962275.965,,0,,,,-34.220,-33.706,True,0.693,-8.956,9.68,62.19
1786962276.065,,0,,,,-34.040,-33.576,True,0.688,-8.747,9.46,62.19
1786962276.165,,0,,,,-34.020,-33.561,True,0.688,-8.680,9.38,62.17
1786962276.265,,0,,,,-34.020,-33.561,True,0.688,-8.525,9.22,62.16
1786962276.340,,0,,,,-33.980,-33.532,True,0.686,-8.275,8.95,62.16
1786962276.390,,0,,,,-33.880,-33.460,True,0.684,-8.309,8.98,62.14
1786962276.565,,0,,,,-33.620,-33.273,True,0.676,-5.731,6.26,62.71
1786962276.640,,0,,,,-33.490,-33.179,True,0.672,-5.857,6.40,62.70
1786962276.740,,0,,,,-33.330,-33.063,True,0.668,-5.937,6.48,62.68
1786962276.840,,0,,,,-33.190,-32.962,True,0.663,-5.913,6.46,62.72
1786962276.915,,0,,,,-33.060,-32.868,True,0.660,-6.072,6.63,62.71
1786962277.265,,0,,,,-32.630,-32.558,True,0.647,-6.920,7.54,62.60
1786962277.365,,0,,,,-32.510,-32.471,True,0.644,-6.277,6.86,62.75
1786962277.490,,0,,,,-32.460,-32.435,True,0.642,-7.321,7.96,62.47
1786962277.665,,0,,,,-32.590,-32.529,True,0.646,-7.504,8.19,62.71
1786962278.040,,0,,,,-32.550,-32.500,True,0.645,-7.666,8.35,62.61
1786962278.165,,0,,,,-32.170,-32.226,True,0.634,-7.451,8.10,62.47
1786962278.240,,0,,,,-31.820,-31.973,True,0.624,-7.254,7.92,62.71
1786962280.065,,0,,,,-32.330,-32.342,True,0.639,-7.587,8.29,62.76
1786962280.215,,0,,,,-31.970,-32.082,True,0.628,-8.095,8.83,62.73
1786962280.315,,0,,,,-31.790,-31.952,True,0.623,-8.414,9.18,62.71
1786962280.390,,0,,,,-31.680,-31.872,True,0.620,-8.656,9.44,62.70
1786962280.890,,0,,,,-31.260,-31.569,True,0.608,-7.786,8.59,63.44
1786962281.390,,0,,,,-30.690,-31.158,True,0.592,-7.499,8.32,63.76
1786962281.840,,0,,,,-30.330,-30.898,True,0.582,-7.255,8.10,64.10
1786962281.940,,0,,,,-30.350,-30.913,True,0.583,-7.619,8.50,64.09
1786962282.040,,0,,,,-30.440,-30.977,True,0.585,-7.878,8.78,64.06
1786962282.615,,0,,,,-30.340,-30.905,True,0.582,-8.089,9.04,64.25
1786962285.690,,0,,,,-28.950,-29.902,True,0.544,-6.770,7.73,65.60
1786962285.790,,0,,,,-29.070,-29.989,True,0.547,-6.441,7.39,65.88
1786962285.840,,0,,,,-29.190,-30.075,True,0.550,-6.502,7.46,65.86
1786962285.940,,0,,,,-29.150,-30.046,True,0.549,-6.291,7.22,65.92
1786962286.015,,0,,,,-29.110,-30.018,True,0.548,-7.527,8.60,65.65
1786962286.115,,0,,,,-28.930,-29.888,True,0.543,-7.899,9.02,65.63
1786962286.190,,0,,,,-28.760,-29.765,True,0.539,-7.580,8.70,65.95
1786962286.265,,0,,,,-28.460,-29.548,True,0.531,-8.509,9.73,65.78
1786962286.415,,0,,,,-27.820,-29.087,True,0.513,-7.796,9.07,66.88
1786962286.465,,0,,,,-27.490,-28.848,True,0.505,-8.027,9.34,66.87
1786962286.565,,0,,,,-27.010,-28.502,True,0.492,-9.149,10.48,65.93
1786962286.640,,0,,,,-26.800,-28.350,True,0.487,-8.744,10.05,66.13
1786962286.715,,0,,,,-26.690,-28.271,True,0.484,-8.185,9.40,66.02
1786962286.790,,0,,,,-26.720,-28.293,True,0.485,-8.264,9.49,66.00
1786962286.865,,0,,,,-26.710,-28.285,True,0.484,-7.833,9.04,66.31
1786962286.940,,0,,,,-26.680,-28.264,True,0.483,-7.613,8.80,66.41
1786962287.040,,0,,,,-26.650,-28.242,True,0.483,-7.673,8.86,66.39
1786962287.090,,0,,,,-26.630,-28.228,True,0.482,-7.670,8.84,66.24
1786962287.165,,0,,,,-26.590,-28.199,True,0.481,-7.650,8.82,66.23
1786962287.265,,0,,,,-26.550,-28.170,True,0.480,-7.675,8.86,66.32
1786962287.340,,0,,,,-26.500,-28.134,True,0.479,-7.389,8.55,66.47
1786962287.440,,0,,,,-26.350,-28.026,True,0.475,-7.404,8.54,66.30
1786962287.515,,0,,,,-26.260,-27.961,True,0.473,-7.283,8.40,66.29
1786962287.590,,0,,,,-26.140,-27.874,True,0.470,-7.305,8.47,66.59
1786962287.690,,0,,,,-25.950,-27.737,True,0.465,-6.991,8.10,66.59
1786962287.765,,0,,,,-25.860,-27.672,True,0.463,-6.600,7.69,66.88
1786962287.865,,0,,,,-25.720,-27.571,True,0.459,-6.782,7.87,66.64
1786962287.940,,0,,,,-25.640,-27.513,True,0.457,-6.790,7.88,66.62
1786962288.065,,0,,,,-25.550,-27.448,True,0.455,-6.462,7.51,66.72
1786962288.140,,0,,,,-25.480,-27.398,True,0.453,-7.364,8.53,66.51
1786962288.190,,0,,,,-25.490,-27.405,True,0.453,-7.408,8.57,66.49
1786962288.315,,0,,,,-25.540,-27.441,True,0.455,-6.177,7.20,66.96
1786962288.415,,0,,,,-25.580,-27.470,True,0.456,-6.014,7.03,67.08
1786962288.465,,0,,,,-25.560,-27.455,True,0.455,-6.156,7.19,67.07
1786962288.565,,0,,,,-25.500,-27.412,True,0.454,-6.136,7.17,67.05
1786962288.665,,0,,,,-25.320,-27.282,True,0.449,-6.094,7.12,67.04
1786962288.790,,0,,,,-25.060,-27.095,True,0.443,-6.133,7.16,67.01
1786962288.865,,0,,,,-24.930,-27.001,True,0.440,-5.688,6.66,67.22
1786962288.915,,0,,,,-24.870,-26.957,True,0.438,-5.798,6.79,67.21
1786962289.040,,0,,,,-24.920,-26.994,True,0.439,-6.088,7.13,67.19
1786962289.165,,0,,,,-25.260,-27.239,True,0.448,-6.661,7.82,67.39
1786962289.240,,0,,,,-25.440,-27.369,True,0.452,-6.336,7.43,67.37
1786962289.315,,0,,,,-25.630,-27.506,True,0.457,-6.535,7.66,67.35
1786962289.390,,0,,,,-25.690,-27.549,True,0.458,-6.261,7.37,67.61
1786962289.465,,0,,,,-25.790,-27.621,True,0.461,-7.347,8.65,67.63
1786962289.540,,0,,,,-25.820,-27.643,True,0.462,-7.490,8.81,67.62
1786962289.615,,0,,,,-25.770,-27.607,True,0.460,-6.423,7.56,67.56
1786962289.690,,0,,,,-25.570,-27.463,True,0.455,-6.409,7.58,67.89
1786962289.790,,0,,,,-25.150,-27.160,True,0.445,-6.403,7.56,67.76
1786962289.865,,0,,,,-24.890,-26.972,True,0.439,-6.495,7.66,67.76
1786962289.965,,0,,,,-24.560,-26.734,True,0.431,-5.861,6.93,67.88
1786962290.015,,0,,,,-24.460,-26.662,True,0.428,-6.698,7.93,67.98
1786962290.090,,0,,,,-24.470,-26.669,True,0.429,-6.847,8.10,67.96
1786962290.165,,0,,,,-24.460,-26.662,True,0.428,-5.597,6.65,68.20
1786962290.265,,0,,,,-24.500,-26.690,True,0.429,-6.646,7.86,67.95
1786962290.290,,0,,,,-24.480,-26.676,True,0.429,-6.708,7.94,67.93
1786962290.390,,0,,,,-24.430,-26.640,True,0.428,-6.812,8.08,68.13
1786962290.465,,0,,,,-24.340,-26.575,True,0.425,-6.934,8.23,68.13
1786962290.540,,0,,,,-24.140,-26.431,True,0.421,-6.913,8.21,68.22
1786962290.615,,0,,,,-23.960,-26.301,True,0.417,-6.080,7.25,68.49
1786962290.665,,0,,,,-23.890,-26.250,True,0.415,-6.089,7.26,68.49
1786962290.740,,0,,,,-23.580,-26.026,True,0.408,-5.897,7.02,68.36
1786962290.815,,0,,,,-23.220,-25.758,True,0.405,-5.970,7.11,68.34
1786962290.915,,0,,,,-22.670,-25.318,True,0.419,-7.114,8.43,68.09
1786962290.990,,0,,,,-22.460,-25.150,True,0.424,-6.464,7.71,68.45
1786962291.090,,0,,,,-22.410,-25.110,True,0.426,-5.473,6.60,69.16
1786962291.265,,0,,,,-22.510,-25.190,True,0.423,-6.176,7.37,68.53
1786962291.340,,0,,,,-22.700,-25.342,True,0.418,-6.980,8.34,68.65
1786962291.415,,0,,,,-22.740,-25.374,True,0.417,-7.081,8.46,68.63
1786962291.465,,0,,,,-22.820,-25.438,True,0.415,-6.421,7.68,68.67
1786962291.540,,0,,,,-22.870,-25.478,True,0.414,-5.878,7.09,69.20
1786962291.615,,0,,,,-22.820,-25.438,True,0.415,-5.790,6.98,69.19
1786962291.690,,0,,,,-22.720,-25.358,True,0.418,-5.950,7.12,68.72
1786962291.765,,0,,,,-22.480,-25.166,True,0.424,-5.978,7.16,68.70
1786962291.840,,0,,,,-22.210,-24.950,True,0.431,-5.417,6.54,69.32
1786962291.940,,0,,,,-21.990,-24.774,True,0.437,-5.496,6.62,69.14
1786962292.015,,0,,,,-21.890,-24.694,True,0.439,-5.431,6.54,69.08
1786962292.090,,0,,,,-21.890,-24.694,True,0.439,-5.465,6.58,69.08
1786962292.140,,0,,,,-21.950,-24.742,True,0.438,-5.383,6.49,69.13
1786962292.240,,0,,,,-22.100,-24.862,True,0.434,-5.477,6.58,68.97
1786962292.340,,0,,,,-22.130,-24.886,True,0.433,-5.389,6.50,69.17
1786962292.415,,0,,,,-22.100,-24.862,True,0.434,-5.465,6.59,69.16
1786962292.490,,0,,,,-21.960,-24.750,True,0.438,-5.560,6.73,69.43
1786962292.565,,0,,,,-21.660,-24.511,True,0.446,-5.504,6.66,69.43
1786962292.640,,0,,,,-21.350,-24.263,True,0.454,-5.610,6.79,69.41
1786962292.740,,0,,,,-20.990,-23.975,True,0.464,-5.378,6.51,69.49
1786962292.815,,0,,,,-20.820,-23.839,True,0.469,-5.090,6.19,69.78
1786962292.915,,0,,,,-20.640,-23.695,True,0.474,-5.169,6.29,69.76
1786962292.990,,0,,,,-20.550,-23.623,True,0.477,-5.998,7.27,69.57
1786962293.090,,0,,,,-20.470,-23.559,True,0.479,-5.515,6.69,69.56
1786962293.190,,0,,,,-20.320,-23.439,True,0.483,-5.596,6.79,69.65
1786962293.315,,0,,,,-20.180,-23.327,True,0.487,-6.289,7.64,69.74
1786962293.465,,0,,,,-19.880,-23.087,True,0.496,-5.092,6.22,70.08
1786962293.540,,0,,,,-19.760,-22.991,True,0.499,-5.997,7.29,69.82
1786962293.615,,0,,,,-19.710,-22.951,True,0.501,-6.224,7.58,69.88
1786962293.815,,0,,,,-19.640,-22.895,True,0.503,-5.956,7.28,70.13
1786962294.065,,0,,,,-19.410,-22.711,True,0.510,-5.575,6.81,70.14
1786962294.165,,0,,,,-19.360,-22.671,True,0.511,-5.974,7.30,70.13
1786962294.365,,0,,,,-19.280,-22.607,True,0.513,-6.710,8.21,70.28
1786962294.490,,0,,,,-19.190,-22.535,True,0.516,-5.764,7.07,70.40
1786962294.640,,0,,,,-18.910,-22.311,True,0.524,-5.158,6.34,70.54
1786962294.690,,0,,,,-18.750,-22.183,True,0.529,-5.198,6.39,70.52
1786962294.840,,0,,,,-18.390,-21.896,True,0.540,-5.015,6.18,70.74
1786962294.915,,0,,,,-18.160,-21.712,True,0.547,-4.866,6.00,70.78
1786962294.990,,0,,,,-17.990,-21.576,True,0.552,-4.944,6.10,70.76
1786962295.090,,0,,,,-17.820,-21.440,True,0.557,-4.969,6.12,70.61
1786962295.140,,0,,,,-17.710,-21.352,True,0.561,-4.886,6.04,70.87
1786962295.215,,0,,,,-17.600,-21.264,True,0.564,-4.865,6.01,70.86
1786962295.290,,0,,,,-17.480,-21.168,True,0.568,-5.214,6.44,70.84
1786962295.365,,0,,,,-17.470,-21.160,True,0.568,-4.281,5.34,71.56
1786962295.465,,0,,,,-17.400,-21.104,True,0.570,-5.374,6.64,70.86
1786962295.565,,0,,,,-17.300,-21.024,True,0.573,-5.610,6.93,70.84
1786962295.640,,0,,,,-17.220,-20.960,True,0.576,-6.163,7.62,70.93
1786962295.740,,0,,,,-17.050,-20.824,True,0.581,-5.327,6.68,71.92
1786962295.865,,0,,,,-16.740,-20.576,True,0.591,-5.500,6.83,71.29
1786962296.015,,0,,,,-16.360,-20.272,True,0.602,-6.152,7.61,71.00
1786962296.090,,0,,,,-16.330,-20.248,True,0.603,-5.687,7.06,71.20
1786962296.165,,0,,,,-16.380,-20.288,True,0.602,-5.646,7.00,71.20
1786962296.265,,0,,,,-16.440,-20.336,True,0.600,-5.594,6.94,71.17
1786962296.465,,0,,,,-16.360,-20.272,True,0.602,-4.906,6.13,71.69
1786962296.540,,0,,,,-16.260,-20.192,True,0.606,-4.292,5.38,71.83
1786962296.615,,0,,,,-16.040,-20.016,True,0.612,-4.405,5.52,71.81
1786962296.715,,0,,,,-15.870,-19.880,True,0.618,-5.048,6.30,71.54
1786962296.790,,0,,,,-15.670,-19.720,True,0.624,-5.459,6.82,71.72
1786962296.840,,0,,,,-15.600,-19.665,True,0.626,-5.677,7.09,71.71
1786962296.940,,0,,,,-15.530,-19.609,True,0.629,-5.087,6.37,71.85
1786962297.040,,0,,,,-15.360,-19.473,True,0.634,-4.806,6.03,71.92
1786962297.165,,0,,,,-15.200,-19.345,True,0.639,-5.777,7.24,71.94
1786962297.365,,0,,,,-14.720,-18.961,True,0.654,-5.363,6.75,72.17
1786962297.465,,0,,,,-14.460,-18.753,True,0.663,-5.230,6.56,71.96
1786962297.565,,0,,,,-14.240,-18.577,True,0.670,-4.687,5.88,72.02
1786962297.665,,0,,,,-14.080,-18.449,True,0.675,-5.231,6.57,72.08
1786962297.740,,0,,,,-13.870,-18.281,True,0.682,-5.430,6.82,72.05
1786962297.815,,0,,,,-13.690,-18.137,True,0.688,-4.618,5.81,72.23
1786962297.890,,0,,,,-13.530,-18.009,True,0.693,-4.693,5.91,72.21
1786962297.990,,0,,,,-13.220,-17.761,True,0.703,-5.518,6.96,72.39
1786962298.065,,0,,,,-13.090,-17.657,True,0.707,-3.973,5.08,73.32
1786962298.115,,0,,,,-12.990,-17.577,True,0.710,-4.611,5.84,72.59
1786962298.165,,0,,,,-12.860,-17.473,True,0.715,-4.555,5.76,72.59
1786962298.265,,0,,,,-12.750,-17.385,True,0.718,-3.961,5.02,72.74
1786962298.340,,0,,,,-12.800,-17.425,True,0.716,-4.208,5.33,72.61
1786962298.440,,0,,,,-12.960,-17.553,True,0.711,-4.219,5.34,72.60
1786962298.490,,0,,,,-13.060,-17.633,True,0.708,-4.288,5.43,72.58
1786962298.615,,0,,,,-13.270,-17.801,True,0.701,-3.251,4.16,73.39
1786962298.715,,0,,,,-13.230,-17.769,True,0.702,-3.426,4.38,73.37
1786962298.790,,0,,,,-13.060,-17.633,True,0.708,-4.695,5.96,72.81
1786962298.865,,0,,,,-12.790,-17.417,True,0.717,-4.376,5.57,73.03
1786962298.940,,0,,,,-12.530,-17.210,True,0.725,-4.768,6.06,72.89
1786962298.990,,0,,,,-12.430,-17.130,True,0.729,-4.890,6.21,72.88
1786962299.065,,0,,,,-12.200,-16.946,True,0.736,-4.943,6.30,73.10
1786962299.415,,0,,,,-11.750,-16.586,True,0.751,-4.712,6.02,73.27
1786962299.490,,0,,,,-11.610,-16.474,True,0.756,-4.789,6.11,73.25
1786962299.565,,0,,,,-11.280,-16.210,True,0.766,-5.014,6.40,73.25
1786962299.640,,0,,,,-10.890,-15.874,True,0.771,-5.074,6.49,73.36
1786962299.715,,0,,,,-10.550,-15.527,True,0.757,-5.172,6.61,73.34
1786962299.790,,0,,,,-10.030,-14.996,True,0.735,-4.970,6.35,73.32
1786962299.890,,0,,,,-9.550,-14.506,True,0.715,-4.681,5.99,73.46
1786962299.965,,0,,,,-9.320,-14.272,True,0.705,-4.693,6.00,73.32
1786962300.015,,0,,,,-9.170,-14.119,True,0.699,-4.952,6.33,73.31
1786962300.115,,0,,,,-9.010,-13.955,True,0.692,-4.971,6.38,73.58
1786962300.240,,0,,,,-9.060,-14.006,True,0.695,-4.058,5.23,73.90
1786962300.315,,0,,,,-9.000,-13.945,True,0.692,-4.437,5.71,73.79
1786962300.415,,0,,,,-8.920,-13.864,True,0.689,-4.385,5.64,73.77
1786962300.515,,0,,,,-8.730,-13.670,True,0.681,-4.702,6.05,73.78
1786962300.590,,0,,,,-8.560,-13.496,True,0.674,-3.746,4.82,73.76
1786962300.740,,0,,,,-8.030,-12.955,True,0.652,-3.406,4.39,73.96
1786962300.815,,0,,,,-7.860,-12.782,True,0.645,-4.757,6.13,73.98
1786962300.965,,0,,,,-7.620,-12.537,True,0.636,-3.557,4.58,73.82
1786962301.065,,0,,,,-7.470,-12.384,True,0.629,-3.815,4.92,73.92
1786962301.140,,0,,,,-7.290,-12.200,True,0.622,-4.036,5.21,73.99
1786962301.215,,0,,,,-6.950,-11.853,True,0.609,-4.037,5.21,73.97
1786962301.265,,0,,,,-6.730,-11.629,True,0.600,-3.661,4.73,74.12
1786962301.390,,0,,,,-6.120,-11.007,True,0.576,-3.935,5.09,74.11
1786962301.490,,0,,,,-5.570,-10.445,True,0.554,-3.164,4.09,74.04
1786962301.615,,0,,,,-5.070,-9.935,True,0.535,-3.321,4.29,74.03
1786962301.665,,0,,,,-4.960,-9.823,True,0.531,-3.274,4.23,74.02
1786962301.765,,0,,,,-4.740,-9.598,True,0.522,-3.368,4.35,74.02
1786962301.990,,0,,,,-4.200,-9.047,True,0.502,-2.387,3.08,73.97
1786962302.065,,0,,,,-3.990,-8.833,True,0.494,-2.469,3.19,74.01
1786962302.415,,0,,,,-2.640,-7.456,True,0.446,-3.951,5.13,74.49
1786962302.465,,0,,,,-2.460,-7.272,True,0.440,-4.122,5.35,74.49
1786962302.540,,0,,,,-2.290,-7.099,True,0.434,-2.712,3.51,74.07
1786962302.615,,0,,,,-2.240,-7.048,True,0.432,-2.772,3.58,73.97
1786962302.715,,0,,,,-2.180,-6.986,True,0.430,-2.789,3.60,73.95
1786962302.815,,0,,,,-2.240,-7.048,True,0.432,-2.557,3.33,74.68
1786962302.865,,0,,,,-2.280,-7.088,True,0.433,-2.196,2.83,73.84
1786962302.965,,0,,,,-2.170,-6.976,True,0.430,-2.752,3.56,74.07
1786962303.065,,0,,,,-1.920,-6.721,True,0.421,-2.795,3.61,74.06
1786962303.140,,0,,,,-1.560,-6.354,True,0.410,-2.860,3.70,74.08
1786962303.214,,0,,,,-1.130,-5.862,True,0.405,-2.213,2.85,73.92
1786962303.265,,0,,,,-0.840,-5.489,True,0.410,-2.185,2.82,73.91
1786962303.365,,0,,,,-0.550,-5.115,True,0.414,-1.798,2.31,73.58
1786962303.415,,0,,,,-0.500,-5.051,True,0.415,-2.711,3.50,74.04
1786962303.565,,0,,,,-0.700,-5.308,True,0.412,-1.916,2.46,73.51
1786962303.865,,0,,,,-0.750,-5.373,True,0.411,-1.530,1.98,74.29
1786962303.965,,0,,,,-0.210,-4.678,True,0.420,-1.926,2.48,73.80
1786962304.065,,0,,,,0.750,-3.443,True,0.436,-1.527,1.96,73.66
1786962304.139,,0,,,,1.180,-2.889,True,0.443,-2.320,3.00,74.11
1786962304.190,,0,,,,1.510,-2.465,True,0.448,-2.656,3.43,74.10
1786962304.265,,0,,,,1.700,-2.220,True,0.452,-2.704,3.50,74.09
1786962304.365,,0,,,,1.740,-2.169,True,0.452,-2.609,3.37,74.09
1786962304.465,,0,,,,1.540,-2.426,True,0.449,-2.870,3.71,74.08
1786962304.540,,0,,,,1.220,-2.838,True,0.443,-2.912,3.76,74.06
1786962304.614,,0,,,,1.060,-3.044,True,0.441,-2.849,3.68,74.05
1786962304.690,,0,,,,0.930,-3.211,True,0.439,-2.703,3.49,74.03
1786962304.765,,0,,,,0.830,-3.340,True,0.437,-2.745,3.54,74.02
1786962304.840,,0,,,,0.830,-3.340,True,0.437,-2.740,3.54,74.01
1786962304.914,,0,,,,0.870,-3.288,True,0.438,-2.708,3.50,73.99
1786962305.065,,0,,,,1.140,-2.941,True,0.442,-2.733,3.53,73.97
1786962305.140,,0,,,,1.300,-2.735,True,0.445,-2.781,3.59,73.95
1786962305.265,,0,,,,1.540,-2.426,True,0.449,-2.837,3.66,73.93
1786962305.339,,0,,,,1.590,-2.362,True,0.450,-1.205,1.53,72.88
1786962305.414,,0,,,,1.590,-2.362,True,0.450,-1.293,1.64,72.88
1786962305.489,,0,,,,1.590,-2.362,True,0.450,-1.302,1.66,72.88
1786962305.540,,0,,,,1.590,-2.362,True,0.450,-1.516,1.93,72.85
1786962305.614,,0,,,,1.590,-2.362,True,0.450,-1.642,2.09,72.85
1786962305.665,,0,,,,1.590,-2.362,True,0.450,-1.814,2.31,72.84
1786962305.765,,0,,,,1.590,-2.362,True,0.450,-2.111,2.68,72.82
1786962305.840,,0,,,,1.590,-2.362,True,0.450,-2.197,2.79,72.81
1786962305.889,,0,,,,1.520,-2.452,True,0.449,-2.142,2.72,72.79
1786962305.939,,0,,,,1.730,-2.182,True,0.452,-2.112,2.68,72.78
1786962306.039,,0,,,,1.990,-1.847,True,0.457,-1.904,2.42,72.78
1786962306.114,,0,,,,2.240,-1.526,True,0.461,-2.028,2.57,72.75
1786962306.164,,0,,,,2.400,-1.320,True,0.464,-2.028,2.57,72.75
1786962306.364,,0,,,,2.490,-1.204,True,0.465,-2.316,2.94,72.72
1786962306.439,,0,,,,2.490,-1.204,True,0.465,-2.539,3.22,72.70
1786962306.514,,0,,,,2.490,-1.204,True,0.465,-2.706,3.43,72.69
1786962306.589,,0,,,,1.930,-1.924,True,0.456,-3.084,3.91,72.68
1786962306.689,,0,,,,1.820,-2.066,True,0.454,-2.880,3.65,72.67
1786962306.789,,0,,,,1.920,-1.937,True,0.455,-2.605,3.30,72.65
1786962306.864,,0,,,,2.040,-1.783,True,0.457,-2.599,3.29,72.64
1786962306.940,,0,,,,2.230,-1.538,True,0.461,-2.577,3.27,72.63
1786962307.014,,0,,,,2.480,-1.217,True,0.465,-2.635,3.34,72.61
1786962307.114,,0,,,,2.750,-0.869,True,0.470,-2.776,3.52,72.59
1786962307.189,,0,,,,2.930,-0.638,True,0.473,-2.871,3.64,72.58
1786962307.289,,0,,,,3.060,-0.470,True,0.475,-3.065,3.88,72.56
1786962307.389,,0,,,,3.090,-0.432,True,0.476,-3.231,4.09,72.54
1786962307.464,,0,,,,3.070,-0.458,True,0.475,-3.182,4.03,72.54
1786962307.540,,0,,,,3.030,-0.509,True,0.475,-3.175,4.02,72.53
1786962307.589,,0,,,,3.030,-0.509,True,0.475,-3.155,3.99,72.51
1786962307.665,,0,,,,3.010,-0.535,True,0.474,-3.112,3.94,72.51
1786962307.714,,0,,,,2.980,-0.573,True,0.474,-3.076,3.89,72.50
1786962307.864,,0,,,,2.860,-0.728,True,0.472,-3.147,3.98,72.47
1786962307.914,,0,,,,2.830,-0.766,True,0.471,-3.146,3.98,72.46
1786962307.964,,0,,,,2.760,-0.856,True,0.470,-3.180,4.02,72.45
1786962308.064,,0,,,,2.570,-1.101,True,0.467,-3.254,4.11,72.44
1786962308.139,,0,,,,2.400,-1.320,True,0.464,-3.364,4.25,72.42
1786962308.214,,0,,,,2.320,-1.423,True,0.462,-3.287,4.15,72.41
1786962308.289,,0,,,,2.350,-1.384,True,0.463,-3.385,4.28,72.41
1786962308.465,,0,,,,2.540,-1.140,True,0.466,-3.266,4.12,72.38
1786962308.514,,0,,,,2.610,-1.049,True,0.467,-3.245,4.10,72.37
1786962308.589,,0,,,,2.770,-0.844,True,0.470,-3.226,4.07,72.35
1786962308.689,,0,,,,2.850,-0.741,True,0.471,-3.332,4.20,72.33
1786962308.789,,0,,,,2.990,-0.561,True,0.474,-3.372,4.25,72.33
1786962308.864,,0,,,,3.010,-0.535,True,0.474,-3.466,4.37,72.32
1786962309.314,,0,,,,2.480,-1.217,True,0.465,-1.454,1.80,71.01
1786962309.464,,0,,,,2.540,-1.140,True,0.466,-1.504,1.86,71.00
1786962309.564,,0,,,,2.580,-1.088,True,0.467,-1.665,2.06,70.97
1786962309.639,,0,,,,2.580,-1.088,True,0.467,-2.015,2.46,70.03
1786962309.739,,0,,,,2.580,-1.088,True,0.467,-2.089,2.55,70.02
1786962309.789,,0,,,,2.500,-1.191,True,0.465,-2.248,2.75,70.01
1786962309.864,,0,,,,2.410,-1.307,True,0.464,-2.279,2.78,70.01
1786962309.939,,0,,,,2.320,-1.423,True,0.462,-2.333,2.85,69.99
1786962310.014,,0,,,,2.200,-1.577,True,0.460,-2.427,2.96,69.98
1786962310.064,,0,,,,2.150,-1.641,True,0.459,-2.482,3.03,69.98
1786962310.139,,0,,,,2.080,-1.731,True,0.458,-2.556,3.12,69.96
1786962310.239,,0,,,,2.050,-1.770,True,0.458,-2.564,3.13,69.96
1786962310.289,,0,,,,2.030,-1.796,True,0.457,-2.569,3.13,69.95
1786962310.339,,0,,,,2.050,-1.770,True,0.458,-2.619,3.20,69.94
1786962310.439,,0,,,,2.050,-1.770,True,0.458,-2.675,3.26,69.92
1786962310.514,,0,,,,2.070,-1.744,True,0.458,-2.713,3.31,69.90
1786962310.564,,0,,,,2.070,-1.744,True,0.458,-2.696,3.29,69.89
1786962310.639,,0,,,,2.080,-1.731,True,0.458,-2.657,3.24,69.88
1786962310.714,,0,,,,2.050,-1.770,True,0.458,-2.631,3.21,69.87
1786962311.139,,0,,,,1.540,-2.426,True,0.449,-1.534,1.86,69.52
1786962311.239,,0,,,,1.710,-2.207,True,0.452,-1.526,1.85,69.52
1786962311.389,,0,,,,2.010,-1.821,True,0.457,-1.923,2.32,69.02
1786962311.440,,0,,,,2.140,-1.654,True,0.459,-1.849,2.23,69.02
1786962311.539,,0,,,,2.170,-1.616,True,0.460,-1.828,2.20,69.00
1786962311.639,,0,,,,2.050,-1.770,True,0.458,-1.933,2.33,68.99
1786962311.739,,0,,,,1.800,-2.092,True,0.453,-1.915,2.30,68.98
1786962311.789,,0,,,,1.580,-2.375,True,0.450,-1.951,2.35,68.97
1786962311.939,,0,,,,1.300,-2.735,True,0.445,-1.968,2.37,68.94
1786962312.064,,0,,,,1.260,-2.786,True,0.444,-1.961,2.36,68.93
1786962312.164,,0,,,,1.220,-2.838,True,0.443,-2.066,2.48,68.91
1786962312.239,,0,,,,1.180,-2.889,True,0.443,-1.854,2.27,70.12
1786962312.314,,0,,,,1.100,-2.992,True,0.441,-1.879,2.30,70.11
1786962312.364,,0,,,,1.070,-3.031,True,0.441,-1.875,2.29,70.10
1786962312.464,,0,,,,0.890,-3.263,True,0.438,-1.859,2.27,70.09
1786962312.539,,0,,,,0.740,-3.456,True,0.435,-1.798,2.20,70.07
1786962312.614,,0,,,,0.560,-3.687,True,0.432,-1.738,2.13,70.07
1786962312.664,,0,,,,0.450,-3.829,True,0.431,-1.657,2.03,70.06
1786962312.764,,0,,,,0.340,-3.970,True,0.429,-1.586,1.94,70.05
1786962312.889,,0,,,,0.320,-3.996,True,0.428,-1.598,1.95,70.02
1786962312.964,,0,,,,0.340,-3.970,True,0.429,-1.671,2.04,70.02
1786962313.064,,0,,,,0.370,-3.932,True,0.429,-1.347,1.58,67.42
1786962313.139,,0,,,,0.390,-3.906,True,0.430,-1.508,1.77,67.41
1786962313.239,,0,,,,0.390,-3.906,True,0.430,-1.604,1.89,67.40
1786962313.314,,0,,,,0.390,-3.906,True,0.430,-1.724,2.03,67.39
1786962313.364,,0,,,,0.420,-3.867,True,0.430,-1.709,2.01,67.38
1786962313.439,,0,,,,0.510,-3.752,True,0.432,-1.688,1.98,67.38
1786962313.514,,0,,,,0.620,-3.610,True,0.433,-1.608,1.89,67.37
1786962313.589,,0,,,,0.740,-3.456,True,0.435,-2.132,2.46,66.17
1786962313.689,,0,,,,0.860,-3.301,True,0.437,-2.154,2.49,66.15
1786962313.764,,0,,,,0.930,-3.211,True,0.439,-2.102,2.43,66.15
1786962313.814,,0,,,,0.910,-3.237,True,0.438,-2.180,2.52,66.14
1786962313.939,,0,,,,0.720,-3.481,True,0.435,-2.332,2.69,66.11
1786962314.014,,0,,,,0.530,-3.726,True,0.432,-2.401,2.77,66.11
1786962314.089,,0,,,,0.410,-3.880,True,0.430,-2.382,2.75,66.09
1786962314.164,,0,,,,0.350,-3.957,True,0.429,-2.371,2.73,66.09
1786962314.264,,0,,,,0.500,-3.764,True,0.431,-2.524,2.88,65.42
1786962314.314,,0,,,,0.570,-3.674,True,0.433,-2.465,2.81,65.41
1786962314.414,,0,,,,0.690,-3.520,True,0.435,-2.352,2.68,65.40
1786962314.489,,0,,,,0.720,-3.481,True,0.435,-2.295,2.62,65.40
1786962314.564,,0,,,,0.610,-3.623,True,0.433,-2.206,2.52,65.37
1786962314.639,,0,,,,0.510,-3.752,True,0.432,-2.118,2.42,65.37
1786962314.689,,0,,,,0.350,-3.957,True,0.429,-2.122,2.42,65.36
1786962314.764,,0,,,,0.080,-4.305,True,0.425,-2.070,2.36,65.35
1786962314.839,,0,,,,-0.110,-4.549,True,0.421,-1.999,2.28,65.34
1786962314.914,,0,,,,-0.170,-4.626,True,0.420,-1.941,2.21,65.33
1786962314.989,,0,,,,-0.160,-4.614,True,0.421,-1.999,2.28,65.31
1786962315.089,,0,,,,0.200,-4.150,True,0.426,-1.934,2.20,65.30
1786962315.164,,0,,,,0.390,-3.906,True,0.430,-1.955,2.23,65.29
1786962315.264,,0,,,,0.760,-3.430,True,0.436,-1.936,2.20,65.28
1786962315.339,,0,,,,0.950,-3.185,True,0.439,-2.014,2.29,65.27
1786962315.389,,0,,,,1.000,-3.121,True,0.440,-2.050,2.33,65.26
1786962315.464,,0,,,,1.020,-3.095,True,0.440,-1.638,1.86,64.99
1786962315.514,,0,,,,0.990,-3.134,True,0.440,-1.763,2.00,64.98
1786962315.614,,0,,,,0.800,-3.378,True,0.436,-1.909,2.16,64.97
1786962315.664,,0,,,,0.640,-3.584,True,0.434,-1.885,2.14,64.96
1786962315.739,,0,,,,0.520,-3.739,True,0.432,-1.723,1.92,63.78
1786962315.864,,0,,,,0.390,-3.906,True,0.430,-1.679,1.87,63.77
1786962315.939,,0,,,,0.440,-3.842,True,0.430,-1.627,1.81,63.76
1786962315.989,,0,,,,0.550,-3.700,True,0.432,-1.551,1.73,63.75
1786962316.064,,0,,,,0.700,-3.507,True,0.435,-2.633,2.95,64.12
1786962316.139,,0,,,,0.880,-3.275,True,0.438,-2.546,2.85,64.11
1786962316.214,,0,,,,1.040,-3.070,True,0.440,-2.414,2.70,64.09
1786962316.314,,0,,,,1.020,-3.095,True,0.440,-1.576,1.73,62.80
1786962316.389,,0,,,,0.860,-3.301,True,0.437,-1.535,1.68,62.80
1786962316.464,,0,,,,0.620,-3.610,True,0.433,-1.661,1.82,62.79
1786962316.539,,0,,,,0.420,-3.867,True,0.430,-1.842,2.02,62.78
1786962316.614,,0,,,,0.280,-4.047,True,0.428,-1.488,1.63,62.76
1786962316.739,,0,,,,0.380,-3.919,True,0.429,-1.481,1.62,62.75
1786962316.839,,0,,,,0.800,-3.378,True,0.436,-1.500,1.64,62.73
1786962316.914,,0,,,,0.980,-3.147,True,0.439,-1.507,1.65,62.72
1786962316.989,,0,,,,1.240,-2.812,True,0.444,-1.547,1.69,62.71
1786962317.164,,0,,,,1.060,-3.044,True,0.441,-1.536,1.68,62.69
1786962317.264,,0,,,,0.810,-3.365,True,0.437,-1.460,1.60,62.67
1786962317.364,,0,,,,0.630,-3.597,True,0.434,-1.393,1.52,62.66
1786962317.439,,0,,,,0.590,-3.649,True,0.433,-1.402,1.53,62.65
1786962317.514,,0,,,,0.670,-3.546,True,0.434,-1.368,1.50,62.64
1786962317.614,,0,,,,0.920,-3.224,True,0.438,-1.417,1.55,62.62
1786962317.739,,0,,,,1.210,-2.851,True,0.443,-1.711,1.84,61.77
1786962317.789,,0,,,,1.210,-2.851,True,0.443,-1.736,1.87,61.77
1786962317.864,,0,,,,1.130,-2.954,True,0.442,-1.928,2.08,61.74
1786962317.939,,0,,,,0.990,-3.134,True,0.440,-2.002,2.16,61.73
1786962318.064,,0,,,,0.590,-3.649,True,0.433,-1.983,2.11,60.84
1786962318.364,,0,,,,0.860,-3.301,True,0.437,-1.797,1.89,60.32
1786962318.439,,0,,,,1.110,-2.979,True,0.442,-2.492,2.64,60.67
1786962318.539,,0,,,,1.270,-2.774,True,0.444,-1.424,1.49,60.06
1786962318.614,,0,,,,1.240,-2.812,True,0.444,-2.893,3.11,61.69
1786962318.664,,0,,,,1.150,-2.928,True,0.442,-2.782,2.99,61.68
1786962318.739,,0,,,,0.940,-3.198,True,0.439,-2.772,2.98,61.66
1786962318.864,,0,,,,0.620,-3.610,True,0.433,-2.746,2.95,61.65
1786962318.939,,0,,,,0.570,-3.674,True,0.433,-2.610,2.81,61.64
1786962319.014,,0,,,,0.580,-3.661,True,0.433,-2.469,2.66,61.63
1786962319.064,,0,,,,0.730,-3.468,True,0.435,-2.468,2.65,61.63
1786962319.164,,0,,,,0.950,-3.185,True,0.439,-1.307,1.34,58.97
1786962319.239,,0,,,,1.180,-2.889,True,0.443,-1.401,1.44,58.96
1786962319.389,,0,,,,1.420,-2.581,True,0.447,-1.549,1.59,58.93
1786962319.464,,0,,,,1.460,-2.529,True,0.447,-2.511,2.55,58.14
1786962319.564,,0,,,,1.370,-2.645,True,0.446,-2.760,2.84,58.89
1786962319.639,,0,,,,1.190,-2.877,True,0.443,-2.923,3.00,58.88
1786962319.739,,0,,,,0.870,-3.288,True,0.438,-2.930,3.01,58.86
1786962319.789,,0,,,,0.720,-3.481,True,0.435,-2.355,2.30,56.07
1786962319.864,,0,,,,0.510,-3.752,True,0.432,-2.371,2.32,56.07
1786962319.914,,0,,,,0.410,-3.880,True,0.430,-2.354,2.30,56.06
1786962319.964,,0,,,,0.430,-3.854,True,0.430,-2.368,2.32,56.05
1786962320.064,,0,,,,0.460,-3.816,True,0.431,-2.250,2.20,56.04
1786962320.139,,0,,,,0.540,-3.713,True,0.432,-2.155,2.21,58.91
1786962320.214,,0,,,,0.610,-3.623,True,0.433,-2.078,2.14,58.90
1786962320.314,,0,,,,0.770,-3.417,True,0.436,-1.902,1.95,58.89
1786962320.414,,0,,,,0.770,-3.417,True,0.436,-2.166,2.18,57.79
1786962320.489,,0,,,,0.650,-3.571,True,0.434,-2.149,2.17,57.78
1786962320.589,,0,,,,0.430,-3.854,True,0.430,-2.234,2.25,57.77
1786962320.664,,0,,,,0.240,-4.099,True,0.427,-2.204,2.22,57.76
1786962320.739,,0,,,,0.130,-4.240,True,0.425,-2.207,2.22,57.75
1786962320.864,,0,,,,0.080,-4.305,True,0.425,-2.634,2.58,56.11
1786962320.939,,0,,,,0.220,-4.125,True,0.427,-2.593,2.54,56.09
1786962321.014,,0,,,,0.330,-3.983,True,0.429,-2.528,2.47,56.09
1786962321.139,,0,,,,0.600,-3.636,True,0.433,-2.439,2.39,56.08
1786962321.214,,0,,,,0.630,-3.597,True,0.434,-2.320,2.27,56.06
1786962321.289,,0,,,,0.780,-3.404,True,0.436,-1.135,1.10,55.31
1786962321.389,,0,,,,0.870,-3.288,True,0.438,-2.186,2.11,55.25
1786962321.464,,0,,,,0.940,-3.198,True,0.439,-1.183,1.10,53.27
1786962321.539,,0,,,,1.050,-3.057,True,0.441,-1.272,1.18,53.25
1786962321.614,,0,,,,1.130,-2.954,True,0.442,-2.057,1.96,54.73
1786962321.689,,0,,,,1.140,-2.941,True,0.442,-2.705,2.59,54.85
1786962321.764,,0,,,,1.160,-2.915,True,0.442,-2.750,2.63,54.85
1786962321.839,,0,,,,1.160,-2.915,True,0.442,-2.624,2.48,54.23
1786962321.889,,0,,,,1.120,-2.967,True,0.442,-2.709,2.56,54.22
1786962321.939,,0,,,,1.090,-3.005,True,0.441,-2.700,2.55,54.21
1786962322.064,,0,,,,1.020,-3.095,True,0.440,-2.399,2.26,54.03
1786962322.164,,0,,,,0.960,-3.172,True,0.439,-2.269,2.14,54.01
1786962322.239,,0,,,,0.960,-3.172,True,0.439,-2.159,2.03,54.01
1786962322.289,,0,,,,0.970,-3.160,True,0.439,-2.037,1.92,54.00
1786962322.389,,0,,,,1.000,-3.121,True,0.440,-1.187,1.12,54.23
1786962322.464,,0,,,,1.050,-3.057,True,0.441,-1.195,1.13,54.22
1786962322.564,,0,,,,0.940,-3.198,True,0.439,-1.168,1.11,54.21
1786962322.639,,0,,,,0.860,-3.301,True,0.437,-1.932,1.79,53.15
1786962322.714,,0,,,,0.780,-3.404,True,0.436,-1.976,1.83,53.14
1786962322.789,,0,,,,0.610,-3.623,True,0.433,-2.420,2.23,52.87
1786962322.864,,0,,,,0.540,-3.713,True,0.432,-2.168,2.00,52.93
1786962322.964,,0,,,,0.510,-3.752,True,0.432,-2.080,1.92,52.92
1786962323.039,,0,,,,0.560,-3.687,True,0.432,-1.578,1.43,52.04
1786962323.114,,0,,,,0.730,-3.468,True,0.435,-1.973,1.80,52.29
1786962323.164,,0,,,,0.920,-3.224,True,0.438,-2.006,1.83,52.29
1786962323.264,,0,,,,1.230,-2.825,True,0.444,-1.712,1.59,53.36
1786962323.339,,0,,,,1.480,-2.503,True,0.448,-2.364,2.15,52.02
1786962323.414,,0,,,,1.590,-2.362,True,0.450,-2.388,2.17,52.01
1786962323.464,,0,,,,1.670,-2.259,True,0.451,-1.668,1.47,50.54
1786962323.539,,0,,,,1.670,-2.259,True,0.451,-1.760,1.55,50.52
1786962323.614,,0,,,,1.690,-2.233,True,0.451,-1.845,1.63,50.52
1786962323.689,,0,,,,1.700,-2.220,True,0.452,-1.924,1.70,50.51
1786962323.789,,0,,,,1.790,-2.105,True,0.453,-2.085,1.84,50.49
1786962323.864,,0,,,,1.840,-2.040,True,0.454,-2.083,1.85,50.97
1786962323.964,,0,,,,1.960,-1.886,True,0.456,-2.181,1.94,50.96
1786962324.064,,0,,,,1.990,-1.847,True,0.457,-2.185,1.94,50.94
1786962324.139,,0,,,,1.950,-1.899,True,0.456,-2.594,2.30,50.76
1786962324.239,,0,,,,1.890,-1.976,True,0.455,-2.328,2.04,50.17
1786962324.339,,0,,,,1.690,-2.233,True,0.451,-2.304,2.02,50.16
1786962324.389,,0,,,,1.510,-2.465,True,0.448,-2.253,1.96,49.89
1786962324.489,,0,,,,1.360,-2.658,True,0.446,-2.574,2.24,49.98
1786962324.539,,0,,,,1.280,-2.761,True,0.444,-2.516,2.19,49.97
1786962324.614,,0,,,,1.140,-2.941,True,0.442,-2.758,2.35,48.88
1786962324.689,,0,,,,1.050,-3.057,True,0.441,-2.709,2.31,48.87
1786962324.739,,0,,,,0.980,-3.147,True,0.439,-1.488,1.29,49.51
1786962324.789,,0,,,,0.960,-3.172,True,0.439,-1.398,1.21,49.50
1786962324.914,,0,,,,1.040,-3.070,True,0.440,-1.296,1.12,49.49
1786962324.964,,0,,,,1.070,-3.031,True,0.441,-1.272,1.10,49.48
1786962325.089,,0,,,,1.290,-2.748,True,0.445,-1.313,1.11,48.65
1786962325.289,,0,,,,1.490,-2.491,True,0.448,-1.296,1.10,48.69
1786962325.364,,0,,,,1.470,-2.516,True,0.448,-1.541,1.35,50.03
1786962325.414,,0,,,,1.430,-2.568,True,0.447,-1.605,1.40,50.02
1786962325.489,,0,,,,1.360,-2.658,True,0.446,-1.539,1.30,48.48
1786962325.564,,0,,,,1.280,-2.761,True,0.444,-1.536,1.30,48.48
1786962325.764,,0,,,,1.400,-2.606,True,0.446,-2.025,1.67,47.31
1786962325.839,,0,,,,1.590,-2.362,True,0.450,-2.209,1.81,46.84
1786962325.939,,0,,,,1.900,-1.963,True,0.455,-2.260,1.85,46.83
1786962326.014,,0,,,,1.970,-1.873,True,0.456,-1.652,1.35,46.82
1786962326.114,,0,,,,1.960,-1.886,True,0.456,-1.593,1.30,46.80
1786962326.189,,0,,,,1.910,-1.950,True,0.455,-1.525,1.24,46.79
1786962326.289,,0,,,,1.710,-2.207,True,0.452,-1.586,1.31,47.36
1786962326.364,,0,,,,1.500,-2.478,True,0.448,-1.644,1.36,47.34
1786962326.464,,0,,,,1.340,-2.684,True,0.445,-1.518,1.24,46.73
1786962326.514,,0,,,,1.180,-2.889,True,0.443,-2.424,1.96,46.44
1786962326.614,,0,,,,1.010,-3.108,True,0.440,-2.466,2.00,46.42
1786962326.689,,0,,,,0.980,-3.147,True,0.439,-2.273,1.82,45.94
1786962326.764,,0,,,,1.030,-3.082,True,0.440,-2.090,1.74,47.60
1786962326.839,,0,,,,1.040,-3.070,True,0.440,-1.625,1.30,46.02
1786962327.014,,0,,,,1.160,-2.915,True,0.442,-2.270,1.79,45.10
1786962327.064,,0,,,,1.200,-2.864,True,0.443,-1.389,1.11,45.96
1786962327.139,,0,,,,1.200,-2.864,True,0.443,-1.420,1.14,45.95
1786962327.264,,0,,,,1.130,-2.954,True,0.442,-1.401,1.11,45.59
1786962327.364,,0,,,,1.020,-3.095,True,0.440,-1.902,1.51,45.42
1786962327.439,,0,,,,0.910,-3.237,True,0.438,-2.164,1.68,44.43
1786962327.539,,0,,,,0.850,-3.314,True,0.437,-2.158,1.66,43.98
1786962327.614,,0,,,,0.880,-3.275,True,0.438,-2.158,1.66,43.97
1786962327.714,,0,,,,1.020,-3.095,True,0.440,-1.130,0.88,44.41
1786962327.789,,0,,,,1.230,-2.825,True,0.444,-2.328,1.79,44.07
1786962327.864,,0,,,,1.370,-2.645,True,0.446,-2.455,1.89,44.06
1786962327.914,,0,,,,1.420,-2.581,True,0.447,-1.447,1.12,44.44
1786962327.964,,0,,,,1.550,-2.413,True,0.449,-1.466,1.14,44.44
1786962328.064,,0,,,,1.700,-2.220,True,0.452,-1.653,1.28,44.26
1786962328.189,,0,,,,1.810,-2.079,True,0.453,-1.439,1.07,42.54
1786962328.264,,0,,,,1.850,-2.027,True,0.454,-2.395,1.80,43.07
1786962328.364,,0,,,,1.730,-2.182,True,0.452,-2.503,1.88,43.07
1786962328.439,,0,,,,1.570,-2.388,True,0.449,-2.041,1.54,43.23
1786962328.514,,0,,,,1.430,-2.568,True,0.447,-1.449,1.09,42.95
1786962328.639,,0,,,,1.260,-2.786,True,0.444,-2.225,1.71,44.07
1786962328.689,,0,,,,1.160,-2.915,True,0.442,-2.197,1.69,44.06
1786962328.764,,0,,,,1.120,-2.967,True,0.442,-2.657,1.96,42.33
1786962328.839,,0,,,,1.150,-2.928,True,0.442,-2.221,1.66,42.78
1786962328.914,,0,,,,1.220,-2.838,True,0.443,-2.144,1.60,42.78
1786962328.964,,0,,,,1.270,-2.774,True,0.444,-1.449,1.07,42.34
1786962329.039,,0,,,,1.360,-2.658,True,0.446,-2.265,1.65,41.87
1786962329.139,,0,,,,1.370,-2.645,True,0.446,-2.238,1.63,41.86
1786962329.214,,0,,,,1.210,-2.851,True,0.443,-2.399,1.73,41.39
1786962329.289,,0,,,,1.050,-3.057,True,0.441,-2.294,1.65,41.28
1786962329.389,,0,,,,0.790,-3.391,True,0.436,-2.331,1.67,40.98
1786962329.464,,0,,,,0.570,-3.674,True,0.433,-2.392,1.71,40.97
1786962329.539,,0,,,,0.520,-3.739,True,0.432,-2.600,1.85,40.73
1786962329.614,,0,,,,0.580,-3.661,True,0.433,-1.420,1.02,40.97
1786962329.689,,0,,,,0.710,-3.494,True,0.435,-1.373,0.98,40.96
1786962329.789,,0,,,,1.000,-3.121,True,0.440,-1.546,1.10,40.95
1786962329.864,,0,,,,1.340,-2.684,True,0.445,-2.155,1.52,40.41
1786962329.939,,0,,,,1.570,-2.388,True,0.449,-2.289,1.60,40.01
1786962330.014,,0,,,,1.710,-2.207,True,0.452,-2.340,1.63,39.99
1786962330.139,,0,,,,1.790,-2.105,True,0.453,-2.608,1.81,39.68
1786962330.289,,0,,,,1.570,-2.388,True,0.449,-2.567,1.75,39.17
1786962330.389,,0,,,,1.320,-2.709,True,0.445,-2.727,1.86,39.15
1786962330.464,,0,,,,1.250,-2.799,True,0.444,-2.226,1.54,39.55
1786962330.564,,0,,,,1.150,-2.928,True,0.442,-2.750,1.87,39.03
1786962330.614,,0,,,,1.220,-2.838,True,0.443,-2.684,1.83,39.08
1786962330.689,,0,,,,1.290,-2.748,True,0.445,-2.595,1.77,39.07
1786962330.814,,0,,,,1.430,-2.568,True,0.447,-2.702,1.84,39.08
1786962330.889,,0,,,,1.530,-2.439,True,0.449,-2.319,1.55,38.21
1786962331.014,,0,,,,1.520,-2.452,True,0.449,-2.425,1.62,38.32
1786962331.089,,0,,,,1.440,-2.555,True,0.447,-2.559,1.70,38.08
1786962331.189,,0,,,,1.260,-2.786,True,0.444,-2.534,1.68,38.08
1786962331.264,,0,,,,1.080,-3.018,True,0.441,-2.622,1.73,37.77
1786962331.364,,0,,,,0.870,-3.288,True,0.438,-2.565,1.69,37.69
1786962331.439,,0,,,,0.760,-3.430,True,0.436,-2.349,1.54,37.53
1786962331.514,,0,,,,0.680,-3.533,True,0.434,-2.335,1.53,37.52
1786962331.589,,0,,,,0.660,-3.558,True,0.434,-2.335,1.51,37.02
1786962331.664,,0,,,,0.670,-3.546,True,0.434,-2.335,1.51,37.01
1786962331.764,,0,,,,0.690,-3.520,True,0.435,-2.283,1.47,37.00
1786962331.895,,0,,,,0.740,-3.456,True,0.435,-2.172,1.40,36.89
1786962331.914,,0,,,,0.760,-3.430,True,0.436,-2.218,1.43,36.88
1786962331.989,,0,,,,0.810,-3.365,True,0.437,-2.363,1.50,36.28
1786962332.064,,0,,,,0.860,-3.301,True,0.437,-2.393,1.51,36.28
1786962332.164,,0,,,,0.890,-3.263,True,0.438,-2.448,1.55,36.18
1786962332.214,,0,,,,0.920,-3.224,True,0.438,-2.680,1.68,35.97
1786962332.289,,0,,,,0.980,-3.147,True,0.439,-2.735,1.72,35.96
1786962332.464,,0,,,,1.080,-3.018,True,0.441,-2.473,1.53,35.50
1786962332.564,,0,,,,1.110,-2.979,True,0.442,-2.271,1.40,35.38
1786962332.639,,0,,,,1.100,-2.992,True,0.441,-2.217,1.37,35.36
1786962332.714,,0,,,,1.060,-3.044,True,0.441,-2.365,1.46,35.27
1786962332.789,,0,,,,1.030,-3.082,True,0.440,-1.883,1.14,34.55
1786962332.864,,0,,,,1.050,-3.057,True,0.441,-1.912,1.15,34.54
1786962332.964,,0,,,,1.050,-3.057,True,0.441,-1.926,1.16,34.53
1786962333.039,,0,,,,1.100,-2.992,True,0.441,-2.531,1.51,34.26
1786962333.114,,0,,,,1.120,-2.967,True,0.442,-2.472,1.49,34.45
1786962333.214,,0,,,,1.200,-2.864,True,0.443,-2.231,1.32,33.87
1786962333.314,,0,,,,1.240,-2.812,True,0.444,-2.624,1.57,34.22
1786962333.389,,0,,,,1.220,-2.838,True,0.443,-2.685,1.60,34.20
1786962333.464,,0,,,,1.140,-2.941,True,0.442,-2.301,1.35,33.50
1786962333.539,,0,,,,1.080,-3.018,True,0.441,-2.779,1.62,33.42
1786962333.614,,0,,,,0.950,-3.185,True,0.439,-2.735,1.59,33.40
1786962333.689,,0,,,,0.760,-3.430,True,0.436,-2.348,1.36,33.24
1786962333.764,,0,,,,0.670,-3.546,True,0.434,-2.322,1.34,33.07
1786962333.839,,0,,,,0.620,-3.610,True,0.433,-2.267,1.31,33.05
1786962333.889,,0,,,,0.590,-3.649,True,0.433,-2.382,1.37,32.96
1786962333.964,,0,,,,0.570,-3.674,True,0.433,-2.345,1.34,32.86
1786962334.089,,0,,,,0.570,-3.674,True,0.433,-1.886,1.06,32.27
1786962334.164,,0,,,,0.590,-3.649,True,0.433,-1.925,1.08,32.27
1786962334.264,,0,,,,0.760,-3.430,True,0.436,-2.471,1.40,32.44
1786962334.339,,0,,,,0.840,-3.327,True,0.437,-2.333,1.31,32.07
1786962334.439,,0,,,,0.940,-3.198,True,0.439,-2.501,1.40,32.08
1786962334.489,,0,,,,0.940,-3.198,True,0.439,-2.479,1.39,32.08
1786962334.589,,0,,,,0.900,-3.250,True,0.438,-2.487,1.37,31.62
1786962334.664,,0,,,,0.860,-3.301,True,0.437,-2.493,1.37,31.41
1786962334.764,,0,,,,0.750,-3.443,True,0.436,-2.348,1.28,31.26
1786962334.814,,0,,,,0.770,-3.417,True,0.436,-2.336,1.27,31.24
1786962334.889,,0,,,,0.830,-3.340,True,0.437,-2.582,1.40,31.03
1786962334.989,,0,,,,1.060,-3.044,True,0.441,-1.881,1.01,30.83
1786962335.039,,0,,,,1.210,-2.851,True,0.443,-1.933,1.04,30.82
1786962335.139,,0,,,,1.500,-2.478,True,0.448,-2.371,1.26,30.49
1786962335.214,,0,,,,1.540,-2.426,True,0.449,-2.746,1.46,30.39
1786962335.289,,0,,,,1.600,-2.349,True,0.450,-2.869,1.52,30.38
1786962335.414,,0,,,,1.430,-2.568,True,0.447,-2.664,1.40,30.14
1786962335.489,,0,,,,1.200,-2.864,True,0.443,-2.897,1.52,30.01
1786962335.589,,0,,,,0.780,-3.404,True,0.436,-2.628,1.36,29.60
1786962335.739,,0,,,,0.340,-3.970,True,0.429,-2.841,1.46,29.50
1786962335.814,,0,,,,0.280,-4.047,True,0.428,-2.476,1.26,29.23
1786962335.889,,0,,,,0.250,-4.086,True,0.427,-2.533,1.29,29.22
1786962335.989,,0,,,,0.440,-3.842,True,0.430,-2.643,1.36,29.49
1786962336.114,,0,,,,0.650,-3.571,True,0.434,-2.419,1.22,28.91
1786962336.239,,0,,,,0.620,-3.610,True,0.433,-3.057,1.54,28.85
1786962336.289,,0,,,,0.530,-3.726,True,0.432,-2.281,1.13,28.40
1786962336.364,,0,,,,0.380,-3.919,True,0.429,-2.195,1.09,28.40
1786962336.464,,0,,,,0.130,-4.240,True,0.425,-2.425,1.19,28.17
1786962336.539,,0,,,,-0.130,-4.575,True,0.421,-2.349,1.15,28.08
1786962336.639,,0,,,,-0.180,-4.639,True,0.420,-2.294,1.12,27.89
1786962336.714,,0,,,,-0.010,-4.421,True,0.423,-2.282,1.11,27.89
1786962336.789,,0,,,,0.200,-4.150,True,0.426,-2.372,1.14,27.63
1786962336.864,,0,,,,0.580,-3.661,True,0.433,-2.306,1.11,27.49
1786962336.939,,0,,,,0.740,-3.456,True,0.435,-2.269,1.09,27.48
1786962337.014,,0,,,,1.080,-3.018,True,0.441,-2.129,1.01,27.09
1786962337.089,,0,,,,1.360,-2.658,True,0.446,-2.511,1.18,26.95
1786962337.164,,0,,,,1.390,-2.619,True,0.446,-2.561,1.20,26.95
1786962337.264,,0,,,,1.280,-2.761,True,0.444,-2.818,1.31,26.68
1786962337.339,,0,,,,1.150,-2.928,True,0.442,-2.547,1.18,26.53
1786962337.439,,0,,,,0.900,-3.250,True,0.438,-2.512,1.16,26.36
1786962337.514,,0,,,,0.840,-3.327,True,0.437,-2.449,1.13,26.35
1786962337.589,,0,,,,0.750,-3.443,True,0.436,-2.446,1.12,26.16
1786962337.689,,0,,,,0.690,-3.520,True,0.435,-2.696,1.23,26.12
1786962337.789,,0,,,,0.630,-3.597,True,0.434,-2.449,1.10,25.69
1786962337.864,,0,,,,0.490,-3.777,True,0.431,-2.409,1.08,25.67
1786962337.939,,0,,,,0.310,-4.009,True,0.428,-2.584,1.15,25.48
1786962337.989,,0,,,,0.230,-4.112,True,0.427,-2.520,1.11,25.31
1786962338.064,,0,,,,0.050,-4.343,True,0.424,-2.469,1.09,25.30
1786962338.139,,0,,,,-0.070,-4.498,True,0.422,-2.405,1.06,25.14
1786962338.239,,0,,,,-0.110,-4.549,True,0.421,-2.326,1.01,24.92
1786962338.364,,0,,,,0.000,-4.408,True,0.423,-2.351,1.02,24.78
1786962338.464,,0,,,,0.160,-4.202,True,0.426,-2.328,1.01,24.76
1786962338.589,,0,,,,0.370,-3.932,True,0.429,-2.328,0.99,24.25
1786962338.664,,0,,,,0.470,-3.803,True,0.431,-2.414,1.02,24.25
1786962338.739,,0,,,,0.520,-3.739,True,0.432,-2.146,0.90,24.08
1786962338.814,,0,,,,0.500,-3.764,True,0.431,-2.672,1.12,23.92
1786962338.914,,0,,,,0.470,-3.803,True,0.431,-2.801,1.17,23.91
1786962338.989,,0,,,,0.400,-3.893,True,0.430,-2.421,1.00,23.64
1786962339.089,,0,,,,0.390,-3.906,True,0.430,-2.425,0.99,23.29
1786962339.164,,0,,,,0.350,-3.957,True,0.429,-2.420,0.98,23.17
1786962339.264,,0,,,,0.330,-3.983,True,0.429,-2.349,0.95,23.15
1786962339.364,,0,,,,0.300,-4.022,True,0.428,-2.351,0.94,22.95
1786962339.439,,0,,,,0.250,-4.086,True,0.427,-2.215,0.88,22.73
1786962339.514,,0,,,,0.210,-4.138,True,0.427,-2.295,0.90,22.56
1786962339.589,,0,,,,0.150,-4.215,True,0.426,-2.245,0.88,22.54
1786962339.664,,0,,,,0.060,-4.331,True,0.424,-2.260,0.88,22.39
1786962339.764,,0,,,,0.020,-4.382,True,0.424,-2.556,0.99,22.28
1786962339.839,,0,,,,0.020,-4.382,True,0.424,-2.434,0.94,22.25
1786962339.914,,0,,,,0.100,-4.279,True,0.425,-2.132,0.82,22.10
1786962340.014,,0,,,,0.250,-4.086,True,0.427,-2.109,0.80,21.86
1786962340.114,,0,,,,0.470,-3.803,True,0.431,-2.538,0.96,21.70
1786962340.189,,0,,,,0.620,-3.610,True,0.433,-1.999,0.75,21.51
1786962340.389,,0,,,,0.900,-3.250,True,0.438,-2.492,0.91,20.95
1786962340.539,,0,,,,0.840,-3.327,True,0.437,-2.716,0.98,20.76
1786962340.639,,0,,,,0.690,-3.520,True,0.435,-2.882,1.04,20.60
1786962340.764,,0,,,,0.640,-3.584,True,0.434,-2.868,1.02,20.43
1786962340.864,,0,,,,0.720,-3.481,True,0.435,-2.927,1.04,20.27
1786962340.964,,0,,,,1.000,-3.121,True,0.440,-3.054,1.07,20.17
1786962341.064,,0,,,,1.150,-2.928,True,0.442,-3.005,1.06,20.15
1786962341.164,,0,,,,1.180,-2.889,True,0.443,-2.821,0.97,19.71
1786962341.339,,0,,,,1.000,-3.121,True,0.440,-2.925,0.99,19.38
1786962341.489,,0,,,,0.780,-3.404,True,0.436,-2.864,0.96,19.15
1786962341.614,,0,,,,0.760,-3.430,True,0.436,-2.565,0.84,18.81
1786962341.689,,0,,,,0.880,-3.275,True,0.438,-2.561,0.84,18.80
1786962341.814,,0,,,,1.130,-2.954,True,0.442,-2.565,0.83,18.48
1786962342.064,,0,,,,1.900,-1.963,True,0.455,-2.453,0.78,18.27
1786962342.139,,0,,,,2.090,-1.719,True,0.458,-2.429,0.76,17.93
1786962342.264,,0,,,,2.280,-1.474,True,0.462,-2.772,0.86,17.74
1786962342.264,,0,,,,2.250,-1.513,True,0.461,-2.742,0.85,17.73
1786962342.389,,0,,,,2.200,-1.577,True,0.460,-2.957,0.90,17.52
1786962342.464,,0,,,,2.160,-1.628,True,0.459,-3.009,0.92,17.52
1786962342.539,,0,,,,2.030,-1.796,True,0.457,-2.810,0.85,17.32
1786962342.614,,0,,,,1.990,-1.847,True,0.457,-2.911,0.87,17.14
1786962342.664,,0,,,,2.010,-1.821,True,0.457,-2.933,0.88,17.14
1786962342.739,,0,,,,2.050,-1.770,True,0.458,-4.475,1.32,16.89
1786962342.839,,0,,,,2.050,-1.770,True,0.458,-2.980,0.86,16.60
1786962342.914,,0,,,,2.050,-1.770,True,0.458,-2.967,0.85,16.45
1786962342.964,,0,,,,2.420,-1.294,True,0.464,-2.899,0.83,16.45
1786962343.064,,0,,,,2.510,-1.178,True,0.466,-2.480,0.70,16.22
1786962343.139,,0,,,,2.480,-1.217,True,0.465,-2.466,0.69,16.07
1786962343.239,,0,,,,2.270,-1.487,True,0.461,-2.602,0.72,15.88
1786962343.339,,0,,,,2.100,-1.706,True,0.458,-2.706,0.74,15.72
1786962343.464,,0,,,,1.850,-2.027,True,0.454,-2.747,0.75,15.57
1786962343.514,,0,,,,1.770,-2.130,True,0.453,-2.724,0.74,15.55
1786962343.614,,0,,,,1.830,-2.053,True,0.454,-2.704,0.72,15.36
1786962343.689,,0,,,,2.100,-1.706,True,0.458,-2.335,0.61,15.00
1786962343.814,,0,,,,2.480,-1.217,True,0.465,-1.747,0.54,17.63
1786962343.889,,0,,,,2.800,-0.805,True,0.471,-1.800,0.55,17.62
1786962343.964,,0,,,,3.100,-0.419,True,0.476,-2.406,0.61,14.63
1786962344.039,,0,,,,3.300,-0.162,True,0.479,-2.454,0.63,14.61
1786962344.089,,0,,,,3.310,-0.149,True,0.480,-2.597,0.66,14.60
1786962344.164,,0,,,,3.340,-0.110,True,0.480,-2.602,0.66,14.60
1786962344.239,,0,,,,3.380,-0.059,True,0.481,-1.697,0.49,16.65
1786962344.289,,0,,,,3.370,-0.072,True,0.481,-3.040,0.74,13.92
1786962344.364,,0,,,,3.470,0.057,True,0.482,-3.101,0.75,13.92
1786962344.464,,0,,,,3.620,0.250,True,0.485,-3.181,0.76,13.75
1786962344.589,,0,,,,3.900,0.610,True,0.490,-2.978,0.70,13.52
1786962344.639,,0,,,,4.000,0.739,True,0.492,-2.962,0.69,13.38
1786962344.739,,0,,,,4.170,0.958,True,0.495,-2.934,0.68,13.20
1786962344.789,,0,,,,4.240,1.048,True,0.496,-2.870,0.66,13.18
1786962344.839,,0,,,,4.280,1.099,True,0.497,-2.285,0.61,15.38
1786962344.889,,0,,,,4.300,1.125,True,0.497,-2.262,0.61,15.37
1786962344.964,,0,,,,4.220,1.022,True,0.496,-3.204,0.72,12.88
1786962345.064,,0,,,,4.110,0.881,True,0.494,-1.793,0.46,14.82
1786962345.164,,0,,,,3.930,0.649,True,0.491,-2.809,0.61,12.50
1786962345.239,,0,,,,3.820,0.507,True,0.489,-2.885,0.63,12.48
1786962345.364,,0,,,,3.870,0.572,True,0.490,-2.825,0.61,12.46
1786962345.489,,0,,,,4.040,0.790,True,0.493,-0.333,0.09,14.82
1786962345.564,,0,,,,4.190,0.983,True,0.495,-2.509,0.51,11.76
1786962345.639,,0,,,,4.450,1.318,True,0.500,-2.470,0.51,11.74
1786962345.714,,0,,,,4.550,1.447,True,0.502,-1.727,0.41,13.74
1786962345.814,,0,,,,4.700,1.640,True,0.505,-1.842,0.45,13.92
1786962345.864,,0,,,,4.770,1.730,True,0.506,-2.270,0.45,11.25
1786962345.939,,0,,,,4.790,1.756,True,0.506,-2.406,0.47,11.24
1786962346.014,,0,,,,4.830,1.807,True,0.507,0.127,0.03,13.65
1786962346.114,,0,,,,4.920,1.923,True,0.509,-2.069,0.48,13.19
1786962346.214,,0,,,,5.030,2.064,True,0.511,-2.870,0.53,10.53
1786962346.314,,0,,,,5.160,2.232,True,0.513,-3.373,0.61,10.41
1786962346.389,,0,,,,5.270,2.373,True,0.515,-3.319,0.60,10.40
1786962346.464,,0,,,,5.380,2.515,True,0.517,-2.042,0.45,12.59
1786962346.564,,0,,,,5.480,2.643,True,0.519,-2.655,0.46,10.02
1786962346.639,,0,,,,5.510,2.682,True,0.519,-2.327,0.50,12.20
1786962346.689,,0,,,,5.510,2.682,True,0.519,-2.307,0.49,12.18
1786962346.789,,0,,,,5.520,2.695,True,0.520,-2.521,0.54,12.18
1786962346.914,,0,,,,5.490,2.656,True,0.519,-2.492,0.53,12.14
1786962346.989,,0,,,,5.470,2.630,True,0.519,-2.563,0.54,12.14
1786962347.064,,0,,,,5.390,2.528,True,0.517,-2.929,0.46,9.09
1786962347.139,,0,,,,5.380,2.515,True,0.517,-3.594,0.56,8.97
1786962347.264,,0,,,,5.370,2.502,True,0.517,-3.409,0.52,8.76
1786962347.364,,0,,,,5.340,2.463,True,0.516,-3.257,0.49,8.63
1786962347.464,,0,,,,5.410,2.553,True,0.518,-3.499,0.51,8.43
1786962347.489,,0,,,,5.460,2.618,True,0.518,-3.292,0.48,8.42
1786962347.639,,0,,,,5.570,2.759,True,0.521,-2.989,0.43,8.25
1786962347.714,,0,,,,5.710,2.939,True,0.523,0.030,0.00,8.98
1786962347.789,,0,,,,5.780,3.029,True,0.524,-0.032,0.00,8.97
1786962347.864,,0,,,,5.840,3.107,True,0.526,-5.070,0.68,7.66
1786962347.989,,0,,,,5.830,3.094,True,0.525,-5.267,0.70,7.63
1786962348.064,,0,,,,5.800,3.055,True,0.525,-3.462,0.45,7.38
1786962348.139,,0,,,,5.720,2.952,True,0.523,-3.362,0.43,7.36
1786962348.264,,0,,,,5.670,2.888,True,0.522,-4.631,0.67,8.34
1786962348.339,,0,,,,5.690,2.914,True,0.523,-3.100,0.43,7.94
1786962348.439,,0,,,,5.690,2.914,True,0.523,-3.161,0.44,7.92
1786962348.514,,0,,,,5.710,2.939,True,0.523,-3.468,0.40,6.53
1786962348.614,,0,,,,5.640,2.849,True,0.522,-3.318,0.37,6.33
1786962348.664,,0,,,,5.590,2.785,True,0.521,-3.430,0.38,6.32
1786962348.764,,0,,,,5.490,2.656,True,0.519,-3.606,0.39,6.15
1786962348.864,,0,,,,5.400,2.540,True,0.517,-4.187,0.44,6.02
1786962348.914,,0,,,,5.360,2.489,True,0.517,-3.999,0.41,5.86
1786962349.014,,0,,,,5.410,2.553,True,0.518,-3.957,0.40,5.84
1786962349.064,,0,,,,5.540,2.721,True,0.520,-2.906,0.34,6.79
1786962349.164,,0,,,,5.720,2.952,True,0.523,-3.624,0.35,5.51
1786962349.289,,0,,,,5.990,3.300,True,0.528,-4.400,0.41,5.37
1786962349.414,,0,,,,6.100,3.441,True,0.530,-4.512,0.41,5.20
1786962349.514,,0,,,,6.050,3.377,True,0.529,-4.476,0.39,5.03
1786962349.589,,0,,,,5.980,3.287,True,0.528,-5.200,0.44,4.89
1786962349.714,,0,,,,5.920,3.209,True,0.527,-4.995,0.41,4.74
1786962349.789,,0,,,,5.950,3.248,True,0.528,-4.963,0.38,4.44
1786962349.864,,0,,,,6.000,3.312,True,0.528,-4.949,0.38,4.43
1786962349.939,,0,,,,6.100,3.441,True,0.530,-4.850,0.37,4.41
1786962350.014,,0,,,,6.190,3.557,True,0.532,-4.889,0.35,4.15
1786962350.114,,0,,,,6.220,3.595,True,0.533,-4.905,0.35,4.13
1786962350.189,,0,,,,6.130,3.480,True,0.531,-4.800,0.32,3.83
1786962350.289,,0,,,,5.960,3.261,True,0.528,-4.854,0.32,3.81
1786962350.364,,0,,,,5.840,3.107,True,0.526,-4.915,0.33,3.81
1786962350.439,,0,,,,5.770,3.016,True,0.524,-5.662,0.36,3.70
1786962350.514,,0,,,,5.750,2.991,True,0.524,-4.352,0.26,3.47
1786962350.589,,0,,,,5.790,3.042,True,0.525,-4.430,0.27,3.46
1786962350.664,,0,,,,5.970,3.274,True,0.528,-5.111,0.29,3.26
1786962350.764,,0,,,,6.260,3.647,True,0.533,-5.209,0.29,3.24
1786962350.864,,0,,,,6.530,3.965,True,0.532,-5.923,0.33,3.15
1786962350.964,,0,,,,6.670,4.124,True,0.530,-5.590,0.30,3.03
1786962351.064,,0,,,,6.640,4.090,True,0.530,-5.856,0.31,3.02
1786962351.139,,0,,,,6.520,3.953,True,0.532,-5.762,0.30,2.96
1786962351.214,,0,,,,6.380,3.794,True,0.534,-5.958,0.29,2.83
1786962351.289,,0,,,,6.400,3.817,True,0.534,-6.244,0.31,2.83
1786962351.439,,0,,,,6.700,4.158,True,0.530,-7.603,0.37,2.78
1786962351.564,,0,,,,6.950,4.443,True,0.526,-8.062,0.38,2.74
1786962351.714,,0,,,,7.050,4.556,True,0.525,-8.330,0.39,2.71
1786962351.764,,0,,,,7.120,4.636,True,0.524,-8.271,0.39,2.70
1786962351.864,,0,,,,7.160,4.681,True,0.523,-8.433,0.39,2.68
1786962351.964,,0,,,,7.130,4.647,True,0.524,-4.915,0.22,2.62
1786962352.039,,0,,,,7.200,4.727,True,0.523,-4.849,0.22,2.59
1786962352.164,,0,,,,7.280,4.818,True,0.522,-4.892,0.22,2.57
1786962352.264,,0,,,,7.580,5.159,True,0.518,-4.662,0.21,2.57
1786962352.364,,0,,,,7.710,5.307,True,0.516,-4.733,0.21,2.55
1786962352.439,,0,,,,7.870,5.489,True,0.514,-4.927,0.22,2.54
1786962352.589,,0,,,,7.930,5.558,True,0.513,-4.843,0.21,2.50
1786962352.764,,0,,,,8.110,5.763,True,0.511,-4.784,0.21,2.48
1786962352.839,,0,,,,8.200,5.865,True,0.509,-4.783,0.21,2.46
1786962352.939,,0,,,,8.360,6.047,True,0.507,-4.577,0.20,2.45
1786962353.014,,0,,,,8.430,6.127,True,0.506,-4.471,0.19,2.43
1786962353.114,,0,,,,8.300,5.979,True,0.508,-4.330,0.18,2.41
1786962353.189,,0,,,,8.150,5.808,True,0.510,-4.264,0.18,2.39
1786962353.339,,0,,,,7.780,5.387,True,0.515,-4.326,0.18,2.37
1786962353.414,,0,,,,7.690,5.285,True,0.516,-4.067,0.17,2.36
1786962353.514,,0,,,,7.740,5.342,True,0.516,-3.961,0.16,2.34
1786962353.639,,0,,,,8.110,5.763,True,0.511,-3.886,0.16,2.31
1786962353.739,,0,,,,8.520,6.229,True,0.505,-3.820,0.15,2.29
1786962353.864,,0,,,,8.880,6.639,True,0.500,-3.571,0.14,2.28
1786962353.964,,0,,,,8.880,6.639,True,0.500,-3.618,0.14,2.26
1786962354.064,,0,,,,8.680,6.411,True,0.503,-3.842,0.15,2.24
1786962354.164,,0,,,,8.420,6.115,True,0.507,-3.754,0.15,2.22
1786962354.314,,0,,,,8.590,6.309,True,0.504,-3.807,0.15,2.18
1786962354.439,,0,,,,9.170,6.969,True,0.497,-3.800,0.14,2.17
1786962354.514,,0,,,,9.420,7.253,True,0.493,-3.695,0.14,2.15
1786962354.589,,0,,,,9.980,7.891,True,0.486,-3.949,0.15,2.13
1786962354.664,,0,,,,10.150,8.084,True,0.484,-4.011,0.15,2.13
1786962354.764,,0,,,,10.120,8.050,True,0.484,-4.060,0.15,2.10
1786962354.839,,0,,,,9.890,7.788,True,0.487,-4.204,0.15,2.09
1786962354.914,,0,,,,9.660,7.526,True,0.490,-4.085,0.15,2.08
1786962354.989,,0,,,,9.410,7.242,True,0.494,-3.955,0.14,2.06
1786962355.089,,0,,,,9.300,7.117,True,0.495,-3.986,0.14,2.05
1786962355.164,,0,,,,9.270,7.083,True,0.495,-3.674,0.13,2.03
1786962355.214,,0,,,,9.320,7.139,True,0.495,-3.579,0.13,2.02
1786962355.339,,0,,,,9.560,7.413,True,0.492,-3.364,0.12,2.01
1786962355.464,,0,,,,9.750,7.629,True,0.489,-3.225,0.11,1.99
1786962355.514,,0,,,,9.720,7.595,True,0.489,-3.117,0.11,1.97
1786962355.589,,0,,,,9.720,7.595,True,0.489,-2.859,0.10,1.96
1786962355.664,,0,,,,9.770,7.652,True,0.489,-2.702,0.09,1.95
1786962355.839,,0,,,,10.070,7.993,True,0.485,-2.501,0.08,1.91
1786962367.564,,0,,,,15.170,13.804,True,0.427,-8.729,0.31,2.03
1786962367.639,,0,,,,15.250,13.899,True,0.429,-8.871,0.31,2.03
1786962367.689,,0,,,,15.320,13.982,True,0.430,-8.721,0.31,2.02
1786962367.739,,0,,,,15.380,14.053,True,0.432,-8.577,0.30,2.01
1786962367.839,,0,,,,15.470,14.159,True,0.434,-8.535,0.30,2.01
1786962367.964,,0,,,,15.690,14.420,True,0.438,-8.222,0.28,1.99
1786962368.039,,0,,,,16.070,14.870,True,0.447,-8.257,0.29,1.99
1786962368.139,,0,,,,16.580,15.473,True,0.458,-7.954,0.27,1.98
1786962368.189,,0,,,,17.230,16.243,True,0.473,-8.064,0.28,1.97
1786962368.264,,0,,,,17.580,16.657,True,0.481,-8.219,0.28,1.97
1786962368.364,,0,,,,18.070,17.237,True,0.492,-8.065,0.27,1.95
1786962368.464,,0,,,,18.120,17.296,True,0.493,-8.062,0.27,1.93
