t,ns,marker_id,track_id,boresight_deg,angle_in_frame_deg,gimbal_yaw_deg,corrected_yaw_deg,yaw_correction_valid,yaw_sigma_deg,angle_error_deg,miss_distance_m,range_m
1786962005.246,,0,,,,0.930,-3.211,True,0.439,0.518,0.32,35.16
1786962005.246,,0,,,,0.930,-3.211,True,0.439,0.414,0.25,35.13
1786962005.246,,0,,,,0.930,-3.211,True,0.439,0.136,0.08,35.12
1786962005.246,,0,,,,0.930,-3.211,True,0.439,0.088,0.05,35.10
1786962005.246,,0,,,,0.930,-3.211,True,0.439,0.036,0.02,35.09
1786962005.246,,0,,,,0.930,-3.211,True,0.439,-0.029,0.02,35.08
1786962005.246,,0,,,,0.930,-3.211,True,0.439,-0.093,0.06,35.06
1786962005.246,,0,,,,0.930,-3.211,True,0.439,-0.318,0.19,35.06
1786962005.246,,0,,,,0.930,-3.211,True,0.439,-0.434,0.27,35.05
1786962005.271,,0,,,,0.810,-3.365,True,0.437,-0.665,0.41,35.03
1786962005.321,,0,,,,0.370,-3.932,True,0.429,-0.769,0.47,35.01
1786962005.321,,0,,,,0.370,-3.932,True,0.429,-0.793,0.48,35.00
1786962005.346,,0,,,,0.060,-4.331,True,0.424,-0.804,0.49,34.99
1786962005.396,,0,,,,-0.050,-4.472,True,0.422,-0.699,0.43,34.98
1786962005.396,,0,,,,-0.050,-4.472,True,0.422,-0.649,0.40,34.97
1786962005.421,,0,,,,-0.030,-4.446,True,0.423,-0.646,0.39,34.95
1786962005.496,,0,,,,-0.050,-4.472,True,0.422,-0.690,0.42,35.18
1786962005.496,,0,,,,-0.080,-4.511,True,0.422,-0.787,0.48,35.16
1786962005.546,,0,,,,-0.220,-4.691,True,0.420,-0.861,0.53,35.15
1786962005.546,,0,,,,-0.220,-4.691,True,0.420,-0.936,0.57,35.14
1786962005.596,,0,,,,-0.250,-4.729,True,0.419,-0.939,0.58,35.12
1786962005.746,,0,,,,-0.250,-4.729,True,0.419,-0.767,0.47,35.17
1786962005.796,,0,,,,-0.150,-4.601,True,0.421,-0.783,0.48,35.15
1786962005.896,,0,,,,-0.060,-4.485,True,0.422,-0.897,0.55,35.13
1786962005.996,,0,,,,0.060,-4.331,True,0.424,-0.950,0.58,35.12
1786962006.046,,0,,,,0.080,-4.305,True,0.425,-0.397,0.24,35.04
1786962006.196,,0,,,,0.060,-4.331,True,0.424,-0.509,0.31,35.03
1786962006.246,,0,,,,0.000,-4.408,True,0.423,-0.608,0.37,35.02
1786962006.296,,0,,,,-0.070,-4.498,True,0.422,-0.631,0.39,35.01
1786962006.396,,0,,,,-0.260,-4.742,True,0.419,-0.614,0.38,35.02
1786962006.446,,0,,,,-0.310,-4.807,True,0.418,-0.625,0.38,35.01
1786962006.571,,0,,,,-0.330,-4.832,True,0.418,-0.585,0.36,35.00
1786962006.596,,0,,,,-0.300,-4.794,True,0.418,-0.516,0.32,34.98
1786962006.721,,0,,,,-0.150,-4.601,True,0.421,-0.598,0.37,35.07
1786962006.796,,0,,,,-0.050,-4.472,True,0.422,-0.645,0.39,35.06
1786962006.846,,0,,,,0.040,-4.356,True,0.424,-0.753,0.46,35.04
1786962006.896,,0,,,,0.040,-4.356,True,0.424,-0.477,0.29,35.08
1786962006.996,,0,,,,-0.060,-4.485,True,0.422,-0.564,0.35,35.07
1786962007.096,,0,,,,-0.330,-4.832,True,0.418,-0.689,0.42,35.04
1786962007.096,,0,,,,-0.330,-4.832,True,0.418,-0.762,0.47,35.04
1786962007.246,,0,,,,-0.600,-5.180,True,0.414,-0.615,0.38,35.09
1786962007.296,,0,,,,-0.610,-5.193,True,0.413,-0.613,0.38,35.08
1786962007.396,,0,,,,-0.600,-5.180,True,0.414,-0.598,0.37,35.07
1786962007.446,,0,,,,-0.550,-5.115,True,0.414,-0.586,0.36,35.05
1786962007.546,,0,,,,-0.450,-4.987,True,0.416,-0.621,0.38,35.01
1786962007.646,,0,,,,-0.380,-4.897,True,0.417,-0.688,0.42,34.99
1786962007.696,,0,,,,-0.350,-4.858,True,0.418,-0.743,0.45,34.98
1786962007.821,,0,,,,-0.300,-4.794,True,0.418,-0.695,0.43,35.09
1786962007.846,,0,,,,-0.280,-4.768,True,0.419,-0.725,0.44,35.08
1786962007.946,,0,,,,-0.290,-4.781,True,0.419,-0.779,0.48,35.07
1786962007.996,,0,,,,-0.280,-4.768,True,0.419,-0.827,0.51,35.05
1786962008.146,,0,,,,-0.200,-4.665,True,0.420,-0.883,0.54,35.09
1786962008.196,,0,,,,-0.160,-4.614,True,0.421,-0.942,0.58,35.07
1786962008.296,,0,,,,-0.130,-4.575,True,0.421,-0.689,0.42,34.92
1786962008.396,,0,,,,-0.210,-4.678,True,0.420,-0.769,0.47,34.91
1786962008.496,,0,,,,-0.370,-4.884,True,0.417,-0.812,0.49,34.89
1786962008.596,,0,,,,-0.530,-5.090,True,0.415,-0.782,0.48,34.93
1786962008.646,,0,,,,-0.540,-5.103,True,0.415,-0.762,0.46,34.91
1786962008.696,,0,,,,-0.580,-5.154,True,0.414,-0.801,0.49,34.90
1786962008.821,,0,,,,-0.540,-5.103,True,0.415,-0.635,0.39,35.02
1786962008.896,,0,,,,-0.410,-4.935,True,0.417,-0.872,0.53,35.07
1786962008.996,,0,,,,-0.080,-4.511,True,0.422,-0.554,0.34,34.82
1786962009.046,,0,,,,-0.020,-4.433,True,0.423,-0.519,0.32,34.80
1786962009.146,,0,,,,0.160,-4.202,True,0.426,-0.353,0.21,34.90
1786962009.246,,0,,,,0.140,-4.228,True,0.426,-0.540,0.33,34.83
1786962009.296,,0,,,,0.100,-4.279,True,0.425,-0.360,0.22,34.76
1786962009.396,,0,,,,-0.030,-4.446,True,0.423,-0.407,0.25,34.75
1786962009.496,,0,,,,-0.170,-4.626,True,0.420,-0.431,0.26,34.73
1786962009.546,,0,,,,-0.200,-4.665,True,0.420,-0.490,0.30,34.73
1786962009.596,,0,,,,-0.180,-4.639,True,0.420,-0.510,0.31,34.71
1786962009.696,,0,,,,-0.180,-4.639,True,0.420,-0.572,0.35,34.70
1786962009.796,,0,,,,-0.080,-4.511,True,0.422,-0.589,0.36,34.69
1786962009.896,,0,,,,0.060,-4.331,True,0.424,-0.573,0.35,34.66
1786962009.996,,0,,,,0.110,-4.266,True,0.425,-0.651,0.39,34.65
1786962010.046,,0,,,,0.110,-4.266,True,0.425,-0.763,0.46,34.63
1786962010.146,,0,,,,0.050,-4.343,True,0.424,-0.806,0.49,34.62
1786962010.196,,0,,,,-0.010,-4.421,True,0.423,-0.909,0.55,34.60
1786962010.296,,0,,,,-0.190,-4.652,True,0.420,-0.912,0.55,34.58
1786962010.396,,0,,,,-0.380,-4.897,True,0.417,-0.924,0.56,34.57
1786962010.446,,0,,,,-0.400,-4.922,True,0.417,-0.971,0.59,34.55
1786962010.546,,0,,,,-0.420,-4.948,True,0.416,-0.952,0.57,34.54
1786962010.596,,0,,,,-0.390,-4.910,True,0.417,-0.956,0.58,34.53
1786962010.696,,0,,,,-0.150,-4.601,True,0.421,-0.977,0.59,34.51
1786962010.796,,0,,,,0.070,-4.318,True,0.424,-1.143,0.69,34.50
1786962010.921,,0,,,,0.360,-3.945,True,0.429,-1.276,0.77,34.48
1786962010.946,,0,,,,0.440,-3.842,True,0.430,-1.402,0.84,34.47
1786962010.996,,0,,,,0.470,-3.803,True,0.431,-1.545,0.93,34.46
1786962011.096,,0,,,,0.410,-3.880,True,0.430,-1.686,1.01,34.44
1786962011.196,,0,,,,0.220,-4.125,True,0.427,-1.719,1.03,34.43
1786962011.221,,0,,,,0.120,-4.253,True,0.425,-1.718,1.03,34.41
1786962011.296,,0,,,,0.050,-4.343,True,0.424,-1.684,1.01,34.40
1786962011.396,,0,,,,-0.110,-4.549,True,0.421,-1.732,1.04,34.39
1786962011.496,,0,,,,-0.200,-4.665,True,0.420,-1.754,1.05,34.37
1786962011.546,,0,,,,-0.240,-4.717,True,0.419,-1.807,1.08,34.36
1786962011.696,,0,,,,-0.240,-4.717,True,0.419,-1.984,1.19,34.33
1786962011.771,,0,,,,-0.210,-4.678,True,0.420,-2.102,1.26,34.32
1786962011.846,,0,,,,-0.180,-4.639,True,0.420,-2.129,1.27,34.30
1786962011.946,,0,,,,-0.040,-4.459,True,0.423,-2.224,1.33,34.29
1786962012.046,,0,,,,0.080,-4.305,True,0.425,-2.333,1.39,34.26
1786962012.096,,0,,,,0.130,-4.240,True,0.425,-2.434,1.45,34.25
1786962012.196,,0,,,,0.130,-4.240,True,0.425,-2.574,1.54,34.24
1786962012.296,,0,,,,0.060,-4.331,True,0.424,-2.778,1.66,34.22
1786962012.396,,0,,,,-0.120,-4.562,True,0.421,-2.963,1.77,34.21
1786962012.396,,0,,,,-0.120,-4.562,True,0.421,-3.059,1.82,34.19
1786962012.496,,0,,,,-0.350,-4.858,True,0.418,-3.110,1.85,34.18
1786962012.596,,0,,,,-0.430,-4.961,True,0.416,-3.126,1.86,34.16
1786962012.696,,0,,,,-0.500,-5.051,True,0.415,-3.140,1.87,34.15
1786962012.796,,0,,,,-0.430,-4.961,True,0.416,-3.099,1.85,34.14
1786962012.896,,0,,,,-0.210,-4.678,True,0.420,-3.126,1.86,34.11
1786962012.946,,0,,,,0.040,-4.356,True,0.424,-3.163,1.88,34.11
1786962012.996,,0,,,,0.210,-4.138,True,0.427,-3.246,1.93,34.09
1786962013.096,,0,,,,0.400,-3.893,True,0.430,-3.449,2.05,34.08
1786962013.196,,0,,,,0.450,-3.829,True,0.431,-3.650,2.17,34.06
1786962013.496,,0,,,,-0.520,-5.077,True,0.415,-0.772,0.46,33.93
1786962013.546,,0,,,,-0.560,-5.128,True,0.414,-0.702,0.42,33.93
1786962013.646,,0,,,,-0.430,-4.961,True,0.416,-0.618,0.37,33.90
1786962013.696,,0,,,,-0.290,-4.781,True,0.419,-0.648,0.38,33.89
1786962013.796,,0,,,,0.170,-4.189,True,0.426,-0.516,0.30,33.85
1786962013.846,,0,,,,0.420,-3.867,True,0.430,-0.600,0.35,33.83
1786962013.896,,0,,,,0.550,-3.700,True,0.432,-0.784,0.46,33.82
1786962014.021,,0,,,,0.620,-3.610,True,0.433,-0.950,0.56,33.81
1786962014.096,,0,,,,0.300,-4.022,True,0.428,-0.999,0.59,33.77
1786962014.146,,0,,,,0.120,-4.253,True,0.425,-1.191,0.70,33.77
1786962014.196,,0,,,,-0.060,-4.485,True,0.422,-1.182,0.70,33.76
1786962014.246,,0,,,,-0.300,-4.794,True,0.418,-1.279,0.75,33.74
1786962014.346,,0,,,,-0.680,-5.283,True,0.412,-0.868,0.51,33.74
1786962014.396,,0,,,,-0.770,-5.398,True,0.411,-0.750,0.44,33.72
1786962014.496,,0,,,,-0.710,-5.321,True,0.412,-0.730,0.43,33.71
1786962014.546,,0,,,,-0.550,-5.115,True,0.414,-0.833,0.49,33.70
1786962014.646,,0,,,,-0.110,-4.549,True,0.421,-0.894,0.52,33.61
1786962014.696,,0,,,,0.060,-4.331,True,0.424,-0.981,0.57,33.60
1786962014.796,,0,,,,0.470,-3.803,True,0.431,-1.041,0.61,33.58
1786962014.896,,0,,,,0.520,-3.739,True,0.432,-1.170,0.69,33.56
1786962014.996,,0,,,,0.300,-4.022,True,0.428,-0.718,0.42,33.40
1786962015.096,,0,,,,0.050,-4.343,True,0.424,-0.861,0.50,33.38
1786962015.096,,0,,,,0.050,-4.343,True,0.424,-0.988,0.58,33.37
1786962015.196,,0,,,,-0.350,-4.858,True,0.418,-1.063,0.62,33.23
1786962015.296,,0,,,,-0.520,-5.077,True,0.415,-1.049,0.61,33.21
1786962015.446,,0,,,,-0.210,-4.678,True,0.420,-0.937,0.54,33.19
1786962015.496,,0,,,,-0.070,-4.498,True,0.422,-0.769,0.45,33.26
1786962015.546,,0,,,,0.090,-4.292,True,0.425,-0.969,0.56,33.25
1786962015.696,,0,,,,0.490,-3.777,True,0.431,-1.191,0.69,33.22
1786962015.796,,0,,,,0.380,-3.919,True,0.429,-1.537,0.89,33.21
1786962015.846,,0,,,,0.220,-4.125,True,0.427,-1.681,0.97,33.19
1786962015.946,,0,,,,-0.110,-4.549,True,0.421,-1.724,1.00,33.18
1786962015.996,,0,,,,-0.220,-4.691,True,0.420,-1.765,1.02,33.16
1786962016.096,,0,,,,-0.420,-4.948,True,0.416,-1.687,0.98,33.13
1786962016.196,,0,,,,-0.380,-4.897,True,0.417,-1.681,0.97,33.12
1786962016.196,,0,,,,-0.380,-4.897,True,0.417,-1.642,0.95,33.10
1786962016.296,,0,,,,-0.190,-4.652,True,0.420,-1.653,0.95,33.09
1786962016.396,,0,,,,0.000,-4.408,True,0.423,-1.638,0.95,33.08
1786962016.396,,0,,,,0.000,-4.408,True,0.423,-1.692,0.98,33.07
1786962016.496,,0,,,,0.020,-4.382,True,0.424,-1.796,1.04,33.05
1786962016.596,,0,,,,-0.060,-4.485,True,0.422,-1.140,0.65,32.78
1786962016.596,,0,,,,-0.060,-4.485,True,0.422,-1.228,0.70,32.76
1786962016.721,,0,,,,-0.150,-4.601,True,0.421,-1.220,0.70,32.82
1786962016.796,,0,,,,-0.140,-4.588,True,0.421,-1.245,0.71,32.81
1786962016.846,,0,,,,-0.070,-4.498,True,0.422,-1.310,0.75,32.79
1786962016.946,,0,,,,0.130,-4.240,True,0.425,-1.333,0.76,32.78
1786962016.996,,0,,,,0.180,-4.176,True,0.426,-1.473,0.84,32.76
1786962017.071,,0,,,,0.330,-3.983,True,0.429,-1.626,0.93,32.75
1786962017.146,,0,,,,0.380,-3.919,True,0.429,-1.666,0.95,32.74
1786962017.196,,0,,,,0.370,-3.932,True,0.429,-1.790,1.02,32.73
1786962017.296,,0,,,,0.220,-4.125,True,0.427,-1.158,0.66,32.78
1786962017.296,,0,,,,0.220,-4.125,True,0.427,-1.202,0.69,32.77
1786962017.446,,0,,,,0.080,-4.305,True,0.425,-1.170,0.67,32.75
1786962017.496,,0,,,,0.020,-4.382,True,0.424,-1.223,0.70,32.74
1786962017.596,,0,,,,0.080,-4.305,True,0.425,-1.141,0.65,32.58
1786962017.696,,0,,,,0.170,-4.189,True,0.426,-1.226,0.70,32.57
1786962017.821,,0,,,,0.400,-3.893,True,0.430,-1.317,0.75,32.56
1786962017.845,,0,,,,0.510,-3.752,True,0.432,-1.406,0.80,32.53
1786962017.896,,0,,,,0.610,-3.623,True,0.433,-1.479,0.84,32.53
1786962017.996,,0,,,,0.720,-3.481,True,0.435,-1.633,0.93,32.52
1786962018.046,,0,,,,0.720,-3.481,True,0.435,-1.730,0.98,32.49
1786962018.095,,0,,,,0.700,-3.507,True,0.435,-1.891,1.07,32.49
1786962018.195,,0,,,,0.640,-3.584,True,0.434,-1.931,1.09,32.47
1786962018.295,,0,,,,0.440,-3.842,True,0.430,-1.946,1.10,32.45
1786962018.420,,0,,,,0.220,-4.125,True,0.427,-1.961,1.11,32.44
1786962018.445,,0,,,,0.200,-4.150,True,0.426,-1.907,1.08,32.41
1786962018.595,,0,,,,0.130,-4.240,True,0.425,-1.893,1.07,32.40
1786962018.695,,0,,,,0.260,-4.073,True,0.427,-1.979,1.12,32.38
1786962018.770,,0,,,,0.350,-3.957,True,0.429,-2.085,1.18,32.37
1786962018.895,,0,,,,0.420,-3.867,True,0.430,-2.107,1.19,32.35
1786962018.995,,0,,,,0.470,-3.803,True,0.431,-2.191,1.24,32.34
1786962018.995,,0,,,,0.470,-3.803,True,0.431,-2.395,1.35,32.33
1786962019.095,,0,,,,0.590,-3.649,True,0.433,-2.568,1.45,32.31
1786962019.195,,0,,,,0.620,-3.610,True,0.433,-1.332,0.74,31.93
1786962019.245,,0,,,,0.610,-3.623,True,0.433,-1.423,0.79,31.90
1786962019.345,,0,,,,0.630,-3.597,True,0.434,-1.449,0.81,31.89
1786962019.445,,0,,,,0.540,-3.713,True,0.432,-1.485,0.83,31.86
1786962019.545,,0,,,,0.480,-3.790,True,0.431,-1.425,0.79,31.84
1786962019.595,,0,,,,0.480,-3.790,True,0.431,-1.401,0.78,31.82
1786962019.695,,0,,,,0.530,-3.726,True,0.432,-1.637,0.91,31.75
1786962019.745,,0,,,,0.560,-3.687,True,0.432,-1.676,0.93,31.74
1786962019.795,,0,,,,0.590,-3.649,True,0.433,-1.665,0.92,31.73
1786962019.845,,0,,,,0.630,-3.597,True,0.434,-1.729,0.96,31.71
1786962019.896,,0,,,,0.690,-3.520,True,0.435,-1.781,0.99,31.71
1786962019.995,,0,,,,0.800,-3.378,True,0.436,-1.873,1.04,31.69
1786962020.096,,0,,,,0.850,-3.314,True,0.437,-1.951,1.08,31.67
1786962020.145,,0,,,,0.880,-3.275,True,0.438,-1.992,1.10,31.66
1786962020.195,,0,,,,0.910,-3.237,True,0.438,-1.993,1.10,31.64
1786962020.320,,0,,,,1.030,-3.082,True,0.440,-1.991,1.10,31.63
1786962020.395,,0,,,,1.110,-2.979,True,0.442,-1.989,1.10,31.62
1786962020.420,,0,,,,1.110,-2.979,True,0.442,-2.079,1.15,31.59
1786962020.545,,0,,,,1.030,-3.082,True,0.440,-2.275,1.25,31.59
1786962020.645,,0,,,,0.860,-3.301,True,0.437,-2.331,1.28,31.57
1786962020.720,,0,,,,0.730,-3.468,True,0.435,-2.360,1.30,31.56
1786962020.795,,0,,,,0.610,-3.623,True,0.433,-2.271,1.25,31.54
1786962020.895,,0,,,,0.440,-3.842,True,0.430,-2.236,1.23,31.52
1786962020.996,,0,,,,0.440,-3.842,True,0.430,-2.263,1.24,31.51
1786962021.045,,0,,,,0.490,-3.777,True,0.431,-2.372,1.30,31.49
1786962021.096,,0,,,,0.650,-3.571,True,0.434,-2.246,1.23,31.48
1786962021.220,,0,,,,0.900,-3.250,True,0.438,-2.388,1.31,31.46
1786962021.296,,0,,,,1.080,-3.018,True,0.441,-2.444,1.34,31.44
1786962021.346,,0,,,,1.150,-2.928,True,0.442,-2.538,1.39,31.43
1786962021.446,,0,,,,1.130,-2.954,True,0.442,-2.690,1.47,31.40
1786962021.496,,0,,,,1.100,-2.992,True,0.441,-2.913,1.60,31.39
1786962021.595,,0,,,,0.850,-3.314,True,0.437,-3.025,1.66,31.38
1786962021.645,,0,,,,0.790,-3.391,True,0.436,-3.193,1.75,31.37
1786962021.695,,0,,,,0.660,-3.558,True,0.434,-3.080,1.68,31.35
1786962021.795,,0,,,,0.590,-3.649,True,0.433,-2.999,1.64,31.34
1786962021.845,,0,,,,0.590,-3.649,True,0.433,-3.088,1.69,31.32
1786962021.895,,0,,,,0.670,-3.546,True,0.434,-3.144,1.72,31.31
1786962021.995,,0,,,,0.790,-3.391,True,0.436,-3.144,1.72,31.30
1786962022.045,,0,,,,0.930,-3.211,True,0.439,-3.184,1.74,31.28
1786962022.095,,0,,,,1.020,-3.095,True,0.440,-3.132,1.71,31.27
1786962022.195,,0,,,,1.180,-2.889,True,0.443,-3.160,1.72,31.25
1786962022.295,,0,,,,1.200,-2.864,True,0.443,-3.159,1.72,31.24
1786962022.420,,0,,,,1.070,-3.031,True,0.441,-3.210,1.75,31.23
1786962022.445,,0,,,,0.980,-3.147,True,0.439,-3.299,1.80,31.21
1786962022.595,,0,,,,0.810,-3.365,True,0.437,-3.251,1.77,31.19
1786962022.695,,0,,,,0.800,-3.378,True,0.436,-3.297,1.79,31.17
1786962022.795,,0,,,,0.990,-3.134,True,0.440,-3.410,1.85,31.13
1786962022.945,,0,,,,1.290,-2.748,True,0.445,-3.769,2.04,31.11
1786962023.045,,0,,,,1.450,-2.542,True,0.447,-3.841,2.08,31.08
1786962024.070,,0,,,,1.010,-3.108,True,0.440,-2.138,1.12,29.92
1786962024.095,,0,,,,1.020,-3.095,True,0.440,-2.175,1.14,29.91
1786962024.195,,0,,,,0.980,-3.147,True,0.439,-2.292,1.20,29.90
1786962024.245,,0,,,,1.000,-3.121,True,0.440,-2.314,1.21,29.88
1786962024.320,,0,,,,1.030,-3.082,True,0.440,-2.329,1.21,29.87
1786962024.345,,0,,,,1.050,-3.057,True,0.441,-2.346,1.22,29.86
1786962024.495,,0,,,,1.290,-2.748,True,0.445,-2.383,1.24,29.83
1786962024.595,,0,,,,1.420,-2.581,True,0.447,-2.790,1.45,29.84
1786962024.645,,0,,,,1.450,-2.542,True,0.447,-2.848,1.48,29.83
1786962024.695,,0,,,,1.530,-2.439,True,0.449,-2.911,1.51,29.81
1786962024.795,,0,,,,1.560,-2.400,True,0.449,-2.965,1.54,29.79
1786962024.895,,0,,,,1.510,-2.465,True,0.448,-2.513,1.30,29.69
1786962024.995,,0,,,,1.340,-2.684,True,0.445,-2.554,1.32,29.67
1786962025.120,,0,,,,1.100,-2.992,True,0.441,-2.649,1.37,29.65
1786962025.195,,0,,,,0.930,-3.211,True,0.439,-2.743,1.42,29.64
1786962025.295,,0,,,,0.820,-3.353,True,0.437,-2.699,1.39,29.61
1786962025.395,,0,,,,0.700,-3.507,True,0.435,-2.798,1.44,29.58
1786962025.495,,0,,,,0.630,-3.597,True,0.434,-2.897,1.49,29.57
1786962025.545,,0,,,,0.650,-3.571,True,0.434,-2.908,1.50,29.56
1786962025.645,,0,,,,0.690,-3.520,True,0.435,-2.766,1.43,29.53
1786962025.745,,0,,,,0.710,-3.494,True,0.435,-2.897,1.49,29.52
1786962025.795,,0,,,,0.740,-3.456,True,0.435,-2.965,1.53,29.51
1786962025.895,,0,,,,0.760,-3.430,True,0.436,-3.083,1.59,29.49
1786962026.020,,0,,,,0.780,-3.404,True,0.436,-3.160,1.62,29.47
1786962026.045,,0,,,,0.800,-3.378,True,0.436,-3.278,1.68,29.46
1786962026.145,,0,,,,0.910,-3.237,True,0.438,-3.292,1.69,29.45
1786962026.195,,0,,,,0.980,-3.147,True,0.439,-3.389,1.74,29.44
1786962026.295,,0,,,,1.110,-2.979,True,0.442,-1.833,0.87,27.29
1786962026.345,,0,,,,1.130,-2.954,True,0.442,-1.952,0.93,27.28
1786962026.395,,0,,,,1.140,-2.941,True,0.442,-1.999,0.95,27.27
1786962026.495,,0,,,,1.160,-2.915,True,0.442,-2.095,1.00,27.24
1786962026.595,,0,,,,1.210,-2.851,True,0.443,-2.233,1.06,27.22
1786962026.695,,0,,,,1.200,-2.864,True,0.443,-2.271,1.08,27.21
1786962026.695,,0,,,,1.200,-2.864,True,0.443,-2.292,1.09,27.20
1786962026.795,,0,,,,1.160,-2.915,True,0.442,-2.331,1.11,27.19
1786962026.895,,0,,,,1.120,-2.967,True,0.442,-2.097,0.99,27.16
1786962026.995,,0,,,,0.960,-3.172,True,0.439,-2.072,0.98,27.15
1786962027.095,,0,,,,0.870,-3.288,True,0.438,-2.259,1.07,27.13
1786962027.145,,0,,,,0.820,-3.353,True,0.437,-2.260,1.07,27.12
1786962027.195,,0,,,,0.770,-3.417,True,0.436,-2.321,1.10,27.11
1786962027.295,,0,,,,0.720,-3.481,True,0.435,-2.304,1.09,27.09
1786962027.395,,0,,,,0.660,-3.558,True,0.434,-2.346,1.11,27.08
1786962027.445,,0,,,,0.680,-3.533,True,0.434,-2.343,1.11,27.06
1786962027.495,,0,,,,0.680,-3.533,True,0.434,-2.333,1.10,27.05
1786962027.595,,0,,,,0.700,-3.507,True,0.435,-2.287,1.08,27.05
1786962027.695,,0,,,,0.700,-3.507,True,0.435,-2.427,1.14,27.02
1786962027.795,,0,,,,0.730,-3.468,True,0.435,-2.456,1.16,27.02
1786962027.845,,0,,,,0.750,-3.443,True,0.436,-2.512,1.18,27.00
1786962027.895,,0,,,,0.820,-3.353,True,0.437,-2.511,1.18,26.98
1786962027.995,,0,,,,0.970,-3.160,True,0.439,-2.607,1.23,26.97
1786962028.070,,0,,,,1.110,-2.979,True,0.442,-2.759,1.30,26.95
1786962028.095,,0,,,,1.200,-2.864,True,0.443,-2.802,1.32,26.94
1786962028.195,,0,,,,1.330,-2.696,True,0.445,-2.843,1.34,26.92
1786962028.295,,0,,,,1.380,-2.632,True,0.446,-2.914,1.37,26.90
1786962028.395,,0,,,,1.280,-2.761,True,0.444,-2.927,1.37,26.89
1786962028.495,,0,,,,1.220,-2.838,True,0.443,-2.925,1.37,26.87
1786962028.545,,0,,,,1.150,-2.928,True,0.442,-2.939,1.38,26.86
1786962028.620,,0,,,,1.160,-2.915,True,0.442,-2.910,1.36,26.84
1786962028.745,,0,,,,1.250,-2.799,True,0.444,-2.811,1.32,26.83
1786962028.820,,0,,,,1.330,-2.696,True,0.445,-2.949,1.38,26.81
1786962028.895,,0,,,,1.370,-2.645,True,0.446,-3.041,1.42,26.80
1786962028.995,,0,,,,1.320,-2.709,True,0.445,-2.980,1.39,26.78
1786962029.095,,0,,,,1.170,-2.902,True,0.443,-3.088,1.44,26.77
1786962029.220,,0,,,,0.940,-3.198,True,0.439,-3.013,1.41,26.76
1786962029.245,,0,,,,0.820,-3.353,True,0.437,-2.895,1.35,26.74
1786962029.295,,0,,,,0.790,-3.391,True,0.436,-2.873,1.34,26.73
1786962029.445,,0,,,,0.720,-3.481,True,0.435,-2.894,1.35,26.72
1786962047.895,,0,,,,0.020,-4.382,True,0.424,-3.351,1.36,23.22
1786962047.995,,0,,,,-0.040,-4.459,True,0.423,-3.165,1.28,23.20
1786962048.045,,0,,,,-0.010,-4.421,True,0.423,-3.019,1.22,23.19
1786962048.145,,0,,,,0.010,-4.395,True,0.423,-2.892,1.17,23.17
1786962048.195,,0,,,,0.110,-4.266,True,0.425,-2.865,1.17,23.42
1786962048.295,,0,,,,0.230,-4.112,True,0.427,-2.709,1.11,23.41
1786962048.345,,0,,,,0.420,-3.867,True,0.430,-2.564,1.05,23.40
1786962048.420,,0,,,,0.460,-3.816,True,0.431,-2.409,0.98,23.39
1786962048.495,,0,,,,0.550,-3.700,True,0.432,-2.949,1.20,23.25
1786962048.595,,0,,,,0.500,-3.764,True,0.431,-2.874,1.17,23.23
1786962048.695,,0,,,,0.280,-4.047,True,0.428,-2.705,1.10,23.21
1786962048.795,,0,,,,0.150,-4.215,True,0.426,-2.625,1.06,23.20
1786962048.845,,0,,,,0.080,-4.305,True,0.425,-2.482,1.00,23.18
1786962048.895,,0,,,,0.040,-4.356,True,0.424,-2.344,0.95,23.17
1786962048.945,,0,,,,0.060,-4.331,True,0.424,-2.201,0.89,23.16
1786962049.095,,0,,,,0.210,-4.138,True,0.427,-1.812,0.73,23.14
1786962049.245,,0,,,,0.340,-3.970,True,0.429,-1.603,0.65,23.12
1786962049.295,,0,,,,0.400,-3.893,True,0.430,-1.446,0.58,23.11
1786962049.395,,0,,,,0.420,-3.867,True,0.430,-1.381,0.56,23.10
1786962049.495,,0,,,,0.440,-3.842,True,0.430,-1.311,0.53,23.09
1786962049.595,,0,,,,0.560,-3.687,True,0.432,-1.302,0.52,23.07
1786962049.645,,0,,,,0.670,-3.546,True,0.434,-1.173,0.47,23.06
1786962049.745,,0,,,,0.870,-3.288,True,0.438,-1.030,0.41,23.04
1786962049.795,,0,,,,0.910,-3.237,True,0.438,-0.910,0.37,23.02
1786962049.895,,0,,,,1.040,-3.070,True,0.440,-3.463,1.38,22.80
1786962050.020,,0,,,,1.050,-3.057,True,0.441,-3.350,1.33,22.78
1786962050.095,,0,,,,0.980,-3.147,True,0.439,-3.199,1.27,22.76
1786962050.195,,0,,,,0.720,-3.481,True,0.435,-3.905,1.54,22.69
1786962050.295,,0,,,,0.560,-3.687,True,0.432,-3.758,1.49,22.68
1786962050.370,,0,,,,0.500,-3.764,True,0.431,-3.556,1.41,22.66
1786962050.445,,0,,,,0.490,-3.777,True,0.431,-3.342,1.32,22.65
1786962050.495,,0,,,,0.450,-3.829,True,0.431,-3.205,1.27,22.64
1786962050.545,,0,,,,0.490,-3.777,True,0.431,-3.035,1.20,22.62
1786962050.645,,0,,,,0.420,-3.867,True,0.430,-2.885,1.14,22.62
1786962050.745,,0,,,,0.310,-4.009,True,0.428,-2.756,1.09,22.59
1786962050.845,,0,,,,0.160,-4.202,True,0.426,-2.544,1.00,22.58
1786962050.945,,0,,,,0.080,-4.305,True,0.425,-2.390,0.94,22.55
1786962051.095,,0,,,,0.130,-4.240,True,0.425,-4.590,1.81,22.56
1786962051.195,,0,,,,0.270,-4.060,True,0.428,-4.504,1.77,22.54
1786962051.345,,0,,,,0.390,-3.906,True,0.430,-4.707,1.85,22.50
1786962051.395,,0,,,,0.400,-3.893,True,0.430,-4.516,1.77,22.48
1786962051.495,,0,,,,0.460,-3.816,True,0.431,-4.302,1.69,22.47
1786962051.595,,0,,,,0.500,-3.764,True,0.431,-4.168,1.63,22.45
1786962051.695,,0,,,,0.650,-3.571,True,0.434,-3.996,1.56,22.43
1786962051.870,,0,,,,0.730,-3.468,True,0.435,-3.786,1.48,22.41
1786962051.945,,0,,,,0.680,-3.533,True,0.434,-3.660,1.43,22.39
1786962052.320,,0,,,,0.340,-3.970,True,0.429,-3.169,1.23,22.33
1786962052.345,,0,,,,0.330,-3.983,True,0.429,-2.957,1.15,22.31
1786962052.445,,0,,,,0.480,-3.790,True,0.431,-2.101,0.82,22.30
1786962052.595,,0,,,,0.680,-3.533,True,0.434,-1.454,0.57,22.28
1786962052.595,,0,,,,0.680,-3.533,True,0.434,-1.126,0.44,22.27
1786962052.695,,0,,,,0.630,-3.597,True,0.434,-0.944,0.37,22.26
1786962052.745,,0,,,,0.560,-3.687,True,0.432,-0.648,0.25,22.24
1786962052.870,,0,,,,0.330,-3.983,True,0.429,-0.503,0.20,22.23
1786962052.895,,0,,,,0.280,-4.047,True,0.428,-0.339,0.13,22.21
1786962052.995,,0,,,,0.010,-4.395,True,0.423,0.015,0.01,22.20
1786962053.095,,0,,,,0.030,-4.369,True,0.424,0.319,0.12,22.19
1786962053.145,,0,,,,0.050,-4.343,True,0.424,0.690,0.27,22.18
1786962053.195,,0,,,,0.140,-4.228,True,0.426,0.869,0.34,22.17
1786962053.295,,0,,,,0.280,-4.047,True,0.428,1.102,0.43,22.16
1786962053.395,,0,,,,0.520,-3.739,True,0.432,1.242,0.48,22.14
1786962053.495,,0,,,,0.690,-3.520,True,0.435,1.351,0.52,22.12
1786962053.595,,0,,,,0.750,-3.443,True,0.436,1.477,0.57,22.10
1786962053.695,,0,,,,0.730,-3.468,True,0.435,1.639,0.63,22.09
1786962053.795,,0,,,,0.650,-3.571,True,0.434,1.808,0.70,22.07
1786962053.845,,0,,,,0.610,-3.623,True,0.433,2.059,0.79,22.05
1786962053.895,,0,,,,0.620,-3.610,True,0.433,2.523,0.97,22.04
1786962053.945,,0,,,,0.610,-3.623,True,0.433,2.899,1.11,22.03
1786962054.045,,0,,,,0.660,-3.558,True,0.434,3.198,1.23,22.02
1786962054.095,,0,,,,0.720,-3.481,True,0.435,3.446,1.32,22.01
1786962054.195,,0,,,,0.780,-3.404,True,0.436,3.598,1.38,22.00
1786962054.245,,0,,,,0.750,-3.443,True,0.436,3.764,1.44,21.99
1786962054.346,,0,,,,0.810,-3.365,True,0.437,4.020,1.54,21.98
1786962054.395,,0,,,,0.790,-3.391,True,0.436,4.157,1.59,21.97
1786962054.495,,0,,,,0.760,-3.430,True,0.436,4.413,1.69,21.96
1786962054.545,,0,,,,0.720,-3.481,True,0.435,4.636,1.77,21.94
1786962054.645,,0,,,,0.620,-3.610,True,0.433,4.959,1.90,21.93
1786962054.695,,0,,,,0.590,-3.649,True,0.433,5.215,1.99,21.92
1786962056.195,,0,,,,1.100,-2.992,True,0.441,-3.889,1.53,22.57
1786962056.245,,0,,,,1.150,-2.928,True,0.442,-3.756,1.48,22.55
1786962056.295,,0,,,,1.250,-2.799,True,0.444,-3.683,1.45,22.54
1786962056.395,,0,,,,1.190,-2.877,True,0.443,-3.588,1.41,22.52
1786962056.495,,0,,,,0.990,-3.134,True,0.440,-3.310,1.30,22.51
1786962056.545,,0,,,,0.900,-3.250,True,0.438,-3.030,1.19,22.49
1786962056.645,,0,,,,0.620,-3.610,True,0.433,-2.665,1.04,22.47
1786962056.695,,0,,,,0.500,-3.764,True,0.431,-2.331,0.91,22.46
1786962056.795,,0,,,,0.400,-3.893,True,0.430,-1.948,0.76,22.45
1786962056.895,,0,,,,0.410,-3.880,True,0.430,-1.605,0.63,22.44
1786962056.995,,0,,,,0.580,-3.661,True,0.433,-1.337,0.52,22.42
1786962057.070,,0,,,,0.720,-3.481,True,0.435,-1.153,0.45,22.41
1786962057.095,,0,,,,0.760,-3.430,True,0.436,-1.020,0.40,22.40
1786962057.195,,0,,,,0.970,-3.160,True,0.439,-0.924,0.36,22.39
1786962062.795,,0,,,,0.020,-4.382,True,0.424,-1.719,0.77,25.82
1786962062.895,,0,,,,0.010,-4.395,True,0.423,-1.626,0.73,25.80
1786962062.945,,0,,,,0.030,-4.369,True,0.424,-1.538,0.69,25.79
1786962063.045,,0,,,,0.010,-4.395,True,0.423,-3.678,1.66,25.93
1786962063.095,,0,,,,0.000,-4.408,True,0.423,-3.591,1.62,25.91
1786962063.195,,0,,,,-0.020,-4.433,True,0.423,-3.658,1.65,25.90
1786962063.295,,0,,,,-0.010,-4.421,True,0.423,-3.515,1.59,25.88
1786962063.345,,0,,,,0.000,-4.408,True,0.423,-3.450,1.57,26.06
1786962063.445,,0,,,,0.010,-4.395,True,0.423,-3.270,1.49,26.04
1786962063.495,,0,,,,0.030,-4.369,True,0.424,-3.156,1.43,26.03
1786962063.595,,0,,,,0.080,-4.305,True,0.425,-3.362,1.55,26.51
1786962063.695,,0,,,,0.100,-4.279,True,0.425,-3.331,1.54,26.49
1786962063.745,,0,,,,0.090,-4.292,True,0.425,-3.361,1.55,26.48
1786962063.795,,0,,,,0.090,-4.292,True,0.425,-3.341,1.54,26.46
1786962063.895,,0,,,,0.030,-4.369,True,0.424,-3.642,1.69,26.63
1786962063.995,,0,,,,-0.070,-4.498,True,0.422,-3.513,1.63,26.62
1786962064.045,,0,,,,-0.150,-4.601,True,0.421,-3.333,1.55,26.60
1786962064.145,,0,,,,-0.310,-4.807,True,0.418,-3.091,1.43,26.59
1786962064.195,,0,,,,-0.380,-4.897,True,0.417,-3.228,1.51,26.84
1786962064.295,,0,,,,-0.580,-5.154,True,0.414,-2.966,1.39,26.82
1786962064.395,,0,,,,-0.690,-5.296,True,0.412,-2.819,1.32,26.80
1786962064.495,,0,,,,-0.740,-5.360,True,0.411,-3.150,1.49,27.11
1786962064.595,,0,,,,-0.680,-5.283,True,0.412,-3.037,1.44,27.10
1786962064.595,,0,,,,-0.680,-5.283,True,0.412,-2.953,1.40,27.08
1786962064.695,,0,,,,-0.690,-5.296,True,0.412,-2.955,1.40,27.07
1786962064.795,,0,,,,-0.650,-5.244,True,0.413,-3.269,1.56,27.35
1786962064.895,,0,,,,-0.600,-5.180,True,0.414,-3.280,1.56,27.34
1786962064.995,,0,,,,-0.600,-5.180,True,0.414,-3.309,1.60,27.69
1786962065.095,,0,,,,-0.640,-5.231,True,0.413,-3.266,1.58,27.67
1786962065.095,,0,,,,-0.640,-5.231,True,0.413,-3.260,1.57,27.66
1786962065.195,,0,,,,-0.610,-5.193,True,0.413,-3.196,1.54,27.65
1786962065.245,,0,,,,-0.570,-5.141,True,0.414,-3.098,1.49,27.64
1786962065.345,,0,,,,-0.380,-4.897,True,0.417,-3.456,1.69,28.02
1786962065.395,,0,,,,-0.270,-4.755,True,0.419,-3.292,1.61,28.01
1786962065.495,,0,,,,0.000,-4.408,True,0.423,-3.248,1.59,27.98
1786962065.595,,0,,,,0.200,-4.150,True,0.426,-3.431,1.69,28.24
1786962065.695,,0,,,,0.230,-4.112,True,0.427,-3.300,1.62,28.22
1786962065.745,,0,,,,0.200,-4.150,True,0.426,-3.220,1.58,28.21
1786962065.795,,0,,,,0.100,-4.279,True,0.425,-3.203,1.58,28.20
1786962065.895,,0,,,,-0.040,-4.459,True,0.423,-2.962,1.48,28.57
1786962065.995,,0,,,,-0.130,-4.575,True,0.421,-2.678,1.33,28.56
1786962066.045,,0,,,,-0.140,-4.588,True,0.421,-2.487,1.24,28.55
1786962066.095,,0,,,,-0.100,-4.536,True,0.422,-2.277,1.13,28.54
1786962066.195,,0,,,,0.030,-4.369,True,0.424,-2.408,1.21,28.85
1786962066.295,,0,,,,0.100,-4.279,True,0.425,-2.537,1.28,29.01
1786962066.395,,0,,,,0.130,-4.240,True,0.425,-2.824,1.43,29.05
1786962066.495,,0,,,,0.070,-4.318,True,0.424,-2.759,1.40,29.17
1786962066.595,,0,,,,0.030,-4.369,True,0.424,-2.700,1.37,29.15
1786962066.645,,0,,,,-0.040,-4.459,True,0.423,-2.077,1.04,28.60
1786962066.745,,0,,,,-0.110,-4.549,True,0.421,-2.391,1.23,29.42
1786962066.795,,0,,,,-0.110,-4.549,True,0.421,-2.213,1.14,29.40
1786962066.895,,0,,,,0.010,-4.395,True,0.423,-1.332,0.66,28.56
1786962066.995,,0,,,,0.180,-4.176,True,0.426,-0.709,0.35,28.33
1786962067.095,,0,,,,0.310,-4.009,True,0.428,-1.344,0.68,28.79
1786962067.195,,0,,,,0.450,-3.829,True,0.431,-2.547,1.33,29.84
1786962067.295,,0,,,,0.460,-3.816,True,0.431,-2.437,1.28,30.02
1786962067.370,,0,,,,0.500,-3.764,True,0.431,-2.341,1.23,30.01
1786962067.445,,0,,,,0.540,-3.713,True,0.432,-2.303,1.21,30.11
1786962067.595,,0,,,,0.570,-3.674,True,0.433,-0.950,0.48,29.14
1786962067.645,,0,,,,0.580,-3.661,True,0.433,-2.232,1.18,30.26
1786962067.745,,0,,,,0.590,-3.649,True,0.433,-2.070,1.09,30.25
1786962067.795,,0,,,,0.510,-3.752,True,0.432,-2.103,1.11,30.23
1786962067.895,,0,,,,0.390,-3.906,True,0.430,-2.320,1.24,30.60
1786962067.995,,0,,,,0.340,-3.970,True,0.429,-0.829,0.43,29.37
1786962067.995,,0,,,,0.340,-3.970,True,0.429,-0.712,0.37,29.36
1786962068.095,,0,,,,0.390,-3.906,True,0.430,-0.656,0.34,29.34
1786962068.195,,0,,,,0.570,-3.674,True,0.433,-1.870,1.01,30.88
1786962068.245,,0,,,,0.660,-3.558,True,0.434,-0.937,0.49,30.00
1786962068.345,,0,,,,0.850,-3.314,True,0.437,-0.106,0.06,29.72
1786962068.395,,0,,,,0.900,-3.250,True,0.438,-0.174,0.09,29.71
1786962068.495,,0,,,,0.890,-3.263,True,0.438,-0.905,0.48,30.37
1786962068.595,,0,,,,0.700,-3.507,True,0.435,-1.924,1.05,31.35
1786962068.645,,0,,,,0.580,-3.661,True,0.433,-1.998,1.09,31.36
1786962068.745,,0,,,,0.420,-3.867,True,0.430,-1.943,1.06,31.35
1786962068.795,,0,,,,0.380,-3.919,True,0.429,-0.639,0.34,30.26
1786962068.895,,0,,,,0.440,-3.842,True,0.430,-0.608,0.32,30.42
1786962068.995,,0,,,,0.670,-3.546,True,0.434,-1.896,1.05,31.71
1786962069.095,,0,,,,0.880,-3.275,True,0.438,-1.187,0.65,31.22
1786962069.195,,0,,,,1.010,-3.108,True,0.440,-1.217,0.66,31.21
1786962069.245,,0,,,,1.010,-3.108,True,0.440,0.395,0.21,30.09
1786962069.345,,0,,,,0.950,-3.185,True,0.439,0.492,0.26,30.24
1786962069.445,,0,,,,0.730,-3.468,True,0.435,-1.945,1.09,32.10
1786962069.570,,0,,,,0.580,-3.661,True,0.433,-1.914,1.07,32.08
1786962069.595,,0,,,,0.510,-3.752,True,0.432,-1.834,1.03,32.07
1786962069.695,,0,,,,0.420,-3.867,True,0.430,-1.822,1.02,32.05
1786962069.795,,0,,,,0.400,-3.893,True,0.430,-0.770,0.42,31.33
1786962069.845,,0,,,,0.420,-3.867,True,0.430,0.498,0.27,30.82
1786962069.945,,0,,,,0.480,-3.790,True,0.431,0.593,0.32,30.80
1786962070.145,,0,,,,0.590,-3.649,True,0.433,-1.682,0.97,32.92
1786962070.195,,0,,,,0.570,-3.674,True,0.433,0.327,0.18,31.13
1786962070.295,,0,,,,0.440,-3.842,True,0.430,0.317,0.17,31.11
1786962070.445,,0,,,,-0.020,-4.433,True,0.423,0.191,0.10,31.32
1786962070.495,,0,,,,-0.080,-4.511,True,0.422,0.216,0.12,31.31
1786962070.595,,0,,,,-0.190,-4.652,True,0.420,0.296,0.16,31.46
1786962070.645,,0,,,,-0.180,-4.639,True,0.420,-0.824,0.46,32.23
1786962070.745,,0,,,,-0.100,-4.536,True,0.422,0.496,0.28,31.78
1786962070.845,,0,,,,-0.030,-4.446,True,0.423,0.549,0.30,31.76
1786962070.945,,0,,,,-0.020,-4.433,True,0.423,-1.020,0.59,32.91
1786962070.995,,0,,,,-0.060,-4.485,True,0.422,-0.907,0.52,32.70
1786962071.095,,0,,,,-0.120,-4.562,True,0.421,-0.879,0.50,32.69
1786962071.145,,0,,,,-0.150,-4.601,True,0.421,-1.077,0.61,32.67
1786962071.270,,0,,,,-0.080,-4.511,True,0.422,-1.091,0.62,32.65
1786962071.345,,0,,,,0.000,-4.408,True,0.423,-0.886,0.51,32.90
1786962071.445,,0,,,,0.110,-4.266,True,0.425,-0.142,0.08,32.40
1786962071.520,,0,,,,0.110,-4.266,True,0.425,-0.127,0.07,32.39
1786962071.595,,0,,,,0.050,-4.343,True,0.424,-0.139,0.08,32.61
1786962071.695,,0,,,,-0.120,-4.562,True,0.421,-0.190,0.11,32.74
1786962071.845,,0,,,,-0.240,-4.717,True,0.419,-0.419,0.24,32.70
1786962071.995,,0,,,,0.000,-4.408,True,0.423,-1.552,0.93,34.22
1786962072.045,,0,,,,0.160,-4.202,True,0.426,-1.527,0.91,34.19
1786962072.245,,0,,,,0.210,-4.138,True,0.427,-0.374,0.22,33.23
1786962072.295,,0,,,,0.060,-4.331,True,0.424,-0.436,0.25,33.21
1786962072.395,,0,,,,-0.220,-4.691,True,0.420,-0.666,0.39,33.25
1786962072.445,,0,,,,-0.460,-5.000,True,0.416,-1.733,1.05,34.56
1786962072.545,,0,,,,-0.720,-5.334,True,0.412,-1.753,1.06,34.55
1786962072.595,,0,,,,-0.750,-5.373,True,0.411,-1.006,0.59,33.61
1786962072.720,,0,,,,-0.600,-5.180,True,0.414,-0.368,0.22,33.83
1786962072.795,,0,,,,-0.400,-4.922,True,0.417,-0.354,0.21,33.81
1786962072.895,,0,,,,-0.150,-4.601,True,0.421,-0.434,0.26,33.80
1786962073.295,,0,,,,-1.360,-6.150,True,0.403,-1.179,0.70,34.19
1786962073.445,,0,,,,-1.640,-6.435,True,0.412,-0.801,0.48,34.43
1786962073.495,,0,,,,-1.640,-6.435,True,0.412,-0.785,0.47,34.66
1786962073.595,,0,,,,-1.510,-6.303,True,0.408,-1.376,0.83,34.76
1786962073.695,,0,,,,-1.360,-6.150,True,0.403,-1.424,0.87,34.86
1786962073.795,,0,,,,-1.130,-5.862,True,0.405,-1.344,0.82,34.98
1786962073.895,,0,,,,-1.090,-5.810,True,0.406,-1.732,1.06,35.12
1786962073.945,,0,,,,-1.120,-5.849,True,0.405,-1.878,1.15,35.11
1786962073.995,,0,,,,-1.160,-5.900,True,0.405,-1.936,1.19,35.14
1786962074.195,,0,,,,-1.490,-6.282,True,0.407,-2.190,1.34,35.19
1786962074.495,,0,,,,-1.960,-6.762,True,0.423,-2.367,1.47,35.63
1786962074.895,,0,,,,-1.270,-6.042,True,0.403,-2.418,1.53,36.25
1786962074.995,,0,,,,-1.250,-6.016,True,0.403,-2.520,1.59,36.23
1786962075.195,,0,,,,-1.620,-6.415,True,0.411,-2.562,1.63,36.54
1786962075.695,,0,,,,-1.170,-5.913,True,0.405,-1.729,1.12,37.13
1786962075.795,,0,,,,-0.910,-5.579,True,0.409,-1.765,1.15,37.25
1786962075.895,,0,,,,-0.640,-5.231,True,0.413,-1.945,1.27,37.28
1786962075.944,,0,,,,-0.650,-5.244,True,0.413,-1.979,1.29,37.27
1786962076.045,,0,,,,-0.870,-5.527,True,0.409,-1.696,1.11,37.43
1786962076.194,,0,,,,-1.660,-6.456,True,0.413,-0.867,0.57,37.50
1786962076.294,,0,,,,-1.970,-6.772,True,0.423,-0.651,0.43,38.03
1786962076.794,,0,,,,-1.060,-5.772,True,0.406,-0.734,0.49,38.19
1786962076.845,,0,,,,-1.010,-5.707,True,0.407,-0.751,0.50,38.27
1786962076.894,,0,,,,-0.990,-5.682,True,0.407,-0.704,0.47,38.25
1786962076.995,,0,,,,-1.110,-5.836,True,0.406,-0.603,0.41,38.48
1786962077.095,,0,,,,-1.290,-6.068,True,0.403,-0.474,0.32,38.73
1786962077.194,,0,,,,-1.490,-6.282,True,0.407,-0.363,0.25,38.77
1786962077.295,,0,,,,-1.520,-6.313,True,0.408,-0.409,0.28,38.75
1786962077.344,,0,,,,-1.480,-6.272,True,0.407,-0.481,0.33,38.74
1786962077.469,,0,,,,-1.240,-6.003,True,0.404,0.050,0.03,39.03
1786962077.494,,0,,,,-1.100,-5.823,True,0.406,0.302,0.21,39.01
1786962077.594,,0,,,,-0.880,-5.540,True,0.409,0.422,0.29,39.00
1786962077.695,,0,,,,-0.700,-5.308,True,0.412,0.384,0.26,38.97
1786962077.745,,0,,,,-0.670,-5.270,True,0.412,-0.113,0.08,39.33
1786962077.894,,0,,,,-0.760,-5.386,True,0.411,0.124,0.09,39.51
1786962077.994,,0,,,,-0.970,-5.656,True,0.408,0.153,0.11,39.74
1786962078.094,,0,,,,-1.180,-5.926,True,0.404,0.424,0.30,39.91
1786962078.144,,0,,,,-1.240,-6.003,True,0.404,0.483,0.34,39.90
1786962078.494,,0,,,,-1.440,-6.231,True,0.406,0.364,0.25,40.09
1786962078.594,,0,,,,-1.400,-6.190,True,0.404,0.416,0.29,40.06
1786962078.694,,0,,,,-1.330,-6.119,True,0.402,0.278,0.20,40.48
1786962078.794,,0,,,,-1.280,-6.055,True,0.403,-0.011,0.01,40.45
1786962078.894,,0,,,,-1.170,-5.913,True,0.405,-0.129,0.09,40.43
1786962087.594,,0,,,,-13.240,-17.777,True,0.702,16.300,14.66,52.24
1786962087.694,,0,,,,-13.330,-17.849,True,0.699,15.238,13.43,51.09
1786962087.744,,0,,,,-13.390,-17.897,True,0.697,15.457,13.61,51.07
1786962088.094,,0,,,,-14.030,-18.409,True,0.677,0.568,0.51,51.69
1786962088.144,,0,,,,-14.130,-18.489,True,0.673,-0.241,0.22,51.64
1786962088.294,,0,,,,-14.350,-18.665,True,0.666,0.395,0.36,52.69
1786962088.444,,0,,,,-14.350,-18.665,True,0.666,-1.246,1.13,52.15
1786962088.894,,0,,,,-13.890,-18.297,True,0.681,-1.586,1.46,52.92
1786962089.394,,0,,,,-14.150,-18.505,True,0.673,-1.606,1.50,53.53
1786962089.494,,0,,,,-14.140,-18.497,True,0.673,-1.313,1.22,53.13
1786962089.844,,0,,,,-14.080,-18.449,True,0.675,-2.307,2.15,53.53
1786962089.969,,0,,,,-14.300,-18.625,True,0.668,-2.110,2.00,54.22
1786962090.244,,0,,,,-14.800,-19.025,True,0.652,-2.488,2.36,54.34
1786962090.619,,0,,,,-14.210,-18.553,True,0.671,-1.938,1.85,54.73
1786962090.694,,0,,,,-14.150,-18.505,True,0.673,-1.639,1.58,55.28
1786962090.769,,0,,,,-14.170,-18.521,True,0.672,-1.609,1.55,55.20
1786962090.844,,0,,,,-14.340,-18.657,True,0.667,-1.689,1.63,55.17
1786962090.944,,0,,,,-14.500,-18.785,True,0.661,-1.788,1.72,55.15
1786962090.994,,0,,,,-14.590,-18.857,True,0.659,-1.822,1.75,55.13
1786962091.094,,0,,,,-14.600,-18.865,True,0.658,-2.427,2.32,54.81
1786962091.194,,0,,,,-14.520,-18.801,True,0.661,-2.170,2.12,55.85
1786962091.244,,0,,,,-14.390,-18.697,True,0.665,-1.829,1.77,55.46
1786962091.294,,0,,,,-14.260,-18.593,True,0.669,-1.879,1.82,55.45
1786962091.444,,0,,,,-14.040,-18.417,True,0.676,-1.533,1.49,55.88
1786962091.494,,0,,,,-14.040,-18.417,True,0.676,-1.673,1.63,55.86
1786962091.594,,0,,,,-14.130,-18.489,True,0.673,-2.359,2.30,55.80
1786962091.694,,0,,,,-14.280,-18.609,True,0.668,-3.076,2.99,55.68
1786962091.744,,0,,,,-14.410,-18.713,True,0.664,-3.154,3.06,55.67
1786962091.794,,0,,,,-14.510,-18.793,True,0.661,-2.232,2.19,56.28
1786962091.894,,0,,,,-14.690,-18.937,True,0.655,-2.232,2.19,56.26
1786962091.994,,0,,,,-14.740,-18.977,True,0.654,-2.106,2.07,56.29
1786962092.044,,0,,,,-14.710,-18.953,True,0.655,-2.297,2.26,56.44
1786962092.094,,0,,,,-14.700,-18.945,True,0.655,-2.249,2.21,56.43
1786962092.194,,0,,,,-8.260,-13.190,True,0.662,-2.310,2.28,56.59
1786962092.394,,0,,,,7.730,5.330,True,0.516,-15.004,14.72,56.84
1786962092.444,,0,,,,8.220,5.888,True,0.509,-22.840,22.06,56.82
1786962092.519,,0,,,,8.590,6.309,True,0.504,-25.840,24.56,56.35
1786962092.669,,0,,,,8.710,6.445,True,0.503,-25.794,24.81,57.02
1786962092.694,,0,,,,8.720,6.457,True,0.503,-26.120,25.10,57.01
1786962092.794,,0,,,,8.750,6.491,True,0.502,-26.237,25.19,56.98
1786962092.894,,0,,,,8.820,6.570,True,0.501,-26.399,25.32,56.95
1786962094.994,,0,,,,1.030,-3.082,True,0.440,4.857,4.97,58.68
1786962095.044,,0,,,,0.800,-3.378,True,0.436,3.541,3.62,58.66
1786962095.094,,0,,,,0.670,-3.546,True,0.434,3.057,3.13,58.72
1786962095.194,,0,,,,0.330,-3.983,True,0.429,2.513,2.56,58.44
1786962095.244,,0,,,,0.320,-3.996,True,0.428,2.217,2.26,58.42
1786962095.394,,0,,,,0.560,-3.687,True,0.432,2.100,2.14,58.49
1786962095.494,,0,,,,0.840,-3.327,True,0.437,1.984,2.05,59.08
1786962095.594,,0,,,,1.030,-3.082,True,0.440,1.612,1.66,59.10
1786962095.644,,0,,,,1.060,-3.044,True,0.441,1.154,1.19,58.89
1786962095.744,,0,,,,0.950,-3.185,True,0.439,1.111,1.15,59.34
1786962095.794,,0,,,,0.820,-3.353,True,0.437,1.087,1.13,59.33
1786962095.844,,0,,,,0.570,-3.674,True,0.433,0.943,0.97,59.20
1786962095.894,,0,,,,0.350,-3.957,True,0.429,0.811,0.84,59.19
1786962095.994,,0,,,,-0.290,-4.781,True,0.419,0.750,0.77,59.16
1786962096.094,,0,,,,-0.590,-5.167,True,0.414,0.748,0.77,58.95
1786962096.194,,0,,,,-0.580,-5.154,True,0.414,2.126,2.21,59.52
1786962096.194,,0,,,,-0.580,-5.154,True,0.414,2.271,2.36,59.50
1786962096.294,,0,,,,-0.400,-4.922,True,0.417,2.266,2.35,59.42
1786962096.394,,0,,,,0.270,-4.060,True,0.428,1.982,2.05,59.40
1786962096.494,,0,,,,0.810,-3.365,True,0.437,1.852,1.92,59.37
1786962096.544,,0,,,,0.940,-3.198,True,0.439,1.723,1.78,59.36
1786962096.644,,0,,,,1.110,-2.979,True,0.442,1.479,1.53,59.34
1786962096.744,,0,,,,0.990,-3.134,True,0.440,1.211,1.25,59.31
1786962096.794,,0,,,,0.750,-3.443,True,0.436,0.985,1.02,59.29
1786962096.894,,0,,,,0.330,-3.983,True,0.429,0.928,0.96,59.27
1786962096.994,,0,,,,-0.110,-4.549,True,0.421,0.929,0.96,59.26
1786962097.069,,0,,,,-0.320,-4.819,True,0.418,1.078,1.11,59.24
1786962097.094,,0,,,,-0.350,-4.858,True,0.418,1.157,1.20,59.22
1786962097.194,,0,,,,-0.230,-4.704,True,0.420,1.204,1.24,59.20
1786962097.294,,0,,,,0.060,-4.331,True,0.424,1.180,1.22,59.18
1786962097.344,,0,,,,0.220,-4.125,True,0.427,0.722,0.75,59.74
1786962097.444,,0,,,,0.330,-3.983,True,0.429,0.459,0.48,59.71
1786962097.594,,0,,,,0.050,-4.343,True,0.424,0.281,0.29,59.68
1786962097.694,,0,,,,-0.430,-4.961,True,0.416,0.951,1.00,60.03
1786962097.794,,0,,,,-0.880,-5.540,True,0.409,-0.192,0.20,59.81
1786962097.919,,0,,,,-1.140,-5.875,True,0.405,0.610,0.64,59.90
1786962097.944,,0,,,,-1.150,-5.887,True,0.405,0.552,0.58,59.89
1786962098.044,,0,,,,-1.120,-5.849,True,0.405,0.618,0.65,59.96
1786962098.144,,0,,,,-0.860,-5.514,True,0.409,-0.019,0.02,59.87
1786962098.244,,0,,,,-0.500,-5.051,True,0.415,0.459,0.48,59.82
1786962098.344,,0,,,,-0.230,-4.704,True,0.420,0.627,0.66,60.29
1786962098.444,,0,,,,0.010,-4.395,True,0.423,0.749,0.78,60.05
1786962098.494,,0,,,,0.010,-4.395,True,0.423,0.471,0.49,60.02
1786962098.619,,0,,,,-0.100,-4.536,True,0.422,0.267,0.28,60.09
1786962098.719,,0,,,,-0.400,-4.922,True,0.417,-0.120,0.13,59.99
1786962098.794,,0,,,,-0.580,-5.154,True,0.414,-0.148,0.15,59.97
1786962098.844,,0,,,,-0.690,-5.296,True,0.412,-0.216,0.23,59.95
1786962098.994,,0,,,,-0.850,-5.501,True,0.410,0.321,0.34,60.12
1786962098.994,,0,,,,-0.820,-5.463,True,0.410,0.430,0.45,60.10
1786962102.094,,0,,,,-0.470,-5.012,True,0.416,0.661,0.70,60.71
1786962102.194,,0,,,,-0.200,-4.665,True,0.420,0.831,0.88,60.67
1786962102.294,,0,,,,0.130,-4.240,True,0.425,0.775,0.82,60.66
1786962102.344,,0,,,,0.210,-4.138,True,0.427,0.692,0.73,60.64
1786962102.494,,0,,,,0.410,-3.880,True,0.430,0.447,0.47,60.39
1786962102.594,,0,,,,0.370,-3.932,True,0.429,0.339,0.36,60.36
1786962102.644,,0,,,,0.290,-4.035,True,0.428,0.250,0.26,60.34
1786962102.794,,0,,,,-0.040,-4.459,True,0.423,-0.194,0.21,60.67
1786962102.794,,0,,,,-0.100,-4.536,True,0.422,-0.261,0.28,60.65
1786962102.894,,0,,,,-0.350,-4.858,True,0.418,0.606,0.64,60.25
1786962102.994,,0,,,,-0.510,-5.064,True,0.415,0.598,0.63,60.69
1786962103.094,,0,,,,-0.640,-5.231,True,0.413,0.652,0.69,60.67
1786962103.144,,0,,,,-0.710,-5.321,True,0.412,0.497,0.52,60.37
1786962103.194,,0,,,,-0.790,-5.424,True,0.411,0.443,0.47,60.36
1786962103.294,,0,,,,-0.890,-5.553,True,0.409,0.550,0.58,60.54
1786962103.419,,0,,,,-1.030,-5.733,True,0.407,0.486,0.51,60.65
1786962103.444,,0,,,,-1.100,-5.823,True,0.406,-0.125,0.13,60.70
1786962103.544,,0,,,,-1.160,-5.900,True,0.405,-0.240,0.25,60.68
1786962103.594,,0,,,,-1.210,-5.965,True,0.404,-0.353,0.37,60.66
1786962103.694,,0,,,,-1.170,-5.913,True,0.405,-0.408,0.43,60.64
1786962103.794,,0,,,,-1.100,-5.823,True,0.406,-0.480,0.51,60.62
1786962103.894,,0,,,,-0.940,-5.617,True,0.408,-0.524,0.55,60.60
1786962103.994,,0,,,,-0.710,-5.321,True,0.412,1.012,1.07,60.34
1786962103.994,,0,,,,-0.710,-5.321,True,0.412,1.015,1.07,60.33
1786962104.094,,0,,,,-0.450,-4.987,True,0.416,0.935,0.98,60.31
1786962104.194,,0,,,,-0.050,-4.472,True,0.422,0.802,0.84,60.29
1786962104.294,,0,,,,0.180,-4.176,True,0.426,0.909,0.96,60.37
1786962104.369,,0,,,,0.350,-3.957,True,0.429,0.818,0.86,60.35
1786962104.444,,0,,,,0.430,-3.854,True,0.430,0.711,0.75,60.33
1786962104.544,,0,,,,0.410,-3.880,True,0.430,0.237,0.25,60.71
1786962104.644,,0,,,,0.330,-3.983,True,0.429,0.286,0.30,60.70
1786962104.744,,0,,,,0.190,-4.163,True,0.426,0.941,0.99,60.30
1786962104.919,,0,,,,-0.120,-4.562,True,0.421,0.764,0.81,60.61
1786962104.944,,0,,,,-0.160,-4.614,True,0.421,0.718,0.76,60.59
1786962105.119,,0,,,,-0.550,-5.115,True,0.414,0.977,1.03,60.31
1786962105.219,,0,,,,-0.710,-5.321,True,0.412,0.972,1.03,60.51
1786962105.319,,0,,,,-0.670,-5.270,True,0.412,1.070,1.12,60.13
1786962105.394,,0,,,,-0.540,-5.103,True,0.415,0.996,1.04,60.10
1786962105.594,,0,,,,0.060,-4.331,True,0.424,1.002,1.05,60.24
1786962105.719,,0,,,,0.180,-4.176,True,0.426,1.011,1.06,60.05
1786962105.844,,0,,,,0.190,-4.163,True,0.426,0.564,0.60,60.80
1786962105.994,,0,,,,0.190,-4.163,True,0.426,1.447,1.51,59.97
1786962106.094,,0,,,,0.260,-4.073,True,0.427,3.019,3.13,59.45
1786962106.194,,0,,,,0.390,-3.906,True,0.430,0.623,0.66,60.74
1786962106.319,,0,,,,0.520,-3.739,True,0.432,0.596,0.63,60.71
1786962106.394,,0,,,,0.470,-3.803,True,0.431,0.452,0.48,60.70
1786962106.469,,0,,,,0.420,-3.867,True,0.430,0.396,0.42,60.68
1786962106.519,,0,,,,0.330,-3.983,True,0.429,0.281,0.30,60.67
1786962106.644,,0,,,,-0.020,-4.433,True,0.423,1.029,1.08,59.94
1786962106.769,,0,,,,-0.360,-4.871,True,0.417,0.244,0.26,60.57
1786962106.794,,0,,,,-0.480,-5.025,True,0.416,0.859,0.90,60.10
1786962106.894,,0,,,,-0.610,-5.193,True,0.413,0.812,0.85,60.08
1786962106.944,,0,,,,-0.660,-5.257,True,0.413,0.722,0.75,59.80
1786962106.994,,0,,,,-0.660,-5.257,True,0.413,0.626,0.65,59.79
1786962107.119,,0,,,,-0.530,-5.090,True,0.415,1.032,1.08,59.79
1786962107.144,,0,,,,-0.530,-5.090,True,0.415,0.788,0.82,60.00
1786962107.194,,0,,,,-0.410,-4.935,True,0.417,0.686,0.72,59.99
1786962107.294,,0,,,,-0.060,-4.485,True,0.422,0.457,0.48,59.97
1786962107.394,,0,,,,0.140,-4.228,True,0.426,1.571,1.63,59.41
1786962107.494,,0,,,,0.350,-3.957,True,0.429,1.436,1.49,59.38
1786962107.594,,0,,,,0.610,-3.623,True,0.433,0.658,0.69,59.76
1786962107.694,,0,,,,0.710,-3.494,True,0.435,0.584,0.61,60.03
1786962107.794,,0,,,,0.790,-3.391,True,0.436,0.626,0.65,59.70
1786962107.844,,0,,,,0.790,-3.391,True,0.436,0.510,0.53,59.69
1786962107.944,,0,,,,0.630,-3.597,True,0.434,1.008,1.04,59.42
1786962108.044,,0,,,,0.380,-3.919,True,0.429,0.222,0.23,59.78
1786962108.119,,0,,,,0.220,-4.125,True,0.427,0.345,0.36,59.75
1786962108.194,,0,,,,0.080,-4.305,True,0.425,0.259,0.27,59.73
1786962108.319,,0,,,,-0.100,-4.536,True,0.422,0.263,0.28,59.96
1786962108.344,,0,,,,-0.100,-4.536,True,0.422,0.294,0.31,59.93
1786962108.394,,0,,,,-0.110,-4.549,True,0.421,0.310,0.32,59.92
1786962108.494,,0,,,,-0.140,-4.588,True,0.421,0.206,0.22,59.90
1786962108.594,,0,,,,-0.190,-4.652,True,0.420,0.040,0.04,59.88
1786962108.694,,0,,,,-0.250,-4.729,True,0.419,-0.038,0.04,59.87
1786962108.744,,0,,,,-0.290,-4.781,True,0.419,-0.110,0.11,59.85
1786962108.844,,0,,,,-0.320,-4.819,True,0.418,-0.255,0.27,59.83
1786962108.894,,0,,,,-0.340,-4.845,True,0.418,-0.332,0.35,59.82
1786962108.994,,0,,,,-0.300,-4.794,True,0.418,-0.358,0.37,59.80
1786962109.044,,0,,,,-0.300,-4.794,True,0.418,-0.433,0.45,59.78
1786962109.194,,0,,,,-0.130,-4.575,True,0.421,0.286,0.30,59.39
1786962109.294,,0,,,,-0.090,-4.524,True,0.422,0.017,0.02,59.35
1786962109.394,,0,,,,-0.030,-4.446,True,0.423,0.208,0.21,59.18
1786962109.494,,0,,,,-0.090,-4.524,True,0.422,0.159,0.16,59.16
1786962109.544,,0,,,,-0.130,-4.575,True,0.421,0.045,0.05,59.15
1786962109.594,,0,,,,-0.150,-4.601,True,0.421,-0.026,0.03,59.14
1786962109.694,,0,,,,-0.400,-4.922,True,0.417,-0.046,0.05,59.20
1786962109.794,,0,,,,-0.590,-5.167,True,0.414,-0.065,0.07,59.19
1786962109.894,,0,,,,-0.750,-5.373,True,0.411,0.129,0.13,59.01
1786962109.944,,0,,,,-0.790,-5.424,True,0.411,-0.103,0.11,58.99
1786962110.094,,0,,,,-0.750,-5.373,True,0.411,-0.424,0.44,59.85
1786962110.094,,0,,,,-0.750,-5.373,True,0.411,-0.532,0.56,59.83
1786962110.194,,0,,,,-0.720,-5.334,True,0.412,-0.681,0.71,59.82
1786962110.294,,0,,,,-0.670,-5.270,True,0.412,-0.406,0.42,58.76
1786962110.394,,0,,,,-0.610,-5.193,True,0.413,-0.310,0.32,58.85
1786962110.394,,0,,,,-0.610,-5.193,True,0.413,-0.454,0.47,58.84
1786962110.544,,0,,,,-0.570,-5.141,True,0.414,-0.403,0.41,58.46
1786962110.594,,0,,,,-0.560,-5.128,True,0.414,-0.305,0.31,58.55
1786962110.694,,0,,,,-0.470,-5.012,True,0.416,-0.911,0.94,59.38
1786962110.794,,0,,,,-0.430,-4.961,True,0.416,-0.834,0.86,58.82
1786962110.894,,0,,,,-0.280,-4.768,True,0.419,-0.860,0.88,58.81
1786962110.944,,0,,,,-0.240,-4.717,True,0.419,-0.471,0.48,58.65
1786962110.994,,0,,,,-0.180,-4.639,True,0.420,-0.505,0.52,58.64
1786962111.094,,0,,,,-0.090,-4.524,True,0.422,0.030,0.03,57.96
1786962111.144,,0,,,,-0.050,-4.472,True,0.422,-0.085,0.09,58.04
1786962111.294,,0,,,,-0.020,-4.433,True,0.423,-0.087,0.09,58.38
1786962111.344,,0,,,,-0.050,-4.472,True,0.422,-0.353,0.36,59.26
1786962111.444,,0,,,,-0.190,-4.652,True,0.420,-0.607,0.62,58.41
1786962111.544,,0,,,,-0.370,-4.884,True,0.417,-0.572,0.58,58.38
1786962111.594,,0,,,,-0.470,-5.012,True,0.416,0.132,0.13,57.82
1786962111.694,,0,,,,-0.670,-5.270,True,0.412,-0.801,0.82,58.79
1786962111.794,,0,,,,-0.750,-5.373,True,0.411,-0.792,0.81,58.77
1786962111.894,,0,,,,-0.740,-5.360,True,0.411,-0.787,0.81,58.75
1786962111.944,,0,,,,-0.720,-5.334,True,0.412,-0.818,0.84,58.73
1786962112.044,,0,,,,-0.620,-5.205,True,0.413,-0.003,0.00,57.63
1786962112.144,,0,,,,-0.540,-5.103,True,0.415,-0.095,0.10,57.92
1786962112.194,,0,,,,-0.510,-5.064,True,0.415,-0.117,0.12,57.82
1786962112.294,,0,,,,-0.470,-5.012,True,0.416,0.459,0.46,57.22
1786962112.394,,0,,,,-0.350,-4.858,True,0.418,0.397,0.40,57.21
1786962112.444,,0,,,,-0.350,-4.858,True,0.418,0.261,0.26,58.20
1786962112.544,,0,,,,-0.200,-4.665,True,0.420,0.238,0.24,58.19
1786962112.594,,0,,,,-0.160,-4.614,True,0.421,0.205,0.21,58.17
1786962112.694,,0,,,,0.010,-4.395,True,0.423,0.209,0.21,58.15
1786962112.744,,0,,,,0.060,-4.331,True,0.424,0.655,0.65,56.80
1786962112.844,,0,,,,0.140,-4.228,True,0.426,0.600,0.59,56.78
1786962112.894,,0,,,,0.160,-4.202,True,0.426,0.526,0.52,56.76
1786962112.994,,0,,,,0.120,-4.253,True,0.425,0.753,0.75,57.05
1786962113.094,,0,,,,0.050,-4.343,True,0.424,0.645,0.64,57.04
1786962113.194,,0,,,,-0.010,-4.421,True,0.423,0.552,0.55,57.02
1786962113.294,,0,,,,-0.070,-4.498,True,0.422,0.275,0.27,57.00
1786962113.344,,0,,,,-0.090,-4.524,True,0.422,-0.175,0.18,58.12
1786962113.394,,0,,,,-0.120,-4.562,True,0.421,-0.173,0.18,58.11
1786962113.544,,0,,,,-0.110,-4.549,True,0.421,0.423,0.42,56.40
1786962113.619,,0,,,,-0.090,-4.524,True,0.422,-0.113,0.11,57.29
1786962113.694,,0,,,,-0.130,-4.575,True,0.421,-0.068,0.07,57.28
1786962113.744,,0,,,,-0.170,-4.626,True,0.420,-0.046,0.05,57.26
1786962113.844,,0,,,,-0.230,-4.704,True,0.420,-0.070,0.07,57.24
1786962113.894,,0,,,,-0.250,-4.729,True,0.419,-0.110,0.11,57.22
1786962113.994,,0,,,,-0.290,-4.781,True,0.419,0.121,0.12,57.83
1786962114.119,,0,,,,-0.220,-4.691,True,0.420,-0.014,0.01,57.81
1786962114.194,,0,,,,-0.160,-4.614,True,0.421,-0.061,0.06,57.79
1786962114.194,,0,,,,-0.160,-4.614,True,0.421,-0.100,0.10,57.78
1786962114.294,,0,,,,-0.040,-4.459,True,0.423,0.913,0.90,56.38
1786962114.344,,0,,,,0.000,-4.408,True,0.423,0.848,0.83,56.37
1786962114.444,,0,,,,0.130,-4.240,True,0.425,-0.164,0.16,57.22
1786962114.544,,0,,,,0.260,-4.073,True,0.427,0.150,0.15,57.51
1786962114.594,,0,,,,0.300,-4.022,True,0.428,0.100,0.10,57.49
1786962114.694,,0,,,,0.450,-3.829,True,0.431,0.083,0.08,57.06
1786962114.744,,0,,,,0.590,-3.649,True,0.433,0.357,0.35,56.23
1786962114.794,,0,,,,0.680,-3.533,True,0.434,0.339,0.33,56.22
1786962114.894,,0,,,,0.800,-3.378,True,0.436,0.229,0.22,56.21
1786962114.994,,0,,,,0.850,-3.314,True,0.437,1.633,1.59,55.78
1786962115.044,,0,,,,0.810,-3.365,True,0.437,1.592,1.55,55.77
1786962115.094,,0,,,,0.730,-3.468,True,0.435,1.527,1.49,55.75
1786962115.194,,0,,,,0.550,-3.700,True,0.432,1.544,1.50,55.73
1786962115.294,,0,,,,0.260,-4.073,True,0.427,0.897,0.87,55.43
1786962115.394,,0,,,,0.040,-4.356,True,0.424,0.627,0.60,55.32
1786962115.494,,0,,,,0.000,-4.408,True,0.423,0.533,0.51,55.31
1786962115.594,,0,,,,0.050,-4.343,True,0.424,1.746,1.68,55.27
1786962115.619,,0,,,,0.050,-4.343,True,0.424,1.750,1.69,55.25
1786962115.694,,0,,,,0.160,-4.202,True,0.426,1.699,1.64,55.24
1786962115.794,,0,,,,0.340,-3.970,True,0.429,1.627,1.57,55.22
1786962115.894,,0,,,,0.410,-3.880,True,0.430,1.061,1.03,55.47
1786962115.944,,0,,,,0.440,-3.842,True,0.430,0.953,0.92,55.46
1786962116.044,,0,,,,0.390,-3.906,True,0.430,0.671,0.66,55.96
1786962116.094,,0,,,,0.340,-3.970,True,0.429,0.607,0.58,54.80
1786962116.194,,0,,,,0.190,-4.163,True,0.426,0.345,0.33,54.51
1786962116.244,,0,,,,0.150,-4.215,True,0.426,0.313,0.30,54.50
1786962116.294,,0,,,,0.110,-4.266,True,0.425,0.272,0.26,55.52
1786962116.394,,0,,,,0.040,-4.356,True,0.424,0.261,0.25,55.50
1786962116.444,,0,,,,0.070,-4.318,True,0.424,0.783,0.75,54.91
1786962116.594,,0,,,,0.210,-4.138,True,0.427,0.802,0.77,54.90
1786962116.594,,0,,,,0.210,-4.138,True,0.427,0.810,0.78,54.88
1786962116.694,,0,,,,0.290,-4.035,True,0.428,0.723,0.69,54.87
1786962116.794,,0,,,,0.460,-3.816,True,0.431,0.649,0.62,54.85
1786962116.844,,0,,,,0.520,-3.739,True,0.432,0.566,0.54,54.83
1786962116.994,,0,,,,0.660,-3.558,True,0.434,0.756,0.71,54.04
1786962117.044,,0,,,,0.650,-3.571,True,0.434,1.307,1.24,54.15
1786962117.094,,0,,,,0.650,-3.571,True,0.434,1.137,1.07,54.13
1786962117.194,,0,,,,0.500,-3.764,True,0.431,0.359,0.34,53.82
1786962117.294,,0,,,,0.400,-3.893,True,0.430,0.305,0.29,54.09
1786962117.294,,0,,,,0.400,-3.893,True,0.430,0.281,0.27,54.08
1786962117.444,,0,,,,0.340,-3.970,True,0.429,0.278,0.27,54.68
1786962117.494,,0,,,,0.400,-3.893,True,0.430,0.234,0.22,54.45
1786962117.594,,0,,,,0.480,-3.790,True,0.431,0.212,0.20,54.43
1786962117.694,,0,,,,0.590,-3.649,True,0.433,0.295,0.28,54.49
1786962117.794,,0,,,,0.420,-3.867,True,0.430,1.066,1.00,53.75
1786962117.894,,0,,,,0.130,-4.240,True,0.425,0.024,0.02,55.10
1786962117.894,,0,,,,0.130,-4.240,True,0.425,-0.045,0.04,55.09
1786962117.994,,0,,,,-0.230,-4.704,True,0.420,-0.084,0.08,55.08
1786962118.094,,0,,,,-0.600,-5.180,True,0.414,-0.143,0.14,55.06
1786962118.119,,0,,,,-0.680,-5.283,True,0.412,-0.090,0.09,55.05
1786962118.194,,0,,,,-0.640,-5.231,True,0.413,0.057,0.06,55.03
1786962118.294,,0,,,,-0.300,-4.794,True,0.418,-0.077,0.07,55.01
1786962118.419,,0,,,,0.150,-4.215,True,0.426,0.594,0.54,52.10
1786962118.444,,0,,,,0.320,-3.996,True,0.428,0.565,0.51,52.07
1786962118.494,,0,,,,0.400,-3.893,True,0.430,0.453,0.41,52.06
1786962118.594,,0,,,,0.590,-3.649,True,0.433,0.317,0.29,52.05
1786962118.644,,0,,,,0.590,-3.649,True,0.433,0.245,0.22,52.03
1786962118.769,,0,,,,0.250,-4.086,True,0.427,-0.040,0.04,52.83
1786962118.844,,0,,,,0.080,-4.305,True,0.425,0.187,0.18,53.99
1786962118.894,,0,,,,-0.120,-4.562,True,0.421,-0.049,0.05,52.49
1786962118.994,,0,,,,-0.200,-4.665,True,0.420,0.479,0.44,52.59
1786962119.119,,0,,,,-0.050,-4.472,True,0.422,1.212,1.11,52.71
1786962119.119,,0,,,,0.020,-4.382,True,0.424,1.198,1.10,52.70
1786962119.194,,0,,,,0.250,-4.086,True,0.427,1.287,1.18,52.68
1786962119.294,,0,,,,0.680,-3.533,True,0.434,1.205,1.11,52.67
1786962119.394,,0,,,,1.030,-3.082,True,0.440,1.227,1.13,52.60
1786962119.444,,0,,,,1.130,-2.954,True,0.442,0.983,0.90,52.58
1786962119.544,,0,,,,1.100,-2.992,True,0.441,0.827,0.76,52.56
1786962119.644,,0,,,,0.850,-3.314,True,0.437,0.239,0.22,52.59
1786962119.694,,0,,,,0.690,-3.520,True,0.435,0.211,0.19,52.57
1786962119.794,,0,,,,0.270,-4.060,True,0.428,0.659,0.61,53.07
1786962119.844,,0,,,,0.090,-4.292,True,0.425,0.301,0.27,51.61
1786962119.894,,0,,,,-0.080,-4.511,True,0.422,0.440,0.40,51.60
1786962119.994,,0,,,,-0.230,-4.704,True,0.420,0.570,0.51,51.59
1786962120.044,,0,,,,-0.230,-4.704,True,0.420,0.717,0.65,51.57
1786962120.144,,0,,,,-0.170,-4.626,True,0.420,0.770,0.72,53.41
1786962120.194,,0,,,,-0.110,-4.549,True,0.421,0.302,0.28,53.39
1786962120.294,,0,,,,0.060,-4.331,True,0.424,0.904,0.81,51.15
1786962120.419,,0,,,,0.170,-4.189,True,0.426,0.942,0.84,51.13
1786962120.494,,0,,,,0.170,-4.189,True,0.426,0.306,0.27,51.11
1786962120.594,,0,,,,0.080,-4.305,True,0.425,1.455,1.31,51.47
1786962120.594,,0,,,,0.080,-4.305,True,0.425,1.526,1.37,51.45
1786962120.694,,0,,,,-0.020,-4.433,True,0.423,1.480,1.33,51.43
1786962120.844,,0,,,,-0.220,-4.691,True,0.420,0.624,0.54,50.05
1786962120.944,,0,,,,-0.210,-4.678,True,0.420,0.334,0.29,50.03
1786962121.094,,0,,,,0.020,-4.382,True,0.424,-0.353,0.31,50.60
1786962121.144,,0,,,,0.040,-4.356,True,0.424,-0.544,0.48,50.60
1786962121.244,,0,,,,0.230,-4.112,True,0.427,-0.606,0.53,50.58
1786962121.294,,0,,,,0.230,-4.112,True,0.427,-0.745,0.66,50.56
1786962121.394,,0,,,,0.220,-4.125,True,0.427,-0.837,0.73,50.18
1786962121.444,,0,,,,0.140,-4.228,True,0.426,-0.955,0.84,50.16
1786962121.494,,0,,,,0.090,-4.292,True,0.425,-0.647,0.57,50.17
1786962121.594,,0,,,,-0.140,-4.588,True,0.421,-0.672,0.59,50.15
1786962121.694,,0,,,,-0.420,-4.948,True,0.416,0.078,0.07,49.30
1786962121.894,,0,,,,-0.380,-4.897,True,0.417,0.560,0.49,50.37
1786962121.944,,0,,,,-0.300,-4.794,True,0.418,-0.550,0.49,50.63
1786962122.044,,0,,,,-0.120,-4.562,True,0.421,-0.670,0.59,50.60
1786962122.094,,0,,,,-0.030,-4.446,True,0.423,0.261,0.22,49.03
1786962122.194,,0,,,,0.080,-4.305,True,0.425,0.026,0.02,49.10
1786962122.294,,0,,,,0.080,-4.305,True,0.425,-0.119,0.10,49.35
1786962122.344,,0,,,,0.010,-4.395,True,0.423,-0.209,0.18,49.34
1786962122.394,,0,,,,-0.070,-4.498,True,0.422,-0.282,0.24,49.33
1786962122.494,,0,,,,-0.340,-4.845,True,0.418,-0.329,0.28,49.31
1786962122.544,,0,,,,-0.410,-4.935,True,0.417,-0.333,0.29,49.30
1786962122.694,,0,,,,-0.670,-5.270,True,0.412,-0.312,0.26,48.09
1786962122.744,,0,,,,-0.650,-5.244,True,0.413,-0.364,0.31,48.08
1786962122.844,,0,,,,-0.670,-5.270,True,0.412,-0.251,0.21,48.41
1786962122.944,,0,,,,-0.670,-5.270,True,0.412,-0.030,0.03,48.36
1786962122.994,,0,,,,-0.630,-5.218,True,0.413,-0.056,0.05,48.34
1786962123.094,,0,,,,-0.650,-5.244,True,0.413,-0.472,0.40,48.28
1786962123.194,,0,,,,-0.760,-5.386,True,0.411,-1.428,1.23,49.50
1786962123.194,,0,,,,-0.760,-5.386,True,0.411,-1.551,1.34,49.48
1786962123.294,,0,,,,-0.920,-5.591,True,0.409,-1.587,1.37,49.47
1786962123.419,,0,,,,-1.070,-5.784,True,0.406,-0.619,0.52,48.54
1786962123.419,,0,,,,-1.070,-5.784,True,0.406,-0.658,0.56,48.52
1786962123.494,,0,,,,-1.020,-5.720,True,0.407,-0.617,0.52,47.85
1786962123.594,,0,,,,-0.890,-5.553,True,0.409,-0.784,0.66,48.36
1786962123.644,,0,,,,-0.720,-5.334,True,0.412,-0.880,0.74,48.34
1786962123.694,,0,,,,-0.620,-5.205,True,0.413,-1.082,0.91,48.33
1786962123.794,,0,,,,-0.450,-4.987,True,0.416,-0.289,0.24,47.37
1786962123.919,,0,,,,-0.390,-4.910,True,0.417,-1.108,0.94,48.43
1786962123.944,,0,,,,-0.400,-4.922,True,0.417,-0.803,0.67,47.49
1786962123.994,,0,,,,-0.460,-5.000,True,0.416,-0.895,0.74,47.47
1786962124.094,,0,,,,-0.580,-5.154,True,0.414,-1.181,0.97,47.00
1786962124.219,,0,,,,-0.800,-5.437,True,0.410,-0.780,0.65,48.06
1786962124.244,,0,,,,-0.860,-5.514,True,0.409,-0.728,0.61,48.03
1786962124.344,,0,,,,-1.000,-5.694,True,0.407,-0.424,0.35,47.77
1786962124.494,,0,,,,-1.070,-5.784,True,0.406,-0.853,0.71,47.47
1786962124.594,,0,,,,-1.120,-5.849,True,0.405,-0.905,0.75,47.46
1786962124.694,,0,,,,-1.100,-5.823,True,0.406,-1.547,1.31,48.40
1786962124.744,,0,,,,-1.080,-5.797,True,0.406,-1.217,1.00,47.11
1786962124.844,,0,,,,-1.030,-5.733,True,0.407,-1.051,0.86,47.03
1786962124.944,,0,,,,-0.890,-5.553,True,0.409,-1.170,0.96,47.01
1786962124.994,,0,,,,-0.810,-5.450,True,0.410,-1.300,1.07,47.00
1786962125.094,,0,,,,-0.580,-5.154,True,0.414,-1.430,1.17,46.97
1786962125.194,,0,,,,-0.440,-4.974,True,0.416,-1.151,0.94,46.71
1786962125.244,,0,,,,-0.430,-4.961,True,0.416,-1.242,1.01,46.68
1786962125.294,,0,,,,-0.450,-4.987,True,0.416,-1.324,1.08,46.67
1786962125.394,,0,,,,-0.530,-5.090,True,0.415,-1.288,1.05,46.66
1786962125.494,,0,,,,-0.630,-5.218,True,0.413,-1.222,0.99,46.63
1786962125.594,,0,,,,-0.640,-5.231,True,0.413,-1.204,0.98,46.61
1786962125.694,,0,,,,-0.620,-5.205,True,0.413,-1.194,0.97,46.58
1786962125.794,,0,,,,-0.600,-5.180,True,0.414,-1.197,0.97,46.55
1786962125.794,,0,,,,-0.600,-5.180,True,0.414,-1.214,0.99,46.54
1786962125.894,,0,,,,-0.570,-5.141,True,0.414,-1.234,1.00,46.52
1786962125.994,,0,,,,-0.640,-5.231,True,0.413,-0.610,0.49,46.05
1786962126.044,,0,,,,-0.660,-5.257,True,0.413,-0.635,0.51,46.02
1786962126.094,,0,,,,-0.720,-5.334,True,0.412,-0.683,0.55,46.01
1786962126.194,,0,,,,-0.780,-5.411,True,0.411,-0.558,0.45,45.85
1786962126.294,,0,,,,-0.810,-5.450,True,0.410,-0.582,0.47,45.83
1786962126.344,,0,,,,-0.800,-5.437,True,0.410,-0.362,0.29,45.63
1786962126.419,,0,,,,-0.800,-5.437,True,0.410,-0.379,0.30,45.61
1786962126.494,,0,,,,-0.760,-5.386,True,0.411,-0.762,0.61,45.61
1786962126.544,,0,,,,-0.730,-5.347,True,0.412,-0.770,0.61,45.60
1786962126.644,,0,,,,-0.620,-5.205,True,0.413,-0.838,0.67,45.57
1786962126.694,,0,,,,-0.560,-5.128,True,0.414,0.169,0.14,46.00
1786962126.794,,0,,,,-0.460,-5.000,True,0.416,0.108,0.09,45.98
1786962126.894,,0,,,,-0.360,-4.871,True,0.417,0.205,0.16,44.21
1786962126.994,,0,,,,-0.420,-4.948,True,0.416,-1.161,0.93,45.73
1786962127.094,,0,,,,-0.410,-4.935,True,0.417,-0.725,0.57,44.85
1786962127.119,,0,,,,-0.410,-4.935,True,0.417,-0.794,0.62,44.84
1786962127.194,,0,,,,-0.390,-4.910,True,0.417,-0.791,0.62,44.70
1786962127.294,,0,,,,-0.420,-4.948,True,0.416,-1.361,1.08,45.42
1786962127.344,,0,,,,-0.380,-4.897,True,0.417,-1.381,1.09,45.41
1786962127.444,,0,,,,-0.460,-5.000,True,0.416,-0.839,0.65,44.50
1786962127.544,,0,,,,-0.500,-5.051,True,0.415,0.115,0.09,43.60
1786962127.644,,0,,,,-0.640,-5.231,True,0.413,0.016,0.01,43.45
1786962127.694,,0,,,,-0.700,-5.308,True,0.412,-0.075,0.06,43.43
1786962127.794,,0,,,,-0.830,-5.476,True,0.410,-1.562,1.22,44.74
1786962127.894,,0,,,,-0.900,-5.566,True,0.409,-1.577,1.23,44.72
1786962127.994,,0,,,,-0.850,-5.501,True,0.410,-1.631,1.27,44.71
1786962128.094,,0,,,,-0.760,-5.386,True,0.411,-1.727,1.35,44.68
1786962128.194,,0,,,,-0.490,-5.038,True,0.415,-0.740,0.57,43.96
1786962128.294,,0,,,,-0.360,-4.871,True,0.417,-0.874,0.67,43.94
1786962128.394,,0,,,,-0.220,-4.691,True,0.420,-1.119,0.86,43.91
1786962128.494,,0,,,,-0.180,-4.639,True,0.420,-1.269,0.97,43.66
1786962128.694,,0,,,,-0.420,-4.948,True,0.416,-0.059,0.04,42.34
1786962128.744,,0,,,,-0.540,-5.103,True,0.415,-0.023,0.02,42.32
1786962128.894,,0,,,,-0.860,-5.514,True,0.409,-0.825,0.62,43.10
1786962128.994,,0,,,,-0.950,-5.630,True,0.408,-0.447,0.33,41.79
1786962129.094,,0,,,,-0.980,-5.669,True,0.408,-0.323,0.24,41.78
1786962129.244,,0,,,,-0.950,-5.630,True,0.408,-0.428,0.32,42.69
1786962129.294,,0,,,,-0.960,-5.643,True,0.408,-0.486,0.36,42.68
1786962129.394,,0,,,,-0.960,-5.643,True,0.408,-0.864,0.64,42.17
1786962129.494,,0,,,,-0.960,-5.643,True,0.408,-0.967,0.71,42.14
1786962129.594,,0,,,,-0.960,-5.643,True,0.408,-1.023,0.75,42.13
1786962129.644,,0,,,,-0.910,-5.579,True,0.409,-1.139,0.84,42.10
1786962129.794,,0,,,,-0.790,-5.424,True,0.411,-0.920,0.68,42.07
1786962129.844,,0,,,,-0.690,-5.296,True,0.412,-1.039,0.76,42.05
1786962129.894,,0,,,,-0.640,-5.231,True,0.413,-1.308,0.97,42.62
1786962129.994,,0,,,,-0.470,-5.012,True,0.416,-1.398,1.04,42.54
1786962130.094,,0,,,,-0.320,-4.819,True,0.418,-0.978,0.71,41.86
1786962130.144,,0,,,,-0.290,-4.781,True,0.419,-1.084,0.79,41.84
1786962130.244,,0,,,,-0.290,-4.781,True,0.419,-1.617,1.20,42.39
1786962130.294,,0,,,,-0.320,-4.819,True,0.418,-1.693,1.25,42.37
1786962130.394,,0,,,,-0.540,-5.103,True,0.415,-1.858,1.37,42.35
1786962130.494,,0,,,,-0.660,-5.257,True,0.413,-1.252,0.90,41.29
1786962130.544,,0,,,,-0.820,-5.463,True,0.410,-2.086,1.52,41.66
1786962130.594,,0,,,,-0.900,-5.566,True,0.409,-2.089,1.52,41.64
1786962130.694,,0,,,,-1.080,-5.797,True,0.406,-1.849,1.34,41.62
1786962130.819,,0,,,,-1.070,-5.784,True,0.406,-1.847,1.34,41.61
1786962130.844,,0,,,,-1.060,-5.772,True,0.406,-1.832,1.33,41.59
1786962130.894,,0,,,,-0.990,-5.682,True,0.407,-1.811,1.31,41.57
1786962130.994,,0,,,,-0.780,-5.411,True,0.411,-1.845,1.34,41.56
1786962131.044,,0,,,,-0.650,-5.244,True,0.413,-1.833,1.33,41.54
1786962131.094,,0,,,,-0.590,-5.167,True,0.414,-1.871,1.36,41.52
1786962131.144,,0,,,,-0.540,-5.103,True,0.415,-1.934,1.40,41.51
1786962131.244,,0,,,,-0.560,-5.128,True,0.414,-2.070,1.50,41.49
1786962131.344,,0,,,,-0.680,-5.283,True,0.412,-2.181,1.58,41.46
1786962131.444,,0,,,,-0.920,-5.591,True,0.409,-2.326,1.68,41.43
1786962131.594,,0,,,,-1.150,-5.887,True,0.405,-2.456,1.77,41.41
1786962131.644,,0,,,,-1.140,-5.875,True,0.405,-2.561,1.85,41.39
1786962131.694,,0,,,,-1.100,-5.823,True,0.406,-2.666,1.92,41.38
1786962131.794,,0,,,,-0.950,-5.630,True,0.408,-2.001,1.42,40.80
1786962131.844,,0,,,,-0.910,-5.579,True,0.409,-2.062,1.47,40.78
1786962131.944,,0,,,,-0.730,-5.347,True,0.412,-2.095,1.49,40.76
1786962132.094,,0,,,,-0.680,-5.283,True,0.412,-1.145,0.79,39.31
1786962132.194,,0,,,,-0.900,-5.566,True,0.409,-1.810,1.27,40.17
1786962132.294,,0,,,,-1.100,-5.823,True,0.406,-0.707,0.48,39.25
1786962132.344,,0,,,,-1.180,-5.926,True,0.404,-0.695,0.48,39.23
1786962132.444,,0,,,,-1.200,-5.952,True,0.404,-0.954,0.65,39.07
1786962132.519,,0,,,,-1.150,-5.887,True,0.405,-0.550,0.37,39.08
1786962132.594,,0,,,,-1.050,-5.759,True,0.407,-0.687,0.47,39.07
1786962132.644,,0,,,,-0.930,-5.604,True,0.408,-1.244,0.86,39.75
1786962132.694,,0,,,,-0.880,-5.540,True,0.409,-1.358,0.94,39.73
1786962132.794,,0,,,,-0.840,-5.489,True,0.410,-0.605,0.40,37.94
1786962132.794,,0,,,,-0.840,-5.489,True,0.410,-0.733,0.49,37.92
1786962132.919,,0,,,,-0.880,-5.540,True,0.409,-1.809,1.25,39.55
1786962132.994,,0,,,,-0.990,-5.682,True,0.407,-1.787,1.23,39.44
1786962133.094,,0,,,,-1.030,-5.733,True,0.407,-0.946,0.63,38.45
1786962133.144,,0,,,,-1.040,-5.746,True,0.407,-0.922,0.62,38.43
1786962133.244,,0,,,,-0.990,-5.682,True,0.407,-0.999,0.67,38.46
1786962133.294,,0,,,,-0.940,-5.617,True,0.408,-1.028,0.69,38.44
1786962133.444,,0,,,,-0.830,-5.476,True,0.410,-1.823,1.23,38.72
1786962133.494,,0,,,,-0.840,-5.489,True,0.410,-1.816,1.23,38.69
1786962133.594,,0,,,,-0.940,-5.617,True,0.408,-0.811,0.54,38.06
1786962133.644,,0,,,,-0.960,-5.643,True,0.408,-1.234,0.81,37.73
1786962133.744,,0,,,,-1.170,-5.913,True,0.405,-1.318,0.87,37.71
1786962133.894,,0,,,,-1.220,-5.977,True,0.404,-1.915,1.28,38.16
1786962133.944,,0,,,,-1.140,-5.875,True,0.405,-1.938,1.29,38.14
1786962134.094,,0,,,,-0.900,-5.566,True,0.409,-2.034,1.35,38.11
1786962134.194,,0,,,,-0.680,-5.283,True,0.412,-0.955,0.62,37.34
1786962134.243,,0,,,,-0.620,-5.205,True,0.413,-1.641,1.09,38.04
1786962134.293,,0,,,,-0.600,-5.180,True,0.414,-1.823,1.21,38.02
1786962134.394,,0,,,,-0.660,-5.257,True,0.413,-1.486,0.98,37.82
1786962134.493,,0,,,,-0.850,-5.501,True,0.410,-1.995,1.30,37.28
1786962134.543,,0,,,,-1.050,-5.759,True,0.407,-2.107,1.38,37.44
1786962134.593,,0,,,,-1.110,-5.836,True,0.406,-2.076,1.36,37.41
1786962134.694,,0,,,,-1.220,-5.977,True,0.404,-2.061,1.34,37.28
1786962134.794,,0,,,,-1.170,-5.913,True,0.405,-1.820,1.18,37.06
1786962134.843,,0,,,,-1.120,-5.849,True,0.405,-1.793,1.16,37.04
1786962134.944,,0,,,,-0.840,-5.489,True,0.410,-0.709,0.45,36.00
1786962134.993,,0,,,,-0.740,-5.360,True,0.411,-0.783,0.49,35.98
1786962135.043,,0,,,,-0.580,-5.154,True,0.414,-1.460,0.95,37.13
1786962135.143,,0,,,,-0.490,-5.038,True,0.415,-1.928,1.24,36.80
1786962135.243,,0,,,,-0.650,-5.244,True,0.413,-0.235,0.15,36.55
1786962135.344,,0,,,,-0.930,-5.604,True,0.408,-1.755,1.12,36.49
1786962135.394,,0,,,,-1.230,-5.990,True,0.404,-1.834,1.17,36.47
1786962135.493,,0,,,,-1.370,-6.160,True,0.403,-1.775,1.13,36.46
1786962135.544,,0,,,,-1.410,-6.201,True,0.405,-1.742,1.11,36.44
1786962135.593,,0,,,,-1.340,-6.129,True,0.402,-1.700,1.08,36.42
1786962135.693,,0,,,,-1.080,-5.797,True,0.406,-1.757,1.12,36.41
1786962135.744,,0,,,,-0.830,-5.476,True,0.410,-1.775,1.13,36.39
1786962135.793,,0,,,,-0.720,-5.334,True,0.412,-1.874,1.19,36.36
1786962135.893,,0,,,,-0.170,-4.626,True,0.420,-2.021,1.28,36.33
1786962135.993,,0,,,,0.130,-4.240,True,0.425,-2.204,1.40,36.31
1786962136.093,,0,,,,0.300,-4.022,True,0.428,-2.383,1.51,36.28
1786962136.143,,0,,,,0.260,-4.073,True,0.427,-2.549,1.61,36.26
1786962136.194,,0,,,,0.270,-4.060,True,0.428,-2.631,1.66,36.24
1786962136.293,,0,,,,-0.030,-4.446,True,0.423,-2.546,1.61,36.22
1786962136.343,,0,,,,-0.250,-4.729,True,0.419,-2.441,1.54,36.19
1786962136.468,,0,,,,-0.840,-5.489,True,0.410,-2.468,1.56,36.17
1786962136.543,,0,,,,-1.130,-5.862,True,0.405,-2.394,1.51,36.14
1786962136.643,,0,,,,-1.300,-6.080,True,0.403,-2.395,1.51,36.12
1786962136.693,,0,,,,-1.300,-6.080,True,0.403,-2.483,1.56,36.10
1786962136.793,,0,,,,-1.160,-5.900,True,0.405,-1.852,1.13,34.93
1786962136.843,,0,,,,-0.960,-5.643,True,0.408,-1.890,1.15,34.91
1786962137.044,,0,,,,-0.560,-5.128,True,0.414,-1.036,0.63,34.88
1786962137.094,,0,,,,-0.550,-5.115,True,0.414,-1.233,0.75,34.86
1786962137.193,,0,,,,-0.550,-5.115,True,0.414,-1.463,0.89,34.70
1786962137.318,,0,,,,-0.720,-5.334,True,0.412,-1.516,0.92,34.62
1786962137.393,,0,,,,-0.820,-5.463,True,0.410,-1.779,1.07,34.53
1786962137.443,,0,,,,-0.890,-5.553,True,0.409,-1.758,1.06,34.51
1786962137.543,,0,,,,-0.930,-5.604,True,0.408,-1.691,1.01,34.08
1786962137.593,,0,,,,-0.910,-5.579,True,0.409,-1.651,0.98,34.06
1786962137.693,,0,,,,-0.830,-5.476,True,0.410,-1.648,0.98,34.04
1786962137.844,,0,,,,-0.620,-5.205,True,0.413,-1.675,0.99,34.00
1786962137.893,,0,,,,-0.590,-5.167,True,0.414,-1.634,0.96,33.72
1786962138.018,,0,,,,-0.520,-5.077,True,0.415,-1.687,0.99,33.70
1786962138.044,,0,,,,-0.520,-5.077,True,0.415,-1.792,1.05,33.68
1786962138.094,,0,,,,-0.510,-5.064,True,0.415,-2.029,1.19,33.66
1786962138.193,,0,,,,-0.610,-5.193,True,0.413,-1.803,1.05,33.39
1786962138.293,,0,,,,-0.840,-5.489,True,0.410,-2.052,1.19,33.27
1786962138.343,,0,,,,-0.940,-5.617,True,0.408,-2.169,1.26,33.25
1786962138.493,,0,,,,-1.070,-5.784,True,0.406,-2.340,1.34,32.90
1786962138.593,,0,,,,-1.090,-5.810,True,0.406,-2.365,1.36,32.88
1786962138.643,,0,,,,-1.100,-5.823,True,0.406,-2.417,1.39,32.87
1786962138.693,,0,,,,-1.090,-5.810,True,0.406,-2.445,1.40,32.85
1786962138.793,,0,,,,-1.010,-5.707,True,0.407,-2.079,1.19,32.72
1786962138.844,,0,,,,-0.950,-5.630,True,0.408,-2.087,1.19,32.70
1786962138.943,,0,,,,-0.870,-5.527,True,0.409,-1.556,0.89,32.73
1786962139.044,,0,,,,-0.810,-5.450,True,0.410,-1.448,0.82,32.44
1786962139.093,,0,,,,-0.840,-5.489,True,0.410,-1.470,0.83,32.42
1786962139.193,,0,,,,-1.000,-5.694,True,0.407,-1.505,0.85,32.40
1786962139.268,,0,,,,-1.170,-5.913,True,0.405,-1.649,0.92,32.02
1786962139.318,,0,,,,-1.300,-6.080,True,0.403,-1.745,0.97,32.01
1786962139.393,,0,,,,-1.480,-6.272,True,0.407,-1.561,0.86,31.74
1786962139.493,,0,,,,-1.590,-6.384,True,0.410,-1.715,0.95,31.71
1786962139.593,,0,,,,-1.510,-6.303,True,0.408,-1.901,1.05,31.69
1786962139.693,,0,,,,-1.180,-5.926,True,0.404,-1.965,1.09,31.69
1786962139.718,,0,,,,-1.180,-5.926,True,0.404,-1.986,1.10,31.68
1786962139.818,,0,,,,-0.860,-5.514,True,0.409,-2.115,1.17,31.65
1786962139.893,,0,,,,-0.590,-5.167,True,0.414,-2.249,1.24,31.63
1786962139.993,,0,,,,-0.420,-4.948,True,0.416,-2.306,1.26,31.32
1786962140.043,,0,,,,-0.400,-4.922,True,0.417,-2.365,1.29,31.30
1786962140.143,,0,,,,-0.490,-5.038,True,0.415,-1.663,0.91,31.22
1786962140.243,,0,,,,-0.720,-5.334,True,0.412,-1.593,0.87,31.20
1786962140.293,,0,,,,-0.960,-5.643,True,0.408,-1.565,0.85,31.18
1786962140.393,,0,,,,-1.180,-5.926,True,0.404,-1.603,0.87,31.16
1786962140.494,,0,,,,-1.410,-6.201,True,0.405,-1.856,1.00,30.79
1786962140.993,,0,,,,-0.620,-5.205,True,0.413,-1.864,0.98,30.15
1786962141.093,,0,,,,-0.570,-5.141,True,0.414,-1.961,1.03,30.13
1786962141.193,,0,,,,-0.620,-5.205,True,0.413,-2.028,1.07,30.11
1786962141.243,,0,,,,-0.690,-5.296,True,0.412,-1.736,0.90,29.65
1786962141.293,,0,,,,-0.750,-5.373,True,0.411,-1.803,0.93,29.64
1786962141.393,,0,,,,-0.880,-5.540,True,0.409,-1.762,0.91,29.63
1786962141.443,,0,,,,-0.920,-5.591,True,0.409,-1.724,0.89,29.61
1786962141.493,,0,,,,-0.910,-5.579,True,0.409,-1.723,0.89,29.59
1786962141.593,,0,,,,-0.760,-5.386,True,0.411,-1.637,0.84,29.47
1786962141.668,,0,,,,-0.640,-5.231,True,0.413,-1.672,0.86,29.46
1786962141.693,,0,,,,-0.600,-5.180,True,0.414,-1.722,0.89,29.45
1786962141.793,,0,,,,-0.360,-4.871,True,0.417,-1.869,0.96,29.43
1786962141.893,,0,,,,-0.230,-4.704,True,0.420,-1.543,0.78,29.11
1786962141.993,,0,,,,-0.100,-4.536,True,0.422,-1.708,0.87,29.09
1786962142.118,,0,,,,-0.130,-4.575,True,0.421,-1.635,0.82,28.81
1786962142.193,,0,,,,-0.300,-4.794,True,0.418,-1.709,0.86,28.79
1786962142.293,,0,,,,-0.580,-5.154,True,0.414,-1.775,0.89,28.76
1786962142.393,,0,,,,-0.950,-5.630,True,0.408,-1.782,0.89,28.74
1786962142.493,,0,,,,-1.130,-5.862,True,0.405,-1.854,0.93,28.73
1786962142.543,,0,,,,-1.140,-5.875,True,0.405,-1.784,0.89,28.70
1786962142.643,,0,,,,-1.050,-5.759,True,0.407,-1.705,0.85,28.68
1786962142.768,,0,,,,-0.830,-5.476,True,0.410,-1.062,0.52,28.13
1786962142.793,,0,,,,-0.750,-5.373,True,0.411,-1.202,0.59,28.12
1786962142.893,,0,,,,-0.540,-5.103,True,0.415,-1.340,0.66,28.10
1786962142.943,,0,,,,-0.500,-5.051,True,0.415,-0.857,0.42,27.80
1786962143.043,,0,,,,-0.420,-4.948,True,0.416,-1.036,0.50,27.78
1786962143.093,,0,,,,-0.440,-4.974,True,0.416,-1.148,0.56,27.77
1786962143.193,,0,,,,-0.480,-5.025,True,0.416,-1.282,0.62,27.75
1786962143.243,,0,,,,-0.540,-5.103,True,0.415,-1.380,0.66,27.55
1786962143.343,,0,,,,-0.610,-5.193,True,0.413,-1.485,0.71,27.52
1786962143.493,,0,,,,-0.620,-5.205,True,0.413,-1.549,0.74,27.50
1786962143.493,,0,,,,-0.620,-5.205,True,0.413,-1.623,0.78,27.49
1786962143.593,,0,,,,-0.560,-5.128,True,0.414,-1.419,0.68,27.26
1786962143.693,,0,,,,-0.470,-5.012,True,0.416,-1.531,0.73,27.23
1786962143.793,,0,,,,-0.340,-4.845,True,0.418,-1.568,0.74,27.22
1786962143.793,,0,,,,-0.340,-4.845,True,0.418,-1.589,0.75,27.21
1786962143.893,,0,,,,-0.280,-4.768,True,0.419,-1.228,0.58,26.93
1786962143.993,,0,,,,-0.320,-4.819,True,0.418,-1.293,0.61,26.91
1786962144.043,,0,,,,-0.360,-4.871,True,0.417,-1.489,0.70,26.89
1786962144.093,,0,,,,-0.400,-4.922,True,0.417,-1.447,0.67,26.60
1786962144.193,,0,,,,-0.490,-5.038,True,0.415,-1.359,0.63,26.58
1786962144.293,,0,,,,-0.540,-5.103,True,0.415,-1.383,0.64,26.57
1786962144.343,,0,,,,-0.580,-5.154,True,0.414,-1.876,0.87,26.55
1786962144.443,,0,,,,-0.640,-5.231,True,0.413,-2.142,0.99,26.53
1786962144.493,,0,,,,-0.700,-5.308,True,0.412,-2.364,1.09,26.52
1786962144.593,,0,,,,-0.820,-5.463,True,0.410,-2.484,1.15,26.50
1786962144.693,,0,,,,-0.920,-5.591,True,0.409,-2.515,1.16,26.48
1786962144.743,,0,,,,-0.960,-5.643,True,0.408,-1.749,0.80,26.08
1786962144.893,,0,,,,-0.990,-5.682,True,0.407,-1.765,0.80,26.06
1786962144.893,,0,,,,-0.990,-5.682,True,0.407,-1.714,0.78,26.05
1786962144.993,,0,,,,-0.910,-5.579,True,0.409,-1.778,0.81,26.03
1786962145.093,,0,,,,-0.800,-5.437,True,0.410,-1.411,0.63,25.71
1786962145.193,,0,,,,-0.770,-5.398,True,0.411,-1.332,0.60,25.63
1786962145.243,,0,,,,-0.770,-5.398,True,0.411,-0.980,0.44,25.44
1786962145.343,,0,,,,-0.760,-5.386,True,0.411,-1.035,0.46,25.42
1786962145.393,,0,,,,-0.770,-5.398,True,0.411,-1.068,0.47,25.31
1786962145.493,,0,,,,-0.780,-5.411,True,0.411,-1.248,0.55,25.29
1786962145.543,,0,,,,-0.770,-5.398,True,0.411,-1.406,0.62,25.28
1786962145.593,,0,,,,-0.710,-5.321,True,0.412,-1.540,0.68,25.26
1786962145.693,,0,,,,-0.520,-5.077,True,0.415,-1.543,0.68,25.11
1786962145.793,,0,,,,-0.340,-4.845,True,0.418,-1.702,0.75,25.09
1786962145.893,,0,,,,-0.020,-4.433,True,0.423,-1.890,0.83,25.08
1786962145.943,,0,,,,0.030,-4.369,True,0.424,-1.939,0.85,25.06
1786962145.993,,0,,,,0.120,-4.253,True,0.425,-2.111,0.92,25.05
1786962146.093,,0,,,,0.180,-4.176,True,0.426,-1.931,0.83,24.71
1786962146.193,,0,,,,0.040,-4.356,True,0.424,-1.987,0.86,24.69
1786962146.318,,0,,,,-0.100,-4.536,True,0.422,-2.092,0.90,24.67
1786962146.393,,0,,,,-0.260,-4.742,True,0.419,-2.154,0.93,24.66
1786962146.443,,0,,,,-0.360,-4.871,True,0.417,-2.083,0.90,24.64
1786962146.543,,0,,,,-0.540,-5.103,True,0.415,-2.107,0.91,24.62
1786962146.643,,0,,,,-0.620,-5.205,True,0.413,-2.200,0.94,24.60
1786962146.693,,0,,,,-0.620,-5.205,True,0.413,-2.259,0.97,24.58
1786962146.793,,0,,,,-0.550,-5.115,True,0.414,-2.570,1.10,24.56
1786962146.893,,0,,,,-0.330,-4.832,True,0.418,-2.807,1.20,24.54
1786962146.993,,0,,,,-0.110,-4.549,True,0.421,-1.407,0.58,23.79
1786962147.093,,0,,,,0.140,-4.228,True,0.426,-1.906,0.79,23.77
1786962147.193,,0,,,,0.130,-4.240,True,0.425,-1.419,0.58,23.46
1786962147.293,,0,,,,0.000,-4.408,True,0.423,-1.482,0.61,23.45
1786962147.443,,0,,,,-0.320,-4.819,True,0.418,-1.531,0.63,23.41
1786962147.593,,0,,,,-0.330,-4.832,True,0.418,-1.598,0.65,23.39
1786962147.668,,0,,,,-0.210,-4.678,True,0.420,-1.807,0.74,23.37
1786962147.693,,0,,,,-0.110,-4.549,True,0.421,-1.060,0.43,23.03
1786962147.793,,0,,,,0.050,-4.343,True,0.424,-1.305,0.52,23.01
1786962147.893,,0,,,,0.120,-4.253,True,0.425,-1.548,0.62,22.99
1786962147.943,,0,,,,0.140,-4.228,True,0.426,-1.740,0.70,22.98
1786962148.068,,0,,,,-0.040,-4.459,True,0.423,-1.453,0.57,22.67
1786962148.093,,0,,,,-0.050,-4.472,True,0.422,-1.634,0.65,22.66
1786962148.193,,0,,,,-0.210,-4.678,True,0.420,-1.654,0.65,22.62
1786962148.243,,0,,,,-0.230,-4.704,True,0.420,-1.778,0.70,22.61
1786962148.343,,0,,,,-0.240,-4.717,True,0.419,-1.619,0.63,22.42
1786962148.393,,0,,,,-0.220,-4.691,True,0.420,-1.708,0.67,22.37
1786962148.493,,0,,,,-0.140,-4.588,True,0.421,-1.577,0.61,22.20
1786962148.593,,0,,,,-0.080,-4.511,True,0.422,-1.608,0.62,22.19
1786962148.718,,0,,,,-0.050,-4.472,True,0.422,-1.692,0.65,22.18
1786962148.743,,0,,,,-0.100,-4.536,True,0.422,-1.844,0.71,22.17
1786962148.843,,0,,,,-0.190,-4.652,True,0.420,-2.002,0.77,22.15
1786962148.893,,0,,,,-0.250,-4.729,True,0.419,-2.057,0.79,22.13
1786962148.993,,0,,,,-0.330,-4.832,True,0.418,-2.171,0.84,22.12
1786962149.093,,0,,,,-0.320,-4.819,True,0.418,-2.793,1.08,22.08
1786962149.193,,0,,,,-0.270,-4.755,True,0.419,-3.367,1.30,22.06
1786962149.243,,0,,,,-0.220,-4.691,True,0.420,-3.369,1.30,22.04
1786962149.343,,0,,,,-0.170,-4.626,True,0.420,-3.393,1.30,22.03
1786962149.393,,0,,,,-0.130,-4.575,True,0.421,-3.530,1.35,22.01
1786962149.493,,0,,,,-0.030,-4.446,True,0.423,-3.845,1.47,21.99
1786962149.593,,0,,,,0.040,-4.356,True,0.424,-4.078,1.56,21.98
1786962149.693,,0,,,,0.040,-4.356,True,0.424,-4.324,1.66,21.96
1786962149.793,,0,,,,0.010,-4.395,True,0.423,-4.465,1.71,21.95
1786962149.893,,0,,,,-0.030,-4.446,True,0.423,-4.597,1.76,21.94
1786962149.943,,0,,,,0.000,-4.408,True,0.423,-4.697,1.80,21.93
1786962149.993,,0,,,,0.050,-4.343,True,0.424,-4.629,1.77,21.91
1786962150.094,,0,,,,0.190,-4.163,True,0.426,-4.595,1.75,21.89
1786962150.193,,0,,,,0.380,-3.919,True,0.429,-4.695,1.79,21.87
1786962150.293,,0,,,,0.510,-3.752,True,0.432,-4.910,1.87,21.85
1786962150.393,,0,,,,0.520,-3.739,True,0.432,-5.185,1.97,21.83
1786962150.493,,0,,,,0.430,-3.854,True,0.430,-5.646,2.14,21.80
1786962150.543,,0,,,,0.390,-3.906,True,0.430,-5.966,2.26,21.79
1786962150.643,,0,,,,0.320,-3.996,True,0.428,-6.157,2.33,21.77
1786962150.743,,0,,,,0.210,-4.138,True,0.427,-6.339,2.40,21.75
1786962150.793,,0,,,,0.250,-4.086,True,0.427,-6.358,2.41,21.74
1786962150.893,,0,,,,0.360,-3.945,True,0.429,-6.474,2.45,21.73
1786962150.968,,0,,,,0.500,-3.764,True,0.431,-6.572,2.49,21.72
1786962150.993,,0,,,,0.550,-3.700,True,0.432,-6.754,2.55,21.71
1786962151.093,,0,,,,0.810,-3.365,True,0.437,-1.427,0.49,19.87
1786962151.218,,0,,,,0.870,-3.288,True,0.438,-1.357,0.47,19.86
1786962151.293,,0,,,,0.910,-3.237,True,0.438,-1.221,0.42,19.84
1786962151.293,,0,,,,0.910,-3.237,True,0.438,-1.370,0.47,19.83
1786962151.393,,0,,,,0.770,-3.417,True,0.436,-0.829,0.28,19.54
1786962151.493,,0,,,,0.510,-3.752,True,0.432,-0.516,0.18,19.47
1786962151.618,,0,,,,0.230,-4.112,True,0.427,-0.766,0.26,19.32
1786962151.643,,0,,,,0.230,-4.112,True,0.427,-0.903,0.30,19.30
1786962151.693,,0,,,,0.050,-4.343,True,0.424,-1.098,0.37,19.29
1786962151.793,,0,,,,0.080,-4.305,True,0.425,-1.394,0.47,19.27
1786962151.893,,0,,,,0.240,-4.099,True,0.427,-1.088,0.36,19.09
1786962151.993,,0,,,,0.640,-3.584,True,0.434,-1.304,0.43,19.03
1786962152.218,,0,,,,1.150,-2.928,True,0.442,-1.359,0.45,18.97
1786962152.243,,0,,,,1.140,-2.941,True,0.442,-1.659,0.55,18.97
1786962152.718,,0,,,,-0.190,-4.652,True,0.420,-1.392,0.45,18.41
1786962152.793,,0,,,,-0.120,-4.562,True,0.421,-1.377,0.44,18.39
1786962152.793,,0,,,,-0.120,-4.562,True,0.421,-1.614,0.52,18.37
1786962152.893,,0,,,,0.140,-4.228,True,0.426,-1.354,0.43,18.24
1786962152.993,,0,,,,0.590,-3.649,True,0.433,-1.719,0.55,18.33
1786962152.993,,0,,,,0.590,-3.649,True,0.433,-2.039,0.65,18.31
1786962153.093,,0,,,,1.050,-3.057,True,0.441,-3.062,0.97,18.12
1786962153.143,,0,,,,1.260,-2.786,True,0.444,-3.628,1.15,18.11
1786962153.243,,0,,,,1.500,-2.478,True,0.448,-3.433,1.07,17.94
1786962153.343,,0,,,,1.500,-2.478,True,0.448,-2.936,0.92,17.92
1786962153.468,,0,,,,1.280,-2.761,True,0.444,-2.143,0.67,17.79
1786962153.493,,0,,,,1.190,-2.877,True,0.443,-2.599,0.81,17.78
1786962153.593,,0,,,,0.990,-3.134,True,0.440,-2.717,0.84,17.78
1786962153.643,,0,,,,0.900,-3.250,True,0.438,-2.787,0.86,17.76
1786962153.743,,0,,,,0.780,-3.404,True,0.436,-2.770,0.86,17.75
1786962153.843,,0,,,,0.750,-3.443,True,0.436,-2.671,0.83,17.73
1786962153.893,,0,,,,0.860,-3.301,True,0.437,-2.689,0.83,17.71
1786962153.993,,0,,,,0.990,-3.134,True,0.440,-1.728,0.53,17.52
1786962154.093,,0,,,,1.070,-3.031,True,0.441,-1.833,0.56,17.50
1786962154.193,,0,,,,1.120,-2.967,True,0.442,-1.958,0.60,17.49
1786962154.193,,0,,,,1.120,-2.967,True,0.442,-2.038,0.62,17.47
1786962154.293,,0,,,,1.010,-3.108,True,0.440,-2.157,0.66,17.46
1786962154.393,,0,,,,0.820,-3.353,True,0.437,-2.268,0.69,17.45
1786962154.443,,0,,,,0.730,-3.468,True,0.435,-2.366,0.72,17.43
1786962154.543,,0,,,,0.530,-3.726,True,0.432,-2.414,0.73,17.42
1786962154.643,,0,,,,0.470,-3.803,True,0.431,-2.466,0.75,17.41
1786962154.693,,0,,,,0.460,-3.816,True,0.431,-2.456,0.75,17.40
1786962154.793,,0,,,,0.590,-3.649,True,0.433,-2.372,0.72,17.39
1786962154.893,,0,,,,0.800,-3.378,True,0.436,0.497,0.15,16.84
1786962154.993,,0,,,,0.920,-3.224,True,0.438,0.502,0.15,16.83
1786962155.043,,0,,,,1.000,-3.121,True,0.440,0.468,0.14,16.82
1786962155.093,,0,,,,1.050,-3.057,True,0.441,0.337,0.10,16.81
1786962155.218,,0,,,,1.100,-2.992,True,0.441,0.388,0.11,16.80
1786962155.293,,0,,,,1.090,-3.005,True,0.441,0.343,0.10,16.78
1786962155.393,,0,,,,1.060,-3.044,True,0.441,0.229,0.07,16.76
1786962155.493,,0,,,,1.120,-2.967,True,0.442,0.098,0.03,16.74
1786962155.568,,0,,,,1.180,-2.889,True,0.443,-0.027,0.01,16.73
1786962155.593,,0,,,,1.270,-2.774,True,0.444,-0.207,0.06,16.72
1786962155.768,,0,,,,1.560,-2.400,True,0.449,-0.476,0.14,16.70
1786962155.793,,0,,,,1.600,-2.349,True,0.450,-0.463,0.13,16.69
1786962155.918,,0,,,,1.720,-2.195,True,0.452,-0.510,0.15,16.68
1786962155.993,,0,,,,1.760,-2.143,True,0.453,-0.454,0.13,16.67
1786962156.043,,0,,,,1.710,-2.207,True,0.452,-0.595,0.17,16.65
1786962156.143,,0,,,,1.490,-2.491,True,0.448,3.722,1.04,16.06
1786962156.193,,0,,,,1.170,-2.902,True,0.443,3.676,1.03,16.05
1786962156.293,,0,,,,0.730,-3.468,True,0.435,3.656,1.02,16.04
1786962156.343,,0,,,,0.580,-3.661,True,0.433,3.733,1.04,16.03
1786962156.393,,0,,,,0.470,-3.803,True,0.431,5.023,1.38,15.75
1786962156.493,,0,,,,0.200,-4.150,True,0.426,5.006,1.37,15.73
1786962156.843,,0,,,,-0.020,-4.433,True,0.423,4.427,1.21,15.69
1786962156.893,,0,,,,0.000,-4.408,True,0.423,4.848,1.30,15.37
1786962199.717,,0,,,,61.320,59.618,True,0.860,-11.402,5.48,27.73
1786962199.792,,0,,,,61.320,59.618,True,0.860,-12.484,5.99,27.72
1786962199.792,,0,,,,61.320,59.618,True,0.860,-12.846,6.16,27.71
1786962199.892,,0,,,,60.500,58.809,True,0.860,-12.622,6.05,27.70
1786962199.992,,0,,,,60.560,58.868,True,0.860,-13.204,6.30,27.58
1786962200.067,,0,,,,60.530,58.839,True,0.860,-13.177,6.28,27.56
1786962200.142,,0,,,,60.220,58.533,True,0.860,-12.983,6.19,27.55
1786962200.192,,0,,,,59.880,58.198,True,0.860,-12.819,6.11,27.53
1786962200.317,,0,,,,59.310,57.635,True,0.860,-11.445,5.87,29.60
1786962200.392,,0,,,,58.900,57.231,True,0.860,-10.883,5.59,29.59
1786962200.492,,0,,,,58.840,57.172,True,0.860,-10.415,5.35,29.58
1786962200.492,,0,,,,58.840,57.172,True,0.860,-9.996,5.13,29.57
1786962200.592,,0,,,,58.840,57.172,True,0.860,-12.612,5.96,27.30
1786962200.692,,0,,,,59.520,57.843,True,0.860,-12.272,5.80,27.29
1786962200.792,,0,,,,60.310,58.622,True,0.860,-13.236,6.21,27.11
1786962200.843,,0,,,,60.570,58.878,True,0.860,-13.080,6.13,27.09
1786962200.917,,0,,,,60.860,59.164,True,0.860,-13.076,6.12,27.07
1786962201.042,,0,,,,60.780,59.085,True,0.860,-13.154,6.15,27.04
1786962201.092,,0,,,,60.640,58.947,True,0.860,-14.213,6.71,27.33
1786962201.192,,0,,,,60.010,58.326,True,0.860,-14.065,6.64,27.30
1786962201.317,,0,,,,59.720,58.040,True,0.860,-13.566,6.40,27.29
1786962201.342,,0,,,,59.610,57.931,True,0.860,-13.238,6.25,27.28
1786962201.442,,0,,,,59.550,57.872,True,0.860,-12.799,6.04,27.26
1786962201.492,,0,,,,59.530,57.852,True,0.860,-12.162,5.74,27.25
1786962201.592,,0,,,,59.520,57.843,True,0.860,-11.625,5.49,27.25
1786962201.692,,0,,,,58.990,57.320,True,0.860,-11.244,5.31,27.23
1786962201.742,,0,,,,58.570,56.906,True,0.860,-10.874,5.14,27.22
1786962201.792,,0,,,,58.110,56.452,True,0.860,-12.016,5.64,27.08
1786962201.892,,0,,,,57.410,55.761,True,0.860,-11.179,5.25,27.06
1786962201.892,,0,,,,57.410,55.761,True,0.860,-10.524,4.94,27.06
1786962201.992,,0,,,,56.080,54.450,True,0.860,-10.483,4.91,26.99
1786962202.042,,0,,,,55.510,53.887,True,0.860,-9.304,4.36,26.97
1786962202.142,,0,,,,54.250,52.714,True,0.860,-8.197,3.84,26.96
1786962202.217,,0,,,,53.710,52.270,True,0.860,-6.669,3.13,26.94
1786962202.292,,0,,,,53.110,51.777,True,0.860,-6.399,2.96,26.59
1786962202.642,,0,,,,50.550,49.673,True,0.860,-4.645,2.15,26.54
1786962202.842,,0,,,,47.830,47.437,True,0.860,-5.738,2.67,26.69
1786962202.892,,0,,,,46.410,46.270,True,0.860,-5.138,2.39,26.68
1786962203.092,,0,,,,44.490,44.692,True,0.860,-4.262,1.97,26.47
1786962203.417,,0,,,,42.700,43.221,True,0.860,-3.075,1.43,26.65
1786962203.467,,0,,,,42.540,43.072,True,0.861,-3.007,1.40,26.63
1786962203.517,,0,,,,42.420,42.957,True,0.861,-4.019,1.87,26.62
1786962203.592,,0,,,,42.180,42.728,True,0.863,-7.196,3.31,26.42
1786962203.792,,0,,,,42.190,42.738,True,0.863,-6.965,3.20,26.35
1786962203.892,,0,,,,42.000,42.556,True,0.864,-6.891,3.18,26.50
1786962203.992,,0,,,,41.670,42.241,True,0.866,-6.677,3.06,26.32
1786962204.067,,0,,,,41.580,42.156,True,0.867,-6.850,3.14,26.37
1786962204.117,,0,,,,41.440,42.022,True,0.868,-6.943,3.19,26.35
1786962204.192,,0,,,,40.900,41.506,True,0.871,-6.938,3.19,26.41
1786962204.317,,0,,,,40.420,41.048,True,0.874,-8.251,3.82,26.61
1786962204.392,,0,,,,39.850,40.504,True,0.878,-7.934,3.67,26.59
1786962204.592,,0,,,,38.950,39.645,True,0.884,-6.926,3.18,26.36
1786962204.592,,0,,,,38.950,39.645,True,0.884,-7.349,3.37,26.35
1786962204.692,,0,,,,38.550,39.263,True,0.886,-7.384,3.41,26.50
1786962204.692,,0,,,,38.550,39.263,True,0.886,-6.637,3.06,26.49
1786962204.792,,0,,,,37.880,38.624,True,0.891,-6.645,3.06,26.46
1786962204.892,,0,,,,36.880,37.669,True,0.897,-7.718,3.53,26.31
1786962204.942,,0,,,,36.610,37.411,True,0.899,-7.517,3.44,26.30
1786962204.992,,0,,,,36.130,36.953,True,0.902,-6.987,3.22,26.44
1786962205.092,,0,,,,35.910,36.743,True,0.903,-6.722,3.09,26.42
1786962205.192,,0,,,,35.840,36.676,True,0.904,-6.185,2.84,26.39
1786962205.242,,0,,,,35.860,36.696,True,0.903,-6.618,3.04,26.39
1786962205.342,,0,,,,36.090,36.915,True,0.902,-5.704,2.69,27.04
1786962205.492,,0,,,,36.200,37.020,True,0.901,-6.517,3.00,26.46
1786962205.542,,0,,,,36.140,36.963,True,0.902,-5.856,2.70,26.50
1786962205.592,,0,,,,36.060,36.886,True,0.902,-5.761,2.66,26.49
1786962205.742,,0,,,,35.750,36.591,True,0.904,-4.079,1.87,26.35
1786962205.842,,0,,,,35.440,36.295,True,0.906,-3.591,1.65,26.33
1786962205.892,,0,,,,35.140,36.008,True,0.908,-4.649,2.19,27.00
1786962205.992,,0,,,,34.780,35.665,True,0.910,-4.259,2.00,26.98
1786962206.142,,0,,,,33.890,34.815,True,0.916,-5.800,2.67,26.44
1786962206.242,,0,,,,33.690,34.624,True,0.917,-6.952,3.27,26.98
1786962206.292,,0,,,,33.660,34.596,True,0.918,-6.424,3.02,26.96
1786962206.392,,0,,,,33.520,34.462,True,0.918,-6.135,2.88,26.94
1786962206.492,,0,,,,33.320,34.271,True,0.920,-5.630,2.64,26.92
1786962206.592,,0,,,,33.380,34.328,True,0.919,-4.341,2.01,26.52
1786962206.642,,0,,,,33.410,34.357,True,0.919,-4.194,1.94,26.54
1786962206.692,,0,,,,33.580,34.519,True,0.918,-3.632,1.68,26.53
1786962206.792,,0,,,,33.740,34.672,True,0.917,-3.442,1.59,26.52
1786962206.892,,0,,,,33.860,34.786,True,0.916,-2.989,1.38,26.51
1786962206.892,,0,,,,33.860,34.786,True,0.916,-2.672,1.24,26.49
1786962206.942,,0,,,,34.110,35.025,True,0.915,-2.561,1.18,26.48
1786962206.992,,0,,,,34.240,35.149,True,0.914,-2.262,1.04,26.47
1786962207.092,,0,,,,34.020,34.939,True,0.915,-2.181,1.01,26.44
1786962207.192,,0,,,,33.310,34.261,True,0.920,-3.912,1.81,26.46
1786962207.242,,0,,,,32.980,33.946,True,0.922,-4.317,1.99,26.43
1786962207.292,,0,,,,32.640,33.622,True,0.924,-4.313,1.99,26.41
1786962207.442,,0,,,,31.510,32.427,True,0.898,-5.842,2.72,26.73
1786962207.492,,0,,,,31.390,32.296,True,0.893,-5.317,2.48,26.72
1786962207.592,,0,,,,31.890,32.844,True,0.911,-5.059,2.36,26.72
1786962207.642,,0,,,,32.160,33.140,True,0.920,-4.322,2.01,26.72
1786962207.692,,0,,,,33.200,34.156,True,0.921,-3.777,1.76,26.72
1786962207.792,,0,,,,34.660,35.550,True,0.911,-3.169,1.48,26.72
1786962207.967,,0,,,,37.640,38.395,True,0.892,-3.836,1.80,26.95
1786962207.992,,0,,,,38.180,38.910,True,0.889,-2.653,1.25,26.95
1786962208.092,,0,,,,41.170,41.764,True,0.869,-0.776,0.36,26.94
1786962208.292,,0,,,,43.170,43.607,True,0.860,-1.621,0.76,27.00
1786962208.342,,0,,,,43.820,44.141,True,0.860,-1.417,0.67,26.97
1786962208.542,,0,,,,43.880,44.191,True,0.860,-1.498,0.70,26.92
1786962208.592,,0,,,,43.510,43.886,True,0.860,-2.528,1.19,27.05
1786962208.692,,0,,,,42.510,43.043,True,0.861,-5.103,2.43,27.35
1786962208.792,,0,,,,42.200,42.747,True,0.863,-5.648,2.67,27.09
1786962208.917,,0,,,,42.400,42.938,True,0.862,-6.130,2.90,27.12
1786962208.992,,0,,,,43.090,43.541,True,0.860,-6.117,2.89,27.16
1786962209.092,,0,,,,44.930,45.054,True,0.860,-6.046,2.84,26.98
1786962209.192,,0,,,,47.480,47.149,True,0.860,-9.659,4.69,27.93
1786962209.242,,0,,,,48.380,47.889,True,0.860,-10.245,4.97,27.93
1786962209.292,,0,,,,49.780,49.040,True,0.860,-9.402,4.46,27.30
1786962209.392,,0,,,,53.330,51.958,True,0.860,-6.798,3.22,27.22
1786962209.492,,0,,,,55.650,54.026,True,0.860,-6.796,3.22,27.22
1786962209.592,,0,,,,57.860,56.205,True,0.860,-6.560,3.11,27.21
1786962209.817,,0,,,,61.230,59.529,True,0.860,-6.458,3.06,27.20
1786962209.842,,0,,,,61.930,60.220,True,0.860,-6.911,3.27,27.18
1786962209.892,,0,,,,62.550,60.831,True,0.860,-7.046,3.33,27.16
1786962209.992,,0,,,,63.480,61.748,True,0.860,-7.639,3.61,27.13
1786962210.092,,0,,,,63.750,62.015,True,0.860,-7.694,3.63,27.11
1786962210.267,,0,,,,63.620,61.886,True,0.860,-12.591,5.98,27.45
1786962210.492,,0,,,,64.370,62.626,True,0.860,-13.434,6.38,27.47
1786962210.592,,0,,,,65.010,63.324,True,0.871,-13.543,6.46,27.58
1786962210.717,,0,,,,66.150,64.674,True,0.909,-13.224,6.30,27.56
1786962210.792,,0,,,,67.020,65.703,True,0.937,-12.846,6.13,27.55
1786962210.892,,0,,,,68.260,67.171,True,0.979,-9.498,4.56,27.62
1786962210.942,,0,,,,68.790,67.798,True,0.996,-8.855,4.25,27.61
1786962211.067,,0,,,,70.580,69.917,True,1.056,-13.742,6.58,27.68
1786962211.092,,0,,,,71.070,70.497,True,1.072,-13.457,6.44,27.67
1786962211.192,,0,,,,72.040,71.645,True,1.105,-16.718,8.60,29.91
1786962211.242,,0,,,,72.370,72.035,True,1.116,-16.531,8.51,29.90
1786962211.367,,0,,,,73.040,72.825,True,1.137,-14.427,7.01,28.15
1786962211.392,,0,,,,73.320,73.132,True,1.137,-14.489,7.04,28.15
1786962211.492,,0,,,,73.680,73.526,True,1.137,-14.179,6.89,28.14
1786962211.542,,0,,,,73.780,73.636,True,1.137,-13.675,6.60,27.94
1786962211.642,,0,,,,73.900,73.767,True,1.137,-12.647,6.08,27.76
1786962211.692,,0,,,,73.830,73.691,True,1.137,-12.242,5.88,27.74
1786962211.792,,0,,,,73.700,73.548,True,1.137,-13.225,6.41,28.00
1786962211.942,,0,,,,73.300,73.110,True,1.137,-12.439,6.01,27.92
1786962212.042,,0,,,,73.150,72.945,True,1.137,-11.992,5.84,28.11
1786962212.092,,0,,,,73.140,72.934,True,1.137,-12.085,5.96,28.49
1786962212.217,,0,,,,73.260,73.066,True,1.137,-11.883,5.82,28.27
1786962212.242,,0,,,,73.340,73.154,True,1.137,-11.276,5.53,28.26
1786962212.392,,0,,,,73.640,73.482,True,1.137,-11.010,5.45,28.55
1786962212.392,,0,,,,73.640,73.482,True,1.137,-10.534,5.22,28.54
1786962212.492,,0,,,,74.030,73.910,True,1.137,-10.617,5.19,28.17
1786962212.592,,0,,,,74.520,74.447,True,1.137,-10.360,5.06,28.15
1786962212.642,,0,,,,74.860,74.819,True,1.137,-10.532,5.25,28.72
1786962212.742,,0,,,,75.420,75.433,True,1.137,-10.717,5.33,28.64
1786962212.792,,0,,,,75.540,75.565,True,1.137,-10.632,5.28,28.63
1786962212.892,,0,,,,75.790,75.839,True,1.137,-12.433,6.39,29.67
1786962212.992,,0,,,,75.810,75.860,True,1.137,-11.958,6.08,29.34
1786962213.042,,0,,,,75.770,75.817,True,1.137,-11.932,6.07,29.34
1786962213.142,,0,,,,75.600,75.630,True,1.137,-11.797,5.99,29.31
1786962213.192,,0,,,,75.480,75.499,True,1.137,-11.178,5.52,28.46
1786962213.342,,0,,,,75.100,75.082,True,1.137,-12.630,6.30,28.82
1786962213.392,,0,,,,74.930,74.896,True,1.137,-12.287,6.13,28.81
1786962213.492,,0,,,,74.660,74.600,True,1.137,-10.874,5.40,28.62
1786962213.617,,0,,,,74.430,74.348,True,1.137,-12.415,6.29,29.26
1786962213.642,,0,,,,74.350,74.260,True,1.137,-10.537,5.27,28.83
1786962213.742,,0,,,,74.060,73.943,True,1.137,-10.353,5.27,29.30
1786962213.792,,0,,,,73.980,73.855,True,1.137,-9.730,4.95,29.29
1786962213.942,,0,,,,73.900,73.767,True,1.137,-10.000,5.00,28.77
1786962213.992,,0,,,,73.940,73.811,True,1.137,-9.643,4.82,28.76
1786962214.092,,0,,,,73.930,73.800,True,1.137,-9.406,4.70,28.76
1786962214.142,,0,,,,73.910,73.778,True,1.137,-9.114,4.55,28.74
1786962214.192,,0,,,,73.940,73.811,True,1.137,-8.739,4.37,28.73
1786962214.292,,0,,,,73.990,73.866,True,1.137,-8.518,4.25,28.72
1786962214.392,,0,,,,73.970,73.844,True,1.137,-9.758,4.91,28.97
1786962214.492,,0,,,,73.820,73.680,True,1.137,-9.672,4.86,28.96
1786962214.592,,0,,,,73.600,73.439,True,1.137,-9.436,4.74,28.94
1786962214.692,,0,,,,73.280,73.088,True,1.137,-10.056,5.07,29.02
1786962214.692,,0,,,,73.240,73.044,True,1.137,-9.935,5.00,29.00
1786962214.792,,0,,,,72.910,72.674,True,1.134,-10.026,5.06,29.07
1786962214.842,,0,,,,72.620,72.331,True,1.124,-10.316,5.22,29.15
1786962214.942,,0,,,,72.140,71.763,True,1.108,-10.031,5.07,29.13
1786962214.992,,0,,,,71.940,71.526,True,1.102,-9.725,4.92,29.11
1786962215.092,,0,,,,71.450,70.946,True,1.085,-9.443,4.77,29.08
1786962215.192,,0,,,,70.990,70.402,True,1.070,-10.486,5.33,29.28
1786962215.317,,0,,,,70.490,69.810,True,1.053,-10.342,5.26,29.27
1786962215.342,,0,,,,70.290,69.574,True,1.046,-10.237,5.20,29.25
1786962215.392,,0,,,,70.080,69.325,True,1.039,-10.185,5.17,29.24
1786962215.492,,0,,,,69.620,68.781,True,1.024,-10.494,5.34,29.34
1786962215.642,,0,,,,69.590,68.745,True,1.023,-10.610,5.41,29.36
1786962215.692,,0,,,,69.690,68.863,True,1.026,-10.320,5.26,29.34
1786962215.792,,0,,,,70.080,69.325,True,1.039,-10.115,5.15,29.32
1786962215.892,,0,,,,70.430,69.739,True,1.051,-10.029,5.10,29.31
1786962215.992,,0,,,,70.550,69.881,True,1.055,-10.167,5.21,29.52
1786962216.092,,0,,,,70.490,69.810,True,1.053,-11.342,5.85,29.75
1786962216.192,,0,,,,69.900,69.112,True,1.033,-11.237,5.79,29.73
1786962216.267,,0,,,,69.580,68.733,True,1.023,-11.229,5.79,29.71
1786962216.367,,0,,,,68.970,68.011,True,1.002,-11.256,5.80,29.72
1786962216.442,,0,,,,68.590,67.562,True,0.990,-11.316,5.83,29.71
1786962216.492,,0,,,,68.410,67.348,True,0.984,-11.201,5.77,29.69
1786962216.542,,0,,,,68.160,67.053,True,0.975,-11.183,5.75,29.67
1786962216.692,,0,,,,67.770,66.591,True,0.962,-10.705,5.51,29.65
1786962216.742,,0,,,,67.660,66.461,True,0.959,-10.188,5.24,29.63
1786962216.792,,0,,,,67.540,66.319,True,0.955,-133.729,4.37,6.05
1786962216.892,,0,,,,67.100,65.798,True,0.940,-133.572,4.37,6.03
1786962216.892,,0,,,,67.100,65.798,True,0.940,-133.531,4.37,6.02
1786962216.992,,0,,,,66.840,65.490,True,0.931,-133.513,4.36,6.01
1786962217.117,,0,,,,66.610,65.218,True,0.924,-133.759,4.33,6.00
1786962217.192,,0,,,,66.510,65.100,True,0.920,-134.004,4.31,5.99
1786962217.292,,0,,,,66.470,65.052,True,0.919,-134.053,4.30,5.98
1786962217.292,,0,,,,66.470,65.052,True,0.919,-134.399,4.27,5.97
1786962217.392,,0,,,,66.600,65.206,True,0.923,-134.552,4.25,5.96
1786962217.492,,0,,,,66.670,65.289,True,0.926,-134.876,4.22,5.95
1786962217.542,,0,,,,66.680,65.301,True,0.926,-135.298,4.18,5.95
1786962217.642,,0,,,,66.590,65.194,True,0.923,-135.474,4.16,5.93
1786962217.692,,0,,,,66.450,65.029,True,0.919,-135.624,4.15,5.93
1786962217.792,,0,,,,66.170,64.697,True,0.909,-135.617,4.14,5.92
1786962217.892,,0,,,,65.750,64.200,True,0.895,-135.745,4.13,5.92
1786962217.942,,0,,,,65.370,63.750,True,0.883,-135.999,4.11,5.91
1786962218.042,,0,,,,64.570,62.823,True,0.860,-135.990,4.11,5.91
1786962218.092,,0,,,,64.310,62.567,True,0.860,-136.012,4.10,5.90
1786962218.192,,0,,,,63.400,61.669,True,0.860,-136.038,4.10,5.90
1786962218.292,,0,,,,62.680,60.959,True,0.860,-136.069,4.08,5.88
1786962218.492,,0,,,,61.980,60.269,True,0.860,-136.254,4.06,5.86
1786962218.592,,0,,,,61.980,60.269,True,0.860,-136.475,4.03,5.85
1786962218.592,,0,,,,61.980,60.269,True,0.860,-136.237,4.04,5.84
1786962218.717,,0,,,,62.160,60.446,True,0.860,-136.225,4.04,5.83
1786962218.792,,0,,,,62.330,60.614,True,0.860,-136.174,4.03,5.82
1786962218.892,,0,,,,62.320,60.604,True,0.860,-136.088,4.03,5.81
1786962218.942,,0,,,,62.170,60.456,True,0.860,-136.149,4.02,5.81
1786962219.042,,0,,,,61.440,59.736,True,0.860,-136.060,4.02,5.80
1786962219.092,,0,,,,60.990,59.292,True,0.860,-136.095,4.02,5.80
1786962219.192,,0,,,,60.160,58.474,True,0.860,-136.130,4.02,5.80
1786962219.292,,0,,,,59.740,58.060,True,0.860,-136.107,4.02,5.79
1786962219.392,,0,,,,59.330,57.655,True,0.860,-136.481,3.99,5.80
1786962219.492,,0,,,,59.020,57.349,True,0.860,-136.864,3.96,5.79
1786962219.592,,0,,,,58.700,57.034,True,0.860,-137.438,3.92,5.79
1786962219.642,,0,,,,58.440,56.777,True,0.860,-137.717,3.89,5.78
1786962219.717,,0,,,,58.220,56.560,True,0.860,-137.674,3.89,5.78
1786962219.792,,0,,,,57.850,56.195,True,0.860,-137.527,3.90,5.77
1786962219.892,,0,,,,57.460,55.811,True,0.860,-137.643,3.88,5.77
1786962219.992,,0,,,,56.400,54.765,True,0.860,-137.773,3.87,5.76
1786962220.042,,0,,,,56.120,54.489,True,0.860,-137.544,3.89,5.76
1786962220.092,,0,,,,55.760,54.134,True,0.860,-137.495,3.89,5.76
1786962220.142,,0,,,,55.370,53.749,True,0.860,-137.432,3.89,5.76
1786962220.342,,0,,,,54.530,52.944,True,0.860,-11.252,6.06,31.05
1786962220.442,,0,,,,54.390,52.829,True,0.860,-11.063,5.96,31.04
1786962220.492,,0,,,,54.320,52.771,True,0.860,-11.094,5.98,31.07
1786962220.592,,0,,,,54.390,52.829,True,0.860,-10.791,5.81,31.04
1786962220.692,,0,,,,54.410,52.845,True,0.860,-10.525,5.67,31.03
1786962220.742,,0,,,,54.270,52.730,True,0.860,-10.188,5.48,31.01
1786962220.792,,0,,,,54.120,52.607,True,0.860,-9.861,5.31,30.99
1786962220.892,,0,,,,53.670,52.237,True,0.860,-9.504,5.11,30.97
1786962220.942,,0,,,,53.410,52.023,True,0.860,-10.447,5.66,31.21
1786962220.992,,0,,,,52.960,51.654,True,0.860,-10.321,5.59,31.20
1786962221.092,,0,,,,52.000,50.864,True,0.860,-10.076,5.45,31.16
1786962221.192,,0,,,,51.050,50.084,True,0.860,-10.305,5.60,31.30
1786962221.292,,0,,,,50.350,49.508,True,0.860,-9.821,5.34,31.28
1786962221.392,,0,,,,49.590,48.884,True,0.860,-9.371,5.09,31.25
1786962221.442,,0,,,,49.380,48.711,True,0.860,-8.971,4.87,31.23
1786962221.542,,0,,,,48.750,48.193,True,0.860,-9.602,5.22,31.28
1786962221.617,,0,,,,48.500,47.988,True,0.860,-9.320,5.06,31.27
1786962221.692,,0,,,,48.240,47.774,True,0.860,-8.845,4.80,31.25
1786962221.817,,0,,,,47.560,47.215,True,0.860,-9.357,5.12,31.49
1786962221.892,,0,,,,47.180,46.903,True,0.860,-8.944,4.89,31.47
1786962221.942,,0,,,,46.830,46.615,True,0.860,-8.628,4.72,31.45
1786962222.042,,0,,,,46.270,46.155,True,0.860,-8.581,4.69,31.42
1786962222.142,,0,,,,45.660,45.654,True,0.860,-9.072,4.96,31.45
1786962222.292,,0,,,,44.890,45.021,True,0.860,-8.836,4.87,31.71
1786962222.292,,0,,,,44.890,45.021,True,0.860,-8.683,4.78,31.69
1786962222.517,,0,,,,43.680,44.026,True,0.860,-8.690,4.78,31.61
1786962222.592,,0,,,,42.920,43.401,True,0.860,-9.049,4.98,31.66
1786962222.642,,0,,,,42.450,42.986,True,0.861,-8.669,4.77,31.64
1786962222.717,,0,,,,41.640,42.213,True,0.866,-8.029,4.42,31.61
1786962222.792,,0,,,,41.070,41.669,True,0.870,-7.471,4.12,31.66
1786962222.892,,0,,,,40.450,41.077,True,0.874,-7.246,3.99,31.64
1786962222.892,,0,,,,40.450,41.077,True,0.874,-6.954,3.83,31.63
1786962223.042,,0,,,,40.010,40.657,True,0.877,-6.471,3.56,31.60
1786962223.092,,0,,,,39.930,40.581,True,0.877,-6.190,3.41,31.59
1786962223.217,,0,,,,39.990,40.638,True,0.877,-5.829,3.21,31.57
1786962223.242,,0,,,,39.980,40.628,True,0.877,-5.660,3.11,31.56
1786962223.367,,0,,,,39.740,40.399,True,0.879,-5.454,3.00,31.53
1786962223.492,,0,,,,38.600,39.311,True,0.886,-5.266,2.89,31.51
1786962223.492,,0,,,,38.600,39.311,True,0.886,-5.003,2.75,31.49
1786962223.592,,0,,,,37.540,38.299,True,0.893,-4.510,2.47,31.47
1786962223.692,,0,,,,36.450,37.259,True,0.900,-4.275,2.34,31.44
1786962223.817,,0,,,,35.530,36.381,True,0.906,-4.197,2.30,31.42
1786962223.842,,0,,,,35.180,36.046,True,0.908,-3.798,2.08,31.40
1786962223.992,,0,,,,34.190,35.101,True,0.914,-3.266,1.79,31.36
1786962224.042,,0,,,,34.020,34.939,True,0.915,-2.931,1.60,31.35
1786962224.092,,0,,,,33.790,34.720,True,0.917,-2.658,1.45,31.33
1786962224.192,,0,,,,33.340,34.290,True,0.920,-2.357,1.29,31.30
1786962224.292,,0,,,,32.740,33.717,True,0.924,-1.926,1.05,31.29
1786962224.342,,0,,,,32.370,33.364,True,0.926,-1.931,1.05,31.27
1786962224.442,,0,,,,32.030,32.997,True,0.916,-1.313,0.72,31.25
1786962224.517,,0,,,,31.950,32.910,True,0.913,-0.934,0.51,31.23
1786962224.592,,0,,,,31.710,32.647,True,0.905,-0.762,0.41,31.21
1786962224.667,,0,,,,31.510,32.427,True,0.898,-0.627,0.34,31.20
1786962224.692,,0,,,,31.340,32.241,True,0.892,-0.494,0.27,31.19
1786962224.742,,0,,,,31.080,31.956,True,0.883,-0.280,0.15,31.17
1786962224.892,,0,,,,29.910,30.674,True,0.842,0.041,0.02,31.14
1786962224.942,,0,,,,29.640,30.378,True,0.833,0.377,0.20,31.11
1786962225.042,,0,,,,28.830,29.490,True,0.805,0.597,0.32,31.10
1786962225.092,,0,,,,28.160,28.756,True,0.782,0.941,0.51,31.07
1786962225.242,,0,,,,27.460,27.989,True,0.759,1.978,1.07,31.04
1786962225.342,,0,,,,27.070,27.562,True,0.745,2.199,1.19,31.00
1786962225.442,,0,,,,26.530,26.970,True,0.727,2.242,1.21,30.98
1786962225.492,,0,,,,26.280,26.696,True,0.719,2.463,1.33,30.96
1786962225.592,,0,,,,25.860,26.236,True,0.705,2.888,1.56,30.94
1786962225.692,,0,,,,25.350,25.677,True,0.688,3.369,1.82,30.92
1786962225.742,,0,,,,25.150,25.458,True,0.681,3.628,1.96,30.91
1786962225.792,,0,,,,24.980,25.271,True,0.675,-3.980,2.25,32.48
1786962225.892,,0,,,,24.680,24.942,True,0.665,-3.631,2.06,32.46
1786962225.942,,0,,,,24.630,24.888,True,0.664,-3.167,1.79,32.44
1786962226.042,,0,,,,24.230,24.449,True,0.651,-2.888,1.63,32.42
1786962226.142,,0,,,,23.540,23.693,True,0.628,-2.491,1.41,32.39
1786962226.242,,0,,,,22.930,22.990,True,0.611,-2.056,1.16,32.37
1786962226.292,,0,,,,22.300,22.244,True,0.595,-1.712,0.97,32.34
1786962226.442,,0,,,,20.740,20.397,True,0.556,-2.835,1.62,32.80
1786962226.492,,0,,,,20.270,19.841,True,0.545,-2.381,1.36,32.79
1786962226.592,,0,,,,19.700,19.166,True,0.531,-1.918,1.10,32.77
1786962226.642,,0,,,,19.580,19.024,True,0.528,-2.372,1.35,32.65
1786962226.692,,0,,,,19.540,18.977,True,0.527,-2.064,1.18,32.64
1786962226.742,,0,,,,19.480,18.906,True,0.525,-1.748,1.00,32.80
1786962226.842,,0,,,,19.100,18.456,True,0.516,-2.067,1.18,32.81
1786962226.892,,0,,,,19.000,18.338,True,0.514,-1.842,1.05,32.78
1786962227.017,,0,,,,18.580,17.841,True,0.504,-1.524,0.87,32.76
1786962227.092,,0,,,,18.310,17.521,True,0.498,-1.255,0.72,32.75
1786962227.192,,0,,,,17.830,16.953,True,0.486,-1.196,0.68,32.74
1786962227.292,,0,,,,17.070,16.053,True,0.469,-1.555,0.89,32.84
1786962227.392,,0,,,,16.580,15.473,True,0.458,-1.185,0.68,32.81
1786962227.492,,0,,,,16.240,15.071,True,0.450,-0.924,0.53,32.79
1786962227.592,,0,,,,16.120,14.929,True,0.448,-1.504,0.87,33.04
1786962227.592,,0,,,,16.050,14.846,True,0.446,-1.471,0.85,33.03
1786962227.692,,0,,,,15.770,14.514,True,0.440,-1.603,0.92,32.89
1786962227.792,,0,,,,15.580,14.290,True,0.436,-1.788,1.04,33.19
1786962227.892,,0,,,,15.360,14.029,True,0.431,-1.468,0.85,33.16
1786962227.992,,0,,,,15.000,13.603,True,0.424,-1.170,0.68,33.13
1786962228.117,,0,,,,14.540,13.080,True,0.429,-0.928,0.54,33.12
1786962228.142,,0,,,,14.380,12.897,True,0.431,-0.670,0.39,33.09
1786962228.242,,0,,,,14.050,12.522,True,0.435,-0.263,0.15,33.07
1786962228.292,,0,,,,13.980,12.442,True,0.436,0.022,0.01,33.05
1786962228.392,,0,,,,13.550,11.953,True,0.441,0.209,0.12,33.03
1786962228.492,,0,,,,12.900,11.213,True,0.449,0.610,0.35,33.00
1786962228.592,,0,,,,12.270,10.496,True,0.457,0.852,0.49,32.98
1786962228.692,,0,,,,11.740,9.893,True,0.464,1.087,0.62,32.95
1786962228.817,,0,,,,11.550,9.677,True,0.466,1.289,0.74,32.93
1786962228.892,,0,,,,11.450,9.563,True,0.467,1.557,0.89,32.91
1786962228.992,,0,,,,11.420,9.529,True,0.468,1.852,1.06,32.89
1786962229.042,,0,,,,11.430,9.541,True,0.467,2.210,1.27,32.87
1786962229.142,,0,,,,11.380,9.484,True,0.468,2.354,1.35,32.84
1786962229.242,,0,,,,10.870,8.903,True,0.475,2.494,1.43,32.82
1786962229.342,,0,,,,10.250,8.198,True,0.483,2.964,1.70,32.79
1786962229.442,,0,,,,9.670,7.538,True,0.490,3.358,1.92,32.77
1786962229.492,,0,,,,9.380,7.208,True,0.494,3.663,2.09,32.75
1786962229.592,,0,,,,8.780,6.525,True,0.502,3.916,2.24,32.73
1786962229.642,,0,,,,8.540,6.252,True,0.505,4.359,2.49,32.72
1786962229.692,,0,,,,8.310,5.990,True,0.508,4.902,2.79,32.70
1786962229.792,,0,,,,7.850,5.467,True,0.514,5.279,3.01,32.68
1786962229.892,,0,,,,7.390,4.943,True,0.520,5.586,3.18,32.66
1786962229.942,,0,,,,7.160,4.681,True,0.523,5.852,3.33,32.64
1786962229.992,,0,,,,6.940,4.431,True,0.526,6.017,3.42,32.62
1786962230.092,,0,,,,6.460,3.885,True,0.533,6.341,3.60,32.60
1786962230.192,,0,,,,6.150,3.505,True,0.531,6.539,3.71,32.58
1786962230.242,,0,,,,5.870,3.145,True,0.526,6.938,3.93,32.56
1786962230.342,,0,,,,5.610,2.811,True,0.521,7.373,4.17,32.53
1786962230.417,,0,,,,5.460,2.618,True,0.518,7.661,4.33,32.51
1786962230.492,,0,,,,5.170,2.244,True,0.513,7.777,4.40,32.50
1786962230.542,,0,,,,4.860,1.846,True,0.507,7.881,4.45,32.48
1786962230.617,,0,,,,4.600,1.511,True,0.503,7.990,4.51,32.46
1786962230.692,,0,,,,4.240,1.048,True,0.496,8.089,4.57,32.45
1786962230.767,,0,,,,3.960,0.688,True,0.491,8.086,4.56,32.43
1786962230.792,,0,,,,3.670,0.314,True,0.486,8.173,4.61,32.42
1786962230.892,,0,,,,3.370,-0.072,True,0.481,0.545,0.32,33.75
1786962230.892,,0,,,,3.370,-0.072,True,0.481,0.725,0.43,33.73
1786962230.992,,0,,,,2.970,-0.586,True,0.474,0.544,0.32,33.71
1786962231.117,,0,,,,2.570,-1.101,True,0.467,0.890,0.52,33.69
1786962231.142,,0,,,,2.450,-1.255,True,0.464,0.380,0.22,33.63
1786962231.292,,0,,,,1.790,-2.105,True,0.453,0.605,0.35,33.61
1786962231.342,,0,,,,1.670,-2.259,True,0.451,0.653,0.38,33.58
1786962231.392,,0,,,,1.190,-2.877,True,0.443,0.802,0.47,33.57
1786962231.492,,0,,,,0.810,-3.365,True,0.437,0.999,0.58,33.55
1786962231.592,,0,,,,0.410,-3.880,True,0.430,1.003,0.59,33.53
1786962231.642,,0,,,,0.210,-4.138,True,0.427,1.078,0.63,33.51
1786962231.742,,0,,,,-0.140,-4.588,True,0.421,1.063,0.62,33.48
1786962231.842,,0,,,,-0.470,-5.012,True,0.416,0.978,0.57,33.46
1786962231.942,,0,,,,-0.770,-5.398,True,0.411,-1.350,0.80,33.97
1786962232.017,,0,,,,-0.880,-5.540,True,0.409,-1.292,0.77,33.95
1786962232.092,,0,,,,-1.080,-5.797,True,0.406,-1.240,0.73,33.94
1786962232.192,,0,,,,-1.160,-5.900,True,0.405,-1.276,0.76,33.91
1786962232.317,,0,,,,-1.220,-5.977,True,0.404,-1.903,1.13,33.91
1786962232.392,,0,,,,-1.250,-6.016,True,0.403,-1.725,1.02,33.89
1786962232.492,,0,,,,-1.260,-6.029,True,0.403,-1.698,1.00,33.87
1786962232.567,,0,,,,-1.310,-6.093,True,0.402,-1.488,0.88,33.85
1786962232.642,,0,,,,-1.480,-6.272,True,0.407,-1.359,0.80,33.84
1786962232.692,,0,,,,-1.660,-6.456,True,0.413,-1.278,0.75,33.81
1786962232.792,,0,,,,-1.900,-6.701,True,0.421,-1.233,0.73,33.79
1786962232.892,,0,,,,-2.580,-7.394,True,0.444,-1.087,0.64,33.77
1786962232.992,,0,,,,-3.030,-7.854,True,0.459,-2.310,1.37,33.99
1786962233.092,,0,,,,-3.360,-8.190,True,0.471,-2.042,1.21,33.96
1786962233.267,,0,,,,-3.540,-8.374,True,0.478,-2.893,1.72,34.03
1786962233.342,,0,,,,-3.650,-8.486,True,0.482,-2.651,1.57,34.00
1786962233.442,,0,,,,-3.780,-8.619,True,0.486,-2.471,1.47,33.98
1786962233.542,,0,,,,-4.130,-8.976,True,0.499,-2.189,1.30,33.96
1786962233.617,,0,,,,-4.280,-9.129,True,0.505,-1.879,1.11,33.94
1786962233.742,,0,,,,-4.830,-9.690,True,0.526,-1.440,0.85,33.91
1786962233.892,,0,,,,-5.250,-10.119,True,0.542,-0.916,0.54,33.88
1786962233.992,,0,,,,-5.460,-10.333,True,0.550,-2.007,1.20,34.17
1786962234.117,,0,,,,-5.820,-10.700,True,0.564,-1.724,1.03,34.14
1786962234.242,,0,,,,-6.370,-11.262,True,0.585,-1.927,1.15,34.09
1786962234.417,,0,,,,-6.950,-11.853,True,0.609,-1.520,0.90,34.05
1786962234.492,,0,,,,-7.300,-12.211,True,0.623,-1.616,0.96,33.98
1786962234.592,,0,,,,-7.790,-12.711,True,0.642,-1.301,0.77,34.05
1786962234.692,,0,,,,-8.050,-12.976,True,0.653,-1.595,0.95,34.00
1786962234.792,,0,,,,-8.560,-13.496,True,0.674,-1.241,0.74,33.98
1786962234.892,,0,,,,-8.760,-13.700,True,0.682,-1.434,0.85,34.08
1786962235.017,,0,,,,-9.200,-14.149,True,0.700,-1.204,0.72,34.27
1786962235.092,,0,,,,-9.520,-14.476,True,0.714,-1.087,0.65,34.25
1786962235.192,,0,,,,-10.030,-14.996,True,0.735,-1.137,0.68,34.05
1786962235.292,,0,,,,-10.440,-15.415,True,0.752,-0.838,0.50,34.04
1786962235.392,,0,,,,-10.940,-15.925,True,0.773,-1.207,0.72,34.22
1786962235.467,,0,,,,-11.300,-16.226,True,0.766,-0.870,0.52,34.21
1786962235.542,,0,,,,-11.780,-16.610,True,0.750,-1.054,0.63,34.08
1786962235.592,,0,,,,-12.240,-16.978,True,0.735,-0.808,0.48,34.06
1786962235.717,,0,,,,-12.670,-17.321,True,0.721,-0.489,0.29,34.04
1786962235.792,,0,,,,-13.050,-17.625,True,0.708,-0.350,0.21,34.02
1786962235.892,,0,,,,-13.390,-17.897,True,0.697,-0.122,0.07,34.00
1786962235.992,,0,,,,-13.780,-18.209,True,0.685,-0.038,0.02,33.98
1786962236.092,,0,,,,-14.200,-18.545,True,0.671,0.229,0.14,33.96
1786962236.192,,0,,,,-14.450,-18.745,True,0.663,0.118,0.07,33.94
1786962236.292,,0,,,,-14.680,-18.929,True,0.656,0.208,0.12,33.93
1786962236.417,,0,,,,-15.210,-19.353,True,0.639,0.332,0.20,33.91
1786962236.492,,0,,,,-15.620,-19.681,True,0.626,0.434,0.26,33.89
1786962236.592,,0,,,,-16.070,-20.040,True,0.612,0.448,0.26,33.87
1786962236.592,,0,,,,-16.070,-20.040,True,0.612,0.578,0.34,33.87
1786962236.692,,0,,,,-16.620,-20.480,True,0.594,0.693,0.41,33.86
1786962236.742,,0,,,,-16.820,-20.640,True,0.588,0.747,0.44,33.84
1786962236.792,,0,,,,-16.960,-20.752,True,0.584,-2.162,1.29,34.22
1786962236.842,,0,,,,-17.100,-20.864,True,0.579,-2.120,1.27,34.21
1786962236.892,,0,,,,-17.280,-21.008,True,0.574,-2.067,1.23,34.20
1786962236.942,,0,,,,-17.440,-21.136,True,0.569,-2.127,1.27,34.18
1786962237.092,,0,,,,-18.000,-21.584,True,0.552,-2.604,1.56,34.30
1786962237.142,,0,,,,-18.190,-21.736,True,0.546,-2.448,1.46,34.28
1786962237.292,,0,,,,-18.850,-22.263,True,0.526,-2.902,1.73,34.25
1786962237.342,,0,,,,-19.150,-22.503,True,0.517,-2.994,1.79,34.24
1786962237.392,,0,,,,-19.380,-22.687,True,0.510,-2.854,1.70,34.22
1786962237.492,,0,,,,-19.600,-22.863,True,0.504,-2.527,1.51,34.21
1786962237.542,,0,,,,-19.590,-22.855,True,0.504,-2.436,1.45,34.19
1786962237.592,,0,,,,-19.570,-22.839,True,0.505,-2.262,1.35,34.18
1786962237.692,,0,,,,-19.530,-22.807,True,0.506,-2.310,1.38,34.17
1786962237.792,,0,,,,-19.570,-22.839,True,0.505,-2.463,1.47,34.15
1786962237.892,,0,,,,-19.680,-22.927,True,0.502,-2.468,1.47,34.14
1786962237.942,,0,,,,-19.790,-23.015,True,0.498,-2.485,1.48,34.12
1786962237.992,,0,,,,-19.890,-23.095,True,0.496,-2.564,1.53,34.12
1786962238.092,,0,,,,-20.210,-23.351,True,0.486,-2.443,1.45,34.11
1786962238.142,,0,,,,-20.320,-23.439,True,0.483,-2.323,1.38,34.09
1786962238.792,,0,,,,-22.760,-25.390,True,0.417,-5.525,3.33,34.57
1786962238.892,,0,,,,-23.280,-25.806,True,0.403,-5.374,3.24,34.55
1786962238.992,,0,,,,-23.550,-26.005,True,0.407,-5.164,3.11,34.53
1786962239.092,,0,,,,-23.640,-26.070,True,0.409,-4.622,2.78,34.54
1786962239.192,,0,,,,-23.600,-26.041,True,0.408,-4.327,2.60,34.52
1786962239.242,,0,,,,-23.570,-26.019,True,0.408,-4.077,2.45,34.51
1786962239.317,,0,,,,-23.580,-26.026,True,0.408,-3.964,2.38,34.50
1786962239.392,,0,,,,-23.640,-26.070,True,0.409,-4.087,2.46,34.55
1786962239.492,,0,,,,-23.840,-26.214,True,0.414,-3.903,2.35,34.53
1786962239.592,,0,,,,-24.120,-26.416,True,0.420,-3.893,2.34,34.51
1786962239.742,,0,,,,-24.640,-26.791,True,0.433,-5.055,3.07,34.85
1786962239.792,,0,,,,-24.720,-26.849,True,0.434,-4.900,2.98,34.84
1786962239.942,,0,,,,-25.180,-27.181,True,0.446,-4.600,2.79,34.82
1786962239.992,,0,,,,-25.410,-27.347,True,0.451,-4.240,2.57,34.81
1786962240.142,,0,,,,-26.040,-27.802,True,0.467,-3.821,2.32,34.78
1786962240.242,,0,,,,-26.440,-28.091,True,0.477,-5.214,3.19,35.13
1786962240.417,,0,,,,-27.250,-28.675,True,0.498,-4.970,3.04,35.11
1786962240.492,,0,,,,-27.720,-29.014,True,0.511,-4.803,2.94,35.10
1786962240.492,,0,,,,-27.720,-29.014,True,0.511,-4.809,2.94,35.09
1786962240.592,,0,,,,-28.240,-29.390,True,0.525,-4.518,2.76,35.08
1786962240.667,,0,,,,-28.600,-29.649,True,0.534,-4.398,2.69,35.07
1786962240.692,,0,,,,-28.690,-29.714,True,0.537,-4.227,2.58,35.06
1786962240.792,,0,,,,-29.030,-29.960,True,0.546,-3.884,2.37,35.05
1786962240.842,,0,,,,-29.160,-30.054,True,0.550,-3.920,2.40,35.04
1786962240.892,,0,,,,-29.250,-30.119,True,0.552,-3.787,2.31,35.03
1786962240.942,,0,,,,-29.350,-30.191,True,0.555,-3.609,2.20,35.02
1786962241.042,,0,,,,-29.460,-30.270,True,0.558,-3.348,2.04,35.01
1786962241.092,,0,,,,-29.490,-30.292,True,0.559,-3.259,1.99,35.00
1786962241.192,,0,,,,-29.930,-30.609,True,0.571,-4.421,2.72,35.25
1786962241.342,,0,,,,-30.550,-31.057,True,0.588,-4.013,2.47,35.24
1786962241.442,,0,,,,-31.060,-31.425,True,0.602,-4.019,2.47,35.23
1786962241.492,,0,,,,-31.350,-31.634,True,0.611,-3.848,2.36,35.22
1786962241.592,,0,,,,-32.080,-32.161,True,0.631,-3.741,2.30,35.21
1786962241.692,,0,,,,-32.600,-32.536,True,0.646,-3.925,2.41,35.20
1786962241.792,,0,,,,-33.230,-32.991,True,0.665,-3.696,2.27,35.18
1786962241.892,,0,,,,-33.810,-33.410,True,0.681,-3.601,2.21,35.16
1786962241.992,,0,,,,-34.220,-33.706,True,0.693,-3.599,2.21,35.15
1786962242.067,,0,,,,-34.440,-33.864,True,0.700,-3.533,2.17,35.13
1786962242.142,,0,,,,-34.660,-34.023,True,0.706,-3.501,2.14,35.12
1786962242.192,,0,,,,-34.790,-34.117,True,0.710,-3.396,2.08,35.11
1786962242.292,,0,,,,-34.940,-34.225,True,0.715,-3.093,1.89,35.10
1786962242.367,,0,,,,-35.070,-34.319,True,0.718,-2.896,1.77,35.08
1786962242.492,,0,,,,-35.700,-34.774,True,0.737,-5.578,3.54,36.45
1786962242.567,,0,,,,-35.910,-34.925,True,0.743,-5.334,3.39,36.44
1786962242.592,,0,,,,-36.040,-35.019,True,0.747,-5.151,3.27,36.43
1786962242.692,,0,,,,-36.340,-35.236,True,0.756,-4.992,3.17,36.43
1786962242.792,,0,,,,-36.790,-35.560,True,0.769,-5.245,3.35,36.62
1786962242.917,,0,,,,-37.310,-35.967,True,0.776,-5.237,3.34,36.61
1786962242.992,,0,,,,-37.520,-36.139,True,0.776,-5.136,3.28,36.59
1786962243.092,,0,,,,-37.780,-36.353,True,0.776,-5.014,3.20,36.58
1786962243.192,,0,,,,-37.910,-36.460,True,0.776,-4.796,3.06,36.56
1786962243.292,,0,,,,-38.020,-36.550,True,0.776,-4.717,3.01,36.55
1786962243.392,,0,,,,-38.260,-36.748,True,0.776,-5.653,3.73,37.87
1786962243.492,,0,,,,-38.660,-37.076,True,0.776,-5.638,3.72,37.86
1786962243.542,,0,,,,-38.910,-37.282,True,0.776,-5.464,3.60,37.85
1786962243.642,,0,,,,-39.590,-37.841,True,0.776,-5.338,3.52,37.85
1786962243.742,,0,,,,-40.060,-38.227,True,0.776,-5.198,3.43,37.83
1786962243.842,,0,,,,-40.290,-38.416,True,0.776,-4.878,3.22,37.82
1786962243.942,,0,,,,-40.360,-38.474,True,0.776,-4.694,3.09,37.81
1786962244.067,,0,,,,-40.390,-38.498,True,0.776,-4.567,3.01,37.80
1786962244.142,,0,,,,-40.510,-38.597,True,0.776,-4.390,2.89,37.78
1786962244.292,,0,,,,-41.070,-39.057,True,0.776,-4.047,2.64,37.44
1786962244.392,,0,,,,-41.550,-39.452,True,0.776,-4.028,2.63,37.42
1786962244.442,,0,,,,-42.000,-39.822,True,0.776,-4.002,2.61,37.42
1786962244.617,,0,,,,-43.110,-40.734,True,0.776,-5.158,3.41,37.98
1786962244.642,,0,,,,-43.330,-40.915,True,0.776,-4.880,3.23,37.97
1786962244.692,,0,,,,-43.520,-41.071,True,0.776,-4.787,3.17,37.96
1786962244.792,,0,,,,-43.850,-41.342,True,0.776,-3.995,2.63,37.75
1786962244.892,,0,,,,-44.140,-41.580,True,0.776,-3.845,2.53,37.74
1786962244.942,,0,,,,-44.380,-41.778,True,0.776,-3.658,2.41,37.73
1786962244.992,,0,,,,-44.540,-41.909,True,0.776,-3.392,2.23,37.72
1786962245.092,,0,,,,-44.910,-42.213,True,0.776,-3.893,2.58,38.01
1786962245.192,,0,,,,-45.300,-42.534,True,0.776,-3.043,2.01,37.92
1786962245.292,,0,,,,-45.830,-42.970,True,0.776,-2.813,1.86,37.92
1786962245.392,,0,,,,-46.140,-43.224,True,0.776,-2.744,1.81,37.91
1786962245.492,,0,,,,-46.620,-43.619,True,0.776,-2.911,1.93,38.04
1786962245.592,,0,,,,-46.960,-43.898,True,0.776,-3.124,2.07,38.04
1786962245.692,,0,,,,-47.200,-44.096,True,0.776,-3.031,2.01,38.04
1786962245.792,,0,,,,-47.530,-44.367,True,0.776,-3.007,2.00,38.22
1786962245.942,,0,,,,-48.350,-45.041,True,0.776,-3.929,2.65,38.61
1786962246.042,,0,,,,-48.860,-45.460,True,0.776,-3.721,2.50,38.60
1786962246.142,,0,,,,-49.440,-45.947,True,0.766,-3.685,2.48,38.57
1786962246.192,,0,,,,-49.670,-46.141,True,0.761,-3.829,2.58,38.56
1786962246.292,,0,,,,-50.330,-46.699,True,0.747,-3.862,2.60,38.55
1786962246.417,,0,,,,-50.900,-47.181,True,0.735,-3.386,2.30,38.92
1786962246.442,,0,,,,-51.100,-47.350,True,0.731,-3.448,2.35,39.06
1786962246.592,,0,,,,-51.740,-47.891,True,0.717,-3.398,2.32,39.09
1786962246.692,,0,,,,-52.220,-48.297,True,0.707,-3.216,2.21,39.38
1786962246.792,,0,,,,-52.620,-48.635,True,0.699,-3.472,2.40,39.63
1786962246.917,,0,,,,-52.970,-48.931,True,0.691,-3.563,2.48,39.90
1786962246.992,,0,,,,-53.230,-49.151,True,0.686,-3.391,2.36,39.89
1786962247.167,,0,,,,-53.450,-49.337,True,0.681,-3.198,2.22,39.88
1786962247.242,,0,,,,-53.480,-49.362,True,0.681,-2.229,1.56,40.02
1786962247.342,,0,,,,-53.610,-49.472,True,0.678,-2.774,1.95,40.23
1786962247.692,,0,,,,-54.660,-50.360,True,0.656,-2.260,1.59,40.20
1786962247.742,,0,,,,-55.010,-50.656,True,0.649,-2.728,1.94,40.70
1786962247.842,,0,,,,-55.530,-51.096,True,0.638,-2.583,1.83,40.70
1786962247.942,,0,,,,-55.960,-51.459,True,0.629,-2.468,1.75,40.69
1786962248.042,,0,,,,-56.220,-51.679,True,0.624,-2.548,1.83,41.16
1786962248.142,,0,,,,-56.600,-52.000,True,0.616,-2.608,1.87,41.14
1786962248.192,,0,,,,-56.850,-52.212,True,0.611,-2.533,1.82,41.13
1786962248.292,,0,,,,-57.240,-52.541,True,0.603,-2.990,2.15,41.30
1786962248.442,,0,,,,-57.780,-52.998,True,0.592,-2.389,1.73,41.52
1786962248.492,,0,,,,-57.890,-53.091,True,0.590,-2.177,1.58,41.50
1786962248.592,,0,,,,-58.110,-53.277,True,0.585,-2.571,1.88,41.92
1786962248.642,,0,,,,-58.150,-53.311,True,0.585,-2.467,1.80,41.91
1786962248.742,,0,,,,-58.150,-53.311,True,0.585,-2.045,1.50,42.06
1786962248.792,,0,,,,-58.090,-53.260,True,0.586,-2.029,1.49,42.06
1786962248.842,,0,,,,-57.990,-53.175,True,0.588,-1.912,1.40,42.05
1786962248.892,,0,,,,-57.930,-53.125,True,0.589,-1.866,1.37,42.05
1786962248.992,,0,,,,-57.800,-53.015,True,0.592,-1.914,1.41,42.25
1786962248.992,,0,,,,-57.800,-53.015,True,0.592,-2.010,1.48,42.25
1786962249.092,,0,,,,-57.790,-53.006,True,0.592,-1.698,1.27,42.95
1786962249.192,,0,,,,-57.920,-53.116,True,0.589,-1.932,1.45,42.95
1786962249.292,,0,,,,-58.100,-53.268,True,0.586,-2.031,1.52,42.94
1786962249.392,,0,,,,-58.400,-53.522,True,0.580,-3.023,2.27,42.97
1786962249.492,,0,,,,-58.700,-53.776,True,0.574,-2.840,2.14,43.14
1786962249.592,,0,,,,-58.900,-53.945,True,0.570,-1.693,1.31,44.27
1786962249.792,,0,,,,-58.760,-53.826,True,0.572,-0.855,0.67,44.94
1786962249.842,,0,,,,-58.690,-53.767,True,0.574,-0.813,0.64,44.92
1786962249.892,,0,,,,-58.560,-53.657,True,0.576,-0.908,0.71,44.92
1786962250.017,,0,,,,-58.540,-53.640,True,0.577,-2.440,1.87,43.98
1786962250.092,,0,,,,-58.620,-53.708,True,0.575,-1.715,1.32,44.23
1786962250.192,,0,,,,-58.830,-53.885,True,0.571,-2.262,1.76,44.63
1786962250.292,,0,,,,-59.280,-54.266,True,0.562,-2.227,1.73,44.62
1786962250.392,,0,,,,-59.580,-54.519,True,0.556,-1.819,1.43,44.93
1786962250.542,,0,,,,-59.740,-54.655,True,0.553,-1.833,1.44,45.08
1786962250.642,,0,,,,-59.610,-54.545,True,0.555,-1.834,1.45,45.23
1786962250.692,,0,,,,-59.360,-54.334,True,0.560,-1.892,1.49,45.22
1786962250.792,,0,,,,-59.090,-54.105,True,0.566,-1.432,1.15,45.93
1786962250.917,,0,,,,-58.990,-54.021,True,0.568,-1.516,1.22,46.09
1786962251.017,,0,,,,-59.040,-54.063,True,0.567,-2.566,2.04,45.46
1786962251.042,,0,,,,-59.110,-54.122,True,0.565,-1.696,1.37,46.26
1786962251.092,,0,,,,-59.200,-54.198,True,0.564,-1.806,1.46,46.24
1786962251.192,,0,,,,-59.430,-54.393,True,0.559,-1.817,1.47,46.49
1786962251.292,,0,,,,-59.620,-54.553,True,0.555,-1.884,1.53,46.48
1786962251.392,,0,,,,-59.700,-54.621,True,0.554,-1.747,1.42,46.65
1786962251.492,,0,,,,-59.520,-54.469,True,0.557,-1.933,1.58,46.85
1786962251.542,,0,,,,-59.370,-54.342,True,0.560,-1.940,1.59,46.84
1786962251.592,,0,,,,-59.150,-54.156,True,0.565,-1.884,1.54,46.97
1786962251.717,,0,,,,-58.810,-53.869,True,0.571,-1.399,1.15,47.11
1786962251.742,,0,,,,-58.550,-53.649,True,0.577,-1.309,1.08,47.09
1786962251.917,,0,,,,-58.210,-53.361,True,0.583,-2.224,1.81,46.59
1786962251.967,,0,,,,-58.240,-53.387,True,0.583,-1.307,1.08,47.34
1786962252.092,,0,,,,-58.430,-53.547,True,0.579,-1.255,1.04,47.50
1786962252.192,,0,,,,-58.540,-53.640,True,0.577,-1.559,1.29,47.60
1786962252.242,,0,,,,-58.600,-53.691,True,0.576,-1.698,1.41,47.59
1786962252.292,,0,,,,-58.640,-53.725,True,0.575,-1.611,1.34,47.72
1786962252.392,,0,,,,-58.600,-53.691,True,0.576,-1.814,1.52,47.96
1786962252.492,,0,,,,-58.300,-53.437,True,0.582,-1.737,1.45,47.91
1786962252.592,,0,,,,-57.920,-53.116,True,0.589,-2.208,1.84,47.76
1786962252.692,,0,,,,-57.580,-52.829,True,0.596,-2.386,1.99,47.75
1786962252.742,,0,,,,-57.280,-52.575,True,0.602,-2.100,1.76,48.15
1786962252.792,,0,,,,-57.190,-52.499,True,0.604,-2.276,1.91,48.14
1786962252.892,,0,,,,-56.900,-52.254,True,0.610,-2.197,1.85,48.31
1786962252.942,,0,,,,-56.780,-52.152,True,0.612,-2.383,2.01,48.29
1786962252.992,,0,,,,-56.750,-52.127,True,0.613,-2.504,2.11,48.28
1786962253.042,,0,,,,-56.740,-52.119,True,0.613,-2.885,2.42,47.99
1786962253.092,,0,,,,-56.780,-52.152,True,0.612,-2.972,2.49,47.98
1786962253.242,,0,,,,-56.880,-52.237,True,0.610,-2.558,2.16,48.29
1786962253.342,,0,,,,-56.820,-52.186,True,0.612,-2.330,1.98,48.70
1786962253.417,,0,,,,-56.700,-52.085,True,0.614,-1.998,1.70,48.82
1786962253.442,,0,,,,-56.540,-51.949,True,0.617,-2.099,1.79,48.81
1786962253.492,,0,,,,-56.350,-51.789,True,0.621,-2.165,1.84,48.80
1786962253.641,,0,,,,-55.490,-51.062,True,0.639,-2.425,2.06,48.78
1786962253.716,,0,,,,-55.200,-50.817,True,0.645,-2.630,2.24,48.77
1786962253.792,,0,,,,-54.880,-50.546,True,0.651,-2.788,2.37,48.76
1786962254.191,,0,,,,-54.780,-50.462,True,0.653,-2.997,2.59,49.51
1786962254.342,,0,,,,-54.970,-50.622,True,0.650,-2.557,2.22,49.72
1786962254.742,,0,,,,-54.650,-50.352,True,0.656,-2.885,2.53,50.31
1786962254.816,,0,,,,-54.270,-50.030,True,0.664,-3.271,2.87,50.30
1786962254.892,,0,,,,-53.850,-49.675,True,0.673,-3.284,2.89,50.50
1786962254.991,,0,,,,-52.950,-48.914,True,0.692,-3.156,2.78,50.58
1786962255.041,,0,,,,-52.550,-48.576,True,0.700,-3.387,2.99,50.57
1786962255.142,,0,,,,-52.130,-48.221,True,0.709,-3.815,3.38,50.80
1786962255.242,,0,,,,-51.860,-47.993,True,0.715,-4.007,3.55,50.83
1786962255.342,,0,,,,-51.790,-47.934,True,0.716,-4.037,3.58,50.81
1786962255.491,,0,,,,-51.840,-47.976,True,0.715,-4.112,3.64,50.80
1786962255.642,,0,,,,-51.620,-47.790,True,0.720,-4.297,3.80,50.77
1786962255.792,,0,,,,-51.020,-47.283,True,0.733,-4.409,3.90,50.75
1786962255.891,,0,,,,-50.430,-46.784,True,0.745,-4.475,3.96,50.73
1786962256.191,,0,,,,-49.800,-46.251,True,0.759,-4.219,3.79,51.58
1786962256.242,,0,,,,-49.810,-46.260,True,0.758,-4.268,3.84,51.58
1786962256.391,,0,,,,-49.760,-46.218,True,0.759,-4.562,4.14,52.02
1786962256.466,,0,,,,-49.760,-46.218,True,0.759,-4.605,4.18,52.02
1786962256.591,,0,,,,-49.710,-46.175,True,0.760,-4.299,3.90,52.02
1786962256.716,,0,,,,-49.660,-46.133,True,0.762,-4.478,4.06,52.00
1786962256.791,,0,,,,-49.640,-46.116,True,0.762,-4.556,4.13,51.99
1786962256.916,,0,,,,-49.650,-46.125,True,0.762,-4.539,4.13,52.19
1786962256.991,,0,,,,-49.640,-46.116,True,0.762,-4.595,4.19,52.27
1786962257.091,,0,,,,-49.470,-45.972,True,0.766,-4.307,3.95,52.63
1786962257.142,,0,,,,-49.350,-45.871,True,0.768,-4.325,3.97,52.61
1786962257.191,,0,,,,-49.160,-45.710,True,0.772,-4.171,3.83,52.60
1786962257.391,,0,,,,-48.220,-44.934,True,0.776,-3.711,3.42,52.81
1786962257.441,,0,,,,-47.950,-44.712,True,0.776,-4.006,3.69,52.79
1786962257.541,,0,,,,-47.570,-44.400,True,0.776,-4.446,4.08,52.63
1786962257.592,,0,,,,-47.420,-44.276,True,0.776,-4.645,4.26,52.62
1786962257.691,,0,,,,-47.200,-44.096,True,0.776,-4.838,4.44,52.61
1786962257.791,,0,,,,-47.030,-43.956,True,0.776,-4.740,4.38,53.03
1786962257.891,,0,,,,-46.890,-43.841,True,0.776,-4.946,4.59,53.26
1786962257.991,,0,,,,-46.750,-43.726,True,0.776,-4.973,4.61,53.21
1786962258.091,,0,,,,-46.730,-43.709,True,0.776,-5.028,4.67,53.31
1786962258.166,,0,,,,-46.720,-43.701,True,0.776,-5.058,4.70,53.30
1786962258.216,,0,,,,-46.700,-43.685,True,0.776,-4.728,4.40,53.35
1786962258.291,,0,,,,-46.700,-43.685,True,0.776,-4.772,4.44,53.33
1786962258.391,,0,,,,-46.720,-43.701,True,0.776,-4.932,4.60,53.52
1786962258.491,,0,,,,-46.700,-43.685,True,0.776,-5.238,4.88,53.51
1786962258.566,,0,,,,-46.670,-43.660,True,0.776,-5.381,5.02,53.49
1786962258.641,,0,,,,-46.600,-43.602,True,0.776,-5.582,5.20,53.47
1786962258.816,,0,,,,-46.510,-43.528,True,0.776,-5.784,5.39,53.44
1786962258.991,,0,,,,-46.230,-43.298,True,0.776,-5.668,5.28,53.43
1786962259.042,,0,,,,-46.090,-43.183,True,0.776,-5.882,5.47,53.42
1786962259.191,,0,,,,-45.770,-42.920,True,0.776,-6.083,5.66,53.40
1786962259.316,,0,,,,-45.510,-42.707,True,0.776,-6.224,5.79,53.39
1786962259.341,,0,,,,-45.460,-42.665,True,0.776,-6.369,5.92,53.37
1786962259.441,,0,,,,-45.190,-42.443,True,0.776,-5.427,5.15,54.40
1786962259.541,,0,,,,-44.990,-42.279,True,0.776,-5.627,5.33,54.38
1786962259.591,,0,,,,-44.810,-42.131,True,0.776,-5.810,5.50,54.37
1786962259.691,,0,,,,-44.600,-41.959,True,0.776,-5.667,5.40,54.65
1786962259.816,,0,,,,-44.410,-41.802,True,0.776,-5.391,5.15,54.81
1786962259.891,,0,,,,-44.220,-41.646,True,0.776,-5.474,5.24,54.90
1786962259.991,,0,,,,-43.980,-41.449,True,0.776,-5.752,5.53,55.15
1786962260.041,,0,,,,-43.950,-41.424,True,0.776,-5.969,5.73,55.14
1786962260.091,,0,,,,-43.980,-41.449,True,0.776,-5.953,5.69,54.86
1786962260.166,,0,,,,-44.070,-41.523,True,0.776,-6.071,5.80,54.85
1786962260.266,,0,,,,-44.360,-41.761,True,0.776,-6.100,5.84,54.94
1786962260.291,,0,,,,-44.450,-41.835,True,0.776,-6.168,5.90,54.93
1786962260.391,,0,,,,-44.580,-41.942,True,0.776,-5.980,5.76,55.30
1786962260.491,,0,,,,-44.530,-41.901,True,0.776,-6.427,6.18,55.21
1786962260.591,,0,,,,-44.390,-41.786,True,0.776,-5.849,5.64,55.36
1786962260.691,,0,,,,-44.220,-41.646,True,0.776,-6.039,5.82,55.34
1786962260.791,,0,,,,-44.120,-41.564,True,0.776,-6.297,6.07,55.32
1786962260.891,,0,,,,-44.030,-41.490,True,0.776,-6.458,6.22,55.31
1786962260.891,,0,,,,-44.030,-41.490,True,0.776,-6.557,6.32,55.30
1786962260.991,,0,,,,-43.940,-41.416,True,0.776,-6.697,6.45,55.30
1786962261.041,,0,,,,-43.930,-41.408,True,0.776,-6.658,6.41,55.29
1786962261.141,,0,,,,-43.930,-41.408,True,0.776,-6.695,6.44,55.28
1786962261.191,,0,,,,-43.940,-41.416,True,0.776,-6.868,6.66,55.72
1786962261.291,,0,,,,-44.000,-41.465,True,0.776,-6.859,6.65,55.71
1786962261.341,,0,,,,-44.020,-41.482,True,0.776,-7.059,6.84,55.70
1786962261.441,,0,,,,-44.050,-41.507,True,0.776,-7.164,6.94,55.69
1786962261.591,,0,,,,-44.020,-41.482,True,0.776,-5.748,5.62,56.12
1786962261.641,,0,,,,-44.020,-41.482,True,0.776,-5.829,5.70,56.11
1786962261.741,,0,,,,-43.920,-41.400,True,0.776,-5.470,5.39,56.52
1786962261.841,,0,,,,-43.830,-41.326,True,0.776,-5.537,5.45,56.50
1786962261.891,,0,,,,-43.740,-41.252,True,0.776,-5.631,5.54,56.49
1786962261.991,,0,,,,-43.550,-41.096,True,0.776,-5.473,5.38,56.45
1786962262.091,,0,,,,-43.430,-40.997,True,0.776,-5.666,5.57,56.44
1786962262.191,,0,,,,-43.410,-40.980,True,0.776,-5.653,5.56,56.42
1786962262.241,,0,,,,-43.420,-40.989,True,0.776,-5.181,5.14,56.95
1786962262.291,,0,,,,-43.510,-41.063,True,0.776,-5.306,5.27,56.94
1786962262.391,,0,,,,-43.730,-41.243,True,0.776,-5.489,5.45,56.93
1786962262.391,,0,,,,-43.730,-41.243,True,0.776,-5.634,5.59,56.92
1786962262.491,,0,,,,-43.870,-41.359,True,0.776,-6.307,6.24,56.76
1786962262.591,,0,,,,-43.990,-41.457,True,0.776,-6.426,6.35,56.75
1786962262.641,,0,,,,-44.070,-41.523,True,0.776,-6.379,6.31,56.75
1786962262.691,,0,,,,-44.120,-41.564,True,0.776,-6.329,6.25,56.73
1786962262.791,,0,,,,-44.150,-41.589,True,0.776,-5.970,5.93,57.04
1786962262.891,,0,,,,-44.160,-41.597,True,0.776,-5.935,5.90,57.05
1786962263.041,,0,,,,-44.060,-41.515,True,0.776,-5.444,5.42,57.10
1786962263.141,,0,,,,-43.900,-41.383,True,0.776,-5.075,5.09,57.49
1786962263.316,,0,,,,-43.670,-41.194,True,0.776,-5.462,5.47,57.43
1786962263.391,,0,,,,-43.790,-41.293,True,0.776,-6.046,6.05,57.42
1786962263.541,,0,,,,-43.950,-41.424,True,0.776,-6.290,6.28,57.35
1786962263.591,,0,,,,-44.130,-41.572,True,0.776,-6.202,6.21,57.48
1786962263.691,,0,,,,-44.440,-41.827,True,0.776,-6.445,6.45,57.48
1786962263.791,,0,,,,-44.300,-41.712,True,0.776,-6.267,6.28,57.56
1786962263.841,,0,,,,-44.160,-41.597,True,0.776,-6.343,6.36,57.55
1786962263.891,,0,,,,-43.910,-41.391,True,0.776,-5.706,5.73,57.60
1786962263.991,,0,,,,-43.490,-41.046,True,0.776,-5.648,5.68,57.72
1786962264.041,,0,,,,-43.360,-40.939,True,0.776,-5.927,5.96,57.70
1786962264.141,,0,,,,-43.170,-40.783,True,0.776,-6.160,6.21,57.85
1786962264.266,,0,,,,-43.170,-40.783,True,0.776,-6.759,6.80,57.81
1786962264.491,,0,,,,-43.380,-40.956,True,0.776,-6.526,6.59,57.96
1786962264.691,,0,,,,-43.170,-40.783,True,0.776,-6.616,6.68,57.94
1786962264.791,,0,,,,-43.080,-40.709,True,0.776,-6.684,6.74,57.92
1786962264.991,,0,,,,-43.280,-40.874,True,0.776,-5.552,5.67,58.64
1786962265.091,,0,,,,-43.570,-41.112,True,0.776,-5.617,5.76,58.83
1786962265.216,,0,,,,-44.000,-41.465,True,0.776,-5.546,5.68,58.82
1786962265.241,,0,,,,-44.080,-41.531,True,0.776,-5.592,5.73,58.81
1786962265.291,,0,,,,-44.290,-41.704,True,0.776,-5.769,5.91,58.80
1786962265.466,,0,,,,-44.730,-42.065,True,0.776,-6.083,6.20,58.46
1786962265.566,,0,,,,-44.760,-42.090,True,0.776,-6.119,6.23,58.44
1786962265.641,,0,,,,-44.770,-42.098,True,0.776,-6.593,6.71,58.43
1786962265.691,,0,,,,-44.750,-42.082,True,0.776,-6.806,6.92,58.42
1786962265.816,,0,,,,-44.530,-41.901,True,0.776,-6.643,6.76,58.40
1786962265.841,,0,,,,-44.440,-41.827,True,0.776,-6.691,6.80,58.39
1786962265.941,,0,,,,-44.310,-41.720,True,0.776,-6.770,6.88,58.38
1786962265.991,,0,,,,-44.280,-41.696,True,0.776,-6.730,6.84,58.37
1786962266.091,,0,,,,-44.290,-41.704,True,0.776,-6.846,6.96,58.36
1786962266.191,,0,,,,-44.410,-41.802,True,0.776,-6.882,6.99,58.36
1786962266.291,,0,,,,-44.480,-41.860,True,0.776,-6.089,6.22,58.66
1786962266.391,,0,,,,-44.520,-41.893,True,0.776,-6.057,6.19,58.65
1786962266.491,,0,,,,-44.430,-41.819,True,0.776,-6.058,6.19,58.64
1786962266.541,,0,,,,-44.400,-41.794,True,0.776,-4.731,4.85,58.85
1786962266.641,,0,,,,-44.350,-41.753,True,0.776,-4.798,4.92,58.84
1786962266.691,,0,,,,-44.370,-41.770,True,0.776,-4.877,5.00,58.84
1786962266.791,,0,,,,-44.500,-41.876,True,0.776,-5.047,5.18,58.83
1786962266.866,,0,,,,-44.710,-42.049,True,0.776,-5.232,5.36,58.82
1786962266.891,,0,,,,-44.800,-42.123,True,0.776,-5.325,5.46,58.81
1786962266.991,,0,,,,-45.260,-42.501,True,0.776,-5.266,5.40,58.80
1786962267.041,,0,,,,-45.330,-42.559,True,0.776,-4.643,4.82,59.55
1786962267.141,,0,,,,-45.560,-42.748,True,0.776,-4.583,4.76,59.54
1786962267.191,,0,,,,-45.660,-42.830,True,0.776,-4.775,4.96,59.53
1786962267.291,,0,,,,-45.800,-42.945,True,0.776,-5.225,5.40,59.27
1786962267.391,,0,,,,-45.790,-42.937,True,0.776,-5.322,5.50,59.26
1786962267.491,,0,,,,-45.750,-42.904,True,0.776,-5.774,5.97,59.38
1786962267.591,,0,,,,-45.750,-42.904,True,0.776,-4.517,4.70,59.63
1786962267.666,,0,,,,-45.830,-42.970,True,0.776,-4.191,4.37,59.83
1786962267.741,,0,,,,-45.910,-43.035,True,0.776,-4.655,4.86,59.83
1786962267.791,,0,,,,-45.990,-43.101,True,0.776,-4.750,4.95,59.82
1786962267.891,,0,,,,-46.120,-43.208,True,0.776,-5.162,5.36,59.57
1786962267.966,,0,,,,-46.130,-43.216,True,0.776,-5.166,5.36,59.56
1786962267.991,,0,,,,-46.120,-43.208,True,0.776,-5.165,5.36,59.50
1786962268.091,,0,,,,-46.100,-43.191,True,0.776,-4.647,4.85,59.85
1786962268.216,,0,,,,-46.000,-43.109,True,0.776,-4.791,5.00,59.83
1786962268.291,,0,,,,-45.900,-43.027,True,0.776,-4.918,5.13,59.83
1786962268.391,,0,,,,-45.710,-42.871,True,0.776,-5.153,5.37,59.81
1786962268.442,,0,,,,-45.640,-42.813,True,0.776,-5.275,5.50,59.81
1786962268.491,,0,,,,-45.570,-42.756,True,0.776,-5.267,5.49,59.80
1786962268.591,,0,,,,-45.450,-42.657,True,0.776,-5.466,5.70,59.79
1786962268.641,,0,,,,-45.320,-42.550,True,0.776,-5.365,5.60,59.85
1786962268.691,,0,,,,-45.250,-42.493,True,0.776,-5.522,5.76,59.84
1786962268.816,,0,,,,-45.090,-42.361,True,0.776,-5.756,6.00,59.83
1786962268.891,,0,,,,-44.970,-42.263,True,0.776,-5.925,6.18,59.83
1786962268.991,,0,,,,-44.930,-42.230,True,0.776,-5.284,5.58,60.54
1786962269.041,,0,,,,-44.910,-42.213,True,0.776,-5.485,5.79,60.53
1786962269.091,,0,,,,-44.940,-42.238,True,0.776,-5.644,5.95,60.52
1786962269.191,,0,,,,-45.110,-42.378,True,0.776,-6.036,6.31,60.01
1786962269.341,,0,,,,-45.320,-42.550,True,0.776,-6.143,6.42,59.99
1786962269.391,,0,,,,-45.430,-42.641,True,0.776,-6.209,6.49,59.98
1786962269.491,,0,,,,-45.490,-42.690,True,0.776,-6.260,6.54,59.98
1786962269.541,,0,,,,-45.530,-42.723,True,0.776,-6.340,6.62,59.97
1786962269.591,,0,,,,-45.560,-42.748,True,0.776,-6.421,6.71,59.96
1786962269.691,,0,,,,-45.580,-42.764,True,0.776,-6.547,6.84,59.95
1786962269.741,,0,,,,-45.530,-42.723,True,0.776,-6.652,6.94,59.94
1786962269.791,,0,,,,-45.500,-42.698,True,0.776,-6.810,7.11,59.93
1786962269.891,,0,,,,-45.290,-42.526,True,0.776,-6.943,7.24,59.91
1786962269.991,,0,,,,-44.920,-42.222,True,0.776,-7.340,7.65,59.90
1786962270.091,,0,,,,-44.650,-42.000,True,0.776,-7.387,7.70,59.90
1786962270.166,,0,,,,-44.530,-41.901,True,0.776,-5.520,5.84,60.71
1786962270.216,,0,,,,-44.450,-41.835,True,0.776,-5.766,6.10,60.71
1786962270.291,,0,,,,-44.230,-41.654,True,0.776,-5.965,6.31,60.70
1786962270.466,,0,,,,-43.580,-41.120,True,0.776,-6.613,6.95,60.32
1786962270.541,,0,,,,-43.310,-40.898,True,0.776,-5.549,5.89,60.91
1786962270.591,,0,,,,-43.100,-40.726,True,0.776,-5.589,5.93,60.91
1786962270.716,,0,,,,-42.840,-40.512,True,0.776,-6.526,6.90,60.71
1786962270.816,,0,,,,-42.770,-40.454,True,0.776,-6.170,6.50,60.45
1786962270.891,,0,,,,-42.790,-40.471,True,0.776,-6.235,6.56,60.44
1786962270.991,,0,,,,-42.940,-40.594,True,0.776,-6.251,6.58,60.43
1786962274.091,,0,,,,-41.780,-39.641,True,0.776,-4.493,4.85,61.91
1786962274.091,,0,,,,-41.780,-39.641,True,0.776,-4.596,4.96,61.90
1786962274.191,,0,,,,-41.400,-39.328,True,0.776,-5.637,6.08,61.93
1786962274.366,,0,,,,-40.560,-38.638,True,0.776,-5.240,5.68,62.15
1786962274.441,,0,,,,-40.340,-38.457,True,0.776,-6.067,6.57,62.14
1786962274.541,,0,,,,-40.020,-38.194,True,0.776,-6.455,6.98,62.13
1786962274.666,,0,,,,-39.280,-37.586,True,0.776,-6.868,7.43,62.12
1786962274.691,,0,,,,-39.190,-37.512,True,0.776,-7.261,7.85,62.11
1786962274.791,,0,,,,-38.480,-36.928,True,0.776,-7.879,8.51,62.10
1786962274.891,,0,,,,-37.650,-36.246,True,0.776,-8.531,9.21,62.09
1786962274.941,,0,,,,-37.400,-36.041,True,0.776,-8.958,9.67,62.08
1786962275.041,,0,,,,-36.830,-35.589,True,0.771,-9.088,9.80,62.07
1786962275.091,,0,,,,-36.640,-35.452,True,0.765,-9.404,10.14,62.05
1786962275.216,,0,,,,-36.230,-35.156,True,0.753,-7.875,8.51,62.09
1786962275.291,,0,,,,-36.090,-35.055,True,0.749,-8.135,8.78,62.08
1786962275.391,,0,,,,-35.980,-34.976,True,0.745,-8.542,9.22,62.07
1786962275.441,,0,,,,-35.870,-34.896,True,0.742,-8.512,9.18,62.05
1786962275.541,,0,,,,-35.700,-34.774,True,0.737,-7.958,8.60,62.15
1786962275.591,,0,,,,-35.450,-34.593,True,0.730,-8.958,9.69,62.22
1786962275.691,,0,,,,-35.100,-34.341,True,0.719,-9.153,9.90,62.24
1786962275.791,,0,,,,-34.840,-34.153,True,0.712,-7.749,8.45,62.63
1786962275.891,,0,,,,-34.450,-33.872,True,0.700,-7.455,8.11,62.50
1786962275.966,,0,,,,-34.220,-33.706,True,0.693,-7.538,8.20,62.48
1786962276.091,,0,,,,-34.050,-33.583,True,0.688,-7.858,8.50,62.17
1786962276.191,,0,,,,-34.030,-33.568,True,0.688,-6.829,7.46,62.75
1786962276.291,,0,,,,-34.000,-33.547,True,0.687,-6.599,7.19,62.60
1786962276.341,,0,,,,-33.960,-33.518,True,0.686,-6.373,6.95,62.59
1786962276.391,,0,,,,-33.880,-33.460,True,0.684,-6.139,6.70,62.65
1786962276.491,,0,,,,-33.730,-33.352,True,0.679,-6.508,7.06,62.25
1786962276.691,,0,,,,-33.410,-33.121,True,0.670,-5.879,6.42,62.69
1786962276.791,,0,,,,-33.270,-33.020,True,0.666,-6.551,7.11,62.34
1786962276.841,,0,,,,-33.140,-32.926,True,0.662,-5.893,6.44,62.72
1786962276.941,,0,,,,-33.060,-32.868,True,0.660,-6.068,6.63,62.71
1786962276.991,,0,,,,-32.990,-32.818,True,0.658,-6.003,6.56,62.76
1786962277.341,,0,,,,-32.510,-32.471,True,0.644,-6.952,7.58,62.59
1786962277.441,,0,,,,-32.480,-32.450,True,0.643,-7.203,7.85,62.58
1786962277.591,,0,,,,-32.490,-32.457,True,0.643,-7.363,8.01,62.47
1786962277.791,,0,,,,-32.720,-32.623,True,0.650,-7.176,7.82,62.57
1786962278.091,,0,,,,-32.430,-32.414,True,0.642,-7.310,7.95,62.48
1786962278.266,,0,,,,-31.820,-31.973,True,0.624,-7.265,7.93,62.70
1786962278.341,,0,,,,-31.470,-31.721,True,0.614,-8.089,8.85,62.89
1786962280.991,,0,,,,-31.050,-31.418,True,0.602,-7.932,8.75,63.41
1786962281.491,,0,,,,-30.690,-31.158,True,0.592,-7.559,8.39,63.76
1786962281.891,,0,,,,-30.340,-30.905,True,0.582,-7.703,8.59,64.06
1786962282.041,,0,,,,-30.440,-30.977,True,0.585,-7.727,8.61,64.07
1786962282.141,,0,,,,-30.570,-31.071,True,0.589,-7.963,8.87,64.05
1786962282.691,,0,,,,-30.080,-30.718,True,0.575,-7.882,8.81,64.25
1786962285.791,,0,,,,-29.070,-29.989,True,0.547,-6.737,7.70,65.60
1786962285.866,,0,,,,-29.170,-30.061,True,0.550,-6.928,7.91,65.58
1786962285.941,,0,,,,-29.160,-30.054,True,0.550,-6.159,7.07,65.92
1786962286.041,,0,,,,-29.090,-30.003,True,0.548,-7.334,8.38,65.65
1786962286.116,,0,,,,-28.970,-29.917,True,0.544,-7.107,8.16,65.96
1786962286.191,,0,,,,-28.760,-29.765,True,0.539,-7.477,8.58,65.94
1786962286.291,,0,,,,-28.280,-29.419,True,0.526,-8.568,9.80,65.76
1786962286.341,,0,,,,-28.130,-29.310,True,0.522,-7.827,8.97,65.89
1786962286.491,,0,,,,-27.390,-28.776,True,0.502,-8.096,9.42,66.86
1786962286.591,,0,,,,-26.950,-28.459,True,0.490,-9.395,10.77,65.95
1786962286.691,,0,,,,-26.700,-28.278,True,0.484,-8.950,10.29,66.14
1786962286.766,,0,,,,-26.700,-28.278,True,0.484,-9.068,10.42,66.13
1786962286.791,,0,,,,-26.720,-28.293,True,0.485,-8.188,9.44,66.30
1786962286.891,,0,,,,-26.720,-28.293,True,0.485,-8.302,9.54,66.06
1786962287.016,,0,,,,-26.660,-28.249,True,0.483,-7.689,8.89,66.41
1786962287.041,,0,,,,-26.670,-28.257,True,0.483,-7.725,8.92,66.39
1786962287.141,,0,,,,-26.620,-28.220,True,0.482,-8.333,9.59,66.17
1786962287.191,,0,,,,-26.590,-28.199,True,0.481,-8.303,9.55,66.16
1786962287.241,,0,,,,-26.550,-28.170,True,0.480,-8.335,9.59,66.18
1786962287.341,,0,,,,-26.520,-28.148,True,0.479,-7.570,8.76,66.47
1786962287.441,,0,,,,-26.350,-28.026,True,0.475,-7.505,8.66,66.30
1786962287.541,,0,,,,-26.230,-27.939,True,0.472,-7.565,8.77,66.62
1786962287.591,,0,,,,-26.140,-27.874,True,0.470,-7.480,8.67,66.60
1786962287.691,,0,,,,-25.950,-27.737,True,0.465,-6.946,8.05,66.60
1786962287.791,,0,,,,-25.810,-27.636,True,0.461,-6.893,8.03,66.88
1786962287.891,,0,,,,-25.660,-27.528,True,0.458,-6.903,8.01,66.64
1786962287.941,,0,,,,-25.640,-27.513,True,0.457,-6.934,8.04,66.62
1786962288.041,,0,,,,-25.550,-27.448,True,0.455,-6.623,7.70,66.72
1786962288.166,,0,,,,-25.480,-27.398,True,0.453,-7.401,8.57,66.51
1786962288.191,,0,,,,-25.490,-27.405,True,0.453,-6.176,7.21,66.98
1786962288.291,,0,,,,-25.540,-27.441,True,0.455,-6.203,7.24,66.97
1786962288.416,,0,,,,-25.580,-27.470,True,0.456,-5.943,6.95,67.08
1786962288.491,,0,,,,-25.560,-27.455,True,0.455,-6.021,7.03,67.06
1786962288.616,,0,,,,-25.420,-27.354,True,0.452,-6.114,7.14,67.05
1786962288.691,,0,,,,-25.210,-27.203,True,0.446,-6.043,7.06,67.03
1786962288.766,,0,,,,-25.120,-27.138,True,0.444,-6.031,7.04,67.02
1786962288.891,,0,,,,-24.920,-26.994,True,0.439,-5.596,6.55,67.21
1786962288.991,,0,,,,-24.890,-26.972,True,0.439,-5.789,6.78,67.20
1786962288.991,,0,,,,-24.910,-26.986,True,0.439,-6.045,7.08,67.19
1786962289.141,,0,,,,-25.140,-27.152,True,0.445,-6.587,7.73,67.40
1786962289.291,,0,,,,-25.580,-27.470,True,0.456,-5.778,6.81,67.61
1786962289.341,,0,,,,-25.650,-27.520,True,0.457,-5.986,7.05,67.59
1786962289.391,,0,,,,-25.710,-27.564,True,0.459,-6.133,7.22,67.57
1786962289.491,,0,,,,-25.800,-27.629,True,0.461,-6.536,7.69,67.58
1786962289.591,,0,,,,-25.800,-27.629,True,0.461,-7.439,8.75,67.61
1786962289.591,,0,,,,-25.800,-27.629,True,0.461,-7.455,8.77,67.60
1786962289.691,,0,,,,-25.610,-27.492,True,0.456,-6.381,7.51,67.58
1786962289.791,,0,,,,-25.150,-27.160,True,0.445,-6.430,7.59,67.77
1786962289.891,,0,,,,-24.730,-26.856,True,0.435,-5.762,6.82,67.90
1786962289.941,,0,,,,-24.620,-26.777,True,0.432,-5.847,6.92,67.88
1786962290.066,,0,,,,-24.460,-26.662,True,0.428,-6.791,8.04,67.98
1786962290.091,,0,,,,-24.470,-26.669,True,0.429,-6.812,8.06,67.96
1786962290.191,,0,,,,-24.460,-26.662,True,0.428,-5.560,6.61,68.17
1786962290.291,,0,,,,-24.470,-26.669,True,0.429,-6.645,7.86,67.94
1786962290.341,,0,,,,-24.460,-26.662,True,0.428,-6.791,8.03,67.93
1786962290.391,,0,,,,-24.430,-26.640,True,0.428,-6.784,8.05,68.14
1786962290.491,,0,,,,-24.300,-26.546,True,0.424,-6.697,7.96,68.23
1786962290.541,,0,,,,-24.190,-26.467,True,0.422,-6.915,8.21,68.22
1786962290.641,,0,,,,-23.890,-26.250,True,0.415,-6.032,7.20,68.49
1786962290.691,,0,,,,-23.670,-26.091,True,0.410,-5.835,6.95,68.37
1786962290.741,,0,,,,-23.580,-26.026,True,0.408,-5.840,6.96,68.36
1786962290.841,,0,,,,-23.110,-25.670,True,0.408,-7.133,8.46,68.10
1786962290.891,,0,,,,-22.820,-25.438,True,0.415,-7.241,8.58,68.09
1786962291.016,,0,,,,-22.460,-25.150,True,0.424,-6.487,7.73,68.45
1786962291.091,,0,,,,-22.410,-25.110,True,0.426,-5.751,6.93,69.16
1786962291.191,,0,,,,-22.470,-25.158,True,0.424,-5.965,7.12,68.54
1786962291.366,,0,,,,-22.710,-25.350,True,0.418,-6.429,7.67,68.51
1786962291.391,,0,,,,-22.740,-25.374,True,0.417,-6.316,7.55,68.67
1786962291.516,,0,,,,-22.840,-25.454,True,0.415,-5.766,6.95,69.19
1786962291.541,,0,,,,-22.870,-25.478,True,0.414,-5.848,7.05,69.18
1786962291.641,,0,,,,-22.770,-25.398,True,0.416,-6.194,7.42,68.80
1786962291.691,,0,,,,-22.660,-25.310,True,0.419,-6.174,7.40,68.79
1786962291.791,,0,,,,-22.400,-25.102,True,0.426,-5.915,7.08,68.70
1786962291.891,,0,,,,-22.090,-24.854,True,0.434,-5.514,6.66,69.32
1786962291.941,,0,,,,-21.990,-24.774,True,0.437,-5.712,6.88,69.17
1786962291.991,,0,,,,-21.890,-24.694,True,0.439,-5.640,6.80,69.15
1786962292.091,,0,,,,-21.890,-24.694,True,0.439,-5.508,6.63,69.08
1786962292.191,,0,,,,-22.000,-24.782,True,0.437,-5.359,6.44,68.98
1786962292.241,,0,,,,-22.100,-24.862,True,0.434,-5.522,6.64,68.96
1786962292.366,,0,,,,-22.130,-24.886,True,0.433,-5.543,6.66,68.95
1786962292.441,,0,,,,-22.020,-24.798,True,0.436,-5.421,6.56,69.42
1786962292.491,,0,,,,-21.860,-24.670,True,0.440,-5.057,6.12,69.47
1786962292.591,,0,,,,-21.580,-24.447,True,0.448,-5.435,6.58,69.43
1786962292.641,,0,,,,-21.350,-24.263,True,0.454,-5.616,6.79,69.41
1786962292.741,,0,,,,-20.990,-23.975,True,0.464,-5.428,6.57,69.48
1786962292.841,,0,,,,-20.820,-23.839,True,0.469,-5.055,6.15,69.78
1786962292.916,,0,,,,-20.640,-23.695,True,0.474,-5.149,6.26,69.76
1786962292.991,,0,,,,-20.550,-23.623,True,0.477,-5.462,6.62,69.57
1786962293.091,,0,,,,-20.470,-23.559,True,0.479,-5.283,6.41,69.65
1786962293.191,,0,,,,-20.320,-23.439,True,0.483,-6.093,7.40,69.75
1786962293.291,,0,,,,-20.210,-23.351,True,0.486,-6.408,7.78,69.73
1786962293.391,,0,,,,-20.010,-23.191,True,0.492,-4.908,6.00,70.09
1786962293.566,,0,,,,-19.760,-22.991,True,0.499,-5.954,7.24,69.82
1786962293.591,,0,,,,-19.760,-22.991,True,0.499,-6.162,7.49,69.80
1786962293.716,,0,,,,-19.680,-22.927,True,0.502,-6.300,7.67,69.87
1786962294.191,,0,,,,-19.360,-22.671,True,0.511,-6.023,7.36,70.13
1786962294.291,,0,,,,-19.300,-22.623,True,0.513,-6.365,7.79,70.30
1786962294.466,,0,,,,-19.190,-22.535,True,0.516,-5.784,7.10,70.40
1786962294.641,,0,,,,-18.840,-22.255,True,0.526,-5.353,6.58,70.53
1786962294.741,,0,,,,-18.580,-22.048,True,0.534,-5.280,6.49,70.51
1786962294.791,,0,,,,-18.510,-21.992,True,0.536,-5.180,6.39,70.75
1786962294.891,,0,,,,-18.270,-21.800,True,0.544,-5.066,6.25,70.73
1786962294.991,,0,,,,-17.990,-21.576,True,0.552,-4.948,6.10,70.77
1786962295.091,,0,,,,-17.800,-21.424,True,0.558,-5.049,6.21,70.60
1786962295.191,,0,,,,-17.640,-21.296,True,0.563,-4.856,6.00,70.87
1786962295.241,,0,,,,-17.560,-21.232,True,0.565,-4.974,6.14,70.86
1786962295.316,,0,,,,-17.480,-21.168,True,0.568,-4.746,5.87,70.91
1786962295.416,,0,,,,-17.470,-21.160,True,0.568,-4.485,5.60,71.55
1786962295.516,,0,,,,-17.350,-21.064,True,0.572,-4.401,5.49,71.54
1786962295.591,,0,,,,-17.300,-21.024,True,0.573,-5.043,6.29,71.51
1786962295.641,,0,,,,-17.250,-20.984,True,0.575,-6.185,7.64,70.94
1786962295.741,,0,,,,-17.050,-20.824,True,0.581,-5.300,6.64,71.93
1786962295.841,,0,,,,-16.740,-20.576,True,0.591,-5.605,6.96,71.30
1786962295.991,,0,,,,-16.360,-20.272,True,0.602,-5.865,7.26,71.01
1786962296.116,,0,,,,-16.340,-20.256,True,0.603,-5.352,6.67,71.49
1786962296.191,,0,,,,-16.380,-20.288,True,0.602,-5.450,6.79,71.47
1786962296.241,,0,,,,-16.390,-20.296,True,0.601,-5.462,6.80,71.46
1786962296.366,,0,,,,-16.490,-20.376,True,0.598,-4.910,6.20,72.40
1786962296.541,,0,,,,-16.260,-20.192,True,0.606,-4.345,5.44,71.85
1786962296.591,,0,,,,-16.150,-20.104,True,0.609,-4.358,5.46,71.83
1786962296.691,,0,,,,-15.890,-19.896,True,0.617,-5.004,6.24,71.54
1786962296.791,,0,,,,-15.670,-19.720,True,0.624,-5.469,6.84,71.72
1786962296.891,,0,,,,-15.580,-19.649,True,0.627,-5.089,6.37,71.86
1786962296.941,,0,,,,-15.480,-19.569,True,0.630,-5.263,6.59,71.85
1786962296.991,,0,,,,-15.390,-19.497,True,0.633,-4.815,6.04,71.92
1786962297.141,,0,,,,-15.200,-19.345,True,0.639,-5.881,7.37,71.94
1786962297.291,,0,,,,-14.870,-19.081,True,0.650,-5.792,7.22,71.55
1786962297.441,,0,,,,-14.570,-18.841,True,0.659,-5.169,6.48,71.94
1786962297.541,,0,,,,-14.330,-18.649,True,0.667,-4.736,5.95,72.03
1786962297.641,,0,,,,-14.090,-18.457,True,0.675,-5.315,6.68,72.08
1786962297.741,,0,,,,-13.870,-18.281,True,0.682,-5.396,6.78,72.05
1786962297.841,,0,,,,-13.640,-18.097,True,0.689,-4.553,5.73,72.22
1786962297.891,,0,,,,-13.530,-18.009,True,0.693,-5.564,7.02,72.40
1786962297.991,,0,,,,-13.220,-17.761,True,0.703,-3.835,4.90,73.33
1786962298.091,,0,,,,-12.990,-17.577,True,0.710,-3.911,5.00,73.32
1786962298.141,,0,,,,-12.980,-17.569,True,0.711,-4.454,5.64,72.59
1786962298.191,,0,,,,-12.860,-17.473,True,0.715,-4.563,5.77,72.58
1786962298.291,,0,,,,-12.750,-17.385,True,0.718,-4.023,5.10,72.74
1786962298.391,,0,,,,-12.880,-17.489,True,0.714,-4.196,5.31,72.61
1786962298.441,,0,,,,-12.960,-17.553,True,0.711,-4.282,5.42,72.60
1786962298.491,,0,,,,-13.060,-17.633,True,0.708,-4.229,5.35,72.59
1786962298.591,,0,,,,-13.230,-17.769,True,0.702,-4.312,5.46,72.57
1786962298.691,,0,,,,-13.240,-17.777,True,0.702,-3.297,4.22,73.37
1786962298.791,,0,,,,-13.060,-17.633,True,0.708,-4.664,5.92,72.82
1786962298.891,,0,,,,-12.670,-17.321,True,0.721,-4.297,5.47,73.04
1786962298.966,,0,,,,-12.530,-17.210,True,0.725,-4.672,5.95,73.03
1786962299.041,,0,,,,-12.290,-17.018,True,0.733,-4.845,6.17,73.03
1786962299.091,,0,,,,-12.160,-16.914,True,0.737,-4.919,6.27,73.10
1786962299.141,,0,,,,-12.070,-16.842,True,0.740,-4.938,6.29,73.08
1786962299.491,,0,,,,-11.610,-16.474,True,0.756,-4.773,6.10,73.25
1786962299.591,,0,,,,-11.210,-16.154,True,0.769,-5.161,6.59,73.25
1786962299.641,,0,,,,-10.890,-15.874,True,0.771,-5.152,6.59,73.36
1786962299.741,,0,,,,-10.320,-15.292,True,0.747,-4.719,6.03,73.33
1786962299.791,,0,,,,-10.140,-15.108,True,0.740,-4.893,6.25,73.32
1786962299.891,,0,,,,-9.550,-14.506,True,0.715,-4.584,5.86,73.35
1786962299.991,,0,,,,-9.220,-14.170,True,0.701,-4.810,6.15,73.32
1786962300.066,,0,,,,-9.130,-14.078,True,0.697,-4.853,6.20,73.31
1786962300.116,,0,,,,-9.090,-14.037,True,0.696,-4.911,6.30,73.58
1786962300.191,,0,,,,-9.020,-13.966,True,0.693,-4.124,5.31,73.90
1786962300.291,,0,,,,-9.020,-13.966,True,0.693,-3.895,5.02,73.88
1786962300.391,,0,,,,-8.980,-13.925,True,0.691,-4.414,5.68,73.77
1786962300.516,,0,,,,-8.730,-13.670,True,0.681,-4.688,6.03,73.78
1786962300.616,,0,,,,-8.440,-13.374,True,0.669,-3.728,4.80,73.76
1786962300.691,,0,,,,-8.280,-13.211,True,0.662,-3.197,4.13,73.98
1786962300.841,,0,,,,-7.860,-12.782,True,0.645,-4.616,5.95,73.98
1786962300.891,,0,,,,-7.820,-12.741,True,0.644,-3.774,4.86,73.84
1786962301.091,,0,,,,-7.380,-12.292,True,0.626,-3.915,5.05,73.92
1786962301.191,,0,,,,-6.950,-11.853,True,0.609,-3.959,5.11,73.98
1786962301.241,,0,,,,-6.820,-11.721,True,0.603,-3.569,4.61,74.10
1786962301.291,,0,,,,-6.560,-11.456,True,0.593,-3.653,4.72,74.09
1786962301.391,,0,,,,-6.030,-10.915,True,0.572,-3.643,4.70,73.97
1786962301.491,,0,,,,-5.570,-10.445,True,0.554,-3.129,4.04,74.04
1786962301.591,,0,,,,-5.230,-10.098,True,0.541,-3.264,4.21,74.03
1786962301.691,,0,,,,-4.860,-9.721,True,0.527,-3.446,4.45,74.03
1786962301.741,,0,,,,-4.760,-9.619,True,0.523,-3.426,4.42,74.02
1786962301.841,,0,,,,-4.620,-9.476,True,0.518,-3.803,4.92,74.19
1786962302.116,,0,,,,-3.770,-8.609,True,0.486,-3.028,3.91,74.09
1786962302.191,,0,,,,-3.420,-8.252,True,0.473,-2.590,3.34,73.99
1786962302.491,,0,,,,-2.400,-7.211,True,0.437,-2.572,3.32,74.08
1786962302.591,,0,,,,-2.280,-7.088,True,0.433,-2.737,3.54,74.07
1786962302.666,,0,,,,-2.220,-7.027,True,0.431,-2.778,3.58,73.96
1786962302.691,,0,,,,-2.180,-6.986,True,0.430,-2.808,3.62,73.95
1786962302.791,,0,,,,-2.250,-7.058,True,0.432,-2.546,3.32,74.66
1786962302.916,,0,,,,-2.290,-7.099,True,0.434,-2.811,3.64,74.21
1786962302.941,,0,,,,-2.220,-7.027,True,0.431,-2.808,3.63,74.19
1786962303.041,,0,,,,-2.060,-6.864,True,0.426,-2.715,3.51,74.06
1786962303.141,,0,,,,-1.560,-6.354,True,0.410,-2.734,3.53,74.08
1786962303.241,,0,,,,-1.050,-5.759,True,0.407,-2.160,2.79,73.91
1786962303.291,,0,,,,-0.840,-5.489,True,0.410,-1.806,2.32,73.58
1786962303.391,,0,,,,-0.530,-5.090,True,0.415,-1.817,2.33,73.57
1786962303.491,,0,,,,-0.550,-5.115,True,0.414,-2.654,3.43,74.04
1786962303.491,,0,,,,-0.550,-5.115,True,0.414,-2.873,3.71,74.03
1786962303.691,,0,,,,-1.060,-5.772,True,0.406,-2.020,2.59,73.50
1786962303.991,,0,,,,0.090,-4.292,True,0.425,-1.909,2.45,73.45
1786962304.041,,0,,,,0.400,-3.893,True,0.430,-1.447,1.86,73.67
1786962304.141,,0,,,,1.300,-2.735,True,0.445,-2.324,3.00,74.10
1786962304.266,,0,,,,1.700,-2.220,True,0.452,-2.614,3.38,74.10
1786962304.291,,0,,,,1.740,-2.169,True,0.452,-2.756,3.56,74.09
1786962304.341,,0,,,,1.800,-2.092,True,0.453,-2.612,3.38,74.09
1786962304.491,,0,,,,1.400,-2.606,True,0.446,-2.897,3.74,74.08
1786962304.541,,0,,,,1.220,-2.838,True,0.443,-2.983,3.85,74.06
1786962304.641,,0,,,,0.970,-3.160,True,0.439,-2.900,3.75,74.05
1786962304.691,,0,,,,0.890,-3.263,True,0.438,-2.705,3.49,74.03
1786962304.816,,0,,,,0.830,-3.340,True,0.437,-2.436,3.17,74.51
1786962304.916,,0,,,,0.870,-3.288,True,0.438,-2.368,3.08,74.50
1786962304.941,,0,,,,0.900,-3.250,True,0.438,-2.319,3.01,74.48
1786962304.991,,0,,,,0.950,-3.185,True,0.439,-2.375,3.09,74.47
1786962305.191,,0,,,,1.400,-2.606,True,0.446,-2.585,3.34,74.04
1786962305.241,,0,,,,1.530,-2.439,True,0.449,-2.656,3.43,74.02
1786962305.341,,0,,,,1.590,-2.362,True,0.450,-1.225,1.56,72.91
1786962305.466,,0,,,,1.590,-2.362,True,0.450,-1.295,1.65,72.90
1786962305.491,,0,,,,1.590,-2.362,True,0.450,-1.373,1.75,72.89
1786962305.616,,0,,,,1.590,-2.362,True,0.450,-1.480,1.88,72.87
1786962305.641,,0,,,,1.590,-2.362,True,0.450,-1.636,2.08,72.87
1786962305.716,,0,,,,1.590,-2.362,True,0.450,-1.796,2.28,72.86
1786962305.741,,0,,,,1.590,-2.362,True,0.450,-1.999,2.54,72.85
1786962305.841,,0,,,,1.590,-2.362,True,0.450,-2.120,2.69,72.83
1786962305.891,,0,,,,1.570,-2.388,True,0.449,-2.095,2.66,72.82
1786962305.991,,0,,,,1.920,-1.937,True,0.455,-1.966,2.50,72.80
1786962306.041,,0,,,,1.990,-1.847,True,0.457,-1.875,2.38,72.80
1786962306.116,,0,,,,2.240,-1.526,True,0.461,-1.977,2.51,72.78
1786962306.216,,0,,,,2.430,-1.281,True,0.464,-2.071,2.63,72.76
1786962306.291,,0,,,,2.540,-1.140,True,0.466,-2.197,2.79,72.75
1786962306.441,,0,,,,2.490,-1.204,True,0.465,-2.526,3.21,72.72
1786962306.541,,0,,,,2.490,-1.204,True,0.465,-2.676,3.40,72.71
1786962306.591,,0,,,,1.930,-1.924,True,0.456,-2.992,3.79,72.70
1786962306.691,,0,,,,1.820,-2.066,True,0.454,-2.744,3.48,72.69
1786962306.816,,0,,,,1.960,-1.886,True,0.456,-2.544,3.23,72.67
1786962306.841,,0,,,,2.020,-1.809,True,0.457,-2.533,3.21,72.66
1786962306.941,,0,,,,2.290,-1.461,True,0.462,-2.574,3.26,72.64
1786962307.041,,0,,,,2.600,-1.062,True,0.467,-2.652,3.36,72.63
1786962307.091,,0,,,,2.720,-0.908,True,0.469,-2.767,3.51,72.61
1786962307.216,,0,,,,2.970,-0.586,True,0.474,-2.944,3.73,72.60
1786962307.291,,0,,,,3.040,-0.496,True,0.475,-3.053,3.87,72.58
1786962307.391,,0,,,,3.090,-0.432,True,0.476,-3.193,4.04,72.57
1786962307.491,,0,,,,3.080,-0.445,True,0.476,-3.236,4.10,72.56
1786962307.591,,0,,,,3.040,-0.496,True,0.475,-3.201,4.05,72.54
1786962307.641,,0,,,,3.010,-0.535,True,0.474,-3.176,4.02,72.53
1786962307.691,,0,,,,3.000,-0.548,True,0.474,-3.160,4.00,72.52
1786962307.766,,0,,,,2.980,-0.573,True,0.474,-3.121,3.95,72.51
1786962307.791,,0,,,,2.910,-0.663,True,0.473,-3.120,3.95,72.50
1786962307.941,,0,,,,2.800,-0.805,True,0.471,-3.183,4.02,72.47
1786962307.991,,0,,,,2.690,-0.947,True,0.469,-3.219,4.07,72.46
1786962308.066,,0,,,,2.570,-1.101,True,0.467,-3.280,4.15,72.46
1786962308.141,,0,,,,2.460,-1.242,True,0.465,-3.333,4.21,72.44
1786962308.241,,0,,,,2.340,-1.397,True,0.463,-3.341,4.22,72.43
1786962308.291,,0,,,,2.350,-1.384,True,0.463,-3.265,4.12,72.42
1786962308.391,,0,,,,2.420,-1.294,True,0.464,-3.429,4.33,72.41
1786962308.566,,0,,,,2.690,-0.947,True,0.469,-3.342,4.22,72.38
1786962308.591,,0,,,,2.750,-0.869,True,0.470,-3.326,4.20,72.38
1786962308.691,,0,,,,2.890,-0.689,True,0.472,-3.283,4.14,72.36
1786962308.791,,0,,,,2.990,-0.561,True,0.474,-3.403,4.29,72.35
1786962308.891,,0,,,,3.010,-0.535,True,0.474,-3.545,4.47,72.34
1786962309.416,,0,,,,2.490,-1.204,True,0.465,-1.484,1.84,71.00
1786962309.541,,0,,,,2.580,-1.088,True,0.467,-1.618,2.00,70.97
1786962309.641,,0,,,,2.580,-1.088,True,0.467,-1.984,2.42,70.03
1786962309.741,,0,,,,2.540,-1.140,True,0.466,-2.092,2.56,70.02
1786962309.841,,0,,,,2.440,-1.268,True,0.464,-2.248,2.75,70.01
1786962309.891,,0,,,,2.420,-1.294,True,0.464,-2.277,2.78,70.00
1786962309.941,,0,,,,2.320,-1.423,True,0.462,-1.987,2.44,70.48
1786962309.991,,0,,,,2.240,-1.526,True,0.461,-2.062,2.54,70.47
1786962310.116,,0,,,,2.120,-1.680,True,0.459,-2.141,2.63,70.46
1786962310.216,,0,,,,2.080,-1.731,True,0.458,-2.211,2.72,70.45
1786962310.316,,0,,,,2.030,-1.796,True,0.457,-2.249,2.76,70.44
1786962310.316,,0,,,,2.030,-1.796,True,0.457,-2.252,2.77,70.43
1786962310.416,,0,,,,2.040,-1.783,True,0.457,-2.277,2.80,70.42
1786962310.441,,0,,,,2.050,-1.770,True,0.458,-2.318,2.85,70.41
1786962310.491,,0,,,,2.070,-1.744,True,0.458,-2.352,2.89,70.39
1786962310.591,,0,,,,2.070,-1.744,True,0.458,-2.364,2.90,70.38
1786962310.641,,0,,,,2.080,-1.731,True,0.458,-2.343,2.88,70.37
1786962310.766,,0,,,,1.950,-1.899,True,0.456,-2.323,2.85,70.36
1786962310.791,,0,,,,1.950,-1.899,True,0.456,-2.296,2.82,70.35
1786962310.891,,0,,,,1.780,-2.117,True,0.453,-2.317,2.84,70.34
1786962310.966,,0,,,,1.640,-2.298,True,0.451,-2.367,2.91,70.33
1786962310.991,,0,,,,1.620,-2.323,True,0.450,-2.384,2.93,70.32
1786962311.091,,0,,,,1.510,-2.465,True,0.448,-2.420,2.97,70.31
1786962311.091,,0,,,,1.510,-2.465,True,0.448,-2.395,2.94,70.30
1786962311.266,,0,,,,1.750,-2.156,True,0.452,-2.507,3.08,70.29
1786962311.341,,0,,,,1.920,-1.937,True,0.455,-2.470,3.03,70.27
1786962311.491,,0,,,,2.170,-1.616,True,0.460,-2.525,3.09,70.26
1786962311.541,,0,,,,2.150,-1.641,True,0.459,-2.448,3.00,70.25
1786962311.641,,0,,,,2.010,-1.821,True,0.457,-2.549,3.12,70.23
1786962311.691,,0,,,,1.890,-1.976,True,0.455,-2.547,3.12,70.22
1786962311.791,,0,,,,1.580,-2.375,True,0.450,-2.548,3.12,70.21
1786962311.891,,0,,,,1.360,-2.658,True,0.446,-2.579,3.16,70.20
1786962312.041,,0,,,,1.290,-2.748,True,0.445,-2.540,3.11,70.17
1786962312.141,,0,,,,1.230,-2.825,True,0.444,-2.626,3.21,70.15
1786962312.241,,0,,,,1.160,-2.915,True,0.442,-1.797,2.20,70.12
1786962312.341,,0,,,,1.090,-3.005,True,0.441,-1.856,2.27,70.11
1786962312.391,,0,,,,1.020,-3.095,True,0.440,-1.886,2.31,70.10
1786962312.491,,0,,,,0.820,-3.353,True,0.437,-1.878,2.30,70.09
1786962312.591,,0,,,,0.670,-3.546,True,0.434,-1.804,2.21,70.07
1786962312.641,,0,,,,0.560,-3.687,True,0.432,-1.760,2.15,70.06
1786962312.691,,0,,,,0.450,-3.829,True,0.431,-1.691,2.07,70.05
1786962312.791,,0,,,,0.360,-3.945,True,0.429,-1.608,1.97,70.04
1786962312.841,,0,,,,0.340,-3.970,True,0.429,-1.576,1.93,70.03
1786962312.991,,0,,,,0.320,-3.996,True,0.428,-2.656,3.22,69.40
1786962313.041,,0,,,,0.370,-3.932,True,0.429,-2.798,3.39,69.39
1786962313.141,,0,,,,0.370,-3.932,True,0.429,-2.970,3.59,69.37
1786962313.241,,0,,,,0.390,-3.906,True,0.430,-3.116,3.77,69.36
1786962313.341,,0,,,,0.400,-3.893,True,0.430,-3.246,3.93,69.35
1786962313.391,,0,,,,0.420,-3.867,True,0.430,-3.264,3.95,69.34
1786962313.466,,0,,,,0.510,-3.752,True,0.432,-3.217,3.89,69.34
1786962313.566,,0,,,,0.640,-3.584,True,0.434,-3.154,3.81,69.33
1786962313.591,,0,,,,0.740,-3.456,True,0.435,-3.123,3.78,69.32
1786962313.691,,0,,,,0.900,-3.250,True,0.438,-3.153,3.81,69.30
1786962313.816,,0,,,,0.910,-3.237,True,0.438,-2.624,3.01,65.76
1786962313.891,,0,,,,0.850,-3.314,True,0.437,-2.671,3.06,65.75
1786962313.891,,0,,,,0.850,-3.314,True,0.437,-2.742,3.14,65.74
1786962314.041,,0,,,,0.530,-3.726,True,0.432,-2.839,3.26,65.72
1786962314.091,,0,,,,0.410,-3.880,True,0.430,-2.853,3.27,65.71
1786962314.191,,0,,,,0.360,-3.945,True,0.429,-2.786,3.19,65.69
1786962314.241,,0,,,,0.470,-3.803,True,0.431,-2.735,3.13,65.68
1786962314.390,,0,,,,0.690,-3.520,True,0.435,-2.643,3.03,65.67
1786962314.390,,0,,,,0.690,-3.520,True,0.435,-2.552,2.92,65.66
1786962314.491,,0,,,,0.720,-3.481,True,0.435,-1.916,2.17,64.78
1786962314.540,,0,,,,0.670,-3.546,True,0.434,-1.789,2.02,64.77
1786962314.641,,0,,,,0.510,-3.752,True,0.432,-1.743,1.97,64.76
1786962314.741,,0,,,,0.200,-4.150,True,0.426,-2.572,2.95,65.69
1786962314.791,,0,,,,-0.010,-4.421,True,0.423,-2.498,2.86,65.69
1786962314.915,,0,,,,-0.170,-4.626,True,0.420,-2.393,2.74,65.68
1786962314.940,,0,,,,-0.170,-4.626,True,0.420,-2.329,2.67,65.66
1786962314.990,,0,,,,-0.160,-4.614,True,0.421,-2.352,2.69,65.65
1786962315.090,,0,,,,0.070,-4.318,True,0.424,-2.351,2.69,65.64
1786962315.190,,0,,,,0.520,-3.739,True,0.432,-2.354,2.70,65.63
1786962315.290,,0,,,,0.800,-3.378,True,0.436,-2.438,2.79,65.62
1786962315.415,,0,,,,1.000,-3.121,True,0.440,-2.432,2.78,65.60
1786962315.490,,0,,,,1.030,-3.082,True,0.440,-2.462,2.82,65.59
1786962315.490,,0,,,,1.030,-3.082,True,0.440,-2.520,2.88,65.59
1786962315.590,,0,,,,0.800,-3.378,True,0.436,-2.160,2.40,63.56
1786962315.590,,0,,,,0.800,-3.378,True,0.436,-2.284,2.53,63.55
1786962315.690,,0,,,,0.580,-3.661,True,0.433,-2.277,2.52,63.54
1786962315.740,,0,,,,0.520,-3.739,True,0.432,-2.285,2.53,63.53
1786962315.840,,0,,,,0.410,-3.880,True,0.430,-2.251,2.50,63.52
1786962315.941,,0,,,,0.430,-3.854,True,0.430,-1.482,1.64,63.44
1786962315.990,,0,,,,0.550,-3.700,True,0.432,-1.446,1.60,63.43
1786962316.090,,0,,,,0.740,-3.456,True,0.435,-1.461,1.62,63.42
1786962316.141,,0,,,,0.880,-3.275,True,0.438,-2.061,2.27,63.04
1786962316.215,,0,,,,1.010,-3.108,True,0.440,-1.983,2.18,63.03
1786962316.290,,0,,,,1.040,-3.070,True,0.440,-2.042,2.24,63.02
1786962316.390,,0,,,,0.860,-3.301,True,0.437,-2.116,2.33,63.00
1786962316.490,,0,,,,0.550,-3.700,True,0.432,-2.123,2.33,63.00
1786962316.591,,0,,,,0.280,-4.047,True,0.428,-2.166,2.38,62.99
1786962316.640,,0,,,,0.300,-4.022,True,0.428,-2.235,2.46,62.98
1786962316.690,,0,,,,0.320,-3.996,True,0.428,-2.206,2.42,62.97
1786962316.840,,0,,,,0.800,-3.378,True,0.436,-2.465,2.70,62.88
1786962316.940,,0,,,,1.160,-2.915,True,0.442,-2.490,2.73,62.87
1786962317.015,,0,,,,1.240,-2.812,True,0.444,-2.542,2.79,62.86
1786962317.090,,0,,,,1.270,-2.774,True,0.444,-2.501,2.74,62.84
1786962317.266,,0,,,,0.810,-3.365,True,0.437,-2.222,2.41,62.03
1786962317.340,,0,,,,0.670,-3.546,True,0.434,-2.190,2.37,62.02
1786962317.440,,0,,,,0.590,-3.649,True,0.433,-2.121,2.29,62.00
1786962317.565,,0,,,,0.800,-3.378,True,0.436,-2.060,2.23,61.99
1786962317.590,,0,,,,0.880,-3.275,True,0.438,-2.109,2.28,61.98
1786962317.840,,0,,,,1.170,-2.902,True,0.443,-2.811,3.04,62.09
1786962317.890,,0,,,,1.130,-2.954,True,0.442,-1.748,1.83,60.10
1786962317.990,,0,,,,0.840,-3.327,True,0.437,-1.767,1.85,60.08
1786962318.040,,0,,,,0.710,-3.494,True,0.435,-2.040,2.17,60.85
1786962318.465,,0,,,,1.130,-2.954,True,0.442,-2.467,2.61,60.68
1786962318.565,,0,,,,1.250,-2.799,True,0.444,-1.422,1.49,60.07
1786962318.590,,0,,,,1.240,-2.812,True,0.444,-1.565,1.64,60.06
1786962318.690,,0,,,,1.050,-3.057,True,0.441,-1.714,1.80,60.05
1786962318.740,,0,,,,0.900,-3.250,True,0.438,-1.630,1.71,60.04
1786962318.865,,0,,,,0.620,-3.610,True,0.433,-1.602,1.68,60.03
1786962318.990,,0,,,,0.590,-3.649,True,0.433,-1.467,1.54,60.01
1786962319.065,,0,,,,0.680,-3.533,True,0.434,-1.440,1.48,58.97
1786962319.090,,0,,,,0.790,-3.391,True,0.436,-1.298,1.34,58.96
1786962319.190,,0,,,,1.060,-3.044,True,0.441,-1.300,1.34,58.96
1786962319.265,,0,,,,1.240,-2.812,True,0.444,-1.378,1.42,58.95
1786962319.340,,0,,,,1.400,-2.606,True,0.446,-1.843,1.87,58.28
1786962319.440,,0,,,,1.460,-2.529,True,0.447,-1.966,2.00,58.26
1786962319.590,,0,,,,1.270,-2.774,True,0.444,-2.842,2.92,58.89
1786962319.665,,0,,,,1.110,-2.979,True,0.442,-2.965,3.05,58.88
1786962319.740,,0,,,,0.870,-3.288,True,0.438,-2.964,3.04,58.86
1786962319.840,,0,,,,0.610,-3.623,True,0.433,-2.365,2.31,56.09
1786962319.890,,0,,,,0.470,-3.803,True,0.431,-2.364,2.31,56.08
1786962319.965,,0,,,,0.400,-3.893,True,0.430,-2.366,2.32,56.07
1786962319.990,,0,,,,0.410,-3.880,True,0.430,-2.266,2.22,56.06
1786962320.090,,0,,,,0.470,-3.803,True,0.431,-2.235,2.19,56.05
1786962320.190,,0,,,,0.600,-3.636,True,0.433,-2.134,2.09,56.04
1786962320.265,,0,,,,0.720,-3.481,True,0.435,-1.873,1.85,56.67
1786962320.315,,0,,,,0.780,-3.404,True,0.436,-1.827,1.81,56.66
1786962320.390,,0,,,,0.770,-3.417,True,0.436,-1.893,1.87,56.65
1786962320.490,,0,,,,0.650,-3.571,True,0.434,-1.941,1.92,56.64
1786962320.590,,0,,,,0.430,-3.854,True,0.430,-2.655,2.66,57.44
1786962320.715,,0,,,,0.180,-4.176,True,0.426,-1.854,1.91,58.95
1786962320.790,,0,,,,0.050,-4.343,True,0.424,-2.601,2.55,56.13
1786962320.790,,0,,,,0.050,-4.343,True,0.424,-2.546,2.49,56.12
1786962320.965,,0,,,,0.220,-4.125,True,0.427,-2.157,2.15,57.10
1786962321.040,,0,,,,0.360,-3.945,True,0.429,-2.145,2.14,57.09
1786962321.090,,0,,,,0.510,-3.752,True,0.432,-2.073,2.06,57.08
1786962321.190,,0,,,,0.630,-3.597,True,0.434,-1.993,1.98,57.06
1786962321.315,,0,,,,0.780,-3.404,True,0.436,-1.894,1.89,57.05
1786962321.390,,0,,,,0.870,-3.288,True,0.438,-1.903,1.89,57.04
1786962321.490,,0,,,,0.950,-3.185,True,0.439,-1.184,1.10,53.26
1786962321.590,,0,,,,1.080,-3.018,True,0.441,-1.273,1.18,53.25
1786962321.640,,0,,,,1.130,-2.954,True,0.442,-1.380,1.28,53.24
1786962321.690,,0,,,,1.140,-2.941,True,0.442,-1.505,1.40,53.23
1786962321.790,,0,,,,1.170,-2.902,True,0.443,-2.508,2.37,54.24
1786962321.890,,0,,,,1.120,-2.967,True,0.442,-2.594,2.45,54.23
1786962321.940,,0,,,,1.090,-3.005,True,0.441,-2.681,2.54,54.22
1786962321.990,,0,,,,1.050,-3.057,True,0.441,-2.153,2.02,53.88
1786962322.040,,0,,,,1.030,-3.082,True,0.440,-2.148,2.02,53.87
1786962322.140,,0,,,,0.970,-3.160,True,0.439,-2.047,1.92,53.86
1786962322.265,,0,,,,0.970,-3.160,True,0.439,-1.863,1.75,53.85
1786962322.340,,0,,,,0.990,-3.134,True,0.440,-2.274,2.11,53.20
1786962322.415,,0,,,,1.040,-3.070,True,0.440,-1.235,1.17,54.23
1786962322.490,,0,,,,1.050,-3.057,True,0.441,-1.184,1.12,54.22
1786962322.541,,0,,,,0.970,-3.160,True,0.439,-1.165,1.10,54.21
1786962322.690,,0,,,,0.810,-3.365,True,0.437,-1.918,1.78,53.14
1786962322.740,,0,,,,0.730,-3.468,True,0.435,-2.330,2.15,52.88
1786962322.790,,0,,,,0.650,-3.571,True,0.434,-2.412,2.23,52.88
1786962322.890,,0,,,,0.510,-3.752,True,0.432,-2.153,1.99,52.92
1786962322.990,,0,,,,0.540,-3.713,True,0.432,-1.629,1.48,52.05
1786962323.040,,0,,,,0.600,-3.636,True,0.433,-1.563,1.42,52.04
1786962323.090,,0,,,,0.680,-3.533,True,0.434,-1.982,1.81,52.29
1786962323.190,,0,,,,0.990,-3.134,True,0.440,-1.737,1.62,53.38
1786962323.240,,0,,,,1.190,-2.877,True,0.443,-1.710,1.59,53.36
1786962323.415,,0,,,,1.590,-2.362,True,0.450,-2.411,2.19,52.02
1786962323.440,,0,,,,1.640,-2.298,True,0.451,-1.731,1.53,50.54
1786962323.490,,0,,,,1.670,-2.259,True,0.451,-1.739,1.53,50.53
1786962323.590,,0,,,,1.660,-2.272,True,0.451,-1.791,1.58,50.52
1786962323.665,,0,,,,1.690,-2.233,True,0.451,-1.850,1.63,50.51
1786962323.690,,0,,,,1.700,-2.220,True,0.452,-1.943,1.71,50.51
1786962323.790,,0,,,,1.790,-2.105,True,0.453,-2.071,1.82,50.50
1786962323.890,,0,,,,1.890,-1.976,True,0.455,-2.090,1.86,50.96
1786962323.940,,0,,,,1.940,-1.912,True,0.456,-2.120,1.89,50.96
1786962324.115,,0,,,,2.000,-1.834,True,0.457,-2.545,2.25,50.77
1786962324.140,,0,,,,1.950,-1.899,True,0.456,-2.550,2.26,50.76
1786962324.240,,0,,,,1.940,-1.912,True,0.456,-2.390,2.09,50.16
1786962324.340,,0,,,,1.690,-2.233,True,0.451,-2.416,2.12,50.32
1786962324.465,,0,,,,1.420,-2.581,True,0.447,-2.241,1.95,49.89
1786962324.490,,0,,,,1.360,-2.658,True,0.446,-2.179,1.90,49.88
1786962324.590,,0,,,,1.200,-2.864,True,0.443,-2.526,2.20,49.98
1786962324.640,,0,,,,1.100,-2.992,True,0.441,-2.758,2.35,48.89
1786962324.690,,0,,,,1.050,-3.057,True,0.441,-2.715,2.32,48.88
1786962324.790,,0,,,,0.960,-3.172,True,0.439,-1.617,1.40,49.74
1786962324.840,,0,,,,0.960,-3.172,True,0.439,-1.531,1.33,49.73
1786962324.890,,0,,,,1.000,-3.121,True,0.440,-1.469,1.27,49.72
1786962324.990,,0,,,,1.130,-2.954,True,0.442,-1.432,1.24,49.71
1786962325.040,,0,,,,1.160,-2.915,True,0.442,-1.395,1.21,49.70
1786962325.190,,0,,,,1.460,-2.529,True,0.447,-1.296,1.10,48.69
1786962325.390,,0,,,,1.440,-2.555,True,0.447,-1.450,1.23,48.47
1786962325.440,,0,,,,1.400,-2.606,True,0.446,-1.517,1.28,48.46
1786962325.490,,0,,,,1.360,-2.658,True,0.446,-1.584,1.34,48.45
1786962325.590,,0,,,,1.290,-2.748,True,0.445,-1.555,1.32,48.47
1786962325.690,,0,,,,1.340,-2.684,True,0.445,-1.455,1.21,47.67
1786962325.890,,0,,,,1.780,-2.117,True,0.453,-2.176,1.78,46.83
1786962325.890,,0,,,,1.780,-2.117,True,0.453,-2.229,1.82,46.83
1786962326.040,,0,,,,1.970,-1.873,True,0.456,-1.118,0.92,47.37
1786962326.090,,0,,,,1.970,-1.873,True,0.456,-1.138,0.94,47.37
1786962326.215,,0,,,,1.910,-1.950,True,0.455,-1.620,1.34,47.35
1786962326.315,,0,,,,1.670,-2.259,True,0.451,-1.570,1.30,47.34
1786962326.415,,0,,,,1.400,-2.606,True,0.446,-1.268,1.01,45.70
1786962326.465,,0,,,,1.340,-2.684,True,0.445,-1.505,1.23,46.73
1786962326.565,,0,,,,1.150,-2.928,True,0.442,-2.355,1.91,46.45
1786962326.590,,0,,,,1.010,-3.108,True,0.440,-2.394,1.94,46.43
1786962326.690,,0,,,,0.980,-3.147,True,0.439,-2.223,1.78,45.95
1786962326.790,,0,,,,1.030,-3.082,True,0.440,-1.637,1.31,46.02
1786962326.890,,0,,,,1.110,-2.979,True,0.442,-2.435,1.92,45.11
1786962326.940,,0,,,,1.110,-2.979,True,0.442,-2.396,1.89,45.10
1786962327.090,,0,,,,1.200,-2.864,True,0.443,-1.420,1.14,45.94
1786962327.190,,0,,,,1.200,-2.864,True,0.443,-2.061,1.64,45.49
1786962327.265,,0,,,,1.150,-2.928,True,0.442,-1.389,1.10,45.59
1786962327.390,,0,,,,0.990,-3.134,True,0.440,-1.941,1.54,45.42
1786962327.440,,0,,,,0.910,-3.237,True,0.438,-2.181,1.69,44.45
1786962327.565,,0,,,,0.850,-3.314,True,0.437,-2.158,1.66,43.98
1786962327.665,,0,,,,0.940,-3.198,True,0.439,-1.128,0.87,44.42
1786962327.690,,0,,,,1.020,-3.095,True,0.440,-1.134,0.88,44.41
1786962327.790,,0,,,,1.160,-2.915,True,0.442,-2.341,1.80,44.08
1786962327.890,,0,,,,1.420,-2.581,True,0.447,-1.349,1.05,44.44
1786962327.940,,0,,,,1.550,-2.413,True,0.449,-1.502,1.16,44.44
1786962327.990,,0,,,,1.590,-2.362,True,0.450,-1.681,1.30,44.27
1786962328.090,,0,,,,1.730,-2.182,True,0.452,-1.668,1.29,44.26
1786962328.190,,0,,,,1.810,-2.079,True,0.453,-1.383,1.03,42.54
1786962328.290,,0,,,,1.820,-2.066,True,0.454,-2.456,1.85,43.06
1786962328.390,,0,,,,1.660,-2.272,True,0.451,-2.604,1.93,42.54
1786962328.490,,0,,,,1.430,-2.568,True,0.447,-2.042,1.54,43.23
1786962328.540,,0,,,,1.360,-2.658,True,0.446,-1.395,1.05,42.95
1786962328.590,,0,,,,1.280,-2.761,True,0.444,-1.409,1.06,42.94
1786962328.690,,0,,,,1.190,-2.877,True,0.443,-2.200,1.69,44.08
1786962328.790,,0,,,,1.120,-2.967,True,0.442,-2.626,1.94,42.34
1786962328.840,,0,,,,1.150,-2.928,True,0.442,-2.530,1.87,42.33
1786962328.940,,0,,,,1.260,-2.786,True,0.444,-1.483,1.10,42.33
1786962328.990,,0,,,,1.330,-2.696,True,0.445,-2.354,1.72,41.86
1786962329.065,,0,,,,1.360,-2.658,True,0.446,-2.312,1.69,41.85
1786962329.140,,0,,,,1.370,-2.645,True,0.446,-0.978,0.71,41.49
1786962329.240,,0,,,,1.210,-2.851,True,0.443,-2.454,1.77,41.39
1786962329.290,,0,,,,1.050,-3.057,True,0.441,-2.426,1.75,41.38
1786962329.391,,0,,,,0.790,-3.391,True,0.436,-2.284,1.64,41.27
1786962329.490,,0,,,,0.570,-3.674,True,0.433,-2.307,1.65,40.97
1786962329.615,,0,,,,0.540,-3.713,True,0.432,-2.503,1.78,40.72
1786962329.640,,0,,,,0.600,-3.636,True,0.433,-1.423,1.02,40.98
1786962329.690,,0,,,,0.710,-3.494,True,0.435,-1.394,1.00,40.98
1786962329.790,,0,,,,1.100,-2.992,True,0.441,-1.499,1.07,40.95
1786962329.890,,0,,,,1.480,-2.503,True,0.448,-2.168,1.53,40.43
1786962329.990,,0,,,,1.710,-2.207,True,0.452,-1.316,0.93,40.64
1786962330.040,,0,,,,1.740,-2.169,True,0.452,-1.409,1.00,40.63
1786962330.115,,0,,,,1.790,-2.105,True,0.453,-2.499,1.73,39.69
1786962330.240,,0,,,,1.700,-2.220,True,0.452,-1.703,1.20,40.36
1786962330.390,,0,,,,1.280,-2.761,True,0.444,-2.185,1.51,39.57
1786962330.490,,0,,,,1.220,-2.838,True,0.443,-2.210,1.53,39.55
1786962330.590,,0,,,,1.170,-2.902,True,0.443,-2.767,1.88,39.03
1786962330.640,,0,,,,1.220,-2.838,True,0.443,-2.606,1.78,39.08
1786962330.690,,0,,,,1.290,-2.748,True,0.445,-2.551,1.74,39.07
1786962330.790,,0,,,,1.430,-2.568,True,0.447,-2.770,1.89,39.08
1786962330.890,,0,,,,1.530,-2.439,True,0.449,-2.394,1.60,38.21
1786962330.990,,0,,,,1.510,-2.465,True,0.448,-2.457,1.64,38.33
1786962331.090,,0,,,,1.440,-2.555,True,0.447,-2.544,1.69,38.08
1786962331.190,,0,,,,1.230,-2.825,True,0.444,-2.613,1.72,37.78
1786962331.315,,0,,,,0.970,-3.160,True,0.439,-2.564,1.69,37.70
1786962331.340,,0,,,,0.900,-3.250,True,0.438,-2.545,1.67,37.69
1786962331.440,,0,,,,0.760,-3.430,True,0.436,-2.333,1.53,37.51
1786962331.490,,0,,,,0.700,-3.507,True,0.435,-2.292,1.50,37.51
1786962331.590,,0,,,,0.660,-3.558,True,0.434,-2.169,1.40,36.89
1786962331.690,,0,,,,0.670,-3.546,True,0.434,-2.304,1.49,37.00
1786962331.765,,0,,,,0.720,-3.481,True,0.435,-2.287,1.48,37.00
1786962331.840,,0,,,,0.740,-3.456,True,0.435,-2.188,1.41,36.91
1786962331.915,,0,,,,0.760,-3.430,True,0.436,-2.228,1.43,36.90
1786962331.990,,0,,,,0.810,-3.365,True,0.437,-2.334,1.48,36.29
1786962332.090,,0,,,,0.860,-3.301,True,0.437,-2.372,1.50,36.19
1786962332.190,,0,,,,0.920,-3.224,True,0.438,-2.616,1.64,35.98
1786962332.290,,0,,,,1.000,-3.121,True,0.440,-2.566,1.59,35.45
1786962332.315,,0,,,,1.000,-3.121,True,0.440,-2.596,1.61,35.45
1786962332.390,,0,,,,1.050,-3.057,True,0.441,-2.627,1.62,35.44
1786962332.590,,0,,,,1.110,-2.979,True,0.442,-2.342,1.45,35.37
1786962332.640,,0,,,,1.100,-2.992,True,0.441,-2.471,1.52,35.35
1786962332.740,,0,,,,1.050,-3.057,True,0.441,-2.004,1.21,34.56
1786962332.790,,0,,,,1.030,-3.082,True,0.440,-1.929,1.16,34.55
1786962332.890,,0,,,,1.030,-3.082,True,0.440,-1.892,1.14,34.54
1786962332.965,,0,,,,1.050,-3.057,True,0.441,-1.928,1.16,34.53
1786962333.041,,0,,,,1.100,-2.992,True,0.441,-2.516,1.50,34.26
1786962333.140,,0,,,,1.150,-2.928,True,0.442,-2.465,1.48,34.45
1786962333.190,,0,,,,1.200,-2.864,True,0.443,-2.581,1.55,34.44
1786962333.290,,0,,,,1.260,-2.786,True,0.444,-2.280,1.35,33.88
1786962333.390,,0,,,,1.220,-2.838,True,0.443,-2.639,1.58,34.21
1786962333.490,,0,,,,1.150,-2.928,True,0.442,-2.811,1.64,33.41
1786962333.590,,0,,,,0.970,-3.160,True,0.439,-2.741,1.60,33.41
1786962333.640,,0,,,,0.890,-3.263,True,0.438,-2.476,1.44,33.22
1786962333.690,,0,,,,0.790,-3.391,True,0.436,-2.359,1.37,33.22
1786962333.790,,0,,,,0.650,-3.571,True,0.434,-2.278,1.31,33.05
1786962333.840,,0,,,,0.610,-3.623,True,0.433,-2.290,1.31,32.87
1786962333.940,,0,,,,0.570,-3.674,True,0.433,-2.350,1.35,32.96
1786962333.990,,0,,,,0.570,-3.674,True,0.433,-2.396,1.38,32.95
1786962334.040,,0,,,,0.560,-3.687,True,0.432,-2.343,1.34,32.86
1786962334.190,,0,,,,0.670,-3.546,True,0.434,-1.884,1.06,32.27
1786962334.290,,0,,,,0.770,-3.417,True,0.436,-2.357,1.32,32.07
1786962334.415,,0,,,,0.900,-3.250,True,0.438,-2.494,1.40,32.10
1786962334.465,,0,,,,0.950,-3.185,True,0.439,-2.482,1.39,32.08
1786962334.490,,0,,,,0.940,-3.198,True,0.439,-2.540,1.42,32.07
1786962334.590,,0,,,,0.900,-3.250,True,0.438,-2.474,1.37,31.63
1786962334.690,,0,,,,0.820,-3.353,True,0.437,-2.507,1.37,31.38
1786962334.790,,0,,,,0.780,-3.404,True,0.436,-2.336,1.27,31.25
1786962334.840,,0,,,,0.770,-3.417,True,0.436,-2.383,1.30,31.23
1786962334.890,,0,,,,0.890,-3.263,True,0.438,-2.649,1.43,31.03
1786962334.990,,0,,,,1.110,-2.979,True,0.442,-1.967,1.06,30.84
1786962335.115,,0,,,,1.360,-2.658,True,0.446,-2.278,1.21,30.50
1786962335.140,,0,,,,1.500,-2.478,True,0.448,-2.321,1.24,30.49
1786962335.240,,0,,,,1.600,-2.349,True,0.450,-2.699,1.43,30.39
1786962335.290,,0,,,,1.600,-2.349,True,0.450,-2.817,1.49,30.38
1786962335.390,,0,,,,1.470,-2.516,True,0.448,-2.662,1.40,30.14
1786962335.490,,0,,,,1.130,-2.954,True,0.442,-2.894,1.51,29.98
1786962335.590,,0,,,,0.780,-3.404,True,0.436,-2.546,1.33,29.88
1786962335.690,,0,,,,0.420,-3.867,True,0.430,-2.589,1.34,29.61
1786962335.815,,0,,,,0.300,-4.022,True,0.428,-2.473,1.26,29.23
1786962335.890,,0,,,,0.300,-4.022,True,0.428,-2.601,1.34,29.49
1786962335.990,,0,,,,0.520,-3.739,True,0.432,-2.374,1.20,28.90
1786962336.090,,0,,,,0.630,-3.597,True,0.434,-2.438,1.22,28.72
1786962336.190,,0,,,,0.650,-3.571,True,0.434,-3.036,1.53,28.85
1786962336.290,,0,,,,0.580,-3.661,True,0.433,-2.981,1.50,28.84
1786962336.390,,0,,,,0.260,-4.073,True,0.427,-2.383,1.18,28.39
1786962336.440,,0,,,,0.130,-4.240,True,0.425,-2.473,1.22,28.17
1786962336.540,,0,,,,-0.100,-4.536,True,0.422,-2.403,1.18,28.09
1786962336.640,,0,,,,-0.180,-4.639,True,0.420,-2.249,1.10,27.93
1786962336.765,,0,,,,0.030,-4.369,True,0.424,-2.292,1.11,27.66
1786962336.790,,0,,,,0.200,-4.150,True,0.426,-2.397,1.16,27.64
1786962336.890,,0,,,,0.660,-3.558,True,0.434,-2.301,1.10,27.49
1786962336.965,,0,,,,0.850,-3.314,True,0.437,-2.355,1.13,27.48
1786962337.040,,0,,,,1.220,-2.838,True,0.443,-2.172,1.03,27.09
1786962337.090,,0,,,,1.360,-2.658,True,0.446,-2.481,1.17,26.95
1786962337.215,,0,,,,1.370,-2.645,True,0.446,-2.713,1.26,26.70
1786962337.290,,0,,,,1.240,-2.812,True,0.444,-2.559,1.18,26.53
1786962337.415,,0,,,,0.980,-3.147,True,0.439,-2.605,1.20,26.36
1786962337.440,,0,,,,0.900,-3.250,True,0.438,-2.516,1.16,26.34
1786962337.540,,0,,,,0.810,-3.365,True,0.437,-2.426,1.11,26.17
1786962337.590,,0,,,,0.750,-3.443,True,0.436,-2.418,1.10,26.16
1786962337.690,,0,,,,0.690,-3.520,True,0.435,-2.661,1.21,26.10
1786962337.790,,0,,,,0.590,-3.649,True,0.433,-2.392,1.08,25.81
1786962337.890,,0,,,,0.440,-3.842,True,0.430,-2.378,1.06,25.67
1786962337.940,,0,,,,0.310,-4.009,True,0.428,-2.495,1.11,25.48
1786962338.040,,0,,,,0.150,-4.215,True,0.426,-2.517,1.11,25.33
1786962338.090,,0,,,,0.000,-4.408,True,0.423,-2.518,1.11,25.32
1786962338.141,,0,,,,-0.070,-4.498,True,0.422,-2.462,1.07,24.95
1786962338.240,,0,,,,-0.110,-4.549,True,0.421,-2.367,1.03,24.92
1786962338.365,,0,,,,0.000,-4.408,True,0.423,-2.308,1.00,24.78
1786962338.490,,0,,,,0.200,-4.150,True,0.426,-2.411,1.04,24.75
1786962338.590,,0,,,,0.410,-3.880,True,0.430,-1.989,0.85,24.38
1786962338.690,,0,,,,0.500,-3.764,True,0.431,-2.415,1.02,24.27
1786962338.790,,0,,,,0.490,-3.777,True,0.431,-2.153,0.90,24.09
1786962338.865,,0,,,,0.510,-3.752,True,0.432,-2.645,1.10,23.94
1786962338.890,,0,,,,0.470,-3.803,True,0.431,-2.756,1.15,23.93
1786962338.990,,0,,,,0.400,-3.893,True,0.430,-2.434,1.00,23.66
1786962339.090,,0,,,,0.390,-3.906,True,0.430,-2.441,0.99,23.30
1786962339.190,,0,,,,0.350,-3.957,True,0.429,-2.365,0.96,23.17
1786962339.265,,0,,,,0.330,-3.983,True,0.429,-2.306,0.93,23.15
1786962339.340,,0,,,,0.300,-4.022,True,0.428,-2.289,0.92,22.95
1786962339.440,,0,,,,0.250,-4.086,True,0.427,-2.237,0.89,22.73
1786962339.540,,0,,,,0.180,-4.176,True,0.426,-2.297,0.90,22.56
1786962339.590,,0,,,,0.150,-4.215,True,0.426,-2.241,0.88,22.54
1786962339.690,,0,,,,0.040,-4.356,True,0.424,-2.263,0.88,22.41
1786962339.790,,0,,,,0.020,-4.382,True,0.424,-2.295,0.89,22.11
1786962339.890,,0,,,,0.090,-4.292,True,0.425,-2.192,0.84,22.09
1786962339.890,,0,,,,0.090,-4.292,True,0.425,-2.092,0.81,22.08
1786962340.015,,0,,,,0.300,-4.022,True,0.428,-2.056,0.78,21.87
1786962340.090,,0,,,,0.470,-3.803,True,0.431,-1.922,0.72,21.50
1786962340.190,,0,,,,0.620,-3.610,True,0.433,-2.047,0.77,21.48
1786962340.290,,0,,,,0.830,-3.340,True,0.437,-2.045,0.77,21.47
1786962340.490,,0,,,,0.870,-3.288,True,0.438,-2.566,0.94,20.96
1786962340.590,,0,,,,0.740,-3.456,True,0.435,-2.760,1.00,20.76
1786962340.690,,0,,,,0.630,-3.597,True,0.434,-2.812,1.01,20.61
1786962340.890,,0,,,,0.770,-3.417,True,0.436,-2.843,1.01,20.29
1786962340.940,,0,,,,0.940,-3.198,True,0.439,-2.793,0.99,20.28
1786962341.090,,0,,,,1.150,-2.928,True,0.442,-2.857,1.01,20.26
1786962341.190,,0,,,,1.180,-2.889,True,0.443,-2.299,0.78,19.52
1786962341.290,,0,,,,1.000,-3.121,True,0.440,-2.332,0.79,19.49
1786962341.390,,0,,,,0.870,-3.288,True,0.438,-2.861,0.97,19.36
1786962341.590,,0,,,,0.770,-3.417,True,0.436,-2.534,0.84,18.99
1786962341.690,,0,,,,0.880,-3.275,True,0.438,-2.497,0.82,18.79
1786962341.790,,0,,,,1.130,-2.954,True,0.442,-2.541,0.82,18.60
1786962341.890,,0,,,,1.390,-2.619,True,0.446,-2.501,0.81,18.49
1786962342.190,,0,,,,2.140,-1.654,True,0.459,-2.640,0.82,17.73
1786962342.265,,0,,,,2.260,-1.500,True,0.461,-2.788,0.86,17.71
1786962342.340,,0,,,,2.220,-1.551,True,0.461,-2.892,0.89,17.70
1786962342.415,,0,,,,2.200,-1.577,True,0.460,-2.552,0.77,17.33
1786962342.490,,0,,,,2.120,-1.680,True,0.459,-2.646,0.80,17.31
1786962342.565,,0,,,,2.030,-1.796,True,0.457,-2.713,0.82,17.30
1786962342.690,,0,,,,2.020,-1.809,True,0.457,-4.479,1.32,16.90
1786962342.690,,0,,,,2.020,-1.809,True,0.457,-4.451,1.31,16.89
1786962342.815,,0,,,,2.050,-1.770,True,0.458,-3.154,0.91,16.62
1786962342.840,,0,,,,2.050,-1.770,True,0.458,-3.057,0.89,16.61
1786962342.940,,0,,,,2.050,-1.770,True,0.458,-2.904,0.83,16.45
1786962342.990,,0,,,,2.480,-1.217,True,0.465,-2.785,0.80,16.44
1786962343.065,,0,,,,2.510,-1.178,True,0.466,-2.523,0.71,16.22
1786962343.140,,0,,,,2.480,-1.217,True,0.465,-2.508,0.70,16.07
1786962343.265,,0,,,,2.270,-1.487,True,0.461,-2.613,0.72,15.89
1786962343.340,,0,,,,2.100,-1.706,True,0.458,-2.636,0.72,15.71
1786962343.465,,0,,,,1.850,-2.027,True,0.454,-2.701,0.73,15.55
1786962343.565,,0,,,,1.790,-2.105,True,0.453,-2.740,0.74,15.38
1786962343.590,,0,,,,1.830,-2.053,True,0.454,-2.649,0.71,15.36
1786962343.690,,0,,,,2.100,-1.706,True,0.458,-2.555,0.68,15.18
1786962343.790,,0,,,,2.480,-1.217,True,0.465,-2.332,0.61,15.00
1786962343.915,,0,,,,2.890,-0.689,True,0.472,-1.780,0.55,17.64
1786962343.990,,0,,,,3.160,-0.342,True,0.477,-2.422,0.61,14.44
1786962344.090,,0,,,,3.300,-0.162,True,0.479,-2.483,0.62,14.42
1786962344.140,,0,,,,3.320,-0.136,True,0.480,-2.636,0.66,14.41
1786962344.190,,0,,,,3.370,-0.072,True,0.481,-2.669,0.67,14.41
1786962344.240,,0,,,,3.380,-0.059,True,0.481,-1.777,0.52,16.64
1786962344.290,,0,,,,3.370,-0.072,True,0.481,-1.883,0.55,16.63
1786962344.390,,0,,,,3.530,0.134,True,0.483,-3.099,0.75,13.93
1786962344.440,,0,,,,3.570,0.186,True,0.484,-3.137,0.75,13.78
1786962344.540,,0,,,,3.800,0.482,True,0.488,-3.191,0.77,13.76
1786962344.690,,0,,,,4.110,0.881,True,0.494,-2.916,0.68,13.40
1786962344.740,,0,,,,4.170,0.958,True,0.495,-2.902,0.68,13.39
1786962344.790,,0,,,,4.240,1.048,True,0.496,-2.373,0.64,15.38
1786962344.890,,0,,,,4.300,1.125,True,0.497,-3.257,0.73,12.89
1786962344.940,,0,,,,4.260,1.074,True,0.497,-3.215,0.72,12.88
1786962344.990,,0,,,,4.210,1.009,True,0.496,-1.832,0.47,14.81
1786962345.090,,0,,,,4.070,0.829,True,0.493,-2.836,0.62,12.50
1786962345.140,,0,,,,3.980,0.713,True,0.492,-2.828,0.62,12.49
1786962345.290,,0,,,,3.820,0.507,True,0.489,-2.864,0.62,12.46
1786962345.340,,0,,,,3.840,0.533,True,0.489,-2.746,0.60,12.45
1786962345.440,,0,,,,3.930,0.649,True,0.491,-0.345,0.09,14.82
1786962345.590,,0,,,,4.290,1.112,True,0.497,-1.673,0.40,13.75
1786962345.640,,0,,,,4.450,1.318,True,0.500,-1.752,0.42,13.73
1786962345.740,,0,,,,4.620,1.537,True,0.503,-1.804,0.44,13.92
1786962345.790,,0,,,,4.670,1.601,True,0.504,-2.358,0.46,11.24
1786962345.890,,0,,,,4.790,1.756,True,0.506,-2.456,0.48,11.23
1786962345.940,,0,,,,4.790,1.756,True,0.506,-1.790,0.42,13.38
1786962346.040,,0,,,,4.870,1.858,True,0.508,0.198,0.05,13.65
1786962346.090,,0,,,,4.920,1.923,True,0.509,-0.005,0.00,13.64
1786962346.190,,0,,,,5.030,2.064,True,0.511,-2.126,0.49,13.18
1786962346.290,,0,,,,5.120,2.180,True,0.512,-2.892,0.53,10.51
1786962346.415,,0,,,,5.300,2.412,True,0.516,-3.312,0.60,10.39
1786962346.490,,0,,,,5.380,2.515,True,0.517,-2.033,0.45,12.58
1786962346.590,,0,,,,5.480,2.643,True,0.519,-2.637,0.46,10.02
1786962346.640,,0,,,,5.510,2.682,True,0.519,-2.327,0.50,12.20
1786962346.765,,0,,,,5.530,2.708,True,0.520,-2.874,0.49,9.68
1786962346.815,,0,,,,5.470,2.630,True,0.519,-2.866,0.48,9.67
1786962346.890,,0,,,,5.490,2.656,True,0.519,-3.068,0.52,9.65
1786962346.990,,0,,,,5.470,2.630,True,0.519,-2.887,0.46,9.10
1786962347.040,,0,,,,5.420,2.566,True,0.518,-2.956,0.47,9.09
1786962347.165,,0,,,,5.380,2.515,True,0.517,-3.480,0.54,8.97
1786962347.240,,0,,,,5.380,2.515,True,0.517,-3.060,0.47,8.76
1786962347.340,,0,,,,5.330,2.450,True,0.516,-3.475,0.52,8.63
1786962347.465,,0,,,,5.410,2.553,True,0.518,-3.275,0.48,8.43
1786962347.565,,0,,,,5.530,2.708,True,0.520,-3.129,0.45,8.26
1786962347.590,,0,,,,5.530,2.708,True,0.520,-3.077,0.43,8.09
1786962347.765,,0,,,,5.750,2.991,True,0.524,-0.007,0.00,8.98
1786962347.790,,0,,,,5.790,3.042,True,0.525,-0.137,0.02,8.96
1786962347.890,,0,,,,5.840,3.107,True,0.526,-3.289,0.51,8.89
1786962347.990,,0,,,,5.830,3.094,True,0.525,-5.172,0.69,7.64
1786962348.090,,0,,,,5.770,3.016,True,0.524,-3.381,0.43,7.35
1786962348.140,,0,,,,5.720,2.952,True,0.523,-4.681,0.68,8.35
1786962348.240,,0,,,,5.670,2.888,True,0.522,-2.953,0.36,7.06
1786962348.340,,0,,,,5.690,2.914,True,0.523,-3.136,0.44,7.96
1786962348.465,,0,,,,5.690,2.914,True,0.523,-2.860,0.33,6.71
1786962348.540,,0,,,,5.710,2.939,True,0.523,-2.948,0.34,6.69
1786962348.590,,0,,,,5.680,2.901,True,0.523,-3.624,0.41,6.53
1786962348.690,,0,,,,5.540,2.721,True,0.520,-3.485,0.37,6.16
1786962348.815,,0,,,,5.430,2.579,True,0.518,-4.083,0.43,6.04
1786962348.915,,0,,,,5.370,2.502,True,0.517,-3.866,0.40,5.87
1786962348.940,,0,,,,5.380,2.515,True,0.517,-3.914,0.40,5.86
1786962348.990,,0,,,,5.400,2.540,True,0.517,-2.768,0.33,6.79
1786962349.090,,0,,,,5.540,2.721,True,0.520,-3.500,0.34,5.52
1786962349.190,,0,,,,5.790,3.042,True,0.525,-4.210,0.40,5.39
1786962349.240,,0,,,,5.870,3.145,True,0.526,-4.318,0.40,5.38
1786962349.390,,0,,,,6.100,3.441,True,0.530,-3.890,0.34,5.04
1786962349.515,,0,,,,6.050,3.377,True,0.529,-4.860,0.41,4.90
1786962349.590,,0,,,,5.990,3.300,True,0.528,-5.045,0.43,4.88
1786962349.690,,0,,,,5.920,3.209,True,0.527,-4.906,0.40,4.72
1786962349.790,,0,,,,5.950,3.248,True,0.528,-5.107,0.41,4.57
1786962349.890,,0,,,,6.070,3.402,True,0.530,-4.884,0.38,4.42
1786962349.940,,0,,,,6.100,3.441,True,0.530,-4.973,0.37,4.27
1786962350.040,,0,,,,6.200,3.570,True,0.532,-4.904,0.35,4.15
1786962350.090,,0,,,,6.200,3.570,True,0.532,-4.886,0.35,4.13
1786962350.190,,0,,,,6.130,3.480,True,0.531,-5.029,0.35,3.96
1786962350.290,,0,,,,5.960,3.261,True,0.528,-4.813,0.32,3.82
1786962350.390,,0,,,,5.790,3.042,True,0.525,-5.411,0.35,3.71
1786962350.465,,0,,,,5.780,3.029,True,0.524,-4.679,0.29,3.59
1786962350.565,,0,,,,5.790,3.042,True,0.525,-4.405,0.27,3.48
1786962350.615,,0,,,,5.850,3.119,True,0.526,-4.470,0.27,3.47
1786962350.690,,0,,,,6.010,3.325,True,0.529,-5.436,0.32,3.38
1786962350.740,,0,,,,6.210,3.583,True,0.532,-5.429,0.32,3.36
1786962350.840,,0,,,,6.480,3.908,True,0.533,-5.381,0.30,3.24
1786962350.940,,0,,,,6.680,4.135,True,0.530,-5.984,0.33,3.15
1786962351.065,,0,,,,6.640,4.090,True,0.530,-5.381,0.28,2.98
1786962351.140,,0,,,,6.530,3.965,True,0.532,-5.636,0.29,2.96
1786962351.240,,0,,,,6.380,3.794,True,0.534,-6.862,0.35,2.89
1786962351.315,,0,,,,6.430,3.851,True,0.533,-6.064,0.30,2.83
1786962351.390,,0,,,,6.550,3.987,True,0.532,-7.398,0.36,2.79
1786962351.540,,0,,,,6.920,4.408,True,0.527,-6.085,0.29,2.71
1786962351.690,,0,,,,7.050,4.556,True,0.525,-6.477,0.30,2.69
1786962351.790,,0,,,,7.120,4.636,True,0.524,-5.956,0.28,2.66
1786962351.840,,0,,,,7.140,4.659,True,0.524,-6.074,0.28,2.64
1786962351.990,,0,,,,7.140,4.659,True,0.524,-5.939,0.27,2.62
1786962352.040,,0,,,,7.200,4.727,True,0.523,-4.805,0.22,2.59
1786962352.165,,0,,,,7.320,4.864,True,0.521,-4.868,0.22,2.58
1786962352.240,,0,,,,7.540,5.114,True,0.518,-5.017,0.22,2.56
1786962352.340,,0,,,,7.610,5.194,True,0.517,-5.034,0.22,2.54
1786962352.490,,0,,,,7.910,5.535,True,0.513,-5.215,0.23,2.53
1786962352.565,,0,,,,7.890,5.512,True,0.514,-5.173,0.23,2.51
1786962352.690,,0,,,,7.980,5.615,True,0.512,-5.077,0.22,2.49
1786962352.890,,0,,,,8.250,5.922,True,0.509,-5.051,0.22,2.45
1786962352.940,,0,,,,8.360,6.047,True,0.507,-4.857,0.21,2.44
1786962353.065,,0,,,,8.410,6.104,True,0.507,-4.828,0.20,2.42
1786962353.090,,0,,,,8.390,6.081,True,0.507,-4.609,0.19,2.41
1786962353.190,,0,,,,8.150,5.808,True,0.510,-4.511,0.19,2.39
1786962353.290,,0,,,,7.920,5.546,True,0.513,-4.431,0.18,2.37
1786962353.440,,0,,,,7.700,5.296,True,0.516,-4.477,0.18,2.35
1786962353.490,,0,,,,7.710,5.307,True,0.516,-4.181,0.17,2.34
1786962353.590,,0,,,,7.960,5.592,True,0.513,-4.075,0.16,2.31
1786962353.740,,0,,,,8.520,6.229,True,0.505,-3.931,0.16,2.29
1786962353.840,,0,,,,8.850,6.605,True,0.501,-4.076,0.16,2.27
1786962353.990,,0,,,,8.840,6.593,True,0.501,-3.731,0.15,2.25
1786962354.040,,0,,,,8.740,6.479,True,0.502,-3.977,0.15,2.23
1786962354.190,,0,,,,8.400,6.093,True,0.507,-4.062,0.16,2.21
1786962354.290,,0,,,,8.590,6.309,True,0.504,-4.158,0.16,2.20
1786962354.415,,0,,,,8.830,6.582,True,0.501,-3.977,0.15,2.16
1786962354.540,,0,,,,9.710,7.583,True,0.490,-3.885,0.15,2.14
1786962354.590,,0,,,,9.920,7.822,True,0.487,-4.051,0.15,2.13
1786962354.690,,0,,,,10.200,8.141,True,0.483,-4.264,0.16,2.11
1786962354.740,,0,,,,10.160,8.095,True,0.484,-4.204,0.15,2.10
1786962354.890,,0,,,,9.720,7.595,True,0.489,-4.465,0.16,2.08
1786962354.940,,0,,,,9.540,7.390,True,0.492,-4.350,0.16,2.07
1786962354.990,,0,,,,9.410,7.242,True,0.494,-4.190,0.15,2.05
1786962355.090,,0,,,,9.290,7.105,True,0.495,-4.169,0.15,2.04
1786962355.190,,0,,,,9.290,7.105,True,0.495,-3.943,0.14,2.02
1786962355.265,,0,,,,9.410,7.242,True,0.494,-3.813,0.13,2.01
1786962355.315,,0,,,,9.450,7.287,True,0.493,-3.588,0.13,2.00
1786962355.465,,0,,,,9.700,7.572,True,0.490,-3.475,0.12,1.98
1786962355.540,,0,,,,9.720,7.595,True,0.489,-3.230,0.11,1.96
1786962355.615,,0,,,,9.720,7.595,True,0.489,-3.176,0.11,1.95
1786962355.690,,0,,,,9.800,7.686,True,0.488,-3.001,0.10,1.94
1786962355.790,,0,,,,9.970,7.879,True,0.486,-2.745,0.09,1.92
1786962355.940,,0,,,,10.280,8.232,True,0.482,-2.583,0.09,1.89
1786962359.190,,0,,,,10.570,8.562,True,0.478,-22.873,1.39,3.58
1786962359.290,,0,,,,10.480,8.459,True,0.480,-22.905,1.39,3.57
1786962359.465,,0,,,,10.130,8.061,True,0.484,-20.891,1.27,3.58
1786962359.490,,0,,,,10.020,7.936,True,0.486,-20.874,1.27,3.56
1786962359.590,,0,,,,9.800,7.686,True,0.488,-20.836,1.26,3.55
1786962360.190,,0,,,,9.910,7.811,True,0.487,-19.707,1.19,3.54
1786962360.340,,0,,,,9.840,7.731,True,0.488,-20.728,1.23,3.49
1786962360.390,,0,,,,9.790,7.674,True,0.489,-20.748,1.23,3.48
1786962360.540,,0,,,,9.720,7.595,True,0.489,-20.203,1.21,3.52
1786962360.965,,0,,,,10.190,8.129,True,0.483,-20.551,1.23,3.51
1786962361.040,,0,,,,10.370,8.334,True,0.481,-20.591,1.23,3.50
1786962361.590,,0,,,,10.310,8.266,True,0.482,-18.338,1.07,3.41
1786962361.640,,0,,,,10.330,8.289,True,0.482,-18.129,1.06,3.41
1786962361.790,,0,,,,10.670,8.676,True,0.477,-17.839,1.04,3.38
1786962362.240,,0,,,,10.650,8.653,True,0.477,-16.779,0.95,3.30
1786962362.340,,0,,,,10.530,8.516,True,0.479,-16.546,0.94,3.29
1786962362.540,,0,,,,10.900,8.937,True,0.474,-16.321,0.92,3.26
1786962362.640,,0,,,,11.110,9.176,True,0.472,-16.272,0.91,3.25
1786962362.790,,0,,,,11.320,9.415,True,0.469,-16.212,0.90,3.22
1786962362.890,,0,,,,11.300,9.393,True,0.469,-16.102,0.89,3.21
1786962362.990,,0,,,,11.300,9.393,True,0.469,-15.955,0.88,3.19
1786962363.090,,0,,,,11.250,9.336,True,0.470,-15.790,0.86,3.18
1786962363.190,,0,,,,11.300,9.393,True,0.469,-15.628,0.85,3.16
1786962363.290,,0,,,,11.490,9.609,True,0.467,-15.456,0.84,3.15
1786962363.390,,0,,,,11.710,9.859,True,0.464,-15.362,0.83,3.14
1786962363.440,,0,,,,11.780,9.939,True,0.463,-15.301,0.83,3.13
1786962363.540,,0,,,,11.880,10.053,True,0.462,-15.152,0.81,3.12
1786962363.640,,0,,,,11.780,9.939,True,0.463,-15.144,0.81,3.11
1786962363.740,,0,,,,6.000,3.312,True,0.528,-13.009,0.70,3.09
1786962363.840,,0,,,,7.600,5.182,True,0.517,-9.057,0.49,3.09
1786962363.890,,0,,,,7.650,5.239,True,0.517,-9.801,0.52,3.08
1786962363.940,,0,,,,7.630,5.216,True,0.517,-10.063,0.54,3.06
1786962364.040,,0,,,,7.660,5.250,True,0.517,-10.079,0.54,3.06
1786962364.090,,0,,,,7.620,5.205,True,0.517,-9.890,0.52,3.05
1786962364.190,,0,,,,7.700,5.296,True,0.516,-9.437,0.50,3.04
1786962364.290,,0,,,,7.960,5.592,True,0.513,-9.153,0.48,3.02
1786962364.415,,0,,,,8.310,5.990,True,0.508,-9.015,0.47,3.01
1786962364.565,,0,,,,8.710,6.445,True,0.503,-11.073,0.57,2.99
1786962364.665,,0,,,,8.710,6.445,True,0.503,-9.009,0.47,2.98
1786962364.790,,0,,,,9.220,7.026,True,0.496,-8.880,0.46,2.96
1786962364.965,,0,,,,8.920,6.684,True,0.500,-9.687,0.49,2.94
1786962365.090,,0,,,,9.020,6.798,True,0.499,-9.760,0.50,2.93
1786962368.590,,0,,,,17.920,17.059,True,0.489,-6.618,0.23,2.02
1786962368.640,,0,,,,17.820,16.941,True,0.486,-6.602,0.23,2.01
1786962368.690,,0,,,,17.840,16.965,True,0.487,-6.296,0.22,2.01
1786962368.790,,0,,,,18.140,17.320,True,0.494,-5.861,0.20,1.99
1786962368.890,,0,,,,18.600,17.864,True,0.504,-5.782,0.20,1.99
1786962368.990,,0,,,,18.920,18.243,True,0.512,-5.257,0.18,1.97
1786962369.090,,0,,,,19.360,18.764,True,0.523,3.861,0.15,2.19
1786962369.190,,0,,,,19.480,18.906,True,0.525,4.008,0.15,2.18
1786962369.290,,0,,,,19.300,18.693,True,0.521,-3.935,0.14,2.06
1786962369.390,,0,,,,18.980,18.314,True,0.513,-3.795,0.14,2.04
1786962369.565,,0,,,,18.490,17.734,True,0.502,-1.512,0.05,2.01
1786962369.640,,0,,,,18.400,17.627,True,0.500,-1.209,0.04,2.00
1786962369.690,,0,,,,18.350,17.568,True,0.499,-0.775,0.03,1.99
