t,ns,marker_id,track_id,boresight_deg,angle_in_frame_deg,gimbal_yaw_deg,corrected_yaw_deg,yaw_correction_valid,yaw_sigma_deg,angle_error_deg,miss_distance_m,range_m
1786962005.044,,0,,,,0.580,-3.661,True,0.433,4.291,2.63,35.15
1786962005.069,,0,,,,0.520,-3.739,True,0.432,4.232,2.59,35.15
1786962005.094,,0,,,,0.500,-3.764,True,0.431,4.186,2.56,35.13
1786962005.119,,0,,,,0.560,-3.687,True,0.432,4.124,2.53,35.12
1786962005.144,,0,,,,0.610,-3.623,True,0.433,3.961,2.43,35.11
1786962005.169,,0,,,,0.750,-3.443,True,0.436,3.914,2.39,35.07
1786962005.196,,0,,,,0.910,-3.237,True,0.438,3.727,2.28,35.06
1786962005.219,,0,,,,0.930,-3.211,True,0.439,3.482,2.13,35.04
1786962005.269,,0,,,,0.700,-3.507,True,0.435,3.385,2.07,35.03
1786962005.294,,0,,,,0.510,-3.752,True,0.432,3.347,2.04,35.03
1786962005.319,,0,,,,0.370,-3.932,True,0.429,3.430,2.09,35.00
1786962005.369,,0,,,,0.100,-4.279,True,0.425,3.532,2.16,34.99
1786962005.394,,0,,,,-0.030,-4.446,True,0.423,3.687,2.25,34.97
1786962005.419,,0,,,,-0.050,-4.472,True,0.422,3.702,2.26,34.96
1786962005.469,,0,,,,-0.010,-4.421,True,0.423,3.721,2.27,34.95
1786962005.494,,0,,,,-0.020,-4.433,True,0.423,4.174,2.55,35.04
1786962005.494,,0,,,,-0.050,-4.472,True,0.422,4.106,2.51,35.04
1786962005.545,,0,,,,-0.140,-4.588,True,0.421,4.098,2.50,35.01
1786962005.545,,0,,,,-0.220,-4.691,True,0.420,4.057,2.48,35.00
1786962005.644,,0,,,,-0.300,-4.794,True,0.418,4.064,2.48,34.97
1786962005.719,,0,,,,-0.260,-4.742,True,0.419,4.076,2.49,34.96
1786962005.819,,0,,,,-0.130,-4.575,True,0.421,3.951,2.41,35.02
1786962005.894,,0,,,,-0.040,-4.459,True,0.423,3.841,2.35,35.01
1786962005.969,,0,,,,0.040,-4.356,True,0.424,3.790,2.31,35.01
1786962006.069,,0,,,,0.130,-4.240,True,0.425,3.993,2.44,35.08
1786962006.144,,0,,,,0.120,-4.253,True,0.425,3.915,2.39,35.07
1786962006.219,,0,,,,0.020,-4.382,True,0.424,3.813,2.33,35.06
1786962006.294,,0,,,,-0.120,-4.562,True,0.421,3.858,2.36,35.05
1786962006.369,,0,,,,-0.210,-4.678,True,0.420,3.826,2.34,35.03
1786962006.469,,0,,,,-0.350,-4.858,True,0.418,3.859,2.36,35.01
1786962006.544,,0,,,,-0.340,-4.845,True,0.418,3.901,2.38,35.00
1786962006.619,,0,,,,-0.300,-4.794,True,0.418,3.929,2.40,35.08
1786962006.669,,0,,,,-0.190,-4.652,True,0.420,3.868,2.37,35.08
1786962006.744,,0,,,,-0.080,-4.511,True,0.422,3.752,2.29,35.07
1786962006.794,,0,,,,-0.010,-4.421,True,0.423,3.639,2.22,35.05
1786962006.869,,0,,,,0.030,-4.369,True,0.424,3.939,2.41,35.08
1786962006.969,,0,,,,-0.040,-4.459,True,0.423,3.852,2.36,35.07
1786962007.044,,0,,,,-0.150,-4.601,True,0.421,3.736,2.28,35.05
1786962007.144,,0,,,,-0.430,-4.961,True,0.416,3.338,2.06,35.42
1786962007.219,,0,,,,-0.570,-5.141,True,0.414,3.338,2.06,35.40
1786962007.269,,0,,,,-0.610,-5.193,True,0.413,3.337,2.06,35.39
1786962007.369,,0,,,,-0.610,-5.193,True,0.413,3.382,2.09,35.39
1786962007.469,,0,,,,-0.530,-5.090,True,0.415,3.628,2.22,35.10
1786962007.544,,0,,,,-0.450,-4.987,True,0.416,3.568,2.18,35.09
1786962007.619,,0,,,,-0.390,-4.910,True,0.417,3.480,2.13,35.08
1786962007.719,,0,,,,-0.350,-4.858,True,0.418,3.841,2.35,35.10
1786962007.769,,0,,,,-0.290,-4.781,True,0.419,3.801,2.33,35.10
1786962007.844,,0,,,,-0.280,-4.768,True,0.419,3.751,2.29,35.08
1786962007.919,,0,,,,-0.290,-4.781,True,0.419,3.716,2.27,35.08
1786962008.044,,0,,,,-0.260,-4.742,True,0.419,3.649,2.23,35.10
1786962008.119,,0,,,,-0.230,-4.704,True,0.420,3.605,2.21,35.09
1786962008.194,,0,,,,-0.160,-4.614,True,0.421,3.523,2.15,35.07
1786962008.294,,0,,,,-0.140,-4.588,True,0.421,3.658,2.25,35.32
1786962008.369,,0,,,,-0.180,-4.639,True,0.420,3.646,2.25,35.32
1786962008.469,,0,,,,-0.320,-4.819,True,0.418,3.613,2.22,35.29
1786962008.544,,0,,,,-0.440,-4.974,True,0.416,3.681,2.24,34.90
1786962008.619,,0,,,,-0.540,-5.103,True,0.415,3.739,2.28,34.95
1786962008.744,,0,,,,-0.590,-5.167,True,0.414,3.840,2.35,35.05
1786962008.819,,0,,,,-0.540,-5.103,True,0.415,3.875,2.37,35.03
1786962008.869,,0,,,,-0.410,-4.935,True,0.417,3.767,2.30,35.02
1786962008.944,,0,,,,-0.290,-4.781,True,0.419,3.539,2.17,35.08
1786962009.044,,0,,,,0.010,-4.395,True,0.423,4.019,2.45,34.98
1786962009.144,,0,,,,0.160,-4.202,True,0.426,3.862,2.36,34.97
1786962009.219,,0,,,,0.170,-4.189,True,0.426,3.921,2.39,34.91
1786962009.294,,0,,,,0.100,-4.279,True,0.425,3.828,2.33,34.90
1786962009.369,,0,,,,-0.010,-4.421,True,0.423,3.855,2.35,34.89
1786962009.444,,0,,,,-0.110,-4.549,True,0.421,3.833,2.33,34.87
1786962009.519,,0,,,,-0.180,-4.639,True,0.420,3.804,2.31,34.87
1786962009.619,,0,,,,-0.180,-4.639,True,0.420,3.747,2.28,34.84
1786962009.669,,0,,,,-0.180,-4.639,True,0.420,3.710,2.25,34.84
1786962009.794,,0,,,,-0.080,-4.511,True,0.422,3.675,2.23,34.81
1786962009.869,,0,,,,0.010,-4.395,True,0.423,3.566,2.16,34.80
1786962009.969,,0,,,,0.110,-4.266,True,0.425,3.465,2.10,34.80
1786962010.044,,0,,,,0.110,-4.266,True,0.425,3.416,2.07,34.76
1786962010.119,,0,,,,0.090,-4.292,True,0.425,3.331,2.02,34.76
1786962010.194,,0,,,,-0.010,-4.421,True,0.423,3.310,2.01,34.73
1786962010.294,,0,,,,-0.160,-4.614,True,0.421,3.344,2.03,34.72
1786962010.369,,0,,,,-0.310,-4.807,True,0.418,3.355,2.03,34.71
1786962010.444,,0,,,,-0.400,-4.922,True,0.417,3.346,2.03,34.70
1786962010.519,,0,,,,-0.410,-4.935,True,0.417,3.382,2.05,34.68
1786962010.594,,0,,,,-0.350,-4.858,True,0.418,3.392,2.05,34.66
1786962010.694,,0,,,,-0.150,-4.601,True,0.421,3.218,1.95,34.65
1786962010.769,,0,,,,-0.020,-4.433,True,0.423,3.066,1.85,34.64
1786962010.845,,0,,,,0.220,-4.125,True,0.427,2.886,1.74,34.62
1786962010.919,,0,,,,0.400,-3.893,True,0.430,2.682,1.62,34.61
1786962011.019,,0,,,,0.470,-3.803,True,0.431,2.480,1.50,34.59
1786962011.069,,0,,,,0.410,-3.880,True,0.430,2.450,1.48,34.58
1786962011.144,,0,,,,0.260,-4.073,True,0.427,2.365,1.43,34.58
1786962011.219,,0,,,,0.120,-4.253,True,0.425,2.428,1.46,34.56
1786962011.294,,0,,,,0.050,-4.343,True,0.424,2.522,1.52,34.54
1786962011.394,,0,,,,-0.110,-4.549,True,0.421,2.504,1.51,34.52
1786962011.469,,0,,,,-0.200,-4.665,True,0.420,2.473,1.49,34.51
1786962011.594,,0,,,,-0.250,-4.729,True,0.419,2.353,1.42,34.50
1786962011.669,,0,,,,-0.250,-4.729,True,0.419,2.212,1.33,34.47
1786962011.744,,0,,,,-0.200,-4.665,True,0.420,2.148,1.29,34.46
1786962011.844,,0,,,,-0.180,-4.639,True,0.420,2.032,1.22,34.43
1786962011.944,,0,,,,-0.040,-4.459,True,0.423,1.940,1.17,34.42
1786962012.019,,0,,,,0.070,-4.318,True,0.424,1.825,1.10,34.40
1786962012.094,,0,,,,0.140,-4.228,True,0.426,1.661,1.00,34.39
1786962012.194,,0,,,,0.130,-4.240,True,0.425,1.465,0.88,34.36
1786962012.269,,0,,,,0.070,-4.318,True,0.424,1.340,0.80,34.36
1786962012.344,,0,,,,0.000,-4.408,True,0.423,1.236,0.74,34.35
1786962012.419,,0,,,,-0.170,-4.626,True,0.420,1.185,0.71,34.33
1786962012.519,,0,,,,-0.360,-4.871,True,0.417,1.167,0.70,34.32
1786962012.619,,0,,,,-0.480,-5.025,True,0.416,1.198,0.72,34.30
1786962012.694,,0,,,,-0.520,-5.077,True,0.415,1.223,0.73,34.29
1786962012.794,,0,,,,-0.450,-4.987,True,0.416,1.259,0.75,34.26
1786962012.844,,0,,,,-0.310,-4.807,True,0.418,3.732,2.22,34.08
1786962012.919,,0,,,,-0.070,-4.498,True,0.422,3.678,2.19,34.08
1786962013.019,,0,,,,0.290,-4.035,True,0.428,3.482,2.07,34.06
1786962013.119,,0,,,,0.440,-3.842,True,0.430,3.164,1.88,34.04
1786962013.169,,0,,,,0.470,-3.803,True,0.431,3.082,1.83,34.04
1786962013.244,,0,,,,0.340,-3.970,True,0.429,3.188,1.90,34.11
1786962013.319,,0,,,,0.050,-4.343,True,0.424,3.118,1.86,34.11
1786962013.394,,0,,,,-0.160,-4.614,True,0.421,3.207,1.91,34.10
1786962013.444,,0,,,,-0.380,-4.897,True,0.417,3.215,1.91,34.08
1786962013.544,,0,,,,-0.560,-5.128,True,0.414,3.367,2.00,34.07
1786962013.619,,0,,,,-0.470,-5.012,True,0.416,3.790,2.24,33.90
1786962013.669,,0,,,,-0.390,-4.910,True,0.417,3.609,2.13,33.89
1786962013.744,,0,,,,-0.040,-4.459,True,0.423,3.539,2.09,33.88
1786962013.844,,0,,,,0.420,-3.867,True,0.430,3.251,1.92,33.85
1786962013.894,,0,,,,0.600,-3.636,True,0.433,3.858,2.28,33.84
1786962013.969,,0,,,,0.640,-3.584,True,0.434,3.745,2.21,33.84
1786962014.044,,0,,,,0.530,-3.726,True,0.432,3.534,2.08,33.81
1786962014.094,,0,,,,0.300,-4.022,True,0.428,3.447,2.03,33.81
1786962014.169,,0,,,,0.030,-4.369,True,0.424,2.993,1.76,33.80
1786962014.244,,0,,,,-0.300,-4.794,True,0.418,2.936,1.73,33.77
1786962014.319,,0,,,,-0.610,-5.193,True,0.413,3.391,2.00,33.82
1786962014.394,,0,,,,-0.790,-5.424,True,0.411,3.537,2.09,33.80
1786962014.469,,0,,,,-0.750,-5.373,True,0.411,3.415,2.01,33.79
1786962014.544,,0,,,,-0.550,-5.115,True,0.414,3.669,2.15,33.61
1786962014.619,,0,,,,-0.170,-4.626,True,0.420,3.559,2.08,33.58
1786962014.694,,0,,,,0.150,-4.215,True,0.426,3.123,1.83,33.63
1786962014.794,,0,,,,0.470,-3.803,True,0.431,3.216,1.90,33.94
1786962014.869,,0,,,,0.530,-3.726,True,0.432,3.169,1.85,33.43
1786962014.944,,0,,,,0.490,-3.777,True,0.431,3.030,1.77,33.43
1786962015.019,,0,,,,0.300,-4.022,True,0.428,3.236,1.89,33.41
1786962015.119,,0,,,,-0.120,-4.562,True,0.421,3.037,1.78,33.53
1786962015.219,,0,,,,-0.460,-5.000,True,0.416,3.348,1.94,33.25
1786962015.344,,0,,,,-0.470,-5.012,True,0.416,3.609,2.10,33.37
1786962015.419,,0,,,,-0.280,-4.768,True,0.419,3.527,2.05,33.35
1786962015.469,,0,,,,-0.070,-4.498,True,0.422,3.276,1.91,33.34
1786962015.569,,0,,,,0.300,-4.022,True,0.428,3.212,1.86,33.24
1786962015.669,,0,,,,0.460,-3.816,True,0.431,2.922,1.69,33.22
1786962015.769,,0,,,,0.440,-3.842,True,0.430,2.658,1.54,33.21
1786962015.844,,0,,,,0.220,-4.125,True,0.427,2.656,1.54,33.20
1786962015.919,,0,,,,0.030,-4.369,True,0.424,2.868,1.66,33.15
1786962015.969,,0,,,,-0.220,-4.691,True,0.420,2.962,1.71,33.15
1786962016.069,,0,,,,-0.410,-4.935,True,0.417,2.934,1.70,33.12
1786962016.119,,0,,,,-0.430,-4.961,True,0.416,2.982,1.72,33.12
1786962016.194,,0,,,,-0.410,-4.935,True,0.417,3.011,1.74,33.09
1786962016.244,,0,,,,-0.320,-4.819,True,0.418,2.941,1.70,33.09
1786962016.319,,0,,,,-0.160,-4.614,True,0.421,2.960,1.71,33.08
1786962016.394,,0,,,,0.000,-4.408,True,0.423,2.794,1.61,33.06
1786962016.469,,0,,,,0.020,-4.382,True,0.424,2.706,1.56,33.04
1786962016.519,,0,,,,0.000,-4.408,True,0.423,2.591,1.49,33.04
1786962016.594,,0,,,,-0.050,-4.472,True,0.422,2.577,1.48,33.02
1786962016.694,,0,,,,-0.150,-4.601,True,0.421,2.582,1.49,33.01
1786962016.744,,0,,,,-0.160,-4.614,True,0.421,2.518,1.45,33.00
1786962016.844,,0,,,,-0.100,-4.536,True,0.422,2.476,1.42,32.97
1786962016.894,,0,,,,0.000,-4.408,True,0.423,2.379,1.37,32.97
1786962016.969,,0,,,,0.130,-4.240,True,0.425,2.193,1.26,32.97
1786962017.044,,0,,,,0.290,-4.035,True,0.428,2.126,1.22,32.95
1786962017.094,,0,,,,0.360,-3.945,True,0.429,1.937,1.11,32.93
1786962017.169,,0,,,,0.400,-3.893,True,0.430,1.820,1.05,32.93
1786962017.219,,0,,,,0.370,-3.932,True,0.429,1.728,0.99,32.91
1786962017.344,,0,,,,0.200,-4.150,True,0.426,1.746,1.00,32.90
1786962017.394,,0,,,,0.100,-4.279,True,0.425,1.741,1.00,32.87
1786962017.494,,0,,,,0.020,-4.382,True,0.424,1.750,1.00,32.86
1786962017.594,,0,,,,0.080,-4.305,True,0.425,1.672,0.96,32.83
1786962017.669,,0,,,,0.170,-4.189,True,0.426,1.533,0.88,32.83
1786962017.769,,0,,,,0.330,-3.983,True,0.429,1.406,0.81,32.82
1786962017.844,,0,,,,0.510,-3.752,True,0.432,1.363,0.78,32.80
1786962017.894,,0,,,,0.610,-3.623,True,0.433,1.133,0.65,32.79
1786962017.969,,0,,,,0.720,-3.481,True,0.435,1.000,0.57,32.78
1786962018.044,,0,,,,0.720,-3.481,True,0.435,0.843,0.48,32.77
1786962018.144,,0,,,,0.700,-3.507,True,0.435,0.737,0.42,32.75
1786962018.219,,0,,,,0.580,-3.661,True,0.433,0.703,0.40,32.73
1786962018.269,,0,,,,0.480,-3.790,True,0.431,0.707,0.40,32.71
1786962018.369,,0,,,,0.290,-4.035,True,0.428,0.794,0.45,32.70
1786962018.469,,0,,,,0.140,-4.228,True,0.426,0.870,0.50,32.67
1786962018.569,,0,,,,0.130,-4.240,True,0.425,0.801,0.46,32.66
1786962018.669,,0,,,,0.200,-4.150,True,0.426,0.749,0.43,32.64
1786962018.769,,0,,,,0.350,-3.957,True,0.429,0.697,0.40,32.63
1786962018.844,,0,,,,0.370,-3.932,True,0.429,0.598,0.34,32.61
1786962018.919,,0,,,,0.430,-3.854,True,0.430,0.370,0.21,32.60
1786962019.019,,0,,,,0.520,-3.739,True,0.432,0.229,0.13,32.58
1786962019.094,,0,,,,0.570,-3.674,True,0.433,0.024,0.01,32.57
1786962019.169,,0,,,,0.600,-3.636,True,0.433,-0.118,0.07,32.56
1786962019.269,,0,,,,0.620,-3.610,True,0.433,2.730,1.52,31.90
1786962019.369,,0,,,,0.590,-3.649,True,0.433,2.705,1.50,31.89
1786962019.444,,0,,,,0.540,-3.713,True,0.432,2.684,1.49,31.86
1786962019.519,,0,,,,0.520,-3.739,True,0.432,2.765,1.54,31.85
1786962019.569,,0,,,,0.500,-3.764,True,0.431,2.655,1.48,31.85
1786962019.644,,0,,,,0.500,-3.764,True,0.431,2.625,1.46,31.82
1786962019.694,,0,,,,0.500,-3.764,True,0.431,2.586,1.44,31.81
1786962019.769,,0,,,,0.550,-3.700,True,0.432,2.516,1.40,31.81
1786962019.819,,0,,,,0.610,-3.623,True,0.433,2.506,1.39,31.79
1786962019.894,,0,,,,0.690,-3.520,True,0.435,2.413,1.34,31.77
1786962019.969,,0,,,,0.760,-3.430,True,0.436,2.275,1.26,31.77
1786962020.044,,0,,,,0.840,-3.327,True,0.437,2.255,1.25,31.74
1786962020.119,,0,,,,0.880,-3.275,True,0.438,2.203,1.22,31.73
1786962020.219,,0,,,,0.940,-3.198,True,0.439,2.197,1.22,31.71
1786962020.294,,0,,,,1.000,-3.121,True,0.440,2.138,1.18,31.70
1786962020.369,,0,,,,1.110,-2.979,True,0.442,2.056,1.14,31.69
1786962020.469,,0,,,,1.090,-3.005,True,0.441,1.886,1.04,31.66
1786962020.544,,0,,,,1.030,-3.082,True,0.440,1.782,0.98,31.65
1786962020.594,,0,,,,0.940,-3.198,True,0.439,1.779,0.98,31.64
1786962020.719,,0,,,,0.720,-3.481,True,0.435,1.874,1.03,31.62
1786962020.794,,0,,,,0.580,-3.661,True,0.433,1.958,1.08,31.60
1786962020.894,,0,,,,0.440,-3.842,True,0.430,1.864,1.03,31.59
1786962020.944,,0,,,,0.430,-3.854,True,0.430,1.856,1.02,31.58
1786962021.019,,0,,,,0.470,-3.803,True,0.431,1.968,1.08,31.56
1786962021.094,,0,,,,0.610,-3.623,True,0.433,1.942,1.07,31.54
1786962021.169,,0,,,,0.840,-3.327,True,0.437,1.764,0.97,31.54
1786962021.244,,0,,,,0.990,-3.134,True,0.440,1.687,0.93,31.51
1786962021.344,,0,,,,1.150,-2.928,True,0.442,1.542,0.85,31.50
1786962021.419,,0,,,,1.180,-2.889,True,0.443,1.265,0.69,31.47
1786962021.469,,0,,,,1.130,-2.954,True,0.442,1.148,0.63,31.47
1786962021.544,,0,,,,1.010,-3.108,True,0.440,0.932,0.51,31.46
1786962021.619,,0,,,,0.810,-3.365,True,0.437,1.032,0.57,31.44
1786962021.694,,0,,,,0.660,-3.558,True,0.434,1.226,0.67,31.42
1786962021.744,,0,,,,0.630,-3.597,True,0.434,1.128,0.62,31.41
1786962021.819,,0,,,,0.590,-3.649,True,0.433,1.076,0.59,31.39
1786962021.894,,0,,,,0.630,-3.597,True,0.434,1.033,0.57,31.38
1786962021.969,,0,,,,0.730,-3.468,True,0.435,0.995,0.54,31.37
1786962022.019,,0,,,,0.890,-3.263,True,0.438,0.995,0.54,31.35
1786962022.144,,0,,,,1.100,-2.992,True,0.441,0.965,0.53,31.33
1786962022.194,,0,,,,1.180,-2.889,True,0.443,0.916,0.50,31.31
1786962022.269,,0,,,,1.190,-2.877,True,0.443,0.792,0.43,31.30
1786962022.344,,0,,,,1.170,-2.902,True,0.443,0.781,0.43,31.30
1786962022.494,,0,,,,0.890,-3.263,True,0.438,0.934,0.51,31.27
1786962022.569,,0,,,,0.800,-3.378,True,0.436,0.910,0.50,31.26
1786962022.744,,0,,,,0.860,-3.301,True,0.437,0.784,0.43,31.22
1786962024.519,,0,,,,1.280,-2.761,True,0.444,1.080,0.56,29.85
1786962024.619,,0,,,,1.440,-2.555,True,0.447,1.005,0.52,29.83
1786962024.719,,0,,,,1.530,-2.439,True,0.449,0.952,0.50,29.81
1786962024.819,,0,,,,1.550,-2.413,True,0.449,0.946,0.49,29.79
1786962024.894,,0,,,,1.480,-2.503,True,0.448,0.895,0.47,29.77
1786962024.994,,0,,,,1.380,-2.632,True,0.446,0.892,0.46,29.74
1786962025.069,,0,,,,1.220,-2.838,True,0.443,0.758,0.39,29.73
1786962025.169,,0,,,,0.970,-3.160,True,0.439,0.874,0.45,29.72
1786962025.319,,0,,,,0.750,-3.443,True,0.436,0.785,0.41,29.68
1786962025.394,,0,,,,0.680,-3.533,True,0.434,0.786,0.41,29.66
1786962025.469,,0,,,,0.660,-3.558,True,0.434,0.699,0.36,29.65
1786962025.569,,0,,,,0.630,-3.597,True,0.434,0.890,0.46,29.64
1786962026.244,,0,,,,1.030,-3.082,True,0.440,2.148,1.02,27.29
1786962026.319,,0,,,,1.110,-2.979,True,0.442,2.072,0.99,27.28
1786962026.419,,0,,,,1.130,-2.954,True,0.442,1.885,0.90,27.26
1786962026.494,,0,,,,1.170,-2.902,True,0.443,1.801,0.86,27.24
1786962026.569,,0,,,,1.220,-2.838,True,0.443,1.675,0.80,27.24
1786962026.619,,0,,,,1.200,-2.864,True,0.443,1.600,0.76,27.22
1786962026.694,,0,,,,1.210,-2.851,True,0.443,1.488,0.71,27.21
1786962026.819,,0,,,,1.160,-2.915,True,0.442,1.830,0.87,27.18
1786962026.894,,0,,,,1.120,-2.967,True,0.442,1.911,0.91,27.16
1786962026.969,,0,,,,1.020,-3.095,True,0.440,1.743,0.83,27.16
1786962027.044,,0,,,,0.940,-3.198,True,0.439,1.779,0.84,27.13
1786962027.144,,0,,,,0.870,-3.288,True,0.438,1.765,0.84,27.12
1786962027.194,,0,,,,0.750,-3.443,True,0.436,1.787,0.85,27.10
1786962027.269,,0,,,,0.700,-3.507,True,0.435,1.684,0.80,27.10
1786962027.369,,0,,,,0.700,-3.507,True,0.435,1.746,0.83,27.08
1786962027.419,,0,,,,0.690,-3.520,True,0.435,1.750,0.83,27.07
1786962050.994,,0,,,,0.060,-4.331,True,0.424,-0.204,0.08,22.57
1786962051.119,,0,,,,0.160,-4.202,True,0.426,-0.151,0.06,22.55
1786962051.244,,0,,,,0.290,-4.035,True,0.428,-0.005,0.00,22.53
1786962051.319,,0,,,,0.370,-3.932,True,0.429,0.100,0.04,22.52
1786962051.394,,0,,,,0.390,-3.906,True,0.430,0.291,0.11,22.51
1786962051.494,,0,,,,0.460,-3.816,True,0.431,0.412,0.16,22.49
1786962051.644,,0,,,,0.570,-3.674,True,0.433,0.603,0.24,22.47
1786962051.769,,0,,,,0.700,-3.507,True,0.435,0.794,0.31,22.44
1786962051.844,,0,,,,0.720,-3.481,True,0.435,0.946,0.37,22.43
1786962051.944,,0,,,,0.680,-3.533,True,0.434,1.014,0.40,22.41
1786962056.219,,0,,,,1.130,-2.954,True,0.442,0.417,0.16,22.53
1786962056.344,,0,,,,1.260,-2.786,True,0.444,0.453,0.18,22.51
1786962056.394,,0,,,,1.230,-2.825,True,0.444,0.615,0.24,22.49
1786962056.444,,0,,,,1.130,-2.954,True,0.442,0.957,0.38,22.48
1786962056.569,,0,,,,0.830,-3.340,True,0.437,1.372,0.54,22.46
1786962056.619,,0,,,,0.670,-3.546,True,0.434,1.653,0.65,22.45
1786962056.719,,0,,,,0.460,-3.816,True,0.431,2.160,0.85,22.43
1786962056.794,,0,,,,0.400,-3.893,True,0.430,2.605,1.02,22.42
1786962056.869,,0,,,,0.410,-3.880,True,0.430,2.779,1.09,22.42
1786962056.969,,0,,,,0.510,-3.752,True,0.432,3.042,1.19,22.40
1786962057.044,,0,,,,0.630,-3.597,True,0.434,3.230,1.26,22.39
1786962057.069,,0,,,,0.760,-3.430,True,0.436,3.244,1.27,22.38
1786962057.169,,0,,,,0.970,-3.160,True,0.439,3.323,1.30,22.36
1786962063.269,,0,,,,0.000,-4.408,True,0.423,1.076,0.49,25.96
1786962063.343,,0,,,,0.000,-4.408,True,0.423,1.291,0.58,25.94
1786962063.419,,0,,,,0.000,-4.408,True,0.423,1.358,0.61,25.93
1786962063.494,,0,,,,0.060,-4.331,True,0.424,0.978,0.45,26.30
1786962063.569,,0,,,,0.080,-4.305,True,0.425,1.030,0.47,26.30
1786962063.643,,0,,,,0.110,-4.266,True,0.425,1.000,0.46,26.27
1786962063.718,,0,,,,0.090,-4.292,True,0.425,1.049,0.48,26.26
1786962063.794,,0,,,,0.070,-4.318,True,0.424,0.971,0.45,26.45
1786962063.869,,0,,,,0.030,-4.369,True,0.424,1.118,0.52,26.44
1786962063.969,,0,,,,-0.020,-4.433,True,0.423,1.264,0.58,26.43
1786962064.044,,0,,,,-0.150,-4.601,True,0.421,1.038,0.48,26.70
1786962064.119,,0,,,,-0.270,-4.755,True,0.419,1.117,0.52,26.70
1786962064.193,,0,,,,-0.410,-4.935,True,0.417,1.448,0.67,26.68
1786962064.318,,0,,,,-0.640,-5.231,True,0.413,1.645,0.77,26.66
1786962064.393,,0,,,,-0.700,-5.308,True,0.412,2.021,0.94,26.64
1786962064.468,,0,,,,-0.730,-5.347,True,0.412,2.150,1.00,26.63
1786962064.518,,0,,,,-0.730,-5.347,True,0.412,2.279,1.06,26.62
1786962064.618,,0,,,,-0.710,-5.321,True,0.412,2.296,1.07,26.60
1786962064.718,,0,,,,-0.650,-5.244,True,0.413,2.227,1.03,26.59
1786962064.794,,0,,,,-0.640,-5.231,True,0.413,2.162,1.00,26.56
1786962064.868,,0,,,,-0.610,-5.193,True,0.413,1.156,0.56,27.61
1786962064.943,,0,,,,-0.610,-5.193,True,0.413,1.182,0.57,27.60
1786962065.018,,0,,,,-0.610,-5.193,True,0.413,1.169,0.56,27.58
1786962065.068,,0,,,,-0.650,-5.244,True,0.413,1.238,0.60,27.57
1786962065.144,,0,,,,-0.640,-5.231,True,0.413,2.094,0.99,27.15
1786962065.244,,0,,,,-0.570,-5.141,True,0.414,2.176,1.03,27.13
1786962065.293,,0,,,,-0.470,-5.012,True,0.416,2.360,1.12,27.11
1786962065.418,,0,,,,-0.170,-4.626,True,0.420,1.282,0.63,28.11
1786962065.493,,0,,,,0.000,-4.408,True,0.423,1.271,0.62,28.09
1786962065.593,,0,,,,0.190,-4.163,True,0.426,1.400,0.69,28.08
1786962065.668,,0,,,,0.230,-4.112,True,0.427,1.480,0.72,28.06
1786962065.718,,0,,,,0.230,-4.112,True,0.427,1.416,0.70,28.47
1786962065.844,,0,,,,0.070,-4.318,True,0.424,1.577,0.78,28.45
1786962065.893,,0,,,,-0.010,-4.421,True,0.423,1.902,0.94,28.43
1786962065.968,,0,,,,-0.120,-4.562,True,0.421,1.661,0.83,28.72
1786962066.018,,0,,,,-0.160,-4.614,True,0.421,1.899,0.95,28.71
1786962066.118,,0,,,,-0.070,-4.498,True,0.422,2.119,1.06,28.69
1786962066.218,,0,,,,0.030,-4.369,True,0.424,1.908,0.96,28.87
1786962066.293,,0,,,,0.110,-4.266,True,0.425,1.799,0.91,28.85
1786962066.393,,0,,,,0.150,-4.215,True,0.426,1.825,0.92,28.85
1786962066.493,,0,,,,0.080,-4.305,True,0.425,1.674,0.85,29.16
1786962066.568,,0,,,,0.040,-4.356,True,0.424,1.811,0.92,29.15
1786962066.644,,0,,,,-0.040,-4.459,True,0.423,1.990,1.01,29.12
1786962066.718,,0,,,,-0.110,-4.549,True,0.421,2.123,1.08,29.12
1786962066.793,,0,,,,-0.110,-4.549,True,0.421,3.076,1.53,28.57
1786962066.918,,0,,,,0.010,-4.395,True,0.423,3.247,1.62,28.56
1786962066.993,,0,,,,0.140,-4.228,True,0.426,3.250,1.62,28.54
1786962067.093,,0,,,,0.350,-3.957,True,0.429,3.536,1.76,28.56
1786962067.168,,0,,,,0.420,-3.867,True,0.430,1.878,0.98,29.84
1786962067.268,,0,,,,0.490,-3.777,True,0.431,1.874,0.98,29.82
1786962067.343,,0,,,,0.500,-3.764,True,0.431,2.125,1.11,30.02
1786962067.468,,0,,,,0.550,-3.700,True,0.432,2.004,1.05,30.10
1786962067.544,,0,,,,0.550,-3.700,True,0.432,3.290,1.67,29.14
1786962067.644,,0,,,,0.580,-3.661,True,0.433,2.194,1.16,30.26
1786962067.718,,0,,,,0.580,-3.661,True,0.433,2.219,1.17,30.25
1786962067.768,,0,,,,0.520,-3.739,True,0.432,2.263,1.19,30.24
1786962067.868,,0,,,,0.410,-3.880,True,0.430,2.316,1.22,30.22
1786962067.918,,0,,,,0.370,-3.932,True,0.429,2.175,1.16,30.59
1786962067.993,,0,,,,0.320,-3.996,True,0.428,3.592,1.84,29.35
1786962068.093,,0,,,,0.390,-3.906,True,0.430,2.337,1.26,30.91
1786962068.168,,0,,,,0.490,-3.777,True,0.431,2.380,1.28,30.90
1786962068.243,,0,,,,0.660,-3.558,True,0.434,3.300,1.73,30.03
1786962068.343,,0,,,,0.820,-3.353,True,0.437,4.063,2.11,29.74
1786962068.418,,0,,,,0.930,-3.211,True,0.439,3.785,1.97,29.85
1786962068.493,,0,,,,0.890,-3.263,True,0.438,3.818,1.99,29.84
1786962068.568,,0,,,,0.730,-3.468,True,0.435,3.317,1.75,30.28
1786962068.644,,0,,,,0.580,-3.661,True,0.433,2.398,1.31,31.36
1786962068.718,,0,,,,0.420,-3.867,True,0.430,2.476,1.35,31.35
1786962068.793,,0,,,,0.390,-3.906,True,0.430,3.418,1.81,30.28
1786962068.868,,0,,,,0.440,-3.842,True,0.430,3.648,1.94,30.43
1786962068.968,,0,,,,0.570,-3.674,True,0.433,3.726,1.98,30.41
1786962069.068,,0,,,,0.820,-3.353,True,0.437,2.405,1.33,31.69
1786962069.144,,0,,,,0.980,-3.147,True,0.439,2.967,1.62,31.21
1786962069.243,,0,,,,1.010,-3.108,True,0.440,4.589,2.41,30.12
1786962069.318,,0,,,,0.950,-3.185,True,0.439,4.591,2.42,30.26
1786962069.443,,0,,,,0.730,-3.468,True,0.435,2.208,1.24,32.06
1786962069.518,,0,,,,0.580,-3.661,True,0.433,2.318,1.30,32.06
1786962069.568,,0,,,,0.530,-3.726,True,0.432,2.380,1.33,32.05
1786962069.693,,0,,,,0.420,-3.867,True,0.430,3.336,1.82,31.34
1786962069.768,,0,,,,0.390,-3.906,True,0.430,3.379,1.85,31.33
1786962069.868,,0,,,,0.430,-3.854,True,0.430,3.541,1.94,31.33
1786962070.043,,0,,,,0.540,-3.713,True,0.432,4.844,2.61,30.92
1786962070.118,,0,,,,0.600,-3.636,True,0.433,4.845,2.61,30.91
1786962070.218,,0,,,,0.530,-3.726,True,0.432,2.559,1.47,32.89
1786962070.343,,0,,,,0.360,-3.945,True,0.429,4.266,2.31,31.10
1786962070.393,,0,,,,0.200,-4.150,True,0.426,4.450,2.43,31.33
1786962070.443,,0,,,,-0.020,-4.433,True,0.423,4.583,2.50,31.32
1786962070.543,,0,,,,-0.160,-4.614,True,0.421,4.740,2.60,31.46
1786962070.668,,0,,,,-0.170,-4.626,True,0.420,4.879,2.68,31.51
1786962070.743,,0,,,,-0.100,-4.536,True,0.422,2.778,1.62,33.50
1786962070.843,,0,,,,-0.030,-4.446,True,0.423,4.946,2.74,31.75
1786962070.893,,0,,,,-0.010,-4.421,True,0.423,4.967,2.75,31.75
1786962070.968,,0,,,,-0.030,-4.446,True,0.423,3.664,2.09,32.70
1786962071.068,,0,,,,-0.120,-4.562,True,0.421,4.236,2.36,31.99
1786962071.168,,0,,,,-0.150,-4.601,True,0.421,4.218,2.35,31.98
1786962071.243,,0,,,,-0.110,-4.549,True,0.421,4.308,2.40,31.96
1786962071.343,,0,,,,0.000,-4.408,True,0.423,4.287,2.41,32.24
1786962071.443,,0,,,,0.080,-4.305,True,0.425,3.339,1.92,33.03
1786962071.518,,0,,,,0.110,-4.266,True,0.425,4.334,2.45,32.47
1786962071.618,,0,,,,0.000,-4.408,True,0.423,4.165,2.37,32.63
1786962071.743,,0,,,,-0.200,-4.665,True,0.420,4.354,2.48,32.62
1786962071.893,,0,,,,-0.210,-4.678,True,0.420,4.360,2.50,32.91
1786962071.968,,0,,,,-0.020,-4.433,True,0.423,4.310,2.47,32.90
1786962072.143,,0,,,,0.270,-4.060,True,0.428,4.095,2.36,33.11
1786962072.218,,0,,,,0.220,-4.125,True,0.427,2.760,1.66,34.39
1786962072.293,,0,,,,0.060,-4.331,True,0.424,2.601,1.56,34.37
1786962072.368,,0,,,,-0.150,-4.601,True,0.421,3.791,2.20,33.27
1786962072.443,,0,,,,-0.460,-5.000,True,0.416,2.846,1.72,34.58
1786962072.518,,0,,,,-0.690,-5.296,True,0.412,2.879,1.74,34.58
1786962072.618,,0,,,,-0.730,-5.347,True,0.412,3.734,2.19,33.61
1786962072.718,,0,,,,-0.600,-5.180,True,0.414,4.020,2.37,33.81
1786962072.793,,0,,,,-0.400,-4.922,True,0.417,4.179,2.46,33.81
1786962073.193,,0,,,,-0.820,-5.463,True,0.410,3.696,2.20,34.15
1786962073.343,,0,,,,-1.430,-6.221,True,0.405,4.030,2.42,34.45
1786962073.418,,0,,,,-1.640,-6.435,True,0.412,4.093,2.46,34.43
1786962073.518,,0,,,,-1.630,-6.425,True,0.412,4.099,2.48,34.66
1786962073.593,,0,,,,-1.510,-6.303,True,0.408,3.977,2.41,34.75
1786962073.693,,0,,,,-1.360,-6.150,True,0.403,3.627,2.21,34.87
1786962073.768,,0,,,,-1.150,-5.887,True,0.405,3.575,2.18,34.99
1786962073.843,,0,,,,-1.090,-5.810,True,0.406,3.364,2.05,34.96
1786962073.918,,0,,,,-1.120,-5.849,True,0.405,2.999,1.84,35.11
1786962074.093,,0,,,,-1.280,-6.055,True,0.403,3.229,1.98,35.14
1786962074.393,,0,,,,-1.900,-6.701,True,0.421,2.803,1.74,35.58
1786962074.793,,0,,,,-1.390,-6.180,True,0.404,2.607,1.64,36.09
1786962074.893,,0,,,,-1.230,-5.990,True,0.404,2.443,1.54,36.24
1786962075.093,,0,,,,-1.390,-6.180,True,0.404,2.185,1.39,36.37
1786962075.618,,0,,,,-1.650,-6.446,True,0.412,2.867,1.84,36.73
1786962075.718,,0,,,,-1.170,-5.913,True,0.405,3.388,2.19,36.97
1786962075.793,,0,,,,-0.820,-5.463,True,0.410,3.185,2.06,37.11
1786962075.868,,0,,,,-0.680,-5.283,True,0.412,3.115,2.02,37.10
1786962075.943,,0,,,,-0.650,-5.244,True,0.413,3.138,2.04,37.26
1786962076.093,,0,,,,-0.970,-5.656,True,0.408,3.783,2.45,37.19
1786962076.193,,0,,,,-1.570,-6.364,True,0.410,4.484,2.93,37.49
1786962076.668,,0,,,,-1.470,-6.262,True,0.407,4.318,2.87,38.17
1786962076.743,,0,,,,-1.210,-5.965,True,0.404,4.135,2.75,38.15
1786962076.818,,0,,,,-1.010,-5.707,True,0.407,4.134,2.75,38.13
1786962076.918,,0,,,,-0.990,-5.682,True,0.407,4.593,3.08,38.46
1786962077.018,,0,,,,-1.110,-5.836,True,0.406,4.530,3.05,38.62
1786962077.093,,0,,,,-1.290,-6.068,True,0.403,4.126,2.79,38.75
1786962077.168,,0,,,,-1.450,-6.241,True,0.406,4.133,2.79,38.74
1786962077.243,,0,,,,-1.520,-6.313,True,0.408,4.535,3.06,38.75
1786962077.343,,0,,,,-1.480,-6.272,True,0.407,4.744,3.20,38.73
1786962077.418,,0,,,,-1.350,-6.139,True,0.403,4.985,3.36,38.72
1786962077.468,,0,,,,-1.240,-6.003,True,0.404,4.822,3.29,39.12
1786962077.568,,0,,,,-0.880,-5.540,True,0.409,4.719,3.22,39.10
1786962077.668,,0,,,,-0.770,-5.398,True,0.411,4.684,3.19,39.08
1786962077.793,,0,,,,-0.650,-5.244,True,0.413,4.667,3.21,39.48
1786962077.893,,0,,,,-0.760,-5.386,True,0.411,5.143,3.54,39.50
1786962077.968,,0,,,,-0.900,-5.566,True,0.409,5.313,3.68,39.70
1786962078.043,,0,,,,-1.080,-5.797,True,0.406,5.326,3.68,39.67
1786962078.418,,0,,,,-1.440,-6.231,True,0.406,4.949,3.45,39.98
1786962078.543,,0,,,,-1.440,-6.231,True,0.406,4.968,3.46,39.95
1786962078.643,,0,,,,-1.380,-6.170,True,0.404,4.866,3.39,39.93
1786962078.718,,0,,,,-1.320,-6.106,True,0.402,4.836,3.40,40.36
1786962078.793,,0,,,,-1.280,-6.055,True,0.403,4.787,3.37,40.35
1786962087.493,,0,,,,-13.080,-17.649,True,0.707,19.913,17.40,51.09
1786962087.568,,0,,,,-13.210,-17.753,True,0.703,20.684,18.45,52.24
1786962087.643,,0,,,,-13.270,-17.801,True,0.701,21.066,18.77,52.22
1786962087.993,,0,,,,-13.830,-18.249,True,0.683,4.805,4.33,51.72
1786962088.068,,0,,,,-13.990,-18.377,True,0.678,4.405,3.97,51.70
1786962088.193,,0,,,,-14.210,-18.553,True,0.671,3.794,3.43,51.86
1786962088.343,,0,,,,-14.390,-18.697,True,0.665,3.918,3.61,52.79
1786962088.793,,0,,,,-13.980,-18.369,True,0.678,3.746,3.49,53.43
1786962089.293,,0,,,,-14.100,-18.465,True,0.674,3.071,2.86,53.37
1786962089.368,,0,,,,-14.140,-18.497,True,0.673,2.485,2.32,53.56
1786962089.743,,0,,,,-14.020,-18.401,True,0.677,2.112,1.97,53.56
1786962089.868,,0,,,,-14.100,-18.465,True,0.674,2.908,2.77,54.60
1786962090.143,,0,,,,-14.700,-18.945,True,0.655,2.222,2.13,54.96
1786962090.493,,0,,,,-14.490,-18.777,True,0.662,2.933,2.81,54.92
1786962090.593,,0,,,,-14.230,-18.569,True,0.670,2.246,2.15,54.77
1786962090.668,,0,,,,-14.150,-18.505,True,0.673,2.089,2.00,54.74
1786962090.743,,0,,,,-14.170,-18.521,True,0.672,2.936,2.83,55.16
1786962090.843,,0,,,,-14.340,-18.657,True,0.667,2.394,2.31,55.31
1786962090.918,,0,,,,-14.460,-18.753,True,0.663,2.137,2.05,55.11
1786962090.993,,0,,,,-14.590,-18.857,True,0.659,2.063,1.98,55.08
1786962091.093,,0,,,,-14.600,-18.865,True,0.658,2.042,1.96,55.06
1786962091.168,,0,,,,-14.520,-18.801,True,0.661,2.020,1.94,55.06
1786962091.243,,0,,,,-14.430,-18.729,True,0.664,2.406,2.33,55.47
1786962091.343,,0,,,,-14.170,-18.521,True,0.672,1.679,1.63,55.47
1786962091.418,,0,,,,-14.050,-18.425,True,0.676,2.285,2.23,55.91
1786962091.518,,0,,,,-14.060,-18.433,True,0.676,2.619,2.55,55.88
1786962091.593,,0,,,,-14.130,-18.489,True,0.673,2.585,2.52,55.86
1786962091.643,,0,,,,-14.240,-18.577,True,0.670,1.932,1.88,55.84
1786962091.718,,0,,,,-14.350,-18.665,True,0.666,1.813,1.77,55.83
1786962091.793,,0,,,,-14.510,-18.793,True,0.661,2.002,1.97,56.28
1786962091.868,,0,,,,-14.690,-18.937,True,0.655,1.826,1.79,56.27
1786962091.943,,0,,,,-14.720,-18.961,True,0.654,1.737,1.70,56.25
1786962092.018,,0,,,,-14.750,-18.985,True,0.653,1.931,1.90,56.45
1786962092.118,,0,,,,-14.630,-18.889,True,0.657,1.617,1.59,56.43
1786962092.268,,0,,,,0.540,-3.713,True,0.432,-2.249,2.22,56.61
1786962092.343,,0,,,,6.760,4.226,True,0.529,-11.450,11.24,56.64
1786962092.443,,0,,,,8.220,5.888,True,0.509,-21.636,20.95,56.81
1786962092.543,,0,,,,8.660,6.388,True,0.503,-23.151,22.42,57.01
1786962092.593,,0,,,,8.740,6.479,True,0.502,-23.675,22.89,57.00
1786962092.693,,0,,,,8.720,6.457,True,0.503,-23.884,23.07,56.97
1786962092.793,,0,,,,8.750,6.491,True,0.502,-23.895,23.04,56.87
1786962094.893,,0,,,,1.290,-2.748,True,0.445,8.462,8.60,58.46
1786962094.968,,0,,,,1.030,-3.082,True,0.440,7.389,7.55,58.69
1786962095.043,,0,,,,0.880,-3.275,True,0.438,7.319,7.47,58.67
1786962095.093,,0,,,,0.590,-3.649,True,0.433,6.592,6.74,58.72
1786962095.143,,0,,,,0.440,-3.842,True,0.430,6.334,6.48,58.70
1786962095.318,,0,,,,0.330,-3.983,True,0.429,6.291,6.41,58.52
1786962095.393,,0,,,,0.560,-3.687,True,0.432,5.807,5.92,58.49
1786962095.493,,0,,,,0.770,-3.417,True,0.436,5.839,6.01,59.11
1786962095.568,,0,,,,0.990,-3.134,True,0.440,5.305,5.47,59.11
1786962095.643,,0,,,,1.060,-3.044,True,0.441,5.235,5.39,59.08
1786962095.693,,0,,,,1.060,-3.044,True,0.441,5.642,5.81,59.10
1786962095.743,,0,,,,0.950,-3.185,True,0.439,5.606,5.77,59.09
1786962095.793,,0,,,,0.740,-3.456,True,0.435,5.246,5.40,59.05
1786962095.893,,0,,,,0.200,-4.150,True,0.426,4.957,5.11,59.18
1786962095.968,,0,,,,-0.210,-4.678,True,0.420,5.117,5.28,59.17
1786962096.043,,0,,,,-0.480,-5.025,True,0.416,5.374,5.54,59.20
1786962096.143,,0,,,,-0.610,-5.193,True,0.413,5.219,5.36,58.97
1786962096.218,,0,,,,-0.580,-5.154,True,0.414,5.303,5.45,58.94
1786962096.293,,0,,,,-0.320,-4.819,True,0.418,6.529,6.75,59.39
1786962096.393,,0,,,,0.270,-4.060,True,0.428,6.743,6.98,59.47
1786962096.468,,0,,,,0.590,-3.649,True,0.433,6.643,6.88,59.46
1786962096.543,,0,,,,0.940,-3.198,True,0.439,5.752,5.99,59.72
1786962096.643,,0,,,,1.100,-2.992,True,0.441,4.582,4.75,59.43
1786962096.718,,0,,,,1.050,-3.057,True,0.441,5.196,5.39,59.56
1786962096.793,,0,,,,0.630,-3.597,True,0.434,5.001,5.19,59.54
1786962096.868,,0,,,,0.440,-3.842,True,0.430,4.857,5.04,59.54
1786962096.943,,0,,,,-0.030,-4.446,True,0.423,5.222,5.43,59.62
1786962097.018,,0,,,,-0.170,-4.626,True,0.420,5.407,5.62,59.61
1786962097.093,,0,,,,-0.350,-4.858,True,0.418,5.603,5.82,59.58
1786962097.143,,0,,,,-0.290,-4.781,True,0.419,4.633,4.82,59.64
1786962097.243,,0,,,,-0.070,-4.498,True,0.422,4.583,4.76,59.62
1786962097.343,,0,,,,0.150,-4.215,True,0.426,4.385,4.56,59.65
1786962097.443,,0,,,,0.330,-3.983,True,0.429,5.206,5.42,59.70
1786962097.593,,0,,,,-0.040,-4.459,True,0.423,5.340,5.59,60.05
1786962097.693,,0,,,,-0.430,-4.961,True,0.416,5.345,5.59,60.02
1786962097.793,,0,,,,-0.880,-5.540,True,0.409,5.218,5.43,59.69
1786962097.868,,0,,,,-1.110,-5.836,True,0.406,4.412,4.60,59.79
1786962097.943,,0,,,,-1.150,-5.887,True,0.405,5.155,5.38,59.89
1786962098.043,,0,,,,-1.120,-5.849,True,0.405,5.012,5.23,59.87
1786962098.143,,0,,,,-0.860,-5.514,True,0.409,4.586,4.79,59.86
1786962098.243,,0,,,,-0.500,-5.051,True,0.415,4.875,5.08,59.81
1786962098.343,,0,,,,-0.230,-4.704,True,0.420,5.034,5.29,60.28
1786962098.418,,0,,,,-0.040,-4.459,True,0.423,5.105,5.34,60.05
1786962098.518,,0,,,,0.010,-4.395,True,0.423,5.062,5.31,60.16
1786962098.593,,0,,,,-0.100,-4.536,True,0.422,4.894,5.13,60.13
1786962098.693,,0,,,,-0.290,-4.781,True,0.419,4.954,5.19,60.13
1786962098.768,,0,,,,-0.580,-5.154,True,0.414,4.128,4.32,60.04
1786962098.843,,0,,,,-0.690,-5.296,True,0.412,4.735,4.95,59.97
1786962098.943,,0,,,,-0.800,-5.437,True,0.410,4.809,5.03,59.96
1786962102.043,,0,,,,-0.750,-5.373,True,0.411,4.635,4.89,60.46
1786962102.118,,0,,,,-0.400,-4.922,True,0.417,4.480,4.72,60.44
1786962102.193,,0,,,,-0.130,-4.575,True,0.421,4.392,4.63,60.42
1786962102.243,,0,,,,-0.020,-4.433,True,0.423,5.336,5.64,60.67
1786962102.368,,0,,,,0.270,-4.060,True,0.428,5.060,5.35,60.64
1786962102.468,,0,,,,0.370,-3.932,True,0.429,5.087,5.38,60.63
1786962102.568,,0,,,,0.410,-3.880,True,0.430,4.795,5.05,60.40
1786962102.643,,0,,,,0.290,-4.035,True,0.428,4.751,5.02,60.58
1786962102.718,,0,,,,0.100,-4.279,True,0.425,4.597,4.85,60.57
1786962102.818,,0,,,,-0.160,-4.614,True,0.421,4.112,4.35,60.63
1786962102.893,,0,,,,-0.310,-4.807,True,0.418,5.058,5.31,60.27
1786962102.968,,0,,,,-0.450,-4.987,True,0.416,5.136,5.39,60.24
1786962103.068,,0,,,,-0.590,-5.167,True,0.414,5.160,5.46,60.67
1786962103.093,,0,,,,-0.650,-5.244,True,0.413,5.165,5.46,60.65
1786962103.168,,0,,,,-0.790,-5.424,True,0.411,5.161,5.45,60.64
1786962103.293,,0,,,,-0.890,-5.553,True,0.409,5.181,5.47,60.61
1786962103.368,,0,,,,-1.000,-5.694,True,0.407,5.060,5.34,60.60
1786962103.443,,0,,,,-1.100,-5.823,True,0.406,5.024,5.30,60.57
1786962103.518,,0,,,,-1.160,-5.900,True,0.405,5.233,5.54,60.79
1786962103.593,,0,,,,-1.210,-5.965,True,0.404,5.113,5.42,60.76
1786962103.718,,0,,,,-1.170,-5.913,True,0.405,5.061,5.36,60.74
1786962103.768,,0,,,,-1.140,-5.875,True,0.405,5.022,5.32,60.73
1786962103.843,,0,,,,-1.030,-5.733,True,0.407,5.184,5.48,60.63
1786962103.918,,0,,,,-0.880,-5.540,True,0.409,5.347,5.65,60.59
1786962104.018,,0,,,,-0.630,-5.218,True,0.413,5.250,5.54,60.57
1786962104.093,,0,,,,-0.450,-4.987,True,0.416,5.479,5.76,60.31
1786962104.193,,0,,,,-0.110,-4.549,True,0.421,5.285,5.55,60.30
1786962104.268,,0,,,,0.120,-4.253,True,0.425,5.153,5.41,60.28
1786962104.368,,0,,,,0.350,-3.957,True,0.429,4.917,5.16,60.26
1786962104.443,,0,,,,0.430,-3.854,True,0.430,4.768,5.01,60.24
1786962104.543,,0,,,,0.410,-3.880,True,0.430,5.115,5.40,60.59
1786962104.643,,0,,,,0.330,-3.983,True,0.429,4.914,5.17,60.34
1786962104.793,,0,,,,0.100,-4.279,True,0.425,5.437,5.71,60.30
1786962104.843,,0,,,,-0.010,-4.421,True,0.423,5.378,5.65,60.33
1786962105.043,,0,,,,-0.430,-4.961,True,0.416,5.157,5.44,60.56
1786962105.143,,0,,,,-0.620,-5.205,True,0.413,5.037,5.31,60.54
1786962105.243,,0,,,,-0.710,-5.321,True,0.412,5.227,5.51,60.51
1786962105.318,,0,,,,-0.670,-5.270,True,0.412,5.198,5.48,60.49
1786962105.493,,0,,,,-0.240,-4.717,True,0.419,5.528,5.80,60.26
1786962105.618,,0,,,,0.060,-4.331,True,0.424,5.481,5.74,60.08
1786962105.768,,0,,,,0.180,-4.176,True,0.426,5.021,5.32,60.81
1786962105.868,,0,,,,0.170,-4.189,True,0.426,5.349,5.60,60.11
1786962106.018,,0,,,,0.190,-4.163,True,0.426,5.062,5.31,60.19
1786962106.118,,0,,,,0.270,-4.060,True,0.428,7.316,7.57,59.45
1786962106.218,,0,,,,0.390,-3.906,True,0.430,5.388,5.69,60.56
1786962106.293,,0,,,,0.480,-3.790,True,0.431,5.270,5.56,60.56
1786962106.368,,0,,,,0.510,-3.752,True,0.432,5.139,5.42,60.53
1786962106.443,,0,,,,0.460,-3.816,True,0.431,4.922,5.19,60.52
1786962106.568,,0,,,,0.220,-4.125,True,0.427,5.225,5.46,59.97
1786962106.668,,0,,,,-0.020,-4.433,True,0.423,5.391,5.63,59.94
1786962106.718,,0,,,,-0.290,-4.781,True,0.419,4.575,4.82,60.49
1786962106.818,,0,,,,-0.480,-5.025,True,0.416,5.338,5.59,60.10
1786962106.868,,0,,,,-0.590,-5.167,True,0.414,5.268,5.52,60.09
1786962106.918,,0,,,,-0.640,-5.231,True,0.413,5.687,5.93,59.81
1786962106.993,,0,,,,-0.660,-5.257,True,0.413,5.627,5.86,59.79
1786962107.043,,0,,,,-0.610,-5.193,True,0.413,5.017,5.23,59.87
1786962107.118,,0,,,,-0.530,-5.090,True,0.415,4.988,5.20,59.85
1786962107.193,,0,,,,-0.390,-4.910,True,0.417,5.387,5.65,60.15
1786962107.293,,0,,,,-0.060,-4.485,True,0.422,5.087,5.33,60.12
1786962107.418,,0,,,,0.170,-4.189,True,0.426,4.884,5.12,60.10
1786962107.493,,0,,,,0.320,-3.996,True,0.428,5.798,6.00,59.38
1786962107.593,,0,,,,0.520,-3.739,True,0.432,4.952,5.18,60.05
1786962107.693,,0,,,,0.710,-3.494,True,0.435,4.248,4.45,60.01
1786962107.768,,0,,,,0.740,-3.456,True,0.435,4.052,4.24,59.99
1786962107.843,,0,,,,0.790,-3.391,True,0.436,4.886,5.09,59.71
1786962107.943,,0,,,,0.630,-3.597,True,0.434,5.131,5.31,59.42
1786962108.043,,0,,,,0.380,-3.919,True,0.429,4.564,4.76,59.80
1786962108.118,,0,,,,0.260,-4.073,True,0.427,4.526,4.72,59.78
1786962108.193,,0,,,,0.080,-4.305,True,0.425,4.477,4.67,59.77
1786962108.243,,0,,,,0.000,-4.408,True,0.423,4.537,4.73,59.75
1786962108.343,,0,,,,-0.100,-4.536,True,0.422,5.109,5.33,59.84
1786962108.393,,0,,,,-0.110,-4.549,True,0.421,5.102,5.32,59.82
1786962108.493,,0,,,,-0.140,-4.588,True,0.421,4.773,4.94,59.43
1786962108.568,,0,,,,-0.150,-4.601,True,0.421,3.890,4.11,60.58
1786962108.668,,0,,,,-0.220,-4.691,True,0.420,4.583,4.76,59.62
1786962108.743,,0,,,,-0.290,-4.781,True,0.419,4.469,4.64,59.60
1786962108.793,,0,,,,-0.300,-4.794,True,0.418,4.755,4.94,59.53
1786962108.868,,0,,,,-0.330,-4.832,True,0.418,4.736,4.91,59.48
1786962108.968,,0,,,,-0.310,-4.807,True,0.418,4.679,4.85,59.46
1786962109.043,,0,,,,-0.230,-4.704,True,0.420,4.818,4.99,59.38
1786962109.193,,0,,,,-0.130,-4.575,True,0.421,4.531,4.69,59.34
1786962109.293,,0,,,,-0.090,-4.524,True,0.422,4.451,4.60,59.23
1786962109.368,,0,,,,-0.030,-4.446,True,0.423,4.362,4.50,59.21
1786962109.443,,0,,,,-0.050,-4.472,True,0.422,4.512,4.66,59.19
1786962109.543,,0,,,,-0.100,-4.536,True,0.422,4.435,4.58,59.17
1786962109.593,,0,,,,-0.200,-4.665,True,0.420,4.379,4.52,59.16
1786962109.668,,0,,,,-0.350,-4.858,True,0.418,4.395,4.53,59.15
1786962109.768,,0,,,,-0.590,-5.167,True,0.414,4.421,4.56,59.14
1786962109.843,,0,,,,-0.670,-5.270,True,0.412,4.303,4.43,59.10
1786962109.968,,0,,,,-0.790,-5.424,True,0.411,4.280,4.41,59.08
1786962110.018,,0,,,,-0.800,-5.437,True,0.410,4.187,4.31,59.06
1786962110.093,,0,,,,-0.750,-5.373,True,0.411,3.804,3.97,59.77
1786962110.193,,0,,,,-0.710,-5.321,True,0.412,4.287,4.39,58.78
1786962110.268,,0,,,,-0.700,-5.308,True,0.412,4.175,4.28,58.77
1786962110.343,,0,,,,-0.630,-5.218,True,0.413,4.269,4.38,58.88
1786962110.443,,0,,,,-0.600,-5.180,True,0.414,4.429,4.59,59.48
1786962110.543,,0,,,,-0.570,-5.141,True,0.414,4.173,4.26,58.48
1786962110.618,,0,,,,-0.550,-5.115,True,0.414,4.104,4.18,58.46
1786962110.718,,0,,,,-0.470,-5.012,True,0.416,3.645,3.77,59.36
1786962110.768,,0,,,,-0.430,-4.961,True,0.416,3.676,3.77,58.82
1786962110.868,,0,,,,-0.280,-4.768,True,0.419,3.627,3.72,58.81
1786962110.943,,0,,,,-0.240,-4.717,True,0.419,3.628,3.72,58.79
1786962111.018,,0,,,,-0.180,-4.639,True,0.420,4.575,4.63,57.98
1786962111.068,,0,,,,-0.090,-4.524,True,0.422,4.529,4.58,57.97
1786962111.168,,0,,,,-0.030,-4.446,True,0.423,4.333,4.39,58.04
1786962111.268,,0,,,,-0.010,-4.421,True,0.423,4.297,4.37,58.28
1786962111.343,,0,,,,-0.050,-4.472,True,0.422,4.544,4.59,57.88
1786962111.443,,0,,,,-0.190,-4.652,True,0.420,4.104,4.24,59.25
1786962111.518,,0,,,,-0.330,-4.832,True,0.418,4.127,4.26,59.24
1786962111.618,,0,,,,-0.520,-5.077,True,0.415,4.617,4.65,57.79
1786962111.693,,0,,,,-0.670,-5.270,True,0.412,3.808,3.90,58.76
1786962111.793,,0,,,,-0.750,-5.373,True,0.411,3.817,3.91,58.75
1786962111.843,,0,,,,-0.750,-5.373,True,0.411,3.781,3.87,58.72
1786962111.968,,0,,,,-0.720,-5.334,True,0.412,4.188,4.25,58.24
1786962112.043,,0,,,,-0.620,-5.205,True,0.413,4.524,4.55,57.65
1786962112.118,,0,,,,-0.570,-5.141,True,0.414,4.425,4.45,57.64
1786962112.193,,0,,,,-0.510,-5.064,True,0.415,4.434,4.47,57.82
1786962112.268,,0,,,,-0.450,-4.987,True,0.416,4.993,4.98,57.23
1786962112.368,,0,,,,-0.420,-4.948,True,0.416,4.924,4.91,57.21
1786962112.443,,0,,,,-0.350,-4.858,True,0.418,4.773,4.84,58.20
1786962112.518,,0,,,,-0.230,-4.704,True,0.420,4.739,4.81,58.19
1786962112.593,,0,,,,-0.160,-4.614,True,0.421,4.705,4.77,58.16
1786962112.643,,0,,,,-0.010,-4.421,True,0.423,4.644,4.71,58.16
1786962112.743,,0,,,,0.060,-4.331,True,0.424,5.038,4.99,56.80
1786962112.818,,0,,,,0.110,-4.266,True,0.425,5.050,5.08,57.76
1786962112.918,,0,,,,0.160,-4.202,True,0.426,5.230,5.20,57.07
1786962112.993,,0,,,,0.120,-4.253,True,0.425,5.052,5.02,57.05
1786962113.093,,0,,,,0.060,-4.331,True,0.424,4.089,4.15,58.16
1786962113.193,,0,,,,0.010,-4.395,True,0.423,3.997,4.05,58.13
1786962113.268,,0,,,,-0.050,-4.472,True,0.422,4.187,4.24,58.13
1786962113.343,,0,,,,-0.090,-4.524,True,0.422,4.178,4.23,58.13
1786962113.443,,0,,,,-0.080,-4.511,True,0.422,4.209,4.26,58.10
1786962113.518,,0,,,,-0.080,-4.511,True,0.422,4.277,4.33,58.09
1786962113.593,,0,,,,-0.090,-4.524,True,0.422,4.420,4.41,57.21
1786962113.668,,0,,,,-0.110,-4.549,True,0.421,4.339,4.34,57.30
1786962113.768,,0,,,,-0.190,-4.652,True,0.420,5.038,5.06,57.59
1786962113.843,,0,,,,-0.230,-4.704,True,0.420,5.033,5.05,57.57
1786962113.893,,0,,,,-0.270,-4.755,True,0.419,5.022,5.04,57.56
1786962113.968,,0,,,,-0.280,-4.768,True,0.419,4.888,4.90,57.54
1786962114.068,,0,,,,-0.260,-4.742,True,0.419,4.395,4.43,57.80
1786962114.118,,0,,,,-0.230,-4.704,True,0.420,4.373,4.41,57.78
1786962114.193,,0,,,,-0.150,-4.601,True,0.421,4.303,4.33,57.76
1786962114.268,,0,,,,-0.050,-4.472,True,0.422,4.215,4.24,57.75
1786962114.343,,0,,,,0.000,-4.408,True,0.423,5.228,5.14,56.37
1786962114.443,,0,,,,0.130,-4.240,True,0.425,4.186,4.18,57.21
1786962114.518,,0,,,,0.210,-4.138,True,0.427,4.492,4.51,57.53
1786962114.593,,0,,,,0.300,-4.022,True,0.428,4.445,4.46,57.51
1786962114.668,,0,,,,0.420,-3.867,True,0.430,4.343,4.32,57.09
1786962114.718,,0,,,,0.540,-3.713,True,0.432,4.264,4.24,57.08
1786962114.818,,0,,,,0.730,-3.468,True,0.435,4.148,4.13,57.06
1786962114.893,,0,,,,0.800,-3.378,True,0.436,4.060,4.03,56.86
1786962114.968,,0,,,,0.860,-3.301,True,0.437,4.021,3.99,56.85
1786962115.018,,0,,,,0.820,-3.353,True,0.437,3.922,3.89,56.84
1786962115.143,,0,,,,0.650,-3.571,True,0.434,4.663,4.60,56.62
1786962115.193,,0,,,,0.510,-3.752,True,0.432,4.649,4.59,56.59
1786962115.318,,0,,,,0.190,-4.163,True,0.426,5.200,5.07,55.93
1786962115.393,,0,,,,0.080,-4.305,True,0.425,5.135,4.95,55.30
1786962115.468,,0,,,,-0.010,-4.421,True,0.423,5.209,5.02,55.27
1786962115.518,,0,,,,-0.030,-4.446,True,0.423,5.232,5.04,55.26
1786962115.593,,0,,,,0.000,-4.408,True,0.423,5.138,4.95,55.26
1786962115.718,,0,,,,0.230,-4.112,True,0.427,5.998,5.77,55.23
1786962115.768,,0,,,,0.340,-3.970,True,0.429,5.853,5.63,55.23
1786962115.868,,0,,,,0.410,-3.880,True,0.430,5.782,5.56,55.20
1786962115.943,,0,,,,0.410,-3.880,True,0.430,5.124,4.94,55.30
1786962116.018,,0,,,,0.420,-3.867,True,0.430,4.896,4.72,55.29
1786962116.093,,0,,,,0.340,-3.970,True,0.429,4.806,4.59,54.77
1786962116.168,,0,,,,0.220,-4.125,True,0.427,4.605,4.38,54.52
1786962116.218,,0,,,,0.190,-4.163,True,0.426,4.632,4.40,54.51
1786962116.293,,0,,,,0.120,-4.253,True,0.425,4.594,4.36,54.50
1786962116.343,,0,,,,0.050,-4.343,True,0.424,4.571,4.34,54.48
1786962116.468,,0,,,,0.080,-4.305,True,0.425,5.099,4.88,54.94
1786962116.518,,0,,,,0.110,-4.266,True,0.425,4.623,4.55,56.48
1786962116.593,,0,,,,0.210,-4.138,True,0.427,4.556,4.48,56.46
1786962116.668,,0,,,,0.290,-4.035,True,0.428,5.060,4.83,54.80
1786962116.743,,0,,,,0.400,-3.893,True,0.430,4.968,4.74,54.78
1786962116.843,,0,,,,0.520,-3.739,True,0.432,4.875,4.65,54.75
1786962116.943,,0,,,,0.640,-3.584,True,0.434,4.878,4.60,54.04
1786962117.018,,0,,,,0.650,-3.571,True,0.434,4.668,4.40,54.02
1786962117.093,,0,,,,0.650,-3.571,True,0.434,4.565,4.25,53.37
1786962117.168,,0,,,,0.570,-3.674,True,0.433,4.553,4.27,53.82
1786962117.243,,0,,,,0.460,-3.816,True,0.431,4.508,4.23,53.81
1786962117.343,,0,,,,0.380,-3.919,True,0.429,4.479,4.22,54.07
1786962117.418,,0,,,,0.350,-3.957,True,0.429,4.509,4.30,54.68
1786962117.518,,0,,,,0.400,-3.893,True,0.430,4.461,4.23,54.45
1786962117.593,,0,,,,0.480,-3.790,True,0.431,4.342,4.12,54.44
1786962117.693,,0,,,,0.580,-3.661,True,0.433,4.891,4.58,53.77
1786962117.768,,0,,,,0.540,-3.713,True,0.432,4.705,4.40,53.69
1786962117.818,,0,,,,0.370,-3.932,True,0.429,4.641,4.34,53.68
1786962117.868,,0,,,,0.130,-4.240,True,0.425,4.216,4.05,55.10
1786962117.968,,0,,,,-0.230,-4.704,True,0.420,4.295,4.13,55.09
1786962118.043,,0,,,,-0.440,-4.974,True,0.416,4.345,4.17,55.06
1786962118.118,,0,,,,-0.680,-5.283,True,0.412,4.481,4.30,55.05
1786962118.218,,0,,,,-0.570,-5.141,True,0.414,4.539,4.35,55.03
1786962118.268,,0,,,,-0.350,-4.858,True,0.418,4.295,4.12,55.01
1786962118.343,,0,,,,0.000,-4.408,True,0.423,4.152,3.98,55.00
1786962118.443,,0,,,,0.320,-3.996,True,0.428,5.374,4.87,52.00
1786962118.493,,0,,,,0.470,-3.803,True,0.431,5.163,4.68,51.97
1786962118.568,,0,,,,0.570,-3.674,True,0.433,5.112,4.63,51.97
1786962118.668,,0,,,,0.540,-3.713,True,0.432,4.314,3.97,52.84
1786962118.743,,0,,,,0.400,-3.893,True,0.430,4.218,3.89,52.83
1786962118.818,,0,,,,0.080,-4.305,True,0.425,4.010,3.78,54.07
1786962118.893,,0,,,,-0.090,-4.524,True,0.422,4.125,3.89,54.05
1786962118.968,,0,,,,-0.230,-4.704,True,0.420,3.983,3.65,52.57
1786962119.068,,0,,,,-0.120,-4.562,True,0.421,4.943,4.53,52.57
1786962119.118,,0,,,,0.020,-4.382,True,0.424,5.017,4.60,52.56
1786962119.193,,0,,,,0.250,-4.086,True,0.427,5.071,4.78,54.12
1786962119.293,,0,,,,0.680,-3.533,True,0.434,5.572,5.11,52.63
1786962119.368,,0,,,,0.990,-3.134,True,0.440,5.286,4.85,52.61
1786962119.443,,0,,,,1.130,-2.954,True,0.442,5.035,4.61,52.57
1786962119.543,,0,,,,1.100,-2.992,True,0.441,4.903,4.49,52.56
1786962119.618,,0,,,,0.990,-3.134,True,0.440,4.131,3.77,52.34
1786962119.668,,0,,,,0.690,-3.520,True,0.435,3.845,3.51,52.33
1786962119.743,,0,,,,0.360,-3.945,True,0.429,5.062,4.67,52.95
1786962119.793,,0,,,,0.230,-4.112,True,0.427,4.729,4.26,51.65
1786962119.868,,0,,,,-0.030,-4.446,True,0.423,4.830,4.35,51.63
1786962119.943,,0,,,,-0.170,-4.626,True,0.420,4.960,4.46,51.62
1786962120.043,,0,,,,-0.230,-4.704,True,0.420,5.087,4.57,51.60
1786962120.118,,0,,,,-0.190,-4.652,True,0.420,4.676,4.36,53.43
1786962120.193,,0,,,,-0.070,-4.498,True,0.422,4.761,4.27,51.49
1786962120.293,,0,,,,0.040,-4.356,True,0.424,4.789,4.30,51.48
1786962120.368,,0,,,,0.150,-4.215,True,0.426,4.190,3.76,51.47
1786962120.468,,0,,,,0.190,-4.163,True,0.426,4.412,3.96,51.44
1786962120.518,,0,,,,0.170,-4.189,True,0.426,6.185,5.48,50.85
1786962120.593,,0,,,,0.040,-4.356,True,0.424,5.928,5.32,51.48
1786962120.768,,0,,,,-0.160,-4.614,True,0.421,5.315,4.77,51.46
1786962120.868,,0,,,,-0.260,-4.742,True,0.419,5.008,4.49,51.43
1786962121.018,,0,,,,-0.140,-4.588,True,0.421,3.871,3.42,50.67
1786962121.068,,0,,,,-0.050,-4.472,True,0.422,3.623,3.20,50.66
1786962121.143,,0,,,,0.020,-4.382,True,0.424,3.526,3.11,50.64
1786962121.218,,0,,,,0.200,-4.150,True,0.426,3.455,3.05,50.58
1786962121.268,,0,,,,0.230,-4.112,True,0.427,2.915,2.60,51.16
1786962121.343,,0,,,,0.240,-4.099,True,0.427,2.767,2.47,51.14
1786962121.418,,0,,,,0.190,-4.163,True,0.426,3.377,2.96,50.16
1786962121.518,,0,,,,0.060,-4.331,True,0.424,3.682,3.22,50.17
1786962121.593,,0,,,,-0.140,-4.588,True,0.421,3.762,3.29,50.14
1786962121.768,,0,,,,-0.420,-4.948,True,0.416,3.685,3.24,50.38
1786962121.843,,0,,,,-0.460,-5.000,True,0.416,3.652,3.21,50.35
1786962121.943,,0,,,,-0.300,-4.794,True,0.418,4.101,3.50,48.90
1786962122.043,,0,,,,-0.140,-4.588,True,0.421,3.722,3.28,50.60
1786962122.118,,0,,,,-0.010,-4.421,True,0.423,4.617,3.95,49.03
1786962122.193,,0,,,,0.080,-4.305,True,0.425,4.052,3.47,49.14
1786962122.268,,0,,,,0.100,-4.279,True,0.425,4.011,3.44,49.13
1786962122.318,,0,,,,0.040,-4.356,True,0.424,4.147,3.57,49.33
1786962122.393,,0,,,,-0.070,-4.498,True,0.422,4.082,3.51,49.30
1786962122.468,,0,,,,-0.240,-4.717,True,0.419,4.129,3.55,49.29
1786962122.593,,0,,,,-0.540,-5.103,True,0.415,3.913,3.35,49.12
1786962122.668,,0,,,,-0.610,-5.193,True,0.413,3.916,3.35,49.11
1786962122.743,,0,,,,-0.650,-5.244,True,0.413,4.163,3.49,48.08
1786962122.843,,0,,,,-0.670,-5.270,True,0.412,4.170,3.49,48.05
1786962122.918,,0,,,,-0.650,-5.244,True,0.413,4.565,3.85,48.33
1786962122.993,,0,,,,-0.640,-5.231,True,0.413,4.148,3.49,48.29
1786962123.043,,0,,,,-0.640,-5.231,True,0.413,4.066,3.42,48.29
1786962123.118,,0,,,,-0.660,-5.257,True,0.413,3.539,3.08,49.90
1786962123.193,,0,,,,-0.760,-5.386,True,0.411,3.040,2.62,49.49
1786962123.268,,0,,,,-0.890,-5.553,True,0.409,3.101,2.68,49.48
1786962123.343,,0,,,,-0.980,-5.669,True,0.408,4.852,4.11,48.58
1786962123.418,,0,,,,-1.060,-5.772,True,0.406,4.072,3.45,48.52
1786962123.493,,0,,,,-1.050,-5.759,True,0.407,3.979,3.37,48.50
1786962123.568,,0,,,,-0.990,-5.682,True,0.407,3.956,3.30,47.85
1786962123.643,,0,,,,-0.720,-5.334,True,0.412,3.764,3.17,48.29
1786962123.718,,0,,,,-0.610,-5.193,True,0.413,3.522,2.96,48.26
1786962123.793,,0,,,,-0.450,-4.987,True,0.416,3.891,3.30,48.70
1786962123.843,,0,,,,-0.390,-4.910,True,0.417,3.744,3.18,48.67
1786962123.918,,0,,,,-0.400,-4.922,True,0.417,3.762,3.12,47.49
1786962124.018,,0,,,,-0.480,-5.025,True,0.416,3.388,2.78,46.98
1786962124.068,,0,,,,-0.570,-5.141,True,0.414,3.531,2.89,46.97
1786962124.168,,0,,,,-0.730,-5.347,True,0.412,4.384,3.67,47.99
1786962124.243,,0,,,,-0.860,-5.514,True,0.409,3.831,3.20,47.95
1786962124.368,,0,,,,-1.020,-5.720,True,0.407,4.450,3.69,47.57
1786962124.468,,0,,,,-1.070,-5.784,True,0.406,4.277,3.47,46.56
1786962124.593,,0,,,,-1.100,-5.823,True,0.406,2.808,2.37,48.48
1786962124.668,,0,,,,-1.100,-5.823,True,0.406,2.758,2.33,48.47
1786962124.743,,0,,,,-1.080,-5.797,True,0.406,3.474,2.86,47.13
1786962124.843,,0,,,,-1.030,-5.733,True,0.407,4.149,3.39,46.84
1786962124.943,,0,,,,-0.890,-5.553,True,0.409,4.045,3.30,46.83
1786962124.993,,0,,,,-0.790,-5.424,True,0.411,3.822,3.12,46.81
1786962125.093,,0,,,,-0.610,-5.193,True,0.413,3.677,3.00,46.78
1786962125.143,,0,,,,-0.520,-5.077,True,0.415,3.441,2.80,46.71
1786962125.218,,0,,,,-0.410,-4.935,True,0.417,3.325,2.71,46.69
1786962125.293,,0,,,,-0.450,-4.987,True,0.416,3.343,2.72,46.68
1786962125.393,,0,,,,-0.550,-5.115,True,0.414,3.333,2.71,46.64
1786962125.468,,0,,,,-0.620,-5.205,True,0.413,3.430,2.79,46.63
1786962125.568,,0,,,,-0.640,-5.231,True,0.413,3.491,2.84,46.61
1786962125.668,,0,,,,-0.620,-5.205,True,0.413,3.438,2.79,46.58
1786962125.718,,0,,,,-0.610,-5.193,True,0.413,3.406,2.77,46.56
1786962125.793,,0,,,,-0.600,-5.180,True,0.414,3.384,2.75,46.56
1786962125.868,,0,,,,-0.580,-5.154,True,0.414,3.329,2.70,46.52
1786962125.943,,0,,,,-0.630,-5.218,True,0.413,3.968,3.19,46.05
1786962126.018,,0,,,,-0.640,-5.231,True,0.413,3.968,3.19,46.03
1786962126.118,,0,,,,-0.720,-5.334,True,0.412,3.961,3.18,46.01
1786962126.168,,0,,,,-0.750,-5.373,True,0.411,3.957,3.17,46.00
1786962126.243,,0,,,,-0.800,-5.437,True,0.410,4.199,3.35,45.70
1786962126.293,,0,,,,-0.810,-5.450,True,0.410,4.326,3.44,45.63
1786962126.393,,0,,,,-0.790,-5.424,True,0.411,4.273,3.40,45.62
1786962126.443,,0,,,,-0.790,-5.424,True,0.411,3.811,3.03,45.64
1786962126.543,,0,,,,-0.730,-5.347,True,0.412,3.734,2.97,45.62
1786962126.643,,0,,,,-0.630,-5.218,True,0.413,3.664,2.91,45.60
1786962126.718,,0,,,,-0.530,-5.090,True,0.415,4.734,3.80,46.00
1786962126.768,,0,,,,-0.480,-5.025,True,0.416,4.684,3.76,46.00
1786962126.868,,0,,,,-0.410,-4.935,True,0.417,4.754,3.67,44.25
1786962126.968,,0,,,,-0.420,-4.948,True,0.416,3.419,2.73,45.73
1786962127.018,,0,,,,-0.370,-4.884,True,0.417,3.321,2.65,45.71
1786962127.118,,0,,,,-0.400,-4.922,True,0.417,3.735,2.92,44.84
1786962127.193,,0,,,,-0.390,-4.910,True,0.417,3.774,2.94,44.72
1786962127.268,,0,,,,-0.420,-4.948,True,0.416,3.195,2.53,45.42
1786962127.368,,0,,,,-0.380,-4.897,True,0.417,3.143,2.49,45.41
1786962127.443,,0,,,,-0.460,-5.000,True,0.416,3.707,2.88,44.50
1786962127.543,,0,,,,-0.500,-5.051,True,0.415,4.647,3.53,43.61
1786962127.643,,0,,,,-0.640,-5.231,True,0.413,4.019,3.10,44.30
1786962127.743,,0,,,,-0.750,-5.373,True,0.411,3.946,3.05,44.27
1786962127.793,,0,,,,-0.830,-5.476,True,0.410,3.966,3.06,44.25
1786962127.868,,0,,,,-0.900,-5.566,True,0.409,3.993,3.08,44.24
1786962127.993,,0,,,,-0.850,-5.501,True,0.410,3.884,3.00,44.23
1786962128.118,,0,,,,-0.660,-5.257,True,0.413,3.711,2.86,44.19
1786962128.193,,0,,,,-0.490,-5.038,True,0.415,3.555,2.74,44.16
1786962128.318,,0,,,,-0.330,-4.832,True,0.418,3.325,2.56,44.13
1786962128.418,,0,,,,-0.180,-4.639,True,0.420,3.285,2.50,43.65
1786962128.543,,0,,,,-0.180,-4.639,True,0.420,3.225,2.45,43.62
1786962128.643,,0,,,,-0.320,-4.819,True,0.418,3.243,2.47,43.59
1786962128.768,,0,,,,-0.600,-5.180,True,0.414,3.557,2.68,43.20
1786962128.868,,0,,,,-0.860,-5.514,True,0.409,3.836,2.88,43.10
1786962128.993,,0,,,,-0.950,-5.630,True,0.408,4.187,3.05,41.77
1786962129.143,,0,,,,-0.970,-5.656,True,0.408,4.722,3.45,41.95
1786962129.218,,0,,,,-0.990,-5.682,True,0.407,4.692,3.43,41.93
1786962129.293,,0,,,,-0.950,-5.630,True,0.408,4.321,3.12,41.45
1786962129.393,,0,,,,-0.960,-5.643,True,0.408,3.637,2.67,42.11
1786962129.493,,0,,,,-0.960,-5.643,True,0.408,3.659,2.69,42.10
1786962129.568,,0,,,,-0.970,-5.656,True,0.408,3.560,2.61,42.08
1786962129.668,,0,,,,-0.910,-5.579,True,0.409,3.078,2.29,42.63
1786962129.743,,0,,,,-0.840,-5.489,True,0.410,2.910,2.16,42.62
1786962129.818,,0,,,,-0.720,-5.334,True,0.412,3.619,2.65,42.05
1786962129.918,,0,,,,-0.600,-5.180,True,0.414,3.278,2.44,42.62
1786962129.993,,0,,,,-0.470,-5.012,True,0.416,3.170,2.36,42.61
1786962130.068,,0,,,,-0.400,-4.922,True,0.417,3.049,2.26,42.55
1786962130.143,,0,,,,-0.270,-4.755,True,0.419,3.326,2.42,41.77
1786962130.193,,0,,,,-0.260,-4.742,True,0.419,3.211,2.34,41.75
1786962130.293,,0,,,,-0.310,-4.807,True,0.418,2.963,2.19,42.37
1786962130.368,,0,,,,-0.500,-5.051,True,0.415,2.748,2.03,42.37
1786962130.443,,0,,,,-0.590,-5.167,True,0.414,2.820,2.08,42.34
1786962130.543,,0,,,,-0.780,-5.411,True,0.411,3.223,2.30,40.91
1786962130.618,,0,,,,-0.940,-5.617,True,0.408,3.103,2.25,41.64
1786962130.668,,0,,,,-1.070,-5.784,True,0.406,3.129,2.27,41.63
1786962130.743,,0,,,,-1.100,-5.823,True,0.406,2.859,2.08,41.61
1786962130.793,,0,,,,-1.070,-5.784,True,0.406,2.896,2.10,41.59
1786962130.868,,0,,,,-0.990,-5.682,True,0.407,4.667,3.25,39.96
1786962130.943,,0,,,,-0.860,-5.514,True,0.409,4.688,3.26,39.93
1786962131.018,,0,,,,-0.740,-5.360,True,0.411,4.629,3.22,39.91
1786962131.068,,0,,,,-0.650,-5.244,True,0.413,4.568,3.18,39.90
1786962131.143,,0,,,,-0.540,-5.103,True,0.415,4.481,3.12,39.89
1786962131.268,,0,,,,-0.560,-5.128,True,0.414,4.370,3.04,39.85
1786962131.368,,0,,,,-0.720,-5.334,True,0.412,4.322,3.00,39.83
1786962131.468,,0,,,,-0.990,-5.682,True,0.407,4.250,2.95,39.80
1786962131.543,,0,,,,-1.090,-5.810,True,0.406,4.067,2.82,39.78
1786962131.618,,0,,,,-1.140,-5.875,True,0.405,4.026,2.79,39.77
1786962131.693,,0,,,,-1.110,-5.836,True,0.406,3.969,2.75,39.76
1786962131.768,,0,,,,-1.020,-5.720,True,0.407,3.768,2.61,39.74
1786962131.843,,0,,,,-0.880,-5.540,True,0.409,3.690,2.56,39.71
1786962131.968,,0,,,,-0.680,-5.283,True,0.412,3.005,2.12,40.47
1786962132.068,,0,,,,-0.670,-5.270,True,0.412,3.011,2.12,40.44
1786962132.143,,0,,,,-0.810,-5.450,True,0.410,3.057,2.16,40.42
1786962132.243,,0,,,,-0.960,-5.643,True,0.408,3.658,2.50,39.24
1786962132.343,,0,,,,-1.180,-5.926,True,0.404,3.562,2.45,39.38
1786962132.393,,0,,,,-1.220,-5.977,True,0.404,3.625,2.49,39.37
1786962132.493,,0,,,,-1.190,-5.939,True,0.404,3.747,2.55,39.09
1786962132.543,,0,,,,-1.110,-5.836,True,0.406,4.040,2.75,39.07
1786962132.593,,0,,,,-1.020,-5.720,True,0.407,3.962,2.70,39.05
1786962132.668,,0,,,,-0.900,-5.566,True,0.409,4.245,2.81,37.96
1786962132.743,,0,,,,-0.860,-5.514,True,0.409,4.135,2.74,37.95
1786962132.818,,0,,,,-0.820,-5.463,True,0.410,3.047,2.10,39.58
1786962132.918,,0,,,,-0.890,-5.553,True,0.409,3.614,2.43,38.52
1786962132.968,,0,,,,-0.970,-5.656,True,0.408,3.603,2.42,38.51
1786962133.068,,0,,,,-1.040,-5.746,True,0.407,2.739,1.88,39.30
1786962133.143,,0,,,,-1.040,-5.746,True,0.407,3.785,2.54,38.46
1786962133.218,,0,,,,-1.020,-5.720,True,0.407,3.787,2.54,38.43
1786962133.343,,0,,,,-0.860,-5.514,True,0.409,2.861,1.93,38.74
1786962133.443,,0,,,,-0.850,-5.501,True,0.410,2.877,1.94,38.72
1786962133.493,,0,,,,-0.860,-5.514,True,0.409,3.713,2.47,38.14
1786962133.568,,0,,,,-0.920,-5.591,True,0.409,2.954,1.99,38.57
1786962133.668,,0,,,,-1.060,-5.772,True,0.406,2.920,1.96,38.54
1786962133.767,,0,,,,-1.170,-5.913,True,0.405,3.921,2.55,37.25
1786962133.867,,0,,,,-1.250,-6.016,True,0.403,3.913,2.54,37.22
1786962133.968,,0,,,,-1.140,-5.875,True,0.405,3.794,2.46,37.19
1786962134.067,,0,,,,-0.900,-5.566,True,0.409,3.885,2.53,37.37
1786962134.168,,0,,,,-0.830,-5.476,True,0.410,3.725,2.43,37.34
1786962134.218,,0,,,,-0.640,-5.231,True,0.413,3.529,2.30,37.32
1786962134.292,,0,,,,-0.600,-5.180,True,0.414,3.308,2.15,37.29
1786962134.393,,0,,,,-0.660,-5.257,True,0.413,2.988,1.97,37.72
1786962134.468,,0,,,,-0.780,-5.411,True,0.411,2.717,1.77,37.28
1786962134.543,,0,,,,-0.950,-5.630,True,0.408,2.802,1.82,37.27
1786962134.593,,0,,,,-1.130,-5.862,True,0.405,2.835,1.84,37.24
1786962134.667,,0,,,,-1.190,-5.939,True,0.404,2.867,1.86,37.23
1786962134.743,,0,,,,-1.240,-6.003,True,0.404,2.895,1.88,37.21
1786962134.842,,0,,,,-1.120,-5.849,True,0.405,3.034,1.96,37.06
1786962134.892,,0,,,,-0.940,-5.617,True,0.408,3.977,2.50,36.00
1786962134.968,,0,,,,-0.790,-5.424,True,0.411,3.897,2.45,36.00
1786962135.067,,0,,,,-0.550,-5.115,True,0.414,3.089,2.00,37.13
1786962135.143,,0,,,,-0.490,-5.038,True,0.415,3.010,1.93,36.75
1786962135.242,,0,,,,-0.650,-5.244,True,0.413,4.469,2.85,36.55
1786962135.317,,0,,,,-0.840,-5.489,True,0.410,4.417,2.81,36.53
1786962135.392,,0,,,,-1.080,-5.797,True,0.406,3.706,2.37,36.62
1786962135.442,,0,,,,-1.270,-6.042,True,0.403,3.713,2.37,36.60
1786962135.518,,0,,,,-1.400,-6.190,True,0.404,3.726,2.37,36.54
1786962135.567,,0,,,,-1.400,-6.190,True,0.404,3.666,2.34,36.53
1786962135.643,,0,,,,-1.210,-5.965,True,0.404,3.639,2.31,36.45
1786962135.692,,0,,,,-1.080,-5.797,True,0.406,4.487,2.77,35.36
1786962135.792,,0,,,,-0.540,-5.103,True,0.415,4.184,2.58,35.32
1786962135.867,,0,,,,-0.270,-4.755,True,0.419,4.067,2.50,35.32
1786962135.943,,0,,,,-0.050,-4.472,True,0.422,3.669,2.26,35.28
1786962136.042,,0,,,,0.270,-4.060,True,0.428,3.485,2.14,35.26
1786962136.093,,0,,,,0.300,-4.022,True,0.428,3.281,2.02,35.23
1786962136.192,,0,,,,0.270,-4.060,True,0.428,3.396,2.09,35.23
1786962136.267,,0,,,,0.030,-4.369,True,0.424,3.528,2.17,35.19
1786962136.367,,0,,,,-0.340,-4.845,True,0.418,3.587,2.20,35.16
1786962136.442,,0,,,,-0.750,-5.373,True,0.411,3.669,2.25,35.13
1786962136.517,,0,,,,-1.060,-5.772,True,0.406,3.757,2.30,35.12
1786962136.592,,0,,,,-1.250,-6.016,True,0.403,3.804,2.33,35.10
1786962136.693,,0,,,,-1.300,-6.080,True,0.403,3.651,2.23,35.09
1786962136.767,,0,,,,-1.220,-5.977,True,0.404,3.636,2.22,35.05
1786962136.942,,0,,,,-0.770,-5.398,True,0.411,3.691,2.20,34.16
1786962137.017,,0,,,,-0.580,-5.154,True,0.414,3.444,2.05,34.13
1786962137.067,,0,,,,-0.550,-5.115,True,0.414,3.294,2.00,34.73
1786962137.143,,0,,,,-0.520,-5.077,True,0.415,3.088,1.87,34.70
1786962137.292,,0,,,,-0.700,-5.308,True,0.412,3.053,1.84,34.54
1786962137.367,,0,,,,-0.790,-5.424,True,0.411,2.982,1.80,34.51
1786962137.467,,0,,,,-0.920,-5.591,True,0.409,3.068,1.85,34.48
1786962137.517,,0,,,,-0.930,-5.604,True,0.408,2.982,1.78,34.22
1786962137.592,,0,,,,-0.910,-5.579,True,0.409,2.989,1.78,34.20
1786962137.742,,0,,,,-0.770,-5.398,True,0.411,3.094,1.83,33.98
1786962137.792,,0,,,,-0.700,-5.308,True,0.412,3.012,1.78,33.95
1786962137.867,,0,,,,-0.620,-5.205,True,0.413,2.986,1.77,33.94
1786962137.942,,0,,,,-0.560,-5.128,True,0.414,2.909,1.71,33.73
1786962138.017,,0,,,,-0.520,-5.077,True,0.415,2.949,1.73,33.59
1786962138.067,,0,,,,-0.510,-5.064,True,0.415,2.883,1.69,33.58
1786962138.192,,0,,,,-0.610,-5.193,True,0.413,2.615,1.52,33.34
1786962138.242,,0,,,,-0.790,-5.424,True,0.411,2.613,1.52,33.33
1786962138.392,,0,,,,-0.990,-5.682,True,0.407,2.518,1.46,33.31
1786962138.467,,0,,,,-1.050,-5.759,True,0.407,2.424,1.39,32.88
1786962138.542,,0,,,,-1.080,-5.797,True,0.406,2.360,1.35,32.87
1786962138.592,,0,,,,-1.090,-5.810,True,0.406,2.328,1.33,32.84
1786962138.692,,0,,,,-1.090,-5.810,True,0.406,2.502,1.43,32.68
1786962138.767,,0,,,,-1.030,-5.733,True,0.407,2.449,1.40,32.67
1786962138.867,,0,,,,-0.930,-5.604,True,0.408,2.486,1.42,32.64
1786962138.967,,0,,,,-0.870,-5.527,True,0.409,2.955,1.67,32.37
1786962139.017,,0,,,,-0.820,-5.463,True,0.410,2.947,1.66,32.35
1786962139.092,,0,,,,-0.830,-5.476,True,0.410,2.949,1.66,32.26
1786962139.167,,0,,,,-0.930,-5.604,True,0.408,2.966,1.67,32.26
1786962139.217,,0,,,,-1.000,-5.694,True,0.407,3.326,1.87,32.25
1786962139.317,,0,,,,-1.340,-6.129,True,0.402,2.832,1.58,31.94
1786962139.417,,0,,,,-1.540,-6.333,True,0.409,3.182,1.77,31.83
1786962139.492,,0,,,,-1.590,-6.384,True,0.410,3.005,1.67,31.80
1786962139.567,,0,,,,-1.550,-6.343,True,0.409,2.233,1.24,31.84
1786962139.642,,0,,,,-1.440,-6.231,True,0.406,2.218,1.23,31.82
1786962139.717,,0,,,,-1.110,-5.836,True,0.406,2.545,1.40,31.64
1786962139.817,,0,,,,-0.790,-5.424,True,0.411,2.293,1.27,31.62
1786962139.867,,0,,,,-0.590,-5.167,True,0.414,2.263,1.25,31.61
1786962139.967,,0,,,,-0.430,-4.961,True,0.416,2.505,1.36,31.13
1786962140.042,,0,,,,-0.400,-4.922,True,0.417,2.396,1.30,31.10
1786962140.142,,0,,,,-0.490,-5.038,True,0.415,2.638,1.43,31.08
1786962140.217,,0,,,,-0.680,-5.283,True,0.412,2.620,1.42,30.96
1786962140.317,,0,,,,-1.010,-5.707,True,0.407,2.832,1.53,30.95
1786962140.392,,0,,,,-1.180,-5.926,True,0.404,2.875,1.55,30.94
1786962140.442,,0,,,,-1.300,-6.080,True,0.403,2.834,1.53,30.92
1786962140.517,,0,,,,-1.440,-6.231,True,0.406,2.799,1.51,30.90
1786962140.567,,0,,,,-1.490,-6.282,True,0.407,3.219,1.72,30.57
1786962140.642,,0,,,,-1.450,-6.241,True,0.406,3.117,1.66,30.55
1786962140.742,,0,,,,-1.310,-6.093,True,0.402,2.889,1.53,30.31
1786962140.792,,0,,,,-1.090,-5.810,True,0.406,2.763,1.46,30.28
1786962140.917,,0,,,,-0.800,-5.437,True,0.410,2.585,1.36,30.25
1786962140.992,,0,,,,-0.580,-5.154,True,0.414,2.814,1.48,30.09
1786962141.067,,0,,,,-0.570,-5.141,True,0.414,2.851,1.50,30.09
1786962141.142,,0,,,,-0.600,-5.180,True,0.414,2.973,1.56,29.99
1786962141.217,,0,,,,-0.670,-5.270,True,0.412,2.876,1.50,29.98
1786962141.267,,0,,,,-0.730,-5.347,True,0.412,2.622,1.37,29.94
1786962141.367,,0,,,,-0.840,-5.489,True,0.410,2.596,1.36,29.93
1786962141.417,,0,,,,-0.930,-5.604,True,0.408,2.607,1.36,29.91
1786962141.517,,0,,,,-0.900,-5.566,True,0.409,3.079,1.59,29.52
1786962141.567,,0,,,,-0.810,-5.450,True,0.410,3.005,1.55,29.51
1786962141.642,,0,,,,-0.670,-5.270,True,0.412,3.156,1.62,29.35
1786962141.717,,0,,,,-0.490,-5.038,True,0.415,2.927,1.50,29.33
1786962141.842,,0,,,,-0.300,-4.794,True,0.418,2.721,1.39,29.31
1786962141.917,,0,,,,-0.190,-4.652,True,0.420,2.677,1.36,29.18
1786962141.992,,0,,,,-0.130,-4.575,True,0.421,2.585,1.31,29.16
1786962142.092,,0,,,,-0.110,-4.549,True,0.421,2.805,1.41,28.82
1786962142.192,,0,,,,-0.300,-4.794,True,0.418,2.964,1.48,28.66
1786962142.267,,0,,,,-0.520,-5.077,True,0.415,3.007,1.50,28.64
1786962142.342,,0,,,,-0.820,-5.463,True,0.410,3.082,1.54,28.61
1786962142.442,,0,,,,-1.030,-5.733,True,0.407,3.040,1.52,28.60
1786962142.542,,0,,,,-1.120,-5.849,True,0.405,3.169,1.58,28.57
1786962142.642,,0,,,,-1.100,-5.823,True,0.406,3.162,1.57,28.55
1786962142.717,,0,,,,-0.920,-5.591,True,0.409,3.039,1.51,28.53
1786962142.792,,0,,,,-0.750,-5.373,True,0.411,2.835,1.41,28.51
1786962142.867,,0,,,,-0.580,-5.154,True,0.414,2.705,1.35,28.50
1786962142.942,,0,,,,-0.500,-5.051,True,0.415,2.469,1.23,28.47
1786962143.017,,0,,,,-0.450,-4.987,True,0.416,3.283,1.59,27.78
1786962143.067,,0,,,,-0.440,-4.974,True,0.416,3.209,1.55,27.77
1786962143.142,,0,,,,-0.480,-5.025,True,0.416,3.053,1.48,27.75
1786962143.242,,0,,,,-0.540,-5.103,True,0.415,2.993,1.45,27.74
1786962143.367,,0,,,,-0.620,-5.205,True,0.413,3.025,1.45,27.42
1786962143.417,,0,,,,-0.640,-5.231,True,0.413,2.977,1.42,27.40
1786962143.492,,0,,,,-0.620,-5.205,True,0.413,2.876,1.37,27.38
1786962143.592,,0,,,,-0.530,-5.090,True,0.415,2.746,1.31,27.36
1786962143.667,,0,,,,-0.470,-5.012,True,0.416,2.683,1.28,27.35
1786962143.717,,0,,,,-0.410,-4.935,True,0.417,2.586,1.23,27.33
1786962143.792,,0,,,,-0.340,-4.845,True,0.418,2.482,1.18,27.31
1786962143.867,,0,,,,-0.290,-4.781,True,0.419,3.192,1.50,26.95
1786962143.967,,0,,,,-0.270,-4.755,True,0.419,3.014,1.42,26.94
1786962144.017,,0,,,,-0.360,-4.871,True,0.417,2.589,1.22,26.92
1786962144.092,,0,,,,-0.400,-4.922,True,0.417,3.249,1.51,26.60
1786962144.167,,0,,,,-0.470,-5.012,True,0.416,3.250,1.51,26.59
1786962144.242,,0,,,,-0.550,-5.115,True,0.414,2.761,1.28,26.54
1786962144.342,,0,,,,-0.580,-5.154,True,0.414,2.534,1.17,26.52
1786962144.417,,0,,,,-0.630,-5.218,True,0.413,2.387,1.10,26.51
1786962144.517,,0,,,,-0.700,-5.308,True,0.412,2.205,1.02,26.49
1786962144.592,,0,,,,-0.820,-5.463,True,0.410,2.162,1.00,26.47
1786962144.667,,0,,,,-0.900,-5.566,True,0.409,2.144,0.99,26.46
1786962144.767,,0,,,,-0.960,-5.643,True,0.408,2.063,0.95,26.43
1786962144.817,,0,,,,-0.990,-5.682,True,0.407,2.075,0.96,26.42
1786962144.917,,0,,,,-0.990,-5.682,True,0.407,2.059,0.95,26.40
1786962144.967,,0,,,,-0.910,-5.579,True,0.409,1.944,0.90,26.39
1786962145.092,,0,,,,-0.800,-5.437,True,0.410,1.915,0.88,26.38
1786962145.167,,0,,,,-0.770,-5.398,True,0.411,1.871,0.86,26.36
1786962145.242,,0,,,,-0.770,-5.398,True,0.411,1.807,0.83,26.33
1786962145.342,,0,,,,-0.790,-5.424,True,0.411,1.764,0.81,26.32
1786962145.417,,0,,,,-0.780,-5.411,True,0.411,3.520,1.55,25.32
1786962145.467,,0,,,,-0.750,-5.373,True,0.411,3.396,1.50,25.31
1786962145.517,,0,,,,-0.770,-5.398,True,0.411,3.273,1.44,25.29
1786962145.592,,0,,,,-0.670,-5.270,True,0.412,2.956,1.30,25.27
1786962145.692,,0,,,,-0.520,-5.077,True,0.415,2.914,1.28,25.12
1786962145.917,,0,,,,0.000,-4.408,True,0.423,2.860,1.24,24.84
1786962146.017,,0,,,,0.150,-4.215,True,0.426,2.572,1.11,24.82
1786962146.117,,0,,,,0.160,-4.202,True,0.426,2.454,1.06,24.80
1786962146.217,,0,,,,0.040,-4.356,True,0.424,2.789,1.19,24.52
1786962146.267,,0,,,,-0.050,-4.472,True,0.422,2.726,1.17,24.52
1786962146.367,,0,,,,-0.230,-4.704,True,0.420,2.771,1.18,24.49
1786962146.442,,0,,,,-0.400,-4.922,True,0.417,2.895,1.24,24.47
1786962146.542,,0,,,,-0.540,-5.103,True,0.415,2.823,1.20,24.45
1786962146.617,,0,,,,-0.600,-5.180,True,0.414,2.852,1.22,24.43
1786962146.717,,0,,,,-0.590,-5.167,True,0.414,2.601,1.11,24.41
1786962146.792,,0,,,,-0.500,-5.051,True,0.415,3.294,1.37,23.93
1786962146.917,,0,,,,-0.330,-4.832,True,0.418,3.090,1.29,23.90
1786962147.017,,0,,,,0.000,-4.408,True,0.423,2.568,1.07,23.89
1786962147.092,,0,,,,0.140,-4.228,True,0.426,2.229,0.93,23.87
1786962147.192,,0,,,,0.130,-4.240,True,0.425,2.143,0.89,23.86
1786962147.343,,0,,,,-0.170,-4.626,True,0.420,2.147,0.89,23.82
1786962147.467,,0,,,,-0.380,-4.897,True,0.417,2.004,0.83,23.81
1786962147.567,,0,,,,-0.360,-4.871,True,0.417,1.829,0.76,23.78
1786962147.617,,0,,,,-0.310,-4.807,True,0.418,1.767,0.73,23.77
1786962147.692,,0,,,,-0.110,-4.549,True,0.421,1.500,0.62,23.74
1786962147.792,,0,,,,0.050,-4.343,True,0.424,1.240,0.51,23.72
1786962147.867,,0,,,,0.100,-4.279,True,0.425,1.067,0.44,23.72
1786962147.942,,0,,,,0.140,-4.228,True,0.426,2.665,1.06,22.86
1786962148.017,,0,,,,0.050,-4.343,True,0.424,2.469,0.98,22.85
1786962148.092,,0,,,,-0.050,-4.472,True,0.422,2.350,0.94,22.82
1786962148.167,,0,,,,-0.170,-4.626,True,0.420,2.749,1.08,22.62
1786962148.242,,0,,,,-0.230,-4.704,True,0.420,2.538,1.00,22.61
1786962148.317,,0,,,,-0.230,-4.704,True,0.420,2.373,0.94,22.59
1786962148.417,,0,,,,-0.210,-4.678,True,0.420,2.142,0.84,22.57
1786962148.493,,0,,,,-0.140,-4.588,True,0.421,2.503,0.98,22.35
1786962148.567,,0,,,,-0.070,-4.498,True,0.422,2.356,0.92,22.35
1786962148.667,,0,,,,-0.070,-4.498,True,0.422,2.240,0.87,22.34
1786962148.742,,0,,,,-0.060,-4.485,True,0.422,2.702,1.04,22.11
1786962148.817,,0,,,,-0.140,-4.588,True,0.421,2.636,1.02,22.10
1786962148.892,,0,,,,-0.230,-4.704,True,0.420,2.537,0.98,22.09
1786962149.042,,0,,,,-0.320,-4.819,True,0.418,2.536,0.97,21.82
1786962149.092,,0,,,,-0.320,-4.819,True,0.418,2.049,0.78,21.80
1786962149.167,,0,,,,-0.280,-4.768,True,0.419,2.033,0.77,21.79
1786962149.242,,0,,,,-0.220,-4.691,True,0.420,2.014,0.76,21.76
1786962149.317,,0,,,,-0.180,-4.639,True,0.420,2.423,0.91,21.54
1786962149.417,,0,,,,-0.060,-4.485,True,0.422,2.109,0.79,21.51
1786962149.517,,0,,,,0.020,-4.382,True,0.424,1.754,0.66,21.49
1786962149.617,,0,,,,0.030,-4.369,True,0.424,2.270,0.84,21.14
1786962149.717,,0,,,,0.040,-4.356,True,0.424,2.053,0.76,21.12
1786962149.767,,0,,,,0.010,-4.395,True,0.423,1.868,0.69,21.12
1786962149.842,,0,,,,0.010,-4.395,True,0.423,2.015,0.74,20.96
1786962149.917,,0,,,,-0.050,-4.472,True,0.422,2.032,0.74,20.94
1786962150.017,,0,,,,0.070,-4.318,True,0.424,2.160,0.79,20.93
1786962150.117,,0,,,,0.250,-4.086,True,0.427,2.108,0.77,20.90
1786962150.192,,0,,,,0.360,-3.945,True,0.429,1.895,0.69,20.88
1786962150.267,,0,,,,0.490,-3.777,True,0.431,2.737,0.98,20.57
1786962150.392,,0,,,,0.520,-3.739,True,0.432,2.298,0.82,20.53
1786962150.467,,0,,,,0.480,-3.790,True,0.431,2.049,0.73,20.52
1786962150.542,,0,,,,0.420,-3.867,True,0.430,1.836,0.66,20.50
1786962150.642,,0,,,,0.310,-4.009,True,0.428,2.077,0.73,20.24
1786962150.692,,0,,,,0.220,-4.125,True,0.427,2.233,0.79,20.17
1786962150.792,,0,,,,0.250,-4.086,True,0.427,2.082,0.73,20.15
1786962150.867,,0,,,,0.330,-3.983,True,0.429,1.885,0.66,20.15
1786962150.917,,0,,,,0.470,-3.803,True,0.431,1.733,0.61,20.14
1786962150.992,,0,,,,0.660,-3.558,True,0.434,2.664,0.93,19.90
1786962151.067,,0,,,,0.730,-3.468,True,0.435,2.561,0.89,19.90
1786962151.142,,0,,,,0.860,-3.301,True,0.437,2.680,0.93,19.88
1786962151.217,,0,,,,0.920,-3.224,True,0.438,2.645,0.92,19.87
1786962151.317,,0,,,,0.830,-3.340,True,0.437,3.164,1.08,19.65
1786962151.417,,0,,,,0.680,-3.533,True,0.434,3.179,1.08,19.54
1786962151.492,,0,,,,0.640,-3.584,True,0.434,3.458,1.18,19.48
1786962151.567,,0,,,,0.290,-4.035,True,0.428,3.445,1.17,19.46
1786962151.642,,0,,,,0.230,-4.112,True,0.427,3.249,1.09,19.31
1786962151.717,,0,,,,0.030,-4.369,True,0.424,2.998,1.01,19.29
1786962151.842,,0,,,,0.150,-4.215,True,0.426,2.565,0.86,19.26
1786962151.942,,0,,,,0.440,-3.842,True,0.430,2.676,0.89,19.08
1786962152.067,,0,,,,0.940,-3.198,True,0.439,2.584,0.86,19.02
1786962152.167,,0,,,,1.120,-2.967,True,0.442,2.406,0.80,18.95
1786962152.617,,0,,,,-0.010,-4.421,True,0.423,1.753,0.57,18.69
1786962152.667,,0,,,,-0.160,-4.614,True,0.421,2.733,0.88,18.42
1786962152.717,,0,,,,-0.210,-4.678,True,0.420,2.548,0.82,18.40
1786962152.792,,0,,,,-0.160,-4.614,True,0.421,2.076,0.67,18.45
1786962152.842,,0,,,,-0.070,-4.498,True,0.422,1.759,0.57,18.45
1786962152.917,,0,,,,0.220,-4.125,True,0.427,2.405,0.77,18.23
1786962152.992,,0,,,,0.590,-3.649,True,0.433,0.975,0.31,18.13
1786962153.067,,0,,,,0.970,-3.160,True,0.439,0.250,0.08,18.12
1786962153.167,,0,,,,1.320,-2.709,True,0.445,0.117,0.04,18.11
1786962153.267,,0,,,,1.540,-2.426,True,0.449,1.504,0.47,17.96
1786962153.342,,0,,,,1.500,-2.478,True,0.448,1.790,0.56,17.88
1786962153.417,,0,,,,1.380,-2.632,True,0.446,1.226,0.38,17.80
1786962153.492,,0,,,,1.250,-2.799,True,0.444,1.194,0.37,17.78
1786962153.542,,0,,,,1.090,-3.005,True,0.441,1.304,0.40,17.73
1786962153.642,,0,,,,0.870,-3.288,True,0.438,0.950,0.30,17.82
1786962153.742,,0,,,,0.780,-3.404,True,0.436,1.290,0.40,17.70
1786962153.817,,0,,,,0.760,-3.430,True,0.436,1.295,0.40,17.69
1786962153.892,,0,,,,0.860,-3.301,True,0.437,1.247,0.38,17.67
1786962153.967,,0,,,,0.960,-3.172,True,0.439,1.063,0.33,17.66
1786962154.042,,0,,,,1.020,-3.095,True,0.440,0.969,0.30,17.64
1786962154.117,,0,,,,1.080,-3.018,True,0.441,0.875,0.27,17.63
1786962154.217,,0,,,,1.110,-2.979,True,0.442,0.738,0.23,17.61
1786962154.292,,0,,,,1.050,-3.057,True,0.441,0.633,0.19,17.60
1786962154.367,,0,,,,0.900,-3.250,True,0.438,0.476,0.15,17.59
1786962154.442,,0,,,,0.730,-3.468,True,0.435,0.490,0.15,17.57
1786962154.542,,0,,,,0.530,-3.726,True,0.432,0.478,0.15,17.55
1786962154.617,,0,,,,0.480,-3.790,True,0.431,0.430,0.13,17.55
1786962154.717,,0,,,,0.450,-3.829,True,0.431,0.541,0.17,17.53
1786962154.792,,0,,,,0.620,-3.610,True,0.433,0.615,0.19,17.52
1786962154.867,,0,,,,0.740,-3.456,True,0.435,0.491,0.15,17.51
1786962154.967,,0,,,,0.880,-3.275,True,0.438,0.519,0.16,17.50
1786962155.017,,0,,,,0.970,-3.160,True,0.439,0.317,0.10,17.49
1786962155.092,,0,,,,1.050,-3.057,True,0.441,5.715,1.65,16.58
1786962155.167,,0,,,,1.110,-2.979,True,0.442,5.774,1.67,16.56
1786962155.267,,0,,,,1.120,-2.967,True,0.442,5.724,1.65,16.54
1786962155.367,,0,,,,1.060,-3.044,True,0.441,5.630,1.62,16.52
1786962155.442,,0,,,,1.120,-2.967,True,0.442,5.457,1.57,16.50
1786962155.492,,0,,,,1.130,-2.954,True,0.442,5.273,1.52,16.49
1786962155.642,,0,,,,1.330,-2.696,True,0.445,4.949,1.42,16.47
1786962155.717,,0,,,,1.440,-2.555,True,0.447,4.909,1.41,16.46
1786962155.792,,0,,,,1.600,-2.349,True,0.450,6.742,1.90,16.17
1786962155.892,,0,,,,1.730,-2.182,True,0.452,6.777,1.91,16.15
1786962155.967,,0,,,,1.760,-2.143,True,0.453,6.584,1.85,16.14
1786962156.042,,0,,,,1.640,-2.298,True,0.451,6.618,1.86,16.13
1786962156.117,,0,,,,1.490,-2.491,True,0.448,6.552,1.84,16.12
1786962156.167,,0,,,,1.170,-2.902,True,0.443,6.471,1.82,16.11
1786962156.267,,0,,,,0.940,-3.198,True,0.439,6.674,1.87,16.09
1786962156.342,,0,,,,0.650,-3.571,True,0.434,6.799,1.90,16.08
1786962156.392,,0,,,,0.470,-3.803,True,0.431,7.007,1.96,16.06
1786962156.742,,0,,,,0.000,-4.408,True,0.423,8.981,2.43,15.55
1786962156.817,,0,,,,-0.010,-4.421,True,0.423,8.826,2.38,15.54
1786962199.592,,0,,,,61.320,59.618,True,0.860,-9.706,4.68,27.73
1786962199.642,,0,,,,61.320,59.618,True,0.860,-10.827,5.21,27.71
1786962199.717,,0,,,,61.320,59.618,True,0.860,-10.829,5.30,28.21
1786962199.792,,0,,,,61.320,59.618,True,0.860,-11.043,5.40,28.19
1786962199.867,,0,,,,60.450,58.760,True,0.860,-10.724,5.24,28.18
1786962199.942,,0,,,,60.580,58.888,True,0.860,-9.526,4.77,28.81
1786962200.067,,0,,,,60.480,58.789,True,0.860,-9.452,4.73,28.79
1786962200.142,,0,,,,60.300,58.612,True,0.860,-9.773,4.88,28.73
1786962200.217,,0,,,,59.880,58.198,True,0.860,-10.088,5.18,29.59
1786962200.267,,0,,,,59.530,57.852,True,0.860,-9.580,4.92,29.59
1786962200.342,,0,,,,59.000,57.330,True,0.860,-9.009,4.63,29.57
1786962200.417,,0,,,,58.840,57.172,True,0.860,-8.729,4.49,29.56
1786962200.492,,0,,,,58.840,57.172,True,0.860,-8.301,4.27,29.54
1786962200.567,,0,,,,58.840,57.172,True,0.860,-8.224,4.23,29.54
1786962200.642,,0,,,,59.080,57.409,True,0.860,-13.218,6.40,27.98
1786962200.742,,0,,,,59.690,58.010,True,0.860,-12.538,6.07,27.97
1786962200.842,,0,,,,60.450,58.760,True,0.860,-12.501,6.05,27.94
1786962200.942,,0,,,,60.940,59.243,True,0.860,-11.810,5.55,27.11
1786962201.017,,0,,,,60.870,59.174,True,0.860,-11.462,5.38,27.06
1786962201.092,,0,,,,60.540,58.849,True,0.860,-11.423,5.35,27.04
1786962201.167,,0,,,,60.210,58.523,True,0.860,-10.903,5.11,27.03
1786962201.267,,0,,,,59.780,58.099,True,0.860,-12.258,5.78,27.21
1786962201.342,,0,,,,59.610,57.931,True,0.860,-11.925,5.62,27.20
1786962201.417,,0,,,,59.560,57.882,True,0.860,-11.266,5.31,27.18
1786962201.467,,0,,,,59.530,57.852,True,0.860,-10.783,5.08,27.18
1786962201.567,,0,,,,59.500,57.823,True,0.860,-10.486,4.94,27.17
1786962201.642,,0,,,,59.520,57.843,True,0.860,-10.184,4.80,27.15
1786962201.717,,0,,,,58.990,57.320,True,0.860,-11.068,5.14,26.79
1786962201.767,,0,,,,58.410,56.748,True,0.860,-10.584,4.92,26.78
1786962201.817,,0,,,,57.980,56.324,True,0.860,-10.012,4.70,27.05
1786962201.892,,0,,,,57.230,55.584,True,0.860,-8.998,4.23,27.04
1786962201.967,,0,,,,56.260,54.627,True,0.860,-8.604,4.04,27.03
1786962202.042,,0,,,,55.510,53.887,True,0.860,-6.755,3.18,27.00
1786962202.092,,0,,,,54.710,53.098,True,0.860,-5.546,2.61,26.99
1786962202.192,,0,,,,53.860,52.393,True,0.860,-5.526,2.56,26.61
1786962202.542,,0,,,,50.790,49.870,True,0.860,-4.036,1.87,26.56
1786962202.742,,0,,,,49.260,48.612,True,0.860,-5.342,2.47,26.56
1786962202.817,,0,,,,47.830,47.437,True,0.860,-5.486,2.54,26.54
1786962202.992,,0,,,,45.430,45.464,True,0.860,-3.745,1.73,26.51
1786962203.317,,0,,,,42.840,43.336,True,0.860,-3.873,1.80,26.67
1786962203.366,,0,,,,42.720,43.237,True,0.860,-3.911,1.82,26.66
1786962203.417,,0,,,,42.650,43.177,True,0.860,-4.900,2.28,26.64
1786962203.492,,0,,,,42.480,43.015,True,0.861,-4.981,2.31,26.63
1786962203.667,,0,,,,42.240,42.786,True,0.863,-7.424,3.41,26.39
1786962203.767,,0,,,,42.180,42.728,True,0.863,-7.553,3.46,26.35
1786962203.867,,0,,,,42.040,42.595,True,0.864,-7.083,3.25,26.34
1786962203.942,,0,,,,41.850,42.413,True,0.865,-6.714,3.08,26.32
1786962204.016,,0,,,,41.650,42.222,True,0.866,-7.644,3.51,26.37
1786962204.092,,0,,,,41.510,42.089,True,0.867,-7.794,3.57,26.29
1786962204.216,,0,,,,40.820,41.430,True,0.872,-8.821,4.18,27.24
1786962204.316,,0,,,,40.420,41.048,True,0.874,-8.449,4.00,27.22
1786962204.442,,0,,,,39.580,40.246,True,0.880,-7.785,3.68,27.20
1786962204.516,,0,,,,39.190,39.874,True,0.882,-8.843,4.05,26.33
1786962204.567,,0,,,,38.950,39.645,True,0.884,-8.606,3.97,26.53
1786962204.616,,0,,,,38.770,39.473,True,0.885,-7.526,3.47,26.51
1786962204.716,,0,,,,38.260,38.986,True,0.888,-7.439,3.43,26.49
1786962204.792,,0,,,,37.750,38.500,True,0.891,-6.927,3.19,26.46
1786962204.866,,0,,,,37.370,38.137,True,0.894,-8.754,4.00,26.30
1786962204.917,,0,,,,36.780,37.574,True,0.898,-8.448,3.86,26.28
1786962205.016,,0,,,,36.130,36.953,True,0.902,-7.904,3.64,26.44
1786962205.092,,0,,,,35.910,36.743,True,0.903,-7.602,3.50,26.42
1786962205.166,,0,,,,35.840,36.676,True,0.904,-7.620,3.50,26.42
1786962205.241,,0,,,,35.860,36.696,True,0.903,-7.112,3.27,26.39
1786962205.341,,0,,,,36.090,36.915,True,0.902,-6.484,3.05,27.04
1786962205.441,,0,,,,36.210,37.030,True,0.901,-6.891,3.16,26.34
1786962205.517,,0,,,,36.170,36.991,True,0.901,-6.895,3.18,26.50
1786962205.641,,0,,,,35.950,36.781,True,0.903,-5.167,2.37,26.37
1786962205.741,,0,,,,35.750,36.591,True,0.904,-4.739,2.18,26.35
1786962205.816,,0,,,,35.560,36.409,True,0.905,-4.151,1.91,26.33
1786962205.916,,0,,,,35.140,36.008,True,0.908,-5.542,2.61,26.99
1786962206.066,,0,,,,34.380,35.283,True,0.913,-6.966,3.21,26.46
1786962206.142,,0,,,,33.890,34.815,True,0.916,-6.605,3.04,26.44
1786962206.216,,0,,,,33.730,34.662,True,0.917,-7.583,3.56,26.95
1786962206.291,,0,,,,33.680,34.615,True,0.917,-7.072,3.31,26.92
1786962206.416,,0,,,,33.500,34.443,True,0.919,-6.825,3.20,26.91
1786962206.466,,0,,,,33.350,34.300,True,0.920,-6.581,3.08,26.90
1786962206.542,,0,,,,33.350,34.300,True,0.920,-5.616,2.60,26.54
1786962206.616,,0,,,,33.410,34.357,True,0.919,-5.569,2.57,26.50
1786962206.691,,0,,,,33.550,34.491,True,0.918,-5.043,2.34,26.58
1786962206.766,,0,,,,33.660,34.596,True,0.918,-4.841,2.24,26.57
1786962206.791,,0,,,,33.740,34.672,True,0.917,-5.114,2.37,26.60
1786962206.866,,0,,,,33.770,34.701,True,0.917,-5.152,2.39,26.60
1786962206.916,,0,,,,34.000,34.920,True,0.915,-5.133,2.39,26.68
1786962206.991,,0,,,,34.260,35.168,True,0.914,-4.796,2.23,26.66
1786962207.066,,0,,,,34.260,35.168,True,0.914,-5.044,2.34,26.63
1786962207.141,,0,,,,33.610,34.548,True,0.918,-6.021,2.79,26.64
1786962207.216,,0,,,,33.140,34.099,True,0.921,-6.174,2.86,26.61
1786962207.341,,0,,,,32.160,33.140,True,0.920,-6.786,3.15,26.62
1786962207.416,,0,,,,31.610,32.537,True,0.901,-7.553,3.51,26.73
1786962207.491,,0,,,,31.390,32.296,True,0.893,-6.563,3.05,26.71
1786962207.566,,0,,,,31.510,32.427,True,0.898,-6.195,2.88,26.71
1786962207.642,,0,,,,32.160,33.140,True,0.920,-6.312,2.95,26.81
1786962207.716,,0,,,,33.400,34.347,True,0.919,-5.672,2.65,26.78
1786962207.866,,0,,,,36.010,36.839,True,0.903,-4.222,1.98,26.90
1786962207.916,,0,,,,37.200,37.975,True,0.895,-2.959,1.39,26.96
1786962208.016,,0,,,,38.660,39.368,True,0.886,0.812,0.38,26.82
1786962208.166,,0,,,,42.370,42.910,True,0.862,1.603,0.75,26.95
1786962208.266,,0,,,,43.070,43.525,True,0.860,1.747,0.82,26.96
1786962208.441,,0,,,,44.320,44.552,True,0.860,2.389,1.12,26.90
1786962208.516,,0,,,,44.160,44.421,True,0.860,1.510,0.71,26.88
1786962208.616,,0,,,,43.160,43.599,True,0.860,-0.903,0.42,26.86
1786962208.691,,0,,,,42.650,43.177,True,0.860,-1.085,0.51,26.84
1786962208.791,,0,,,,42.190,42.738,True,0.863,-1.344,0.63,26.83
1786962208.866,,0,,,,42.260,42.805,True,0.863,-1.715,0.80,26.83
1786962208.966,,0,,,,42.890,43.377,True,0.860,-2.447,1.15,26.82
1786962209.066,,0,,,,44.470,44.675,True,0.860,-2.497,1.17,26.82
1786962209.141,,0,,,,46.620,46.443,True,0.860,-2.506,1.17,26.82
1786962209.216,,0,,,,47.900,47.495,True,0.860,-2.528,1.18,26.82
1786962209.291,,0,,,,49.780,49.040,True,0.860,-1.794,0.84,26.82
1786962209.391,,0,,,,52.880,51.588,True,0.860,-1.449,0.68,26.83
1786962209.491,,0,,,,55.270,53.651,True,0.860,-0.698,0.33,26.83
1786962209.641,,0,,,,58.580,56.915,True,0.860,-0.765,0.36,26.82
1786962209.741,,0,,,,60.510,58.819,True,0.860,-0.462,0.22,26.81
1786962209.816,,0,,,,61.600,59.894,True,0.860,-1.052,0.49,26.79
1786962209.941,,0,,,,63.050,61.324,True,0.860,-1.278,0.60,26.77
1786962210.016,,0,,,,63.660,61.926,True,0.860,-1.835,0.86,26.75
1786962210.166,,0,,,,63.690,61.955,True,0.860,-10.613,5.05,27.44
1786962210.416,,0,,,,64.000,62.261,True,0.860,-11.236,5.35,27.44
1786962210.516,,0,,,,64.500,62.754,True,0.860,-11.654,5.55,27.47
1786962210.616,,0,,,,65.380,63.762,True,0.883,-11.897,5.68,27.57
1786962210.716,,0,,,,66.150,64.674,True,0.909,-12.387,5.92,27.60
1786962210.766,,0,,,,66.780,65.419,True,0.929,-12.369,5.91,27.60
1786962210.841,,0,,,,67.710,66.520,True,0.960,-11.805,5.65,27.60
1786962210.941,,0,,,,68.510,67.467,True,0.987,-7.623,3.66,27.61
1786962210.991,,0,,,,69.430,68.556,True,1.018,-9.201,4.40,27.49
1786962211.066,,0,,,,70.840,70.225,True,1.065,-12.324,5.91,27.68
1786962211.166,,0,,,,71.700,71.242,True,1.094,-12.388,5.93,27.66
1786962211.266,,0,,,,72.520,72.213,True,1.121,-15.939,8.21,29.90
1786962211.316,,0,,,,72.780,72.521,True,1.130,-12.793,6.23,28.15
1786962211.391,,0,,,,73.240,73.044,True,1.137,-12.601,6.14,28.15
1786962211.466,,0,,,,73.550,73.384,True,1.137,-12.532,6.11,28.14
1786962211.541,,0,,,,73.780,73.636,True,1.137,-12.309,6.00,28.13
1786962211.616,,0,,,,73.900,73.767,True,1.137,-11.655,5.61,27.75
1786962211.716,,0,,,,73.830,73.691,True,1.137,-12.813,6.19,27.91
1786962211.866,,0,,,,73.460,73.285,True,1.137,-12.621,6.12,27.99
1786962211.941,,0,,,,73.300,73.110,True,1.137,-12.174,5.94,28.19
1786962211.991,,0,,,,73.180,72.978,True,1.137,-11.769,5.75,28.19
1786962212.066,,0,,,,73.140,72.934,True,1.137,-11.508,5.62,28.18
1786962212.141,,0,,,,73.200,73.000,True,1.137,-11.327,5.60,28.50
1786962212.241,,0,,,,73.340,73.154,True,1.137,-10.622,5.25,28.49
1786962212.316,,0,,,,73.470,73.296,True,1.137,-10.519,5.25,28.78
1786962212.391,,0,,,,73.750,73.603,True,1.137,-10.166,5.00,28.34
1786962212.466,,0,,,,74.030,73.910,True,1.137,-9.965,4.90,28.33
1786962212.566,,0,,,,74.410,74.326,True,1.137,-9.982,4.88,28.15
1786962212.641,,0,,,,74.860,74.819,True,1.137,-10.226,5.10,28.73
1786962212.716,,0,,,,75.290,75.291,True,1.137,-10.550,5.24,28.65
1786962212.766,,0,,,,75.480,75.499,True,1.137,-10.407,5.17,28.64
1786962212.891,,0,,,,75.740,75.784,True,1.137,-12.379,6.36,29.67
1786962212.966,,0,,,,75.810,75.860,True,1.137,-11.849,6.03,29.35
1786962213.041,,0,,,,75.770,75.817,True,1.137,-11.818,6.01,29.34
1786962213.116,,0,,,,75.650,75.685,True,1.137,-11.735,5.96,29.32
1786962213.241,,0,,,,75.370,75.378,True,1.137,-11.076,5.46,28.40
1786962213.341,,0,,,,75.190,75.181,True,1.137,-10.828,5.33,28.37
1786962213.416,,0,,,,74.850,74.808,True,1.137,-11.182,5.55,28.61
1786962213.491,,0,,,,74.660,74.600,True,1.137,-12.285,6.22,29.22
1786962213.566,,0,,,,74.550,74.480,True,1.137,-11.065,5.52,28.79
1786962213.641,,0,,,,74.350,74.260,True,1.137,-10.503,5.24,28.77
1786962213.741,,0,,,,74.080,73.965,True,1.137,-9.884,5.03,29.28
1786962213.841,,0,,,,73.910,73.778,True,1.137,-10.088,5.03,28.70
1786962213.916,,0,,,,73.870,73.734,True,1.137,-9.722,4.86,28.77
1786962213.966,,0,,,,73.940,73.811,True,1.137,-9.559,4.78,28.76
1786962214.041,,0,,,,73.920,73.789,True,1.137,-9.877,4.94,28.81
1786962214.141,,0,,,,73.910,73.778,True,1.137,-9.626,4.81,28.78
1786962214.191,,0,,,,73.950,73.822,True,1.137,-9.825,4.92,28.84
1786962214.291,,0,,,,73.990,73.866,True,1.137,-9.659,4.84,28.83
1786962214.391,,0,,,,73.970,73.844,True,1.137,-9.465,4.74,28.82
1786962214.491,,0,,,,73.910,73.778,True,1.137,-9.429,4.75,28.98
1786962214.542,,0,,,,73.780,73.636,True,1.137,-9.180,4.62,28.95
1786962214.617,,0,,,,73.500,73.329,True,1.137,-9.050,4.55,28.95
1786962214.691,,0,,,,73.240,73.044,True,1.137,-9.986,5.05,29.12
1786962214.766,,0,,,,73.040,72.825,True,1.137,-9.995,5.05,29.12
1786962214.841,,0,,,,72.740,72.473,True,1.128,-10.062,5.09,29.15
1786962214.891,,0,,,,72.300,71.953,True,1.114,-9.809,4.96,29.13
1786962215.016,,0,,,,71.780,71.337,True,1.096,-9.490,4.80,29.11
1786962215.091,,0,,,,71.450,70.946,True,1.085,-10.352,5.26,29.30
1786962215.166,,0,,,,71.160,70.603,True,1.075,-10.144,5.16,29.28
1786962215.241,,0,,,,70.800,70.177,True,1.063,-9.795,4.98,29.27
1786962215.341,,0,,,,70.290,69.574,True,1.046,-9.585,4.87,29.25
1786962215.416,,0,,,,69.930,69.147,True,1.034,-10.297,5.25,29.35
1786962215.541,,0,,,,69.520,68.662,True,1.021,-9.925,5.06,29.36
1786962215.616,,0,,,,69.540,68.686,True,1.021,-9.630,4.91,29.36
1786962215.741,,0,,,,69.840,69.041,True,1.031,-9.530,4.86,29.34
1786962215.816,,0,,,,70.180,69.443,True,1.043,-9.352,4.77,29.32
1786962215.891,,0,,,,70.430,69.739,True,1.051,-9.226,4.70,29.32
1786962215.966,,0,,,,70.530,69.858,True,1.054,-9.005,4.59,29.29
1786962216.041,,0,,,,70.480,69.798,True,1.053,-8.639,4.40,29.29
1786962216.141,,0,,,,70.130,69.384,True,1.041,-8.508,4.33,29.27
1786962216.241,,0,,,,69.690,68.863,True,1.026,-8.517,4.33,29.26
1786962216.341,,0,,,,69.070,68.130,True,1.006,-8.506,4.32,29.23
1786962216.416,,0,,,,68.670,67.656,True,0.992,-8.508,4.32,29.21
1786962216.466,,0,,,,68.490,67.443,True,0.986,-8.680,4.41,29.21
1786962216.566,,0,,,,68.090,66.970,True,0.973,-8.282,4.20,29.17
1786962216.641,,0,,,,67.890,66.733,True,0.966,-7.705,3.91,29.16
1786962216.716,,0,,,,67.730,66.544,True,0.961,-7.178,3.64,29.14
1786962216.766,,0,,,,67.580,66.366,True,0.956,-6.870,3.48,29.13
1786962216.816,,0,,,,67.420,66.177,True,0.951,-6.379,3.24,29.12
1786962216.891,,0,,,,67.100,65.798,True,0.940,-5.724,2.90,29.10
1786962216.966,,0,,,,66.880,65.538,True,0.933,-5.569,2.82,29.09
1786962217.066,,0,,,,66.710,65.336,True,0.927,-5.188,2.63,29.07
1786962217.141,,0,,,,66.560,65.159,True,0.922,-4.968,2.52,29.04
1786962217.241,,0,,,,66.470,65.052,True,0.919,-4.934,2.50,29.03
1786962217.316,,0,,,,66.490,65.076,True,0.920,-4.817,2.44,29.01
1786962217.391,,0,,,,66.560,65.159,True,0.922,-4.741,2.40,28.99
1786962217.466,,0,,,,66.660,65.277,True,0.925,-4.886,2.47,28.99
1786962217.566,,0,,,,66.680,65.301,True,0.926,-4.913,2.48,28.96
1786962217.616,,0,,,,66.620,65.230,True,0.924,-4.856,2.45,28.96
1786962217.691,,0,,,,66.500,65.088,True,0.920,-4.619,2.33,28.95
1786962217.791,,0,,,,66.210,64.745,True,0.911,-4.393,2.22,28.92
1786962217.866,,0,,,,65.900,64.378,True,0.900,-4.270,2.15,28.92
1786962217.941,,0,,,,65.510,63.916,True,0.888,-4.025,2.03,28.88
1786962218.016,,0,,,,64.880,63.171,True,0.867,-3.827,1.93,28.88
1786962218.091,,0,,,,64.310,62.567,True,0.860,-10.538,5.55,30.35
1786962218.216,,0,,,,63.130,61.403,True,0.860,-10.249,5.40,30.32
1786962218.366,,0,,,,62.360,60.644,True,0.860,-10.269,5.42,30.38
1786962218.466,,0,,,,62.050,60.338,True,0.860,-10.231,5.39,30.36
1786962218.516,,0,,,,61.940,60.229,True,0.860,-9.779,5.15,30.33
1786962218.616,,0,,,,62.030,60.318,True,0.860,-10.132,5.38,30.59
1786962218.716,,0,,,,62.160,60.446,True,0.860,-9.646,5.12,30.57
1786962218.766,,0,,,,62.330,60.614,True,0.860,-9.440,5.01,30.56
1786962218.866,,0,,,,62.360,60.644,True,0.860,-8.640,4.58,30.52
1786962218.941,,0,,,,62.070,60.358,True,0.860,-8.132,4.31,30.49
1786962219.016,,0,,,,61.730,60.022,True,0.860,-8.030,4.26,30.48
1786962219.091,,0,,,,60.990,59.292,True,0.860,-7.773,4.12,30.45
1786962219.191,,0,,,,60.320,58.632,True,0.860,-9.177,4.89,30.69
1786962219.291,,0,,,,59.740,58.060,True,0.860,-9.317,4.98,30.75
1786962219.416,,0,,,,59.270,57.596,True,0.860,-9.858,5.29,30.89
1786962219.466,,0,,,,59.120,57.448,True,0.860,-10.252,5.50,30.88
1786962219.541,,0,,,,58.870,57.201,True,0.860,-10.341,5.54,30.86
1786962219.616,,0,,,,58.600,56.935,True,0.860,-10.117,5.42,30.83
1786962219.716,,0,,,,58.220,56.560,True,0.860,-9.522,5.10,30.81
1786962219.791,,0,,,,57.910,56.255,True,0.860,-9.924,5.31,30.82
1786962219.866,,0,,,,57.590,55.939,True,0.860,-10.290,5.53,30.96
1786962219.941,,0,,,,56.920,55.278,True,0.860,-10.573,5.69,31.00
1786962219.991,,0,,,,56.400,54.765,True,0.860,-10.088,5.43,30.98
1786962220.066,,0,,,,55.900,54.272,True,0.860,-9.866,5.30,30.90
1786962220.266,,0,,,,54.770,53.158,True,0.860,-9.442,5.10,31.08
1786962220.341,,0,,,,54.510,52.927,True,0.860,-9.137,4.93,31.05
1786962220.391,,0,,,,54.430,52.862,True,0.860,-8.819,4.76,31.05
1786962220.491,,0,,,,54.380,52.821,True,0.860,-9.512,5.14,31.08
1786962220.566,,0,,,,54.350,52.796,True,0.860,-9.229,4.98,31.05
1786962220.641,,0,,,,54.420,52.854,True,0.860,-8.807,4.75,31.03
1786962220.716,,0,,,,54.400,52.837,True,0.860,-8.839,4.77,31.06
1786962220.791,,0,,,,54.120,52.607,True,0.860,-8.877,4.82,31.22
1786962220.866,,0,,,,53.860,52.393,True,0.860,-8.689,4.72,31.22
1786962220.916,,0,,,,53.410,52.023,True,0.860,-9.014,4.89,31.22
1786962221.016,,0,,,,52.640,51.391,True,0.860,-8.962,4.86,31.19
1786962221.091,,0,,,,52.000,50.864,True,0.860,-8.886,4.81,31.16
1786962221.166,,0,,,,51.050,50.084,True,0.860,-9.515,5.18,31.31
1786962221.266,,0,,,,50.350,49.508,True,0.860,-8.960,4.87,31.28
1786962221.341,,0,,,,49.990,49.212,True,0.860,-8.688,4.72,31.26
1786962221.466,,0,,,,49.250,48.604,True,0.860,-9.997,5.43,31.31
1786962221.516,,0,,,,48.900,48.317,True,0.860,-9.786,5.32,31.29
1786962221.616,,0,,,,48.500,47.988,True,0.860,-8.755,4.78,31.40
1786962221.716,,0,,,,48.160,47.708,True,0.860,-8.244,4.50,31.37
1786962221.791,,0,,,,47.750,47.371,True,0.860,-8.096,4.42,31.36
1786962221.866,,0,,,,47.340,47.034,True,0.860,-8.618,4.72,31.48
1786962221.966,,0,,,,46.690,46.500,True,0.860,-8.856,4.85,31.49
1786962222.041,,0,,,,46.270,46.155,True,0.860,-9.160,5.00,31.43
1786962222.166,,0,,,,45.530,45.547,True,0.860,-9.095,4.99,31.57
1786962222.216,,0,,,,45.260,45.325,True,0.860,-9.098,4.99,31.56
1786962222.366,,0,,,,44.510,44.708,True,0.860,-8.775,4.83,31.68
1786962222.466,,0,,,,43.920,44.223,True,0.860,-8.467,4.66,31.67
1786962222.541,,0,,,,43.290,43.706,True,0.860,-8.107,4.46,31.63
1786962222.616,,0,,,,42.670,43.196,True,0.860,-7.759,4.27,31.61
1786962222.741,,0,,,,41.470,42.051,True,0.868,-7.108,3.91,31.58
1786962222.791,,0,,,,41.210,41.802,True,0.869,-6.861,3.77,31.56
1786962222.841,,0,,,,40.810,41.421,True,0.872,-6.529,3.59,31.54
1786962222.941,,0,,,,40.330,40.962,True,0.875,-5.949,3.27,31.50
1786962223.016,,0,,,,40.100,40.743,True,0.876,-5.753,3.16,31.49
1786962223.066,,0,,,,39.930,40.581,True,0.877,-5.547,3.04,31.49
1786962223.166,,0,,,,39.970,40.619,True,0.877,-5.084,2.79,31.46
1786962223.266,,0,,,,39.940,40.590,True,0.877,-4.835,2.65,31.45
1786962223.366,,0,,,,39.740,40.399,True,0.879,-4.653,2.55,31.42
1786962223.441,,0,,,,39.050,39.741,True,0.883,-4.544,2.49,31.41
1786962223.541,,0,,,,38.180,38.910,True,0.889,-4.241,2.32,31.38
1786962223.591,,0,,,,37.370,38.137,True,0.894,-3.858,2.11,31.36
1786962223.666,,0,,,,36.980,37.765,True,0.896,-4.029,2.20,31.36
1786962223.766,,0,,,,35.930,36.762,True,0.903,-3.703,2.02,31.31
1786962223.866,,0,,,,35.050,35.922,True,0.909,-3.248,1.77,31.28
1786962223.941,,0,,,,34.420,35.321,True,0.913,-3.115,1.70,31.27
1786962224.016,,0,,,,34.090,35.006,True,0.915,-2.463,1.34,31.24
1786962224.091,,0,,,,33.680,34.615,True,0.917,-2.157,1.17,31.21
1786962224.166,,0,,,,33.340,34.290,True,0.920,-1.809,0.99,31.20
1786962224.241,,0,,,,33.040,34.004,True,0.922,-1.746,0.95,31.19
1786962224.341,,0,,,,32.370,33.364,True,0.926,-1.225,0.67,31.15
1786962224.416,,0,,,,32.060,33.030,True,0.917,-0.709,0.39,31.15
1786962224.491,,0,,,,31.950,32.910,True,0.913,-0.280,0.15,31.12
1786962224.541,,0,,,,31.890,32.844,True,0.911,-0.170,0.09,31.11
1786962224.591,,0,,,,31.710,32.647,True,0.905,-0.103,0.06,31.10
1786962224.666,,0,,,,31.510,32.427,True,0.898,0.024,0.01,31.09
1786962224.766,,0,,,,30.940,31.803,True,0.878,0.383,0.21,31.06
1786962225.941,,0,,,,24.650,24.910,True,0.664,-3.879,2.20,32.55
1786962226.041,,0,,,,24.230,24.449,True,0.651,-3.508,1.99,32.53
1786962226.141,,0,,,,23.540,23.693,True,0.628,-3.125,1.77,32.50
1786962226.216,,0,,,,22.930,22.990,True,0.611,-3.295,1.87,32.56
1786962226.341,,0,,,,21.850,21.711,True,0.584,-2.638,1.50,32.53
1786962226.391,,0,,,,21.090,20.812,True,0.565,-1.736,0.98,32.50
1786962226.466,,0,,,,20.590,20.220,True,0.552,-1.461,0.83,32.49
1786962226.541,,0,,,,20.070,19.604,True,0.540,-2.384,1.36,32.79
1786962226.591,,0,,,,19.820,19.308,True,0.534,-1.605,0.92,32.76
1786962226.641,,0,,,,19.580,19.024,True,0.528,-1.394,0.80,32.75
1786962226.741,,0,,,,19.480,18.906,True,0.525,-1.062,0.61,32.72
1786962226.816,,0,,,,19.160,18.527,True,0.518,-1.796,1.03,32.79
1786962226.916,,0,,,,18.910,18.231,True,0.512,-1.200,0.69,32.76
1786962226.966,,0,,,,18.730,18.018,True,0.508,-0.975,0.56,32.75
1786962227.066,,0,,,,18.430,17.663,True,0.500,-0.803,0.46,32.78
1786962227.141,,0,,,,18.050,17.213,True,0.492,-0.393,0.22,32.74
1786962227.266,,0,,,,17.220,16.231,True,0.472,-0.122,0.07,32.73
1786962227.366,,0,,,,16.650,15.556,True,0.460,-0.397,0.23,32.89
1786962227.466,,0,,,,16.280,15.118,True,0.451,-0.147,0.08,32.88
1786962227.516,,0,,,,16.140,14.952,True,0.448,-0.032,0.02,32.85
1786962227.616,,0,,,,16.050,14.846,True,0.446,0.128,0.07,32.82
1786962227.716,,0,,,,15.690,14.420,True,0.438,-0.340,0.20,32.89
1786962227.816,,0,,,,15.580,14.290,True,0.436,0.090,0.05,32.86
1786962227.891,,0,,,,15.300,13.958,True,0.430,0.456,0.26,32.83
1786962227.966,,0,,,,15.120,13.745,True,0.426,0.133,0.08,33.04
1786962228.066,,0,,,,14.770,13.341,True,0.426,0.421,0.24,33.02
1786962228.141,,0,,,,14.380,12.897,True,0.431,0.870,0.50,32.98
1786962228.216,,0,,,,14.120,12.602,True,0.434,0.506,0.29,33.13
1786962228.291,,0,,,,13.920,12.374,True,0.437,0.874,0.50,33.10
1786962228.391,,0,,,,13.550,11.953,True,0.441,1.121,0.65,33.07
1786962228.491,,0,,,,12.950,11.270,True,0.448,1.558,0.90,33.04
1786962228.591,,0,,,,12.440,10.690,True,0.455,1.227,0.71,33.10
1786962228.666,,0,,,,11.920,10.098,True,0.461,1.265,0.73,33.10
1786962228.766,,0,,,,11.610,9.745,True,0.465,1.718,0.99,33.07
1786962228.866,,0,,,,11.470,9.586,True,0.467,0.375,0.22,33.14
1786962228.966,,0,,,,11.410,9.518,True,0.468,0.733,0.42,33.11
1786962229.041,,0,,,,11.430,9.541,True,0.467,1.183,0.68,33.08
1786962229.141,,0,,,,11.380,9.484,True,0.468,1.378,0.80,33.17
1786962229.241,,0,,,,10.870,8.903,True,0.475,1.704,0.99,33.15
1786962229.366,,0,,,,10.120,8.050,True,0.484,0.829,0.48,33.24
1786962229.416,,0,,,,9.790,7.674,True,0.489,1.120,0.65,33.23
1786962229.466,,0,,,,9.500,7.344,True,0.492,1.416,0.82,33.31
1786962229.541,,0,,,,9.120,6.912,True,0.497,2.001,1.16,33.28
1786962229.616,,0,,,,8.780,6.525,True,0.502,2.265,1.32,33.43
1786962229.666,,0,,,,8.310,5.990,True,0.508,2.609,1.52,33.42
1786962229.766,,0,,,,7.970,5.603,True,0.513,2.550,1.49,33.53
1786962229.841,,0,,,,7.550,5.125,True,0.518,2.990,1.74,33.32
1786962229.941,,0,,,,7.240,4.773,True,0.522,3.244,1.88,33.30
1786962229.991,,0,,,,6.940,4.431,True,0.526,3.534,2.05,33.28
1786962230.066,,0,,,,6.560,3.999,True,0.532,3.525,2.05,33.28
1786962230.166,,0,,,,6.250,3.634,True,0.533,3.977,2.31,33.25
1786962230.241,,0,,,,5.870,3.145,True,0.526,4.700,2.72,33.22
1786962230.341,,0,,,,5.690,2.914,True,0.523,5.038,2.92,33.20
1786962230.391,,0,,,,5.530,2.708,True,0.520,5.403,3.12,33.17
1786962230.441,,0,,,,5.340,2.463,True,0.516,5.435,3.14,33.17
1786962230.516,,0,,,,4.980,2.000,True,0.510,5.683,3.28,33.14
1786962230.566,,0,,,,4.680,1.614,True,0.504,5.882,3.40,33.13
1786962230.666,,0,,,,4.410,1.267,True,0.499,5.937,3.43,33.12
1786962230.691,,0,,,,4.190,0.983,True,0.495,6.209,3.58,33.10
1786962230.766,,0,,,,3.850,0.546,True,0.489,6.297,3.63,33.08
1786962230.841,,0,,,,3.590,0.211,True,0.485,6.387,3.68,33.07
1786962230.891,,0,,,,3.430,0.006,True,0.482,6.418,3.69,33.05
1786962230.991,,0,,,,3.050,-0.483,True,0.475,6.597,3.80,33.04
1786962231.066,,0,,,,2.730,-0.895,True,0.469,6.972,4.01,33.02
1786962231.166,,0,,,,2.370,-1.358,True,0.463,7.430,4.27,32.99
1786962231.241,,0,,,,2.070,-1.744,True,0.458,7.579,4.35,32.98
1786962231.316,,0,,,,1.670,-2.259,True,0.451,7.885,4.52,32.94
1786962231.416,,0,,,,1.100,-2.992,True,0.441,8.176,4.68,32.93
1786962231.466,,0,,,,0.810,-3.365,True,0.437,8.211,4.70,32.93
1786962231.566,,0,,,,0.480,-3.790,True,0.431,8.580,4.91,32.89
1786962231.666,,0,,,,0.130,-4.240,True,0.425,8.767,5.01,32.86
1786962231.741,,0,,,,-0.140,-4.588,True,0.421,8.803,5.02,32.83
1786962231.866,,0,,,,-0.560,-5.128,True,0.414,3.468,2.05,33.89
1786962231.941,,0,,,,-0.720,-5.334,True,0.412,3.554,2.10,33.88
1786962231.991,,0,,,,-0.850,-5.501,True,0.410,3.649,2.15,33.85
1786962232.091,,0,,,,-1.080,-5.797,True,0.406,3.605,2.13,33.85
1786962232.191,,0,,,,-1.160,-5.900,True,0.405,3.858,2.27,33.81
1786962232.266,,0,,,,-1.210,-5.965,True,0.404,3.986,2.35,33.80
1786962232.366,,0,,,,-1.250,-6.016,True,0.403,4.047,2.38,33.77
1786962232.441,,0,,,,-1.260,-6.029,True,0.403,4.326,2.55,33.75
1786962232.541,,0,,,,-1.310,-6.093,True,0.402,4.572,2.69,33.74
1786962232.641,,0,,,,-1.430,-6.221,True,0.405,4.672,2.75,33.72
1786962232.716,,0,,,,-1.700,-6.497,True,0.414,4.694,2.76,33.69
1786962232.816,,0,,,,-2.140,-6.946,True,0.429,4.759,2.79,33.67
1786962232.891,,0,,,,-2.350,-7.160,True,0.436,4.932,2.89,33.66
1786962233.016,,0,,,,-3.110,-7.935,True,0.462,2.697,1.60,33.98
1786962233.141,,0,,,,-3.380,-8.211,True,0.472,2.883,1.71,33.94
1786962233.241,,0,,,,-3.490,-8.323,True,0.476,3.117,1.85,33.93
1786962233.341,,0,,,,-3.650,-8.486,True,0.482,2.340,1.39,33.99
1786962233.441,,0,,,,-3.780,-8.619,True,0.486,2.570,1.52,33.98
1786962233.516,,0,,,,-4.020,-8.864,True,0.495,2.872,1.70,33.96
1786962233.666,,0,,,,-4.500,-9.354,True,0.513,3.240,1.92,33.94
1786962233.816,,0,,,,-5.010,-9.874,True,0.532,3.747,2.22,33.91
1786962233.891,,0,,,,-5.250,-10.119,True,0.542,4.273,2.52,33.87
1786962234.016,,0,,,,-5.590,-10.466,True,0.555,4.502,2.66,33.85
1786962234.141,,0,,,,-5.910,-10.792,True,0.567,4.775,2.82,33.82
1786962234.316,,0,,,,-6.650,-11.547,True,0.597,3.251,1.93,34.07
1786962234.391,,0,,,,-6.950,-11.853,True,0.609,3.668,2.18,34.05
1786962234.516,,0,,,,-7.390,-12.302,True,0.626,3.419,2.03,34.12
1786962234.591,,0,,,,-7.870,-12.792,True,0.646,3.208,1.90,34.02
1786962234.691,,0,,,,-8.050,-12.976,True,0.653,3.440,2.04,34.01
1786962234.791,,0,,,,-8.490,-13.425,True,0.671,3.848,2.28,33.97
1786962234.866,,0,,,,-8.690,-13.629,True,0.679,4.142,2.45,33.97
1786962234.966,,0,,,,-9.020,-13.966,True,0.693,3.859,2.29,34.09
1786962235.066,,0,,,,-9.440,-14.394,True,0.710,3.529,2.10,34.07
1786962235.166,,0,,,,-9.970,-14.935,True,0.732,3.812,2.27,34.11
1786962235.266,,0,,,,-10.440,-15.415,True,0.752,4.021,2.39,34.10
1786962235.366,,0,,,,-10.850,-15.833,True,0.769,4.549,2.70,34.08
1786962235.441,,0,,,,-11.300,-16.226,True,0.766,3.743,2.22,34.07
1786962235.516,,0,,,,-11.780,-16.610,True,0.750,3.713,2.21,34.18
1786962235.616,,0,,,,-12.350,-17.066,True,0.731,3.394,2.02,34.06
1786962235.716,,0,,,,-12.670,-17.321,True,0.721,3.565,2.12,34.04
1786962235.816,,0,,,,-13.180,-17.729,True,0.704,3.196,1.90,34.07
1786962235.916,,0,,,,-13.450,-17.945,True,0.695,3.237,1.92,34.00
1786962236.016,,0,,,,-13.870,-18.281,True,0.682,3.330,1.98,34.11
1786962236.091,,0,,,,-14.200,-18.545,True,0.671,3.269,1.95,34.21
1786962236.191,,0,,,,-14.450,-18.745,True,0.663,3.062,1.83,34.16
1786962236.316,,0,,,,-14.760,-18.993,True,0.653,2.399,1.43,34.13
1786962236.391,,0,,,,-15.130,-19.289,True,0.641,2.367,1.41,34.11
1786962236.466,,0,,,,-15.520,-19.601,True,0.629,2.249,1.34,34.23
1786962236.516,,0,,,,-15.790,-19.816,True,0.620,2.494,1.49,34.21
1786962236.591,,0,,,,-16.070,-20.040,True,0.612,2.622,1.56,34.20
1786962236.641,,0,,,,-16.420,-20.320,True,0.601,2.557,1.53,34.19
1786962236.691,,0,,,,-16.620,-20.480,True,0.594,1.572,0.94,34.21
1786962236.766,,0,,,,-16.870,-20.680,True,0.586,1.433,0.86,34.21
1786962236.816,,0,,,,-17.030,-20.808,True,0.582,1.602,0.96,34.19
1786962236.866,,0,,,,-17.280,-21.008,True,0.574,1.414,0.84,34.19
1786962236.966,,0,,,,-17.560,-21.232,True,0.565,0.730,0.44,34.14
1786962237.066,,0,,,,-17.860,-21.472,True,0.556,0.956,0.57,34.30
1786962237.166,,0,,,,-18.190,-21.736,True,0.546,1.024,0.61,34.27
1786962237.241,,0,,,,-18.600,-22.064,True,0.534,0.998,0.60,34.27
1786962237.316,,0,,,,-19.060,-22.431,True,0.520,0.748,0.45,34.25
1786962237.391,,0,,,,-19.320,-22.639,True,0.512,0.891,0.53,34.24
1786962237.466,,0,,,,-19.520,-22.799,True,0.506,1.103,0.66,34.23
1786962237.516,,0,,,,-19.600,-22.863,True,0.504,1.311,0.78,34.21
1786962237.591,,0,,,,-19.570,-22.839,True,0.505,1.453,0.87,34.19
1786962237.691,,0,,,,-19.530,-22.807,True,0.506,1.311,0.78,34.17
1786962237.766,,0,,,,-19.560,-22.831,True,0.505,1.299,0.77,34.16
1786962237.841,,0,,,,-19.630,-22.887,True,0.503,1.366,0.81,34.16
1786962237.916,,0,,,,-19.720,-22.959,True,0.500,1.227,0.73,34.14
1786962237.991,,0,,,,-19.890,-23.095,True,0.496,1.217,0.72,34.13
1786962238.066,,0,,,,-20.110,-23.271,True,0.489,1.295,0.77,34.12
1786962238.141,,0,,,,-20.320,-23.439,True,0.483,1.343,0.80,34.10
1786962238.191,,0,,,,-20.480,-23.567,True,0.479,1.462,0.87,34.09
1786962238.266,,0,,,,-20.760,-23.791,True,0.471,1.396,0.83,34.09
1786962238.341,,0,,,,-20.910,-23.911,True,0.466,1.631,0.97,34.06
1786962238.416,,0,,,,-21.140,-24.095,True,0.460,-1.950,1.18,34.58
1786962238.491,,0,,,,-21.280,-24.207,True,0.456,-1.827,1.10,34.58
1786962238.591,,0,,,,-21.760,-24.591,True,0.443,-1.806,1.09,34.55
1786962238.666,,0,,,,-22.150,-24.902,True,0.433,-1.600,0.96,34.54
1786962238.791,,0,,,,-22.760,-25.390,True,0.417,-1.717,1.03,34.52
1786962238.866,,0,,,,-23.190,-25.734,True,0.406,-1.547,0.93,34.51
1786962238.966,,0,,,,-23.510,-25.976,True,0.406,-1.395,0.84,34.48
1786962239.066,,0,,,,-23.650,-26.077,True,0.409,-1.220,0.73,34.48
1786962239.141,,0,,,,-23.600,-26.041,True,0.408,-0.912,0.55,34.45
1786962239.216,,0,,,,-23.600,-26.041,True,0.408,-0.678,0.41,34.44
1786962239.266,,0,,,,-23.550,-26.005,True,0.407,-0.610,0.37,34.43
1786962239.416,,0,,,,-23.750,-26.149,True,0.412,-0.457,0.27,34.41
1786962239.516,,0,,,,-23.920,-26.272,True,0.416,-0.423,0.25,34.40
1786962239.641,,0,,,,-24.280,-26.532,True,0.424,-0.552,0.33,34.38
1786962239.716,,0,,,,-24.600,-26.763,True,0.432,-3.068,1.86,34.84
1786962239.841,,0,,,,-24.850,-26.943,True,0.438,-2.779,1.69,34.83
1786962239.916,,0,,,,-25.080,-27.109,True,0.443,-2.616,1.59,34.81
1786962240.041,,0,,,,-25.670,-27.535,True,0.458,-2.356,1.43,34.79
1786962240.141,,0,,,,-25.990,-27.766,True,0.466,-2.504,1.51,34.65
1786962240.266,,0,,,,-26.570,-28.184,True,0.481,-2.664,1.61,34.63
1786962240.366,,0,,,,-27.050,-28.531,True,0.493,-2.467,1.49,34.61
1786962240.416,,0,,,,-27.380,-28.769,True,0.502,-2.560,1.55,34.61
1786962240.491,,0,,,,-27.810,-29.079,True,0.513,-2.399,1.45,34.59
1786962240.541,,0,,,,-28.030,-29.238,True,0.519,-2.496,1.51,34.58
1786962240.616,,0,,,,-28.350,-29.469,True,0.528,-2.405,1.45,34.57
1786962240.691,,0,,,,-28.600,-29.649,True,0.534,-1.920,1.16,34.56
1786962240.766,,0,,,,-28.840,-29.823,True,0.541,-2.114,1.27,34.55
1786962240.791,,0,,,,-29.030,-29.960,True,0.546,-2.093,1.26,34.54
1786962240.866,,0,,,,-29.210,-30.090,True,0.551,-2.095,1.26,34.54
1786962240.941,,0,,,,-29.350,-30.191,True,0.555,-1.731,1.04,34.52
1786962240.991,,0,,,,-29.400,-30.227,True,0.556,-1.552,0.93,34.51
1786962241.091,,0,,,,-29.490,-30.292,True,0.559,-1.562,0.94,34.50
1786962241.241,,0,,,,-30.080,-30.718,True,0.575,-1.534,0.92,34.49
1786962241.341,,0,,,,-30.550,-31.057,True,0.588,-1.467,0.88,34.47
1786962241.416,,0,,,,-30.800,-31.237,True,0.595,-1.353,0.81,34.46
1786962241.491,,0,,,,-31.350,-31.634,True,0.611,-1.349,0.81,34.45
1786962241.591,,0,,,,-31.940,-32.060,True,0.627,-1.706,1.03,34.44
1786962241.691,,0,,,,-32.600,-32.536,True,0.646,-1.720,1.03,34.42
1786962241.816,,0,,,,-33.340,-33.070,True,0.668,-1.816,1.09,34.40
1786962241.891,,0,,,,-33.810,-33.410,True,0.681,-2.121,1.27,34.40
1786962241.966,,0,,,,-34.110,-33.626,True,0.690,-2.189,1.31,34.38
1786962242.041,,0,,,,-34.380,-33.821,True,0.698,-2.087,1.25,34.36
1786962242.116,,0,,,,-34.610,-33.987,True,0.705,-2.087,1.25,34.35
1786962242.191,,0,,,,-34.720,-34.066,True,0.708,-1.688,1.01,34.34
1786962242.291,,0,,,,-34.900,-34.196,True,0.713,-1.628,0.98,34.33
1786962242.366,,0,,,,-35.140,-34.370,True,0.720,-1.627,0.97,34.31
1786962242.466,,0,,,,-35.520,-34.644,True,0.732,-1.501,0.90,34.31
1786962242.541,,0,,,,-35.780,-34.831,True,0.739,-1.516,0.91,34.30
1786962242.591,,0,,,,-35.970,-34.969,True,0.745,-6.243,3.97,36.48
1786962242.666,,0,,,,-36.250,-35.171,True,0.753,-6.126,3.89,36.47
1786962242.766,,0,,,,-36.660,-35.467,True,0.766,-6.225,3.95,36.46
1786962242.866,,0,,,,-37.240,-35.909,True,0.776,-6.883,4.41,36.82
1786962242.966,,0,,,,-37.490,-36.115,True,0.776,-6.633,4.25,36.80
1786962243.091,,0,,,,-37.810,-36.378,True,0.776,-6.547,4.19,36.78
1786962243.191,,0,,,,-37.920,-36.468,True,0.776,-6.621,4.24,36.78
1786962243.316,,0,,,,-38.060,-36.583,True,0.776,-6.437,4.12,36.75
1786962243.391,,0,,,,-38.260,-36.748,True,0.776,-6.358,4.07,36.74
1786962243.466,,0,,,,-38.510,-36.953,True,0.776,-6.291,4.03,36.73
1786962243.566,,0,,,,-39.130,-37.463,True,0.776,-6.315,4.04,36.72
1786962243.641,,0,,,,-39.590,-37.841,True,0.776,-6.279,4.02,36.71
1786962243.766,,0,,,,-40.130,-38.285,True,0.776,-6.147,3.93,36.70
1786962243.841,,0,,,,-40.330,-38.449,True,0.776,-5.922,3.79,36.69
1786962243.941,,0,,,,-40.360,-38.474,True,0.776,-6.188,3.99,37.02
1786962244.066,,0,,,,-40.390,-38.498,True,0.776,-6.029,3.89,37.01
1786962244.166,,0,,,,-40.560,-38.638,True,0.776,-5.908,3.81,36.99
1786962244.266,,0,,,,-40.890,-38.909,True,0.776,-6.225,4.04,37.22
1786962244.341,,0,,,,-41.290,-39.238,True,0.776,-6.311,4.09,37.21
1786962244.441,,0,,,,-42.000,-39.822,True,0.776,-7.941,5.31,38.46
1786962244.541,,0,,,,-42.580,-40.298,True,0.776,-8.008,5.36,38.45
1786962244.616,,0,,,,-43.230,-40.833,True,0.776,-6.692,4.38,37.61
1786962244.716,,0,,,,-43.600,-41.137,True,0.776,-6.485,4.25,37.60
1786962244.791,,0,,,,-43.850,-41.342,True,0.776,-6.387,4.18,37.59
1786962244.841,,0,,,,-44.010,-41.474,True,0.776,-6.352,4.16,37.58
1786962244.941,,0,,,,-44.380,-41.778,True,0.776,-6.189,4.05,37.57
1786962244.991,,0,,,,-44.540,-41.909,True,0.776,-5.892,3.85,37.55
1786962245.091,,0,,,,-44.860,-42.172,True,0.776,-5.863,3.84,37.55
1786962245.191,,0,,,,-45.220,-42.468,True,0.776,-5.570,3.64,37.53
1786962245.941,,0,,,,-48.350,-45.041,True,0.776,-6.204,4.16,38.47
1786962246.041,,0,,,,-48.860,-45.460,True,0.776,-6.186,4.15,38.47
1786962246.116,,0,,,,-49.310,-45.837,True,0.769,-6.426,4.30,38.46
1786962246.191,,0,,,,-49.670,-46.141,True,0.761,-7.933,5.50,39.83
1786962246.266,,0,,,,-50.060,-46.471,True,0.753,-8.067,5.59,39.83
1786962246.341,,0,,,,-50.560,-46.894,True,0.742,-8.101,5.61,39.81
1786962246.491,,0,,,,-51.290,-47.511,True,0.727,-7.838,5.33,39.08
1786962246.641,,0,,,,-51.940,-48.061,True,0.713,-7.731,5.26,39.07
1786962246.716,,0,,,,-52.350,-48.407,True,0.704,-7.599,5.17,39.06
1786962246.816,,0,,,,-52.620,-48.635,True,0.699,-7.407,5.11,39.63
1786962246.891,,0,,,,-52.870,-48.847,True,0.693,-7.336,5.06,39.62
1786962247.066,,0,,,,-53.390,-49.286,True,0.682,-7.241,5.03,39.92
1786962247.166,,0,,,,-53.450,-49.337,True,0.681,-7.053,4.90,39.90
1786962247.241,,0,,,,-53.480,-49.362,True,0.681,-6.896,4.79,39.90
1786962247.591,,0,,,,-54.260,-50.022,True,0.664,-6.546,4.58,40.20
1786962247.666,,0,,,,-54.560,-50.276,True,0.658,-6.919,4.90,40.71
1786962247.766,,0,,,,-55.120,-50.749,True,0.646,-7.038,4.99,40.70
1786962247.866,,0,,,,-55.600,-51.155,True,0.637,-6.959,4.93,40.69
1786962247.966,,0,,,,-56.030,-51.518,True,0.628,-6.962,4.96,40.90
1786962248.041,,0,,,,-56.290,-51.738,True,0.622,-7.383,5.26,40.90
1786962248.116,,0,,,,-56.600,-52.000,True,0.616,-7.378,5.25,40.89
1786962248.191,,0,,,,-56.930,-52.279,True,0.609,-7.275,5.18,40.88
1786962248.341,,0,,,,-57.380,-52.660,True,0.600,-7.749,5.57,41.30
1786962248.441,,0,,,,-57.690,-52.922,True,0.594,-7.576,5.44,41.28
1786962248.491,,0,,,,-57.960,-53.150,True,0.588,-7.486,5.38,41.27
1786962248.566,,0,,,,-58.070,-53.243,True,0.586,-7.591,5.51,41.69
1786962248.641,,0,,,,-58.150,-53.311,True,0.585,-7.331,5.32,41.68
1786962248.691,,0,,,,-58.150,-53.311,True,0.585,-7.241,5.25,41.67
1786962248.766,,0,,,,-58.110,-53.277,True,0.585,-7.169,5.20,41.66
1786962248.791,,0,,,,-58.070,-53.243,True,0.586,-7.006,5.08,41.66
1786962248.866,,0,,,,-57.950,-53.141,True,0.589,-6.343,4.71,42.59
1786962248.916,,0,,,,-57.890,-53.091,True,0.590,-6.334,4.70,42.58
1786962248.991,,0,,,,-57.800,-53.015,True,0.592,-6.440,4.78,42.58
1786962249.091,,0,,,,-57.790,-53.006,True,0.592,-6.719,4.98,42.57
1786962249.191,,0,,,,-57.890,-53.091,True,0.590,-6.794,5.08,42.95
1786962249.266,,0,,,,-58.050,-53.226,True,0.587,-6.897,5.16,42.95
1786962249.366,,0,,,,-58.350,-53.480,True,0.581,-7.080,5.29,42.93
1786962249.466,,0,,,,-58.640,-53.725,True,0.575,-8.055,6.02,42.97
1786962249.666,,0,,,,-58.960,-53.995,True,0.568,-6.804,5.21,44.01
1786962249.741,,0,,,,-58.910,-53.953,True,0.569,-6.737,5.16,44.00
1786962249.791,,0,,,,-58.800,-53.860,True,0.572,-5.919,4.63,44.94
1786962249.916,,0,,,,-58.540,-53.640,True,0.577,-7.092,5.44,44.05
1786962250.016,,0,,,,-58.540,-53.640,True,0.577,-6.683,5.15,44.23
1786962250.091,,0,,,,-58.620,-53.708,True,0.575,-6.683,5.15,44.23
1786962250.166,,0,,,,-58.830,-53.885,True,0.571,-7.258,5.61,44.41
1786962250.291,,0,,,,-59.280,-54.266,True,0.562,-7.255,5.63,44.61
1786962250.466,,0,,,,-59.700,-54.621,True,0.554,-7.898,6.09,44.35
1786962250.541,,0,,,,-59.740,-54.655,True,0.553,-7.092,5.57,45.08
1786962250.591,,0,,,,-59.650,-54.579,True,0.555,-7.148,5.58,44.88
1786962250.666,,0,,,,-59.500,-54.452,True,0.558,-7.354,5.74,44.87
1786962250.766,,0,,,,-59.230,-54.224,True,0.563,-6.492,5.19,45.93
1786962250.841,,0,,,,-59.050,-54.071,True,0.567,-6.183,4.96,46.02
1786962250.966,,0,,,,-58.990,-54.021,True,0.568,-7.123,5.62,45.35
1786962251.041,,0,,,,-59.110,-54.122,True,0.565,-6.480,5.21,46.18
1786962251.116,,0,,,,-59.250,-54.241,True,0.563,-6.632,5.33,46.16
1786962251.191,,0,,,,-59.430,-54.393,True,0.559,-6.920,5.60,46.50
1786962251.291,,0,,,,-59.620,-54.553,True,0.555,-7.322,5.92,46.47
1786962251.366,,0,,,,-59.700,-54.621,True,0.554,-7.375,5.87,45.75
1786962251.441,,0,,,,-59.650,-54.579,True,0.555,-7.437,5.92,45.75
1786962251.516,,0,,,,-59.520,-54.469,True,0.557,-7.046,5.75,46.84
1786962251.591,,0,,,,-59.230,-54.224,True,0.563,-6.940,5.68,46.97
1786962251.666,,0,,,,-58.890,-53.936,True,0.570,-6.894,5.64,46.97
1786962251.741,,0,,,,-58.550,-53.649,True,0.577,-6.237,5.12,47.09
1786962251.866,,0,,,,-58.230,-53.378,True,0.583,-6.556,5.32,46.58
1786962251.966,,0,,,,-58.290,-53.429,True,0.582,-5.837,4.80,47.23
1786962252.091,,0,,,,-58.430,-53.547,True,0.579,-6.193,5.12,47.50
1786962252.141,,0,,,,-58.490,-53.598,True,0.578,-6.463,5.36,47.61
1786962252.241,,0,,,,-58.600,-53.691,True,0.576,-6.669,5.53,47.60
1786962252.316,,0,,,,-58.640,-53.725,True,0.575,-6.637,5.52,47.72
1786962252.416,,0,,,,-58.530,-53.632,True,0.577,-6.744,5.63,47.96
1786962252.491,,0,,,,-58.350,-53.480,True,0.581,-6.643,5.54,47.91
1786962252.591,,0,,,,-57.920,-53.116,True,0.589,-6.790,5.66,47.90
1786962252.666,,0,,,,-57.580,-52.829,True,0.596,-7.220,6.00,47.76
1786962252.741,,0,,,,-57.350,-52.634,True,0.601,-6.928,5.81,48.15
1786962252.791,,0,,,,-57.190,-52.499,True,0.604,-6.952,5.83,48.15
1786962252.841,,0,,,,-56.930,-52.279,True,0.609,-6.506,5.48,48.33
1786962252.891,,0,,,,-56.840,-52.203,True,0.611,-6.565,5.52,48.33
1786962252.966,,0,,,,-56.760,-52.135,True,0.613,-7.411,6.19,48.00
1786962253.016,,0,,,,-56.740,-52.119,True,0.613,-7.619,6.36,47.99
1786962253.141,,0,,,,-56.800,-52.169,True,0.612,-7.311,6.14,48.29
1786962253.241,,0,,,,-56.880,-52.237,True,0.610,-7.206,6.06,48.28
1786962253.291,,0,,,,-56.880,-52.237,True,0.610,-7.100,6.02,48.70
1786962253.366,,0,,,,-56.800,-52.169,True,0.612,-7.224,6.12,48.70
1786962253.416,,0,,,,-56.630,-52.026,True,0.615,-7.158,6.07,48.68
1786962253.541,,0,,,,-56.030,-51.518,True,0.628,-6.720,5.71,48.80
1786962253.616,,0,,,,-55.580,-51.138,True,0.637,-6.811,5.79,48.79
1786962253.691,,0,,,,-55.280,-50.884,True,0.643,-6.692,5.73,49.18
1786962254.091,,0,,,,-54.670,-50.369,True,0.656,-7.332,6.32,49.52
1786962254.241,,0,,,,-54.850,-50.521,True,0.652,-6.765,5.87,49.83
1786962254.641,,0,,,,-55.110,-50.740,True,0.647,-7.480,6.52,50.12
1786962254.716,,0,,,,-54.850,-50.521,True,0.652,-7.709,6.72,50.10
1786962254.816,,0,,,,-54.270,-50.030,True,0.664,-7.617,6.66,50.27
1786962254.866,,0,,,,-53.850,-49.675,True,0.673,-7.546,6.63,50.50
1786962254.966,,0,,,,-53.100,-49.041,True,0.689,-7.184,6.33,50.58
1786962255.041,,0,,,,-52.550,-48.576,True,0.700,-7.424,6.53,50.57
1786962255.141,,0,,,,-52.130,-48.221,True,0.709,-7.757,6.86,50.80
1786962255.266,,0,,,,-51.840,-47.976,True,0.715,-7.370,6.52,50.83
1786962255.391,,0,,,,-51.790,-47.934,True,0.716,-7.575,6.70,50.82
1786962255.541,,0,,,,-51.800,-47.942,True,0.716,-7.763,6.86,50.80
1786962255.691,,0,,,,-51.400,-47.604,True,0.724,-7.794,6.88,50.77
1786962255.791,,0,,,,-51.020,-47.283,True,0.733,-7.838,6.92,50.76
1786962256.116,,0,,,,-49.820,-46.268,True,0.758,-7.501,6.72,51.48
1786962256.166,,0,,,,-49.810,-46.260,True,0.758,-7.540,6.75,51.48
1786962256.291,,0,,,,-49.790,-46.243,True,0.759,-7.687,6.88,51.46
1786962256.341,,0,,,,-49.760,-46.218,True,0.759,-7.718,6.91,51.45
1786962256.491,,0,,,,-49.770,-46.226,True,0.759,-8.345,7.60,52.39
1786962256.616,,0,,,,-49.680,-46.150,True,0.761,-8.513,7.75,52.36
1786962256.716,,0,,,,-49.660,-46.133,True,0.762,-8.648,7.87,52.35
1786962256.791,,0,,,,-49.640,-46.116,True,0.762,-8.367,7.56,51.96
1786962256.891,,0,,,,-49.670,-46.141,True,0.761,-8.162,7.41,52.19
1786962256.966,,0,,,,-49.640,-46.116,True,0.762,-8.477,7.69,52.16
1786962257.041,,0,,,,-49.590,-46.074,True,0.763,-8.500,7.71,52.14
1786962257.116,,0,,,,-49.420,-45.930,True,0.767,-7.777,7.12,52.62
1786962257.241,,0,,,,-49.000,-45.575,True,0.776,-7.581,6.94,52.59
1786962257.341,,0,,,,-48.440,-45.115,True,0.776,-7.918,7.23,52.50
1786962257.416,,0,,,,-48.050,-44.794,True,0.776,-7.236,6.65,52.79
1786962257.516,,0,,,,-47.650,-44.465,True,0.776,-7.687,7.04,52.63
1786962257.616,,0,,,,-47.420,-44.276,True,0.776,-7.872,7.21,52.62
1786962257.716,,0,,,,-47.180,-44.079,True,0.776,-8.048,7.37,52.61
1786962257.791,,0,,,,-46.990,-43.923,True,0.776,-8.141,7.45,52.60
1786962257.891,,0,,,,-46.890,-43.841,True,0.776,-7.898,7.28,52.99
1786962257.966,,0,,,,-46.800,-43.767,True,0.776,-8.077,7.48,53.26
1786962258.041,,0,,,,-46.710,-43.693,True,0.776,-8.033,7.43,53.20
1786962258.141,,0,,,,-46.720,-43.701,True,0.776,-8.026,7.43,53.19
1786962258.191,,0,,,,-46.700,-43.685,True,0.776,-7.698,7.15,53.35
1786962258.291,,0,,,,-46.700,-43.685,True,0.776,-7.724,7.20,53.55
1786962258.366,,0,,,,-46.720,-43.701,True,0.776,-8.044,7.49,53.53
1786962258.441,,0,,,,-46.720,-43.701,True,0.776,-8.275,7.74,53.77
1786962258.566,,0,,,,-46.670,-43.660,True,0.776,-8.144,7.60,53.64
1786962258.741,,0,,,,-46.550,-43.561,True,0.776,-8.366,7.80,53.61
1786962258.866,,0,,,,-46.510,-43.528,True,0.776,-8.291,7.73,53.59
1786962258.966,,0,,,,-46.270,-43.331,True,0.776,-8.353,7.78,53.58
1786962259.066,,0,,,,-46.010,-43.117,True,0.776,-8.507,7.92,53.57
1786962259.166,,0,,,,-45.800,-42.945,True,0.776,-8.648,8.05,53.55
1786962259.266,,0,,,,-45.580,-42.764,True,0.776,-8.786,8.18,53.54
1786962259.366,,0,,,,-45.430,-42.641,True,0.776,-8.865,8.25,53.51
1786962259.441,,0,,,,-45.190,-42.443,True,0.776,-9.043,8.41,53.50
1786962259.516,,0,,,,-45.030,-42.312,True,0.776,-8.358,7.91,54.40
1786962259.591,,0,,,,-44.890,-42.197,True,0.776,-8.514,8.05,54.39
1786962259.691,,0,,,,-44.670,-42.016,True,0.776,-8.620,8.15,54.37
1786962259.791,,0,,,,-44.460,-41.843,True,0.776,-8.442,8.04,54.75
1786962259.866,,0,,,,-44.270,-41.687,True,0.776,-8.025,7.66,54.90
1786962259.941,,0,,,,-44.130,-41.572,True,0.776,-8.198,7.83,54.89
1786962259.991,,0,,,,-43.980,-41.449,True,0.776,-8.463,8.11,55.14
1786962260.066,,0,,,,-43.980,-41.449,True,0.776,-8.528,8.18,55.13
1786962260.141,,0,,,,-44.070,-41.523,True,0.776,-8.573,8.18,54.84
1786962260.241,,0,,,,-44.310,-41.720,True,0.776,-8.678,8.29,54.95
1786962260.341,,0,,,,-44.480,-41.860,True,0.776,-8.880,8.51,55.14
1786962260.416,,0,,,,-44.580,-41.942,True,0.776,-8.923,8.55,55.14
1786962260.491,,0,,,,-44.530,-41.901,True,0.776,-9.041,8.68,55.20
1786962260.591,,0,,,,-44.390,-41.786,True,0.776,-8.628,8.31,55.37
1786962260.666,,0,,,,-44.270,-41.687,True,0.776,-8.640,8.31,55.34
1786962260.766,,0,,,,-44.120,-41.564,True,0.776,-8.841,8.50,55.32
1786962260.841,,0,,,,-44.060,-41.515,True,0.776,-8.919,8.58,55.32
1786962260.891,,0,,,,-44.030,-41.490,True,0.776,-9.021,8.67,55.31
1786962260.941,,0,,,,-43.970,-41.441,True,0.776,-9.098,8.74,55.30
1786962261.041,,0,,,,-43.930,-41.408,True,0.776,-9.111,8.76,55.29
1786962261.116,,0,,,,-43.920,-41.400,True,0.776,-9.282,8.92,55.28
1786962261.166,,0,,,,-43.940,-41.416,True,0.776,-9.214,8.92,55.71
1786962261.266,,0,,,,-43.990,-41.457,True,0.776,-9.472,9.17,55.69
1786962261.341,,0,,,,-44.020,-41.482,True,0.776,-9.629,9.31,55.68
1786962261.491,,0,,,,-44.040,-41.498,True,0.776,-9.275,9.03,56.01
1786962261.566,,0,,,,-44.040,-41.498,True,0.776,-8.317,8.12,56.12
1786962261.641,,0,,,,-43.990,-41.457,True,0.776,-8.188,7.99,56.11
1786962261.741,,0,,,,-43.920,-41.400,True,0.776,-8.039,7.90,56.51
1786962261.816,,0,,,,-43.830,-41.326,True,0.776,-7.823,7.72,56.69
1786962261.916,,0,,,,-43.680,-41.202,True,0.776,-8.187,8.06,56.62
1786962261.991,,0,,,,-43.550,-41.096,True,0.776,-8.419,8.29,56.61
1786962262.066,,0,,,,-43.450,-41.013,True,0.776,-7.647,7.53,56.58
1786962262.141,,0,,,,-43.410,-40.980,True,0.776,-8.064,7.91,56.42
1786962262.216,,0,,,,-43.420,-40.989,True,0.776,-7.602,7.53,56.96
1786962262.266,,0,,,,-43.460,-41.022,True,0.776,-7.738,7.67,56.96
1786962262.341,,0,,,,-43.550,-41.096,True,0.776,-8.574,8.43,56.54
1786962262.391,,0,,,,-43.730,-41.243,True,0.776,-8.901,8.75,56.52
1786962262.466,,0,,,,-43.870,-41.359,True,0.776,-8.847,8.73,56.77
1786962262.541,,0,,,,-43.930,-41.408,True,0.776,-8.882,8.76,56.76
1786962262.616,,0,,,,-44.050,-41.507,True,0.776,-8.782,8.69,56.90
1786962262.716,,0,,,,-44.120,-41.564,True,0.776,-8.465,8.40,57.05
1786962262.816,,0,,,,-44.150,-41.589,True,0.776,-8.241,8.19,57.12
1786962262.941,,0,,,,-44.140,-41.580,True,0.776,-8.273,8.23,57.17
1786962263.041,,0,,,,-44.060,-41.515,True,0.776,-8.249,8.19,57.10
1786962263.216,,0,,,,-43.740,-41.252,True,0.776,-7.810,7.82,57.53
1786962263.316,,0,,,,-43.670,-41.194,True,0.776,-8.345,8.35,57.51
1786962263.441,,0,,,,-43.880,-41.367,True,0.776,-8.578,8.56,57.36
1786962263.491,,0,,,,-43.950,-41.424,True,0.776,-8.579,8.55,57.35
1786962263.591,,0,,,,-44.130,-41.572,True,0.776,-8.712,8.71,57.49
1786962263.691,,0,,,,-44.430,-41.819,True,0.776,-8.857,8.86,57.56
1786962263.766,,0,,,,-44.410,-41.802,True,0.776,-8.952,8.95,57.54
1786962263.816,,0,,,,-44.300,-41.712,True,0.776,-8.910,8.91,57.53
1786962263.866,,0,,,,-44.080,-41.531,True,0.776,-9.089,9.09,57.52
1786962263.966,,0,,,,-43.560,-41.104,True,0.776,-8.656,8.67,57.60
1786962264.041,,0,,,,-43.400,-40.972,True,0.776,-8.930,8.94,57.58
1786962264.191,,0,,,,-43.150,-40.767,True,0.776,-9.180,9.18,57.56
1786962264.441,,0,,,,-43.370,-40.948,True,0.776,-8.797,8.87,57.98
1786962264.591,,0,,,,-43.320,-40.907,True,0.776,-8.923,8.99,57.95
1786962264.716,,0,,,,-43.170,-40.783,True,0.776,-8.915,8.98,57.93
1786962264.866,,0,,,,-43.040,-40.676,True,0.776,-7.722,7.88,58.66
1786962264.991,,0,,,,-43.220,-40.824,True,0.776,-7.897,8.06,58.64
1786962265.066,,0,,,,-43.480,-41.038,True,0.776,-7.988,8.15,58.63
1786962265.141,,0,,,,-43.770,-41.276,True,0.776,-8.243,8.44,58.86
1786962265.216,,0,,,,-44.000,-41.465,True,0.776,-7.826,7.98,58.59
1786962265.366,,0,,,,-44.580,-41.942,True,0.776,-9.747,9.89,58.43
1786962265.441,,0,,,,-44.700,-42.041,True,0.776,-9.761,9.90,58.42
1786962265.541,,0,,,,-44.760,-42.090,True,0.776,-10.098,10.24,58.41
1786962265.616,,0,,,,-44.790,-42.115,True,0.776,-10.384,10.52,58.39
1786962265.691,,0,,,,-44.750,-42.082,True,0.776,-10.139,10.28,58.39
1786962265.766,,0,,,,-44.600,-41.959,True,0.776,-10.185,10.32,58.36
1786962265.841,,0,,,,-44.440,-41.827,True,0.776,-10.244,10.38,58.35
1786962265.916,,0,,,,-44.350,-41.753,True,0.776,-10.256,10.39,58.34
1786962266.016,,0,,,,-44.250,-41.671,True,0.776,-10.263,10.39,58.33
1786962266.091,,0,,,,-44.290,-41.704,True,0.776,-10.494,10.62,58.32
1786962266.216,,0,,,,-44.410,-41.802,True,0.776,-8.606,8.80,58.78
1786962266.291,,0,,,,-44.450,-41.835,True,0.776,-8.680,8.87,58.77
1786962266.391,,0,,,,-44.540,-41.909,True,0.776,-8.712,8.90,58.76
1786962266.466,,0,,,,-44.470,-41.852,True,0.776,-7.774,8.02,59.27
1786962266.541,,0,,,,-44.400,-41.794,True,0.776,-7.345,7.53,58.87
1786962266.591,,0,,,,-44.360,-41.761,True,0.776,-7.424,7.61,58.86
1786962266.666,,0,,,,-44.340,-41.745,True,0.776,-8.110,8.34,59.12
1786962266.741,,0,,,,-44.430,-41.819,True,0.776,-8.264,8.50,59.11
1786962266.816,,0,,,,-44.530,-41.901,True,0.776,-8.445,8.68,59.10
1786962266.891,,0,,,,-44.800,-42.123,True,0.776,-8.539,8.77,59.09
1786962266.966,,0,,,,-45.090,-42.361,True,0.776,-8.016,8.26,59.22
1786962267.041,,0,,,,-45.330,-42.559,True,0.776,-7.951,8.19,59.22
1786962267.116,,0,,,,-45.510,-42.707,True,0.776,-7.987,8.23,59.21
1786962267.191,,0,,,,-45.630,-42.805,True,0.776,-8.259,8.50,59.20
1786962267.291,,0,,,,-45.800,-42.945,True,0.776,-8.119,8.38,59.36
1786962267.391,,0,,,,-45.790,-42.937,True,0.776,-8.309,8.56,59.25
1786962267.466,,0,,,,-45.750,-42.904,True,0.776,-8.633,8.90,59.27
1786962267.566,,0,,,,-45.760,-42.912,True,0.776,-7.596,7.89,59.73
1786962267.641,,0,,,,-45.800,-42.945,True,0.776,-7.770,8.07,59.72
1786962267.716,,0,,,,-45.850,-42.986,True,0.776,-7.755,8.06,59.75
1786962267.766,,0,,,,-45.980,-43.093,True,0.776,-7.827,8.14,59.75
1786962267.841,,0,,,,-46.050,-43.150,True,0.776,-7.963,8.29,59.85
1786962267.916,,0,,,,-46.120,-43.208,True,0.776,-8.299,8.60,59.60
1786962267.991,,0,,,,-46.120,-43.208,True,0.776,-8.301,8.60,59.59
1786962268.091,,0,,,,-46.100,-43.191,True,0.776,-8.164,8.45,59.50
