t,ns,marker_id,track_id,boresight_deg,angle_in_frame_deg,gimbal_yaw_deg,corrected_yaw_deg,yaw_correction_valid,yaw_sigma_deg,angle_error_deg,miss_distance_m,range_m
1786962005.070,,0,,,,0.580,-3.661,True,0.433,4.285,2.63,35.15
1786962005.070,,0,,,,0.520,-3.739,True,0.432,4.232,2.59,35.15
1786962005.095,,0,,,,0.500,-3.764,True,0.431,4.186,2.56,35.13
1786962005.120,,0,,,,0.560,-3.687,True,0.432,4.124,2.53,35.12
1786962005.145,,0,,,,0.610,-3.623,True,0.433,3.961,2.43,35.11
1786962005.170,,0,,,,0.750,-3.443,True,0.436,3.914,2.39,35.07
1786962005.195,,0,,,,0.910,-3.237,True,0.438,3.727,2.28,35.06
1786962005.245,,0,,,,0.930,-3.211,True,0.439,3.482,2.13,35.04
1786962005.295,,0,,,,0.700,-3.507,True,0.435,3.385,2.07,35.03
1786962005.320,,0,,,,0.510,-3.752,True,0.432,3.347,2.04,35.03
1786962005.345,,0,,,,0.370,-3.932,True,0.429,3.430,2.09,35.00
1786962005.370,,0,,,,0.100,-4.279,True,0.425,3.532,2.16,34.99
1786962005.420,,0,,,,-0.030,-4.446,True,0.423,3.645,2.22,34.98
1786962005.445,,0,,,,-0.050,-4.472,True,0.422,3.702,2.26,34.96
1786962005.470,,0,,,,-0.010,-4.421,True,0.423,3.721,2.27,34.95
1786962005.520,,0,,,,-0.020,-4.433,True,0.423,4.174,2.55,35.04
1786962005.520,,0,,,,-0.050,-4.472,True,0.422,4.106,2.51,35.04
1786962005.545,,0,,,,-0.140,-4.588,True,0.421,4.086,2.49,35.01
1786962005.570,,0,,,,-0.220,-4.691,True,0.420,4.053,2.47,35.00
1786962005.645,,0,,,,-0.300,-4.794,True,0.418,4.064,2.48,34.97
1786962005.720,,0,,,,-0.260,-4.742,True,0.419,4.076,2.49,34.96
1786962005.820,,0,,,,-0.130,-4.575,True,0.421,3.857,2.38,35.40
1786962005.895,,0,,,,-0.040,-4.459,True,0.423,3.747,2.31,35.39
1786962005.970,,0,,,,0.040,-4.356,True,0.424,3.697,2.28,35.39
1786962006.070,,0,,,,0.130,-4.240,True,0.425,3.578,2.21,35.36
1786962006.145,,0,,,,0.120,-4.253,True,0.425,3.844,2.35,35.10
1786962006.220,,0,,,,0.020,-4.382,True,0.424,3.741,2.29,35.08
1786962006.295,,0,,,,-0.120,-4.562,True,0.421,3.786,2.32,35.07
1786962006.370,,0,,,,-0.250,-4.729,True,0.419,3.858,2.36,35.05
1786962006.470,,0,,,,-0.350,-4.858,True,0.418,3.890,2.38,35.03
1786962006.545,,0,,,,-0.340,-4.845,True,0.418,3.933,2.40,35.03
1786962006.620,,0,,,,-0.300,-4.794,True,0.418,4.003,2.44,35.01
1786962006.670,,0,,,,-0.190,-4.652,True,0.420,3.868,2.37,35.08
1786962006.745,,0,,,,-0.080,-4.511,True,0.422,3.752,2.29,35.07
1786962006.795,,0,,,,-0.010,-4.421,True,0.423,3.639,2.22,35.05
1786962006.870,,0,,,,0.030,-4.369,True,0.424,3.577,2.19,35.04
1786962006.945,,0,,,,-0.040,-4.459,True,0.423,3.852,2.36,35.07
1786962007.045,,0,,,,-0.150,-4.601,True,0.421,3.736,2.28,35.05
1786962007.145,,0,,,,-0.430,-4.961,True,0.416,3.766,2.30,35.03
1786962007.220,,0,,,,-0.570,-5.141,True,0.414,3.333,2.06,35.41
1786962007.270,,0,,,,-0.610,-5.193,True,0.413,3.332,2.06,35.40
1786962007.370,,0,,,,-0.610,-5.193,True,0.413,3.377,2.09,35.40
1786962007.470,,0,,,,-0.530,-5.090,True,0.415,3.338,2.06,35.37
1786962007.545,,0,,,,-0.450,-4.987,True,0.416,3.884,2.37,35.01
1786962007.620,,0,,,,-0.390,-4.910,True,0.417,3.796,2.32,34.99
1786962007.720,,0,,,,-0.350,-4.858,True,0.418,3.748,2.29,34.98
1786962007.770,,0,,,,-0.290,-4.781,True,0.419,3.879,2.36,34.94
1786962007.845,,0,,,,-0.280,-4.768,True,0.419,3.829,2.33,34.92
1786962007.920,,0,,,,-0.290,-4.781,True,0.419,3.795,2.31,34.91
1786962008.045,,0,,,,-0.260,-4.742,True,0.419,3.710,2.26,34.88
1786962008.120,,0,,,,-0.230,-4.704,True,0.420,3.574,2.19,35.16
1786962008.195,,0,,,,-0.160,-4.614,True,0.421,3.493,2.14,35.14
1786962008.295,,0,,,,-0.140,-4.588,True,0.421,3.345,2.05,35.13
1786962008.370,,0,,,,-0.180,-4.639,True,0.420,3.729,2.27,34.95
1786962008.470,,0,,,,-0.320,-4.819,True,0.418,3.696,2.25,34.92
1786962008.545,,0,,,,-0.440,-4.974,True,0.416,3.695,2.25,34.92
1786962008.620,,0,,,,-0.540,-5.103,True,0.415,3.735,2.27,34.90
1786962008.745,,0,,,,-0.590,-5.167,True,0.414,3.762,2.29,34.89
1786962008.820,,0,,,,-0.540,-5.103,True,0.415,3.875,2.37,35.03
1786962008.870,,0,,,,-0.410,-4.935,True,0.417,3.501,2.14,35.08
1786962008.945,,0,,,,-0.290,-4.781,True,0.419,3.544,2.17,35.07
1786962009.045,,0,,,,0.010,-4.395,True,0.423,3.851,2.34,34.79
1786962009.145,,0,,,,0.160,-4.202,True,0.426,3.862,2.36,34.97
1786962009.220,,0,,,,0.170,-4.189,True,0.426,3.921,2.39,34.91
1786962009.295,,0,,,,0.100,-4.279,True,0.425,3.828,2.33,34.90
1786962009.370,,0,,,,-0.010,-4.421,True,0.423,4.005,2.43,34.76
1786962009.445,,0,,,,-0.110,-4.549,True,0.421,3.984,2.41,34.73
1786962009.520,,0,,,,-0.180,-4.639,True,0.420,3.954,2.39,34.73
1786962009.620,,0,,,,-0.180,-4.639,True,0.420,3.898,2.36,34.71
1786962009.670,,0,,,,-0.180,-4.639,True,0.420,3.860,2.34,34.70
1786962009.795,,0,,,,-0.080,-4.511,True,0.422,3.826,2.31,34.67
1786962009.870,,0,,,,0.010,-4.395,True,0.423,3.717,2.25,34.67
1786962009.970,,0,,,,0.110,-4.266,True,0.425,3.616,2.19,34.66
1786962010.045,,0,,,,0.110,-4.266,True,0.425,3.567,2.15,34.62
1786962010.120,,0,,,,0.090,-4.292,True,0.425,3.482,2.10,34.62
1786962010.195,,0,,,,-0.010,-4.421,True,0.423,3.461,2.09,34.60
1786962010.295,,0,,,,-0.160,-4.614,True,0.421,3.495,2.11,34.58
1786962010.370,,0,,,,-0.310,-4.807,True,0.418,3.506,2.11,34.58
1786962010.445,,0,,,,-0.400,-4.922,True,0.417,3.497,2.11,34.56
1786962010.520,,0,,,,-0.410,-4.935,True,0.417,3.534,2.13,34.54
1786962010.595,,0,,,,-0.350,-4.858,True,0.418,3.544,2.13,34.52
1786962010.695,,0,,,,-0.150,-4.601,True,0.421,3.370,2.03,34.51
1786962010.770,,0,,,,-0.020,-4.433,True,0.423,3.218,1.94,34.51
1786962010.845,,0,,,,0.220,-4.125,True,0.427,3.038,1.83,34.48
1786962010.920,,0,,,,0.400,-3.893,True,0.430,2.834,1.70,34.47
1786962011.020,,0,,,,0.470,-3.803,True,0.431,2.633,1.58,34.45
1786962011.070,,0,,,,0.410,-3.880,True,0.430,2.602,1.56,34.44
1786962011.145,,0,,,,0.260,-4.073,True,0.427,2.517,1.51,34.44
1786962011.220,,0,,,,0.120,-4.253,True,0.425,2.580,1.55,34.42
1786962011.295,,0,,,,0.050,-4.343,True,0.424,2.674,1.61,34.40
1786962011.395,,0,,,,-0.110,-4.549,True,0.421,2.656,1.59,34.38
1786962011.470,,0,,,,-0.200,-4.665,True,0.420,2.625,1.57,34.37
1786962011.595,,0,,,,-0.250,-4.729,True,0.419,2.506,1.50,34.36
1786962011.670,,0,,,,-0.250,-4.729,True,0.419,2.365,1.42,34.33
1786962011.745,,0,,,,-0.200,-4.665,True,0.420,2.301,1.38,34.33
1786962011.845,,0,,,,-0.180,-4.639,True,0.420,2.185,1.31,34.29
1786962011.945,,0,,,,-0.040,-4.459,True,0.423,2.094,1.25,34.29
1786962012.020,,0,,,,0.070,-4.318,True,0.424,1.979,1.18,34.27
1786962012.095,,0,,,,0.140,-4.228,True,0.426,1.815,1.08,34.25
1786962012.195,,0,,,,0.130,-4.240,True,0.425,1.619,0.97,34.23
1786962012.270,,0,,,,0.070,-4.318,True,0.424,1.493,0.89,34.22
1786962012.320,,0,,,,0.000,-4.408,True,0.423,1.390,0.83,34.22
1786962012.420,,0,,,,-0.170,-4.626,True,0.420,1.339,0.80,34.19
1786962012.520,,0,,,,-0.360,-4.871,True,0.417,1.320,0.79,34.18
1786962012.620,,0,,,,-0.480,-5.025,True,0.416,1.352,0.81,34.16
1786962012.695,,0,,,,-0.520,-5.077,True,0.415,1.377,0.82,34.15
1786962012.795,,0,,,,-0.450,-4.987,True,0.416,1.413,0.84,34.13
1786962012.845,,0,,,,-0.310,-4.807,True,0.418,1.306,0.78,34.12
1786962012.920,,0,,,,-0.070,-4.498,True,0.422,1.252,0.75,34.11
1786962013.020,,0,,,,0.290,-4.035,True,0.428,1.054,0.63,34.09
1786962013.120,,0,,,,0.440,-3.842,True,0.430,3.873,2.30,34.02
1786962013.172,,0,,,,0.470,-3.803,True,0.431,3.790,2.25,34.02
1786962013.245,,0,,,,0.340,-3.970,True,0.429,3.662,2.17,33.99
1786962013.320,,0,,,,0.050,-4.343,True,0.424,3.593,2.13,33.99
1786962013.395,,0,,,,-0.160,-4.614,True,0.421,3.682,2.18,33.99
1786962013.445,,0,,,,-0.380,-4.897,True,0.417,3.689,2.19,33.96
1786962013.545,,0,,,,-0.560,-5.128,True,0.414,3.842,2.28,33.95
1786962013.620,,0,,,,-0.470,-5.012,True,0.416,3.855,2.28,33.93
1786962013.670,,0,,,,-0.390,-4.910,True,0.417,3.674,2.17,33.92
1786962013.745,,0,,,,-0.040,-4.459,True,0.423,3.604,2.13,33.91
1786962013.845,,0,,,,0.420,-3.867,True,0.430,3.610,2.13,33.84
1786962013.895,,0,,,,0.600,-3.636,True,0.433,3.343,1.97,33.82
1786962013.970,,0,,,,0.640,-3.584,True,0.434,3.230,1.91,33.82
1786962014.045,,0,,,,0.530,-3.726,True,0.432,3.019,1.78,33.80
1786962014.095,,0,,,,0.300,-4.022,True,0.428,3.300,1.94,33.70
1786962014.170,,0,,,,0.030,-4.369,True,0.424,3.421,2.01,33.70
1786962014.245,,0,,,,-0.300,-4.794,True,0.418,2.936,1.73,33.77
1786962014.320,,0,,,,-0.610,-5.193,True,0.413,2.880,1.70,33.82
1786962014.395,,0,,,,-0.790,-5.424,True,0.411,3.026,1.78,33.80
1786962014.470,,0,,,,-0.750,-5.373,True,0.411,2.904,1.71,33.79
1786962014.545,,0,,,,-0.550,-5.115,True,0.414,2.881,1.70,33.78
1786962014.620,,0,,,,-0.170,-4.626,True,0.420,3.559,2.08,33.58
1786962014.695,,0,,,,0.150,-4.215,True,0.426,3.585,2.10,33.61
1786962014.795,,0,,,,0.470,-3.803,True,0.431,3.722,2.20,33.95
1786962014.870,,0,,,,0.530,-3.726,True,0.432,3.578,2.12,33.94
1786962014.945,,0,,,,0.490,-3.777,True,0.431,3.510,2.04,33.40
1786962015.020,,0,,,,0.300,-4.022,True,0.428,3.236,1.89,33.41
1786962015.120,,0,,,,-0.120,-4.562,True,0.421,3.009,1.76,33.52
1786962015.220,,0,,,,-0.460,-5.000,True,0.416,3.100,1.81,33.50
1786962015.345,,0,,,,-0.470,-5.012,True,0.416,3.206,1.87,33.48
1786962015.420,,0,,,,-0.280,-4.768,True,0.419,3.139,1.83,33.47
1786962015.470,,0,,,,-0.070,-4.498,True,0.422,2.873,1.68,33.46
1786962015.570,,0,,,,0.300,-4.022,True,0.428,2.628,1.53,33.45
1786962015.670,,0,,,,0.460,-3.816,True,0.431,3.136,1.82,33.31
1786962015.770,,0,,,,0.440,-3.842,True,0.430,2.872,1.67,33.30
1786962015.845,,0,,,,0.220,-4.125,True,0.427,2.829,1.64,33.27
1786962015.920,,0,,,,0.030,-4.369,True,0.424,2.804,1.63,33.26
1786962015.970,,0,,,,-0.220,-4.691,True,0.420,2.898,1.68,33.26
1786962016.070,,0,,,,-0.410,-4.935,True,0.417,2.870,1.66,33.23
1786962016.120,,0,,,,-0.430,-4.961,True,0.416,2.918,1.69,33.23
1786962016.195,,0,,,,-0.410,-4.935,True,0.417,2.948,1.71,33.20
1786962016.245,,0,,,,-0.320,-4.819,True,0.418,2.877,1.67,33.19
1786962016.320,,0,,,,-0.160,-4.614,True,0.421,2.896,1.68,33.19
1786962016.395,,0,,,,0.000,-4.408,True,0.423,2.730,1.58,33.17
1786962016.470,,0,,,,0.020,-4.382,True,0.424,2.642,1.53,33.15
1786962016.520,,0,,,,0.000,-4.408,True,0.423,2.527,1.46,33.15
1786962016.595,,0,,,,-0.050,-4.472,True,0.422,2.513,1.45,33.13
1786962016.695,,0,,,,-0.150,-4.601,True,0.421,2.518,1.45,33.12
1786962016.745,,0,,,,-0.160,-4.614,True,0.421,2.454,1.42,33.11
1786962016.845,,0,,,,-0.100,-4.536,True,0.422,2.412,1.39,33.08
1786962016.895,,0,,,,0.000,-4.408,True,0.423,2.314,1.34,33.08
1786962016.970,,0,,,,0.130,-4.240,True,0.425,2.128,1.23,33.07
1786962017.045,,0,,,,0.290,-4.035,True,0.428,2.062,1.19,33.06
1786962017.095,,0,,,,0.360,-3.945,True,0.429,1.873,1.08,33.04
1786962017.170,,0,,,,0.400,-3.893,True,0.430,1.756,1.01,33.04
1786962017.220,,0,,,,0.370,-3.932,True,0.429,1.664,0.96,33.02
1786962017.345,,0,,,,0.200,-4.150,True,0.426,1.681,0.97,33.01
1786962017.395,,0,,,,0.100,-4.279,True,0.425,1.676,0.96,32.98
1786962017.495,,0,,,,0.020,-4.382,True,0.424,1.686,0.97,32.97
1786962017.595,,0,,,,0.080,-4.305,True,0.425,1.608,0.92,32.94
1786962017.670,,0,,,,0.170,-4.189,True,0.426,1.468,0.84,32.94
1786962017.770,,0,,,,0.330,-3.983,True,0.429,1.342,0.77,32.93
1786962017.845,,0,,,,0.510,-3.752,True,0.432,1.298,0.75,32.91
1786962017.895,,0,,,,0.610,-3.623,True,0.433,1.068,0.61,32.90
1786962017.970,,0,,,,0.720,-3.481,True,0.435,0.935,0.54,32.89
1786962018.045,,0,,,,0.720,-3.481,True,0.435,0.778,0.45,32.87
1786962018.120,,0,,,,0.700,-3.507,True,0.435,0.672,0.39,32.86
1786962018.220,,0,,,,0.580,-3.661,True,0.433,0.638,0.37,32.83
1786962018.270,,0,,,,0.480,-3.790,True,0.431,0.642,0.37,32.82
1786962018.370,,0,,,,0.290,-4.035,True,0.428,0.729,0.42,32.81
1786962018.470,,0,,,,0.140,-4.228,True,0.426,0.805,0.46,32.78
1786962018.570,,0,,,,0.130,-4.240,True,0.425,0.736,0.42,32.77
1786962018.670,,0,,,,0.200,-4.150,True,0.426,0.684,0.39,32.75
1786962018.770,,0,,,,0.350,-3.957,True,0.429,0.631,0.36,32.74
1786962018.845,,0,,,,0.390,-3.906,True,0.430,0.533,0.30,32.72
1786962018.920,,0,,,,0.430,-3.854,True,0.430,0.305,0.17,32.71
1786962019.020,,0,,,,0.520,-3.739,True,0.432,0.163,0.09,32.69
1786962019.095,,0,,,,0.570,-3.674,True,0.433,-0.041,0.02,32.68
1786962019.170,,0,,,,0.600,-3.636,True,0.433,2.769,1.54,31.93
1786962019.270,,0,,,,0.620,-3.610,True,0.433,2.730,1.52,31.90
1786962019.370,,0,,,,0.590,-3.649,True,0.433,2.705,1.50,31.89
1786962019.445,,0,,,,0.540,-3.713,True,0.432,2.591,1.44,31.81
1786962019.520,,0,,,,0.520,-3.739,True,0.432,2.620,1.45,31.80
1786962019.570,,0,,,,0.500,-3.764,True,0.431,2.668,1.48,31.83
1786962019.645,,0,,,,0.500,-3.764,True,0.431,2.638,1.46,31.80
1786962019.695,,0,,,,0.500,-3.764,True,0.431,2.599,1.44,31.80
1786962019.770,,0,,,,0.550,-3.700,True,0.432,2.529,1.40,31.79
1786962019.820,,0,,,,0.610,-3.623,True,0.433,2.519,1.40,31.78
1786962019.895,,0,,,,0.690,-3.520,True,0.435,2.426,1.34,31.76
1786962019.970,,0,,,,0.760,-3.430,True,0.436,2.288,1.27,31.76
1786962020.045,,0,,,,0.840,-3.327,True,0.437,2.268,1.26,31.73
1786962020.120,,0,,,,0.880,-3.275,True,0.438,2.216,1.23,31.72
1786962020.220,,0,,,,0.940,-3.198,True,0.439,2.210,1.22,31.70
1786962020.270,,0,,,,1.000,-3.121,True,0.440,2.151,1.19,31.68
1786962020.370,,0,,,,1.110,-2.979,True,0.442,2.069,1.14,31.68
1786962020.470,,0,,,,1.090,-3.005,True,0.441,1.899,1.05,31.65
1786962020.545,,0,,,,1.030,-3.082,True,0.440,1.857,1.03,31.64
1786962020.595,,0,,,,0.940,-3.198,True,0.439,1.792,0.99,31.62
1786962020.720,,0,,,,0.720,-3.481,True,0.435,1.887,1.04,31.61
1786962020.795,,0,,,,0.580,-3.661,True,0.433,1.971,1.09,31.59
1786962020.895,,0,,,,0.440,-3.842,True,0.430,1.878,1.03,31.58
1786962020.945,,0,,,,0.430,-3.854,True,0.430,1.869,1.03,31.57
1786962021.045,,0,,,,0.470,-3.803,True,0.431,1.989,1.10,31.55
1786962021.095,,0,,,,0.610,-3.623,True,0.433,1.955,1.08,31.53
1786962021.170,,0,,,,0.840,-3.327,True,0.437,1.777,0.98,31.52
1786962021.245,,0,,,,0.990,-3.134,True,0.440,1.700,0.93,31.50
1786962021.345,,0,,,,1.150,-2.928,True,0.442,1.555,0.85,31.49
1786962021.420,,0,,,,1.180,-2.889,True,0.443,1.278,0.70,31.46
1786962021.470,,0,,,,1.100,-2.992,True,0.441,1.161,0.64,31.45
1786962021.545,,0,,,,0.980,-3.147,True,0.439,0.946,0.52,31.45
1786962021.620,,0,,,,0.810,-3.365,True,0.437,1.046,0.57,31.42
1786962021.695,,0,,,,0.660,-3.558,True,0.434,1.239,0.68,31.40
1786962021.745,,0,,,,0.630,-3.597,True,0.434,1.141,0.63,31.40
1786962021.820,,0,,,,0.590,-3.649,True,0.433,1.090,0.60,31.38
1786962021.895,,0,,,,0.630,-3.597,True,0.434,1.047,0.57,31.37
1786962021.970,,0,,,,0.730,-3.468,True,0.435,1.009,0.55,31.36
1786962022.020,,0,,,,0.890,-3.263,True,0.438,1.009,0.55,31.34
1786962022.145,,0,,,,1.130,-2.954,True,0.442,0.979,0.53,31.32
1786962022.195,,0,,,,1.180,-2.889,True,0.443,0.929,0.51,31.30
1786962022.270,,0,,,,1.190,-2.877,True,0.443,2.405,1.28,30.60
1786962022.345,,0,,,,1.170,-2.902,True,0.443,2.395,1.28,30.60
1786962022.495,,0,,,,0.890,-3.263,True,0.438,2.549,1.36,30.57
1786962022.570,,0,,,,0.800,-3.378,True,0.436,2.526,1.35,30.56
1786962022.970,,0,,,,1.350,-2.671,True,0.446,2.106,1.12,30.38
1786962023.120,,0,,,,1.540,-2.426,True,0.449,1.759,0.93,30.34
1786962023.170,,0,,,,1.510,-2.465,True,0.448,1.624,0.86,30.33
1786962023.445,,0,,,,0.810,-3.365,True,0.437,2.181,1.15,30.27
1786962023.545,,0,,,,0.590,-3.649,True,0.433,2.072,1.09,30.26
1786962023.670,,0,,,,0.480,-3.790,True,0.431,2.233,1.18,30.23
1786962023.845,,0,,,,0.670,-3.546,True,0.434,2.305,1.21,30.19
1786962023.945,,0,,,,0.860,-3.301,True,0.437,1.746,0.92,30.18
1786962023.995,,0,,,,0.990,-3.134,True,0.440,1.713,0.90,30.16
1786962024.070,,0,,,,1.020,-3.095,True,0.440,1.567,0.82,30.15
1786962024.145,,0,,,,1.030,-3.082,True,0.440,2.052,1.07,29.90
1786962024.220,,0,,,,0.980,-3.147,True,0.439,2.009,1.05,29.88
1786962024.270,,0,,,,1.000,-3.121,True,0.440,1.981,1.03,29.87
1786962024.395,,0,,,,1.130,-2.954,True,0.442,1.958,1.02,29.84
1786962024.470,,0,,,,1.260,-2.786,True,0.444,1.705,0.89,29.83
1786962024.520,,0,,,,1.280,-2.761,True,0.444,1.612,0.84,29.82
1786962024.620,,0,,,,1.440,-2.555,True,0.447,1.537,0.80,29.80
1786962024.720,,0,,,,1.530,-2.439,True,0.449,1.484,0.77,29.79
1786962024.820,,0,,,,1.550,-2.413,True,0.449,1.479,0.77,29.76
1786962024.895,,0,,,,1.480,-2.503,True,0.448,1.429,0.74,29.74
1786962024.995,,0,,,,1.380,-2.632,True,0.446,1.426,0.74,29.72
1786962025.070,,0,,,,1.220,-2.838,True,0.443,1.292,0.67,29.71
1786962025.170,,0,,,,0.970,-3.160,True,0.439,1.408,0.73,29.70
1786962025.320,,0,,,,0.750,-3.443,True,0.436,1.320,0.68,29.66
1786962025.395,,0,,,,0.680,-3.533,True,0.434,1.321,0.68,29.64
1786962025.470,,0,,,,0.660,-3.558,True,0.434,1.234,0.64,29.63
1786962025.570,,0,,,,0.630,-3.597,True,0.434,1.426,0.74,29.61
1786962025.645,,0,,,,0.690,-3.520,True,0.435,1.350,0.70,29.59
1786962025.720,,0,,,,0.730,-3.468,True,0.435,1.282,0.66,29.58
1786962025.795,,0,,,,0.710,-3.494,True,0.435,1.187,0.61,29.56
1786962025.895,,0,,,,0.760,-3.430,True,0.436,1.153,0.59,29.55
1786962025.970,,0,,,,0.780,-3.404,True,0.436,1.037,0.53,29.54
1786962026.045,,0,,,,0.800,-3.378,True,0.436,0.955,0.49,29.52
1786962026.095,,0,,,,0.850,-3.314,True,0.437,0.884,0.45,29.22
1786962026.195,,0,,,,0.980,-3.147,True,0.439,0.703,0.36,29.20
1786962026.245,,0,,,,1.030,-3.082,True,0.440,0.550,0.28,29.19
1786962026.320,,0,,,,1.110,-2.979,True,0.442,0.465,0.24,29.18
1786962026.420,,0,,,,1.130,-2.954,True,0.442,0.276,0.14,29.16
1786962026.495,,0,,,,1.170,-2.902,True,0.443,0.188,0.10,29.14
1786962026.570,,0,,,,1.220,-2.838,True,0.443,0.062,0.03,29.13
1786962026.645,,0,,,,1.200,-2.864,True,0.443,-0.015,0.01,29.11
1786962026.695,,0,,,,1.210,-2.851,True,0.443,-0.126,0.06,29.11
1786962026.820,,0,,,,1.160,-2.915,True,0.442,0.210,0.11,29.08
1786962026.895,,0,,,,1.120,-2.967,True,0.442,0.289,0.15,29.06
1786962026.970,,0,,,,1.020,-3.095,True,0.440,0.120,0.06,29.05
1786962027.045,,0,,,,0.940,-3.198,True,0.439,0.154,0.08,29.03
1786962027.145,,0,,,,0.870,-3.288,True,0.438,0.139,0.07,29.02
1786962027.195,,0,,,,0.770,-3.417,True,0.436,0.159,0.08,29.00
1786962027.270,,0,,,,0.700,-3.507,True,0.435,0.055,0.03,28.99
1786962027.345,,0,,,,0.700,-3.507,True,0.435,0.115,0.06,28.98
1786962027.420,,0,,,,0.690,-3.520,True,0.435,0.117,0.06,28.96
1786962027.470,,0,,,,0.690,-3.520,True,0.435,0.093,0.05,28.96
1786962027.595,,0,,,,0.700,-3.507,True,0.435,0.087,0.04,28.93
1786962027.670,,0,,,,0.680,-3.533,True,0.434,0.025,0.01,28.92
1786962027.745,,0,,,,0.710,-3.494,True,0.435,0.003,0.00,28.91
1786962027.845,,0,,,,0.740,-3.456,True,0.435,-0.058,0.03,28.90
1786962027.895,,0,,,,0.780,-3.404,True,0.436,-0.111,0.06,28.87
1786962027.970,,0,,,,0.950,-3.185,True,0.439,-0.304,0.15,28.87
1786962028.020,,0,,,,1.030,-3.082,True,0.440,-0.332,0.17,28.85
1786962028.120,,0,,,,1.250,-2.799,True,0.444,-0.481,0.24,28.83
1786962028.220,,0,,,,1.380,-2.632,True,0.446,-0.634,0.32,28.81
1786962028.270,,0,,,,1.380,-2.632,True,0.446,-0.693,0.35,28.80
1786962028.370,,0,,,,1.310,-2.722,True,0.445,-0.669,0.34,28.78
1786962028.445,,0,,,,1.260,-2.786,True,0.444,-0.708,0.36,28.77
1786962028.545,,0,,,,1.190,-2.877,True,0.443,-0.593,0.30,28.75
1786962028.645,,0,,,,1.190,-2.877,True,0.443,-0.507,0.25,28.74
1786962028.745,,0,,,,1.250,-2.799,True,0.444,-0.593,0.30,28.72
1786962028.820,,0,,,,1.330,-2.696,True,0.445,-0.782,0.39,28.70
1786962028.895,,0,,,,1.370,-2.645,True,0.446,-0.781,0.39,28.69
1786962028.970,,0,,,,1.340,-2.684,True,0.445,-0.939,0.47,28.68
1786962029.070,,0,,,,1.230,-2.825,True,0.444,-0.878,0.44,28.66
1786962029.145,,0,,,,1.070,-3.031,True,0.441,-0.743,0.37,28.65
1786962029.220,,0,,,,0.890,-3.263,True,0.438,-0.612,0.31,28.63
1786962051.120,,0,,,,0.160,-4.202,True,0.426,-0.210,0.08,22.47
1786962051.245,,0,,,,0.290,-4.035,True,0.428,-0.063,0.02,22.45
1786962051.345,,0,,,,0.370,-3.932,True,0.429,0.041,0.02,22.43
1786962051.394,,0,,,,0.390,-3.906,True,0.430,0.232,0.09,22.42
1786962051.494,,0,,,,0.460,-3.816,True,0.431,0.354,0.14,22.41
1786962051.619,,0,,,,0.570,-3.674,True,0.433,0.544,0.21,22.38
1786962051.769,,0,,,,0.700,-3.507,True,0.435,0.735,0.29,22.35
1786962051.844,,0,,,,0.720,-3.481,True,0.435,0.887,0.35,22.34
1786962051.945,,0,,,,0.680,-3.533,True,0.434,0.955,0.37,22.32
1786962052.844,,0,,,,0.360,-3.945,True,0.429,-6.913,2.71,22.50
1786962052.894,,0,,,,0.220,-4.125,True,0.427,-6.550,2.56,22.48
1786962052.969,,0,,,,0.060,-4.331,True,0.424,-6.302,2.47,22.47
1786962053.070,,0,,,,0.010,-4.395,True,0.423,-5.874,2.30,22.46
1786962053.119,,0,,,,0.050,-4.343,True,0.424,-5.586,2.18,22.44
1786962053.219,,0,,,,0.140,-4.228,True,0.426,-5.389,2.11,22.43
1786962053.294,,0,,,,0.280,-4.047,True,0.428,-5.277,2.06,22.41
1786962053.394,,0,,,,0.480,-3.790,True,0.431,-5.165,2.02,22.39
1786962053.494,,0,,,,0.670,-3.546,True,0.434,-5.106,1.99,22.37
1786962053.594,,0,,,,0.750,-3.443,True,0.436,-4.992,1.95,22.35
1786962053.694,,0,,,,0.730,-3.468,True,0.435,-4.878,1.90,22.33
1786962053.770,,0,,,,0.680,-3.533,True,0.434,-4.637,1.80,22.33
1786962053.819,,0,,,,0.630,-3.597,True,0.434,-4.209,1.64,22.31
1786962053.869,,0,,,,0.620,-3.610,True,0.433,-3.876,1.51,22.30
1786962053.944,,0,,,,0.590,-3.649,True,0.433,-3.604,1.40,22.28
1786962063.269,,0,,,,0.000,-4.408,True,0.423,1.076,0.49,25.96
1786962063.344,,0,,,,0.000,-4.408,True,0.423,1.291,0.58,25.94
1786962063.419,,0,,,,0.000,-4.408,True,0.423,1.358,0.61,25.93
1786962063.494,,0,,,,0.060,-4.331,True,0.424,1.609,0.73,25.91
1786962063.569,,0,,,,0.080,-4.305,True,0.425,1.000,0.46,26.28
1786962063.644,,0,,,,0.110,-4.266,True,0.425,0.971,0.44,26.26
1786962063.719,,0,,,,0.090,-4.292,True,0.425,1.019,0.47,26.25
1786962063.794,,0,,,,0.070,-4.318,True,0.424,0.746,0.34,26.43
1786962063.869,,0,,,,0.030,-4.369,True,0.424,0.894,0.41,26.42
1786962063.969,,0,,,,-0.020,-4.433,True,0.423,1.040,0.48,26.40
1786962064.044,,0,,,,-0.150,-4.601,True,0.421,1.294,0.60,26.38
1786962064.119,,0,,,,-0.270,-4.755,True,0.419,0.923,0.43,26.88
1786962064.194,,0,,,,-0.410,-4.935,True,0.417,1.254,0.59,26.86
1786962064.319,,0,,,,-0.640,-5.231,True,0.413,1.451,0.68,26.84
1786962064.394,,0,,,,-0.700,-5.308,True,0.412,1.476,0.70,27.10
1786962064.469,,0,,,,-0.730,-5.347,True,0.412,1.604,0.76,27.09
1786962064.519,,0,,,,-0.730,-5.347,True,0.412,1.733,0.82,27.08
1786962064.619,,0,,,,-0.710,-5.321,True,0.412,1.750,0.83,27.06
1786962064.744,,0,,,,-0.640,-5.231,True,0.413,1.330,0.63,27.32
1786962064.794,,0,,,,-0.640,-5.231,True,0.413,1.265,0.60,27.30
1786962064.869,,0,,,,-0.610,-5.193,True,0.413,1.309,0.62,27.29
1786962064.944,,0,,,,-0.610,-5.193,True,0.413,1.194,0.58,27.62
1786962065.019,,0,,,,-0.610,-5.193,True,0.413,1.181,0.57,27.60
1786962065.069,,0,,,,-0.650,-5.244,True,0.413,1.250,0.60,27.59
1786962065.144,,0,,,,-0.640,-5.231,True,0.413,1.287,0.62,27.58
1786962065.244,,0,,,,-0.570,-5.141,True,0.414,1.026,0.50,27.91
1786962065.294,,0,,,,-0.470,-5.012,True,0.416,1.209,0.59,27.89
1786962065.419,,0,,,,-0.170,-4.626,True,0.420,1.185,0.58,27.87
1786962065.494,,0,,,,0.000,-4.408,True,0.423,1.174,0.57,27.85
1786962065.594,,0,,,,0.190,-4.163,True,0.426,1.580,0.78,28.24
1786962065.669,,0,,,,0.230,-4.112,True,0.427,1.660,0.82,28.22
1786962065.719,,0,,,,0.230,-4.112,True,0.427,1.614,0.79,28.21
1786962065.844,,0,,,,0.070,-4.318,True,0.424,1.285,0.64,28.45
1786962065.894,,0,,,,-0.010,-4.421,True,0.423,1.610,0.80,28.43
1786962065.969,,0,,,,-0.120,-4.562,True,0.421,1.805,0.90,28.43
1786962066.019,,0,,,,-0.160,-4.614,True,0.421,2.042,1.01,28.42
1786962066.119,,0,,,,-0.070,-4.498,True,0.422,1.980,0.99,28.78
1786962066.219,,0,,,,0.030,-4.369,True,0.424,1.806,0.91,28.76
1786962066.294,,0,,,,0.110,-4.266,True,0.425,1.698,0.85,28.74
1786962066.394,,0,,,,0.150,-4.215,True,0.426,1.749,0.89,29.08
1786962066.494,,0,,,,0.080,-4.305,True,0.425,1.737,0.88,29.04
1786962066.569,,0,,,,0.040,-4.356,True,0.424,1.874,0.95,29.04
1786962066.644,,0,,,,-0.040,-4.459,True,0.423,2.044,1.04,29.02
1786962066.719,,0,,,,-0.110,-4.549,True,0.421,2.146,1.10,29.43
1786962066.794,,0,,,,-0.110,-4.549,True,0.421,3.076,1.53,28.57
1786962066.919,,0,,,,0.010,-4.395,True,0.423,3.698,1.83,28.35
1786962066.994,,0,,,,0.140,-4.228,True,0.426,3.700,1.83,28.33
1786962067.094,,0,,,,0.350,-3.957,True,0.429,1.975,1.02,29.72
1786962067.169,,0,,,,0.420,-3.867,True,0.430,3.102,1.56,28.78
1786962067.269,,0,,,,0.490,-3.777,True,0.431,1.874,0.98,29.82
1786962067.344,,0,,,,0.500,-3.764,True,0.431,2.125,1.11,30.02
1786962067.469,,0,,,,0.550,-3.700,True,0.432,3.276,1.67,29.15
1786962067.544,,0,,,,0.550,-3.700,True,0.432,3.290,1.67,29.14
1786962067.644,,0,,,,0.580,-3.661,True,0.433,3.509,1.78,29.12
1786962067.719,,0,,,,0.580,-3.661,True,0.433,2.890,1.50,29.76
1786962067.769,,0,,,,0.520,-3.739,True,0.432,2.934,1.52,29.76
1786962067.869,,0,,,,0.410,-3.880,True,0.430,2.918,1.52,29.77
1786962067.919,,0,,,,0.370,-3.932,True,0.429,2.176,1.16,30.59
1786962067.994,,0,,,,0.320,-3.996,True,0.428,2.265,1.21,30.57
1786962068.094,,0,,,,0.390,-3.906,True,0.430,3.706,1.90,29.33
1786962068.169,,0,,,,0.490,-3.777,True,0.431,2.383,1.28,30.88
1786962068.244,,0,,,,0.660,-3.558,True,0.434,3.400,1.78,30.09
1786962068.344,,0,,,,0.820,-3.353,True,0.437,3.397,1.78,30.08
1786962068.419,,0,,,,0.930,-3.211,True,0.439,3.293,1.75,30.39
1786962068.469,,0,,,,0.890,-3.263,True,0.438,4.258,2.21,29.76
1786962068.569,,0,,,,0.730,-3.468,True,0.435,2.307,1.26,31.36
1786962068.644,,0,,,,0.580,-3.661,True,0.433,2.383,1.30,31.34
1786962068.719,,0,,,,0.420,-3.867,True,0.430,2.335,1.28,31.35
1786962068.794,,0,,,,0.390,-3.906,True,0.430,3.641,1.92,30.25
1786962068.869,,0,,,,0.440,-3.842,True,0.430,3.643,1.92,30.25
1786962068.969,,0,,,,0.570,-3.674,True,0.433,3.726,1.98,30.41
1786962069.069,,0,,,,0.820,-3.353,True,0.437,2.554,1.41,31.64
1786962069.144,,0,,,,0.980,-3.147,True,0.439,2.967,1.62,31.21
1786962069.244,,0,,,,1.010,-3.108,True,0.440,4.573,2.40,30.08
1786962069.319,,0,,,,0.950,-3.185,True,0.439,4.529,2.37,30.08
1786962069.444,,0,,,,0.730,-3.468,True,0.435,2.208,1.24,32.06
1786962069.519,,0,,,,0.580,-3.661,True,0.433,2.150,1.21,32.17
1786962069.569,,0,,,,0.530,-3.726,True,0.432,3.491,1.90,31.14
1786962069.694,,0,,,,0.420,-3.867,True,0.430,3.359,1.83,31.28
1786962069.769,,0,,,,0.390,-3.906,True,0.430,3.402,1.86,31.28
1786962069.869,,0,,,,0.430,-3.854,True,0.430,3.541,1.94,31.33
1786962070.044,,0,,,,0.540,-3.713,True,0.432,4.844,2.61,30.92
1786962070.119,,0,,,,0.600,-3.636,True,0.433,4.845,2.61,30.91
1786962070.219,,0,,,,0.530,-3.726,True,0.432,2.559,1.47,32.89
1786962070.319,,0,,,,0.360,-3.945,True,0.429,4.266,2.31,31.10
1786962070.394,,0,,,,0.200,-4.150,True,0.426,4.475,2.44,31.32
1786962070.444,,0,,,,-0.020,-4.433,True,0.423,4.607,2.51,31.31
1786962070.544,,0,,,,-0.160,-4.614,True,0.421,3.180,1.78,32.15
1786962070.669,,0,,,,-0.170,-4.626,True,0.420,3.658,2.06,32.22
1786962070.744,,0,,,,-0.100,-4.536,True,0.422,2.686,1.57,33.45
1786962070.844,,0,,,,-0.030,-4.446,True,0.423,3.440,1.97,32.89
1786962070.894,,0,,,,-0.010,-4.421,True,0.423,3.460,1.98,32.89
1786962070.969,,0,,,,-0.030,-4.446,True,0.423,3.663,2.09,32.71
1786962071.069,,0,,,,-0.120,-4.562,True,0.421,4.236,2.36,31.99
1786962071.169,,0,,,,-0.150,-4.601,True,0.421,4.218,2.35,31.98
1786962071.244,,0,,,,-0.110,-4.549,True,0.421,4.308,2.40,31.96
1786962071.344,,0,,,,0.000,-4.408,True,0.423,4.287,2.41,32.24
1786962071.444,,0,,,,0.080,-4.305,True,0.425,4.277,2.41,32.38
1786962071.519,,0,,,,0.110,-4.266,True,0.425,4.312,2.43,32.36
1786962071.619,,0,,,,0.000,-4.408,True,0.423,4.185,2.37,32.45
1786962071.744,,0,,,,-0.200,-4.665,True,0.420,4.399,2.51,32.71
1786962071.894,,0,,,,-0.210,-4.678,True,0.420,4.660,2.65,32.67
1786962071.969,,0,,,,-0.020,-4.433,True,0.423,4.310,2.47,32.90
1786962072.144,,0,,,,0.270,-4.060,True,0.428,2.869,1.71,34.21
1786962072.219,,0,,,,0.220,-4.125,True,0.427,4.113,2.38,33.23
1786962072.294,,0,,,,0.060,-4.331,True,0.424,3.711,2.15,33.27
1786962072.369,,0,,,,-0.150,-4.601,True,0.421,3.788,2.20,33.26
1786962072.444,,0,,,,-0.460,-5.000,True,0.416,2.833,1.71,34.56
1786962072.519,,0,,,,-0.690,-5.296,True,0.412,3.470,2.03,33.51
1786962072.619,,0,,,,-0.730,-5.347,True,0.412,3.734,2.19,33.61
1786962072.719,,0,,,,-0.600,-5.180,True,0.414,3.797,2.22,33.59
1786962072.794,,0,,,,-0.400,-4.922,True,0.417,3.973,2.34,33.79
1786962073.194,,0,,,,-0.820,-5.463,True,0.410,3.516,2.10,34.17
1786962073.344,,0,,,,-1.430,-6.221,True,0.405,4.032,2.42,34.44
1786962073.419,,0,,,,-1.640,-6.435,True,0.412,4.090,2.47,34.56
1786962073.519,,0,,,,-1.630,-6.425,True,0.412,3.589,2.17,34.66
1786962073.594,,0,,,,-1.510,-6.303,True,0.408,3.522,2.13,34.63
1786962073.694,,0,,,,-1.360,-6.150,True,0.403,3.333,2.02,34.74
1786962073.769,,0,,,,-1.150,-5.887,True,0.405,3.327,2.02,34.85
1786962073.844,,0,,,,-1.090,-5.810,True,0.406,3.364,2.05,34.96
1786962073.919,,0,,,,-1.120,-5.849,True,0.405,3.314,2.02,34.95
1786962074.094,,0,,,,-1.280,-6.055,True,0.403,2.982,1.84,35.32
1786962074.394,,0,,,,-1.900,-6.701,True,0.421,2.311,1.43,35.56
1786962074.794,,0,,,,-1.390,-6.180,True,0.404,2.058,1.29,35.82
1786962074.894,,0,,,,-1.230,-5.990,True,0.404,2.426,1.53,36.21
1786962075.094,,0,,,,-1.390,-6.180,True,0.404,2.176,1.38,36.35
1786962075.619,,0,,,,-1.650,-6.446,True,0.412,2.612,1.69,37.08
1786962075.719,,0,,,,-1.170,-5.913,True,0.405,2.755,1.78,37.06
1786962075.794,,0,,,,-0.820,-5.463,True,0.410,3.179,2.06,37.10
1786962075.869,,0,,,,-0.680,-5.283,True,0.412,3.353,2.18,37.28
1786962075.944,,0,,,,-0.650,-5.244,True,0.413,3.653,2.37,37.26
1786962076.094,,0,,,,-0.970,-5.656,True,0.408,3.783,2.45,37.19
1786962076.194,,0,,,,-1.570,-6.364,True,0.410,3.820,2.50,37.59
1786962076.644,,0,,,,-1.470,-6.262,True,0.407,4.174,2.77,38.02
1786962076.744,,0,,,,-1.210,-5.965,True,0.404,4.151,2.76,38.19
1786962076.819,,0,,,,-1.010,-5.707,True,0.407,4.219,2.82,38.27
1786962076.919,,0,,,,-0.990,-5.682,True,0.407,4.332,2.89,38.25
1786962077.019,,0,,,,-1.110,-5.836,True,0.406,4.522,3.04,38.60
1786962077.094,,0,,,,-1.290,-6.068,True,0.403,4.101,2.77,38.72
1786962077.169,,0,,,,-1.450,-6.241,True,0.406,4.268,2.89,38.80
1786962077.244,,0,,,,-1.520,-6.313,True,0.408,4.003,2.71,38.78
1786962077.344,,0,,,,-1.480,-6.272,True,0.407,4.212,2.85,38.76
1786962077.419,,0,,,,-1.350,-6.139,True,0.403,4.453,3.01,38.74
1786962077.469,,0,,,,-1.240,-6.003,True,0.404,4.854,3.31,39.15
1786962077.569,,0,,,,-0.880,-5.540,True,0.409,4.750,3.24,39.13
1786962077.669,,0,,,,-0.770,-5.398,True,0.411,4.715,3.21,39.10
1786962077.794,,0,,,,-0.650,-5.244,True,0.413,4.667,3.21,39.48
1786962077.894,,0,,,,-0.760,-5.386,True,0.411,5.143,3.54,39.50
1786962077.969,,0,,,,-0.900,-5.566,True,0.409,5.321,3.66,39.50
1786962078.044,,0,,,,-1.080,-5.797,True,0.406,5.010,3.47,39.72
1786962078.419,,0,,,,-1.440,-6.231,True,0.406,4.949,3.45,39.98
1786962078.544,,0,,,,-1.440,-6.231,True,0.406,4.968,3.46,39.95
1786962078.644,,0,,,,-1.380,-6.170,True,0.404,4.866,3.39,39.93
1786962078.719,,0,,,,-1.320,-6.106,True,0.402,4.923,3.47,40.44
1786962078.794,,0,,,,-1.280,-6.055,True,0.403,4.874,3.44,40.43
1786962087.494,,0,,,,-13.080,-17.649,True,0.707,19.913,17.42,51.14
1786962087.569,,0,,,,-13.210,-17.753,True,0.703,20.684,18.45,52.24
1786962087.644,,0,,,,-13.270,-17.801,True,0.701,21.066,18.77,52.22
1786962087.994,,0,,,,-13.830,-18.249,True,0.683,4.310,3.84,51.13
1786962088.069,,0,,,,-13.990,-18.377,True,0.678,4.405,3.97,51.70
1786962088.194,,0,,,,-14.210,-18.553,True,0.671,3.794,3.43,51.86
1786962088.344,,0,,,,-14.390,-18.697,True,0.665,2.929,2.66,52.13
1786962088.794,,0,,,,-13.980,-18.369,True,0.678,3.746,3.49,53.43
1786962089.294,,0,,,,-14.100,-18.465,True,0.674,2.638,2.46,53.55
1786962089.369,,0,,,,-14.140,-18.497,True,0.673,3.132,2.90,53.11
1786962089.744,,0,,,,-14.020,-18.401,True,0.677,2.589,2.40,53.14
1786962089.869,,0,,,,-14.100,-18.465,True,0.674,2.039,1.91,53.66
1786962090.144,,0,,,,-14.700,-18.945,True,0.655,2.222,2.13,54.96
1786962090.494,,0,,,,-14.490,-18.777,True,0.662,2.933,2.81,54.92
1786962090.594,,0,,,,-14.230,-18.569,True,0.670,2.235,2.13,54.74
1786962090.669,,0,,,,-14.150,-18.505,True,0.673,2.563,2.47,55.28
1786962090.744,,0,,,,-14.170,-18.521,True,0.672,2.423,2.34,55.26
1786962090.844,,0,,,,-14.340,-18.657,True,0.667,2.394,2.31,55.31
1786962090.919,,0,,,,-14.460,-18.753,True,0.663,2.307,2.23,55.29
1786962090.994,,0,,,,-14.590,-18.857,True,0.659,2.233,2.15,55.26
1786962091.094,,0,,,,-14.600,-18.865,True,0.658,2.039,1.99,55.87
1786962091.169,,0,,,,-14.520,-18.801,True,0.661,2.017,1.97,55.87
1786962091.244,,0,,,,-14.430,-18.729,True,0.664,2.054,2.00,55.84
1786962091.344,,0,,,,-14.170,-18.521,True,0.672,2.003,1.95,55.80
1786962091.419,,0,,,,-14.050,-18.425,True,0.676,2.285,2.23,55.91
1786962091.519,,0,,,,-14.060,-18.433,True,0.676,2.608,2.54,55.86
1786962091.594,,0,,,,-14.130,-18.489,True,0.673,1.960,1.91,55.80
1786962091.644,,0,,,,-14.240,-18.577,True,0.670,1.911,1.86,55.79
1786962091.719,,0,,,,-14.350,-18.665,True,0.666,1.110,1.08,55.67
1786962091.794,,0,,,,-14.510,-18.793,True,0.661,2.002,1.97,56.28
1786962091.869,,0,,,,-14.690,-18.937,True,0.655,1.826,1.79,56.27
1786962091.944,,0,,,,-14.720,-18.961,True,0.654,1.737,1.70,56.25
1786962092.019,,0,,,,-14.750,-18.985,True,0.653,1.931,1.90,56.45
1786962092.119,,0,,,,-14.630,-18.889,True,0.657,1.632,1.61,56.42
1786962092.269,,0,,,,0.540,-3.713,True,0.432,-2.635,2.60,56.54
1786962092.344,,0,,,,6.760,4.226,True,0.529,-10.849,10.64,56.52
1786962092.444,,0,,,,8.220,5.888,True,0.509,-21.832,21.34,57.38
1786962092.544,,0,,,,8.660,6.388,True,0.503,-23.279,22.29,56.41
1786962092.594,,0,,,,8.740,6.479,True,0.502,-23.662,22.89,57.02
1786962092.694,,0,,,,8.720,6.457,True,0.503,-23.871,23.07,57.00
1786962092.794,,0,,,,8.750,6.491,True,0.502,-24.076,23.24,56.97
1786962094.894,,0,,,,1.290,-2.748,True,0.445,8.444,8.63,58.78
1786962094.969,,0,,,,1.030,-3.082,True,0.440,7.104,7.27,58.77
1786962095.044,,0,,,,0.880,-3.275,True,0.438,7.070,7.21,58.59
1786962095.094,,0,,,,0.590,-3.649,True,0.433,6.616,6.75,58.57
1786962095.144,,0,,,,0.440,-3.842,True,0.430,6.334,6.48,58.70
1786962095.319,,0,,,,0.330,-3.983,True,0.429,6.291,6.41,58.52
1786962095.394,,0,,,,0.560,-3.687,True,0.432,6.287,6.47,59.10
1786962095.469,,0,,,,0.770,-3.417,True,0.436,5.838,6.02,59.14
1786962095.569,,0,,,,0.990,-3.134,True,0.440,5.305,5.47,59.11
1786962095.644,,0,,,,1.060,-3.044,True,0.441,5.258,5.40,58.90
1786962095.694,,0,,,,1.060,-3.044,True,0.441,5.153,5.29,58.87
1786962095.744,,0,,,,0.950,-3.185,True,0.439,5.117,5.25,58.86
1786962095.794,,0,,,,0.740,-3.456,True,0.435,4.990,5.12,58.84
1786962095.894,,0,,,,0.200,-4.150,True,0.426,4.962,5.09,58.81
1786962095.969,,0,,,,-0.210,-4.678,True,0.420,5.122,5.25,58.80
1786962096.044,,0,,,,-0.430,-4.961,True,0.416,5.071,5.20,58.78
1786962096.144,,0,,,,-0.610,-5.193,True,0.413,4.710,4.84,58.94
1786962096.219,,0,,,,-0.580,-5.154,True,0.414,4.793,4.92,58.92
1786962096.294,,0,,,,-0.320,-4.819,True,0.418,4.592,4.71,58.89
1786962096.394,,0,,,,0.270,-4.060,True,0.428,6.743,6.98,59.47
1786962096.469,,0,,,,0.590,-3.649,True,0.433,6.643,6.88,59.46
1786962096.544,,0,,,,0.940,-3.198,True,0.439,5.772,6.01,59.72
1786962096.644,,0,,,,1.100,-2.992,True,0.441,5.085,5.26,59.40
1786962096.719,,0,,,,1.050,-3.057,True,0.441,5.435,5.64,59.50
1786962096.794,,0,,,,0.630,-3.597,True,0.434,5.240,5.43,59.48
1786962096.869,,0,,,,0.440,-3.842,True,0.430,5.108,5.30,59.52
1786962096.944,,0,,,,-0.030,-4.446,True,0.423,4.710,4.89,59.59
1786962097.019,,0,,,,-0.170,-4.626,True,0.420,4.895,5.08,59.58
1786962097.094,,0,,,,-0.350,-4.858,True,0.418,5.090,5.28,59.56
1786962097.144,,0,,,,-0.290,-4.781,True,0.419,4.921,5.11,59.55
1786962097.244,,0,,,,-0.070,-4.498,True,0.422,4.584,4.76,59.60
1786962097.344,,0,,,,0.150,-4.215,True,0.426,4.385,4.56,59.65
1786962097.444,,0,,,,0.330,-3.983,True,0.429,5.206,5.42,59.70
1786962097.594,,0,,,,-0.040,-4.459,True,0.423,4.853,5.06,59.80
1786962097.694,,0,,,,-0.430,-4.961,True,0.416,5.341,5.58,59.98
1786962097.794,,0,,,,-0.880,-5.540,True,0.409,4.712,4.90,59.70
1786962097.869,,0,,,,-1.110,-5.836,True,0.406,5.268,5.50,59.89
1786962097.944,,0,,,,-1.150,-5.887,True,0.405,5.155,5.38,59.86
1786962098.044,,0,,,,-1.120,-5.849,True,0.405,5.012,5.23,59.84
1786962098.144,,0,,,,-0.860,-5.514,True,0.409,4.643,4.85,59.87
1786962098.244,,0,,,,-0.500,-5.051,True,0.415,4.322,4.51,59.84
1786962098.344,,0,,,,-0.230,-4.704,True,0.420,4.104,4.28,59.81
1786962098.419,,0,,,,-0.040,-4.459,True,0.423,3.998,4.17,59.79
1786962098.519,,0,,,,0.010,-4.395,True,0.423,3.744,3.90,59.76
1786962098.594,,0,,,,-0.100,-4.536,True,0.422,3.575,3.72,59.74
1786962098.694,,0,,,,-0.290,-4.781,True,0.419,3.635,3.79,59.74
1786962098.769,,0,,,,-0.580,-5.154,True,0.414,3.594,3.74,59.70
1786962098.844,,0,,,,-0.690,-5.296,True,0.412,3.614,3.76,59.67
1786962098.944,,0,,,,-0.800,-5.437,True,0.410,4.809,5.03,59.96
1786962102.044,,0,,,,-0.750,-5.373,True,0.411,3.564,3.75,60.27
1786962102.119,,0,,,,-0.400,-4.922,True,0.417,3.408,3.58,60.25
1786962102.194,,0,,,,-0.130,-4.575,True,0.421,5.392,5.70,60.67
1786962102.244,,0,,,,-0.020,-4.433,True,0.423,5.336,5.64,60.67
1786962102.369,,0,,,,0.270,-4.060,True,0.428,5.060,5.35,60.64
1786962102.469,,0,,,,0.370,-3.932,True,0.429,5.159,5.44,60.44
1786962102.569,,0,,,,0.410,-3.880,True,0.430,5.048,5.32,60.41
1786962102.644,,0,,,,0.290,-4.035,True,0.428,4.751,5.02,60.58
1786962102.719,,0,,,,0.100,-4.279,True,0.425,4.948,5.21,60.40
1786962102.819,,0,,,,-0.160,-4.614,True,0.421,4.954,5.21,60.37
1786962102.894,,0,,,,-0.310,-4.807,True,0.418,5.076,5.34,60.36
1786962102.969,,0,,,,-0.450,-4.987,True,0.416,5.153,5.42,60.33
1786962103.069,,0,,,,-0.590,-5.167,True,0.414,5.236,5.50,60.31
1786962103.094,,0,,,,-0.650,-5.244,True,0.413,5.241,5.51,60.29
1786962103.169,,0,,,,-0.790,-5.424,True,0.411,5.236,5.50,60.28
1786962103.294,,0,,,,-0.890,-5.553,True,0.409,5.267,5.53,60.27
1786962103.369,,0,,,,-1.000,-5.694,True,0.407,5.135,5.39,60.24
1786962103.444,,0,,,,-1.100,-5.823,True,0.406,5.100,5.35,60.22
1786962103.519,,0,,,,-1.160,-5.900,True,0.405,5.228,5.54,60.76
1786962103.594,,0,,,,-1.210,-5.965,True,0.404,5.108,5.41,60.74
1786962103.719,,0,,,,-1.170,-5.913,True,0.405,5.055,5.35,60.71
1786962103.769,,0,,,,-1.140,-5.875,True,0.405,5.246,5.54,60.63
1786962103.844,,0,,,,-1.030,-5.733,True,0.407,5.191,5.48,60.61
1786962103.919,,0,,,,-0.880,-5.540,True,0.409,5.094,5.38,60.62
1786962104.019,,0,,,,-0.630,-5.218,True,0.413,5.601,5.89,60.33
1786962104.094,,0,,,,-0.450,-4.987,True,0.416,4.090,4.33,60.76
1786962104.194,,0,,,,-0.110,-4.549,True,0.421,3.896,4.13,60.75
1786962104.269,,0,,,,0.120,-4.253,True,0.425,3.764,3.99,60.73
1786962104.369,,0,,,,0.350,-3.957,True,0.429,3.528,3.74,60.71
1786962104.444,,0,,,,0.430,-3.854,True,0.430,5.002,5.26,60.35
1786962104.544,,0,,,,0.410,-3.880,True,0.430,4.929,5.18,60.32
1786962104.619,,0,,,,0.330,-3.983,True,0.429,4.889,5.14,60.31
1786962104.794,,0,,,,0.100,-4.279,True,0.425,5.126,5.39,60.27
1786962104.844,,0,,,,-0.010,-4.421,True,0.423,5.080,5.34,60.27
1786962105.044,,0,,,,-0.430,-4.961,True,0.416,5.228,5.49,60.22
1786962105.144,,0,,,,-0.620,-5.205,True,0.413,5.108,5.36,60.20
1786962105.244,,0,,,,-0.710,-5.321,True,0.412,5.227,5.51,60.51
1786962105.319,,0,,,,-0.670,-5.270,True,0.412,5.198,5.48,60.49
1786962105.494,,0,,,,-0.240,-4.717,True,0.419,4.911,5.17,60.44
1786962105.619,,0,,,,0.060,-4.331,True,0.424,5.479,5.73,60.06
1786962105.769,,0,,,,0.180,-4.176,True,0.426,5.213,5.45,60.03
1786962105.869,,0,,,,0.170,-4.189,True,0.426,5.127,5.38,60.20
1786962106.019,,0,,,,0.190,-4.163,True,0.426,5.799,6.06,59.96
1786962106.119,,0,,,,0.270,-4.060,True,0.428,7.316,7.57,59.45
1786962106.219,,0,,,,0.390,-3.906,True,0.430,4.942,5.23,60.74
1786962106.294,,0,,,,0.480,-3.790,True,0.431,4.823,5.11,60.73
1786962106.369,,0,,,,0.510,-3.752,True,0.432,4.692,4.97,60.71
1786962106.419,,0,,,,0.460,-3.816,True,0.431,4.475,4.74,60.69
1786962106.569,,0,,,,0.220,-4.125,True,0.427,4.498,4.76,60.66
1786962106.669,,0,,,,-0.020,-4.433,True,0.423,5.391,5.63,59.94
1786962106.719,,0,,,,-0.290,-4.781,True,0.419,4.575,4.82,60.49
1786962106.819,,0,,,,-0.480,-5.025,True,0.416,5.316,5.55,59.92
1786962106.869,,0,,,,-0.590,-5.167,True,0.414,5.247,5.48,59.91
1786962106.919,,0,,,,-0.640,-5.231,True,0.413,5.181,5.40,59.81
1786962106.994,,0,,,,-0.660,-5.257,True,0.413,5.121,5.34,59.79
1786962107.044,,0,,,,-0.610,-5.193,True,0.413,5.017,5.23,59.85
1786962107.119,,0,,,,-0.530,-5.090,True,0.415,4.989,5.20,59.84
1786962107.194,,0,,,,-0.390,-4.910,True,0.417,5.385,5.64,60.12
1786962107.294,,0,,,,-0.060,-4.485,True,0.422,5.085,5.33,60.10
1786962107.419,,0,,,,0.170,-4.189,True,0.426,4.882,5.11,60.07
1786962107.494,,0,,,,0.320,-3.996,True,0.428,5.798,6.00,59.38
1786962107.594,,0,,,,0.520,-3.739,True,0.432,5.414,5.63,59.67
1786962107.694,,0,,,,0.710,-3.494,True,0.435,4.248,4.45,60.01
1786962107.769,,0,,,,0.740,-3.456,True,0.435,4.052,4.24,59.99
1786962107.844,,0,,,,0.790,-3.391,True,0.436,4.886,5.09,59.71
1786962107.944,,0,,,,0.630,-3.597,True,0.434,5.131,5.31,59.42
1786962108.044,,0,,,,0.380,-3.919,True,0.429,4.564,4.76,59.77
1786962108.119,,0,,,,0.260,-4.073,True,0.427,4.526,4.71,59.75
1786962108.194,,0,,,,0.080,-4.305,True,0.425,4.477,4.66,59.74
1786962108.244,,0,,,,0.000,-4.408,True,0.423,4.537,4.72,59.72
1786962108.344,,0,,,,-0.100,-4.536,True,0.422,4.679,4.89,59.94
1786962108.394,,0,,,,-0.110,-4.549,True,0.421,4.961,5.14,59.43
1786962108.494,,0,,,,-0.140,-4.588,True,0.421,4.770,4.94,59.41
1786962108.569,,0,,,,-0.150,-4.601,True,0.421,4.692,4.86,59.40
1786962108.669,,0,,,,-0.220,-4.691,True,0.420,4.650,4.81,59.38
1786962108.744,,0,,,,-0.290,-4.781,True,0.419,4.536,4.69,59.37
1786962108.794,,0,,,,-0.300,-4.794,True,0.418,4.448,4.60,59.35
1786962108.869,,0,,,,-0.330,-4.832,True,0.418,4.426,4.58,59.34
1786962108.969,,0,,,,-0.310,-4.807,True,0.418,4.679,4.85,59.46
1786962109.044,,0,,,,-0.230,-4.704,True,0.420,4.548,4.71,59.43
1786962109.194,,0,,,,-0.130,-4.575,True,0.421,4.260,4.41,59.39
1786962109.294,,0,,,,-0.090,-4.524,True,0.422,4.181,4.33,59.38
1786962109.369,,0,,,,-0.030,-4.446,True,0.423,4.092,4.24,59.36
1786962109.444,,0,,,,-0.050,-4.472,True,0.422,4.512,4.66,59.19
1786962109.544,,0,,,,-0.100,-4.536,True,0.422,4.435,4.58,59.17
1786962109.594,,0,,,,-0.200,-4.665,True,0.420,4.379,4.52,59.16
1786962109.669,,0,,,,-0.350,-4.858,True,0.418,4.395,4.53,59.15
1786962109.769,,0,,,,-0.590,-5.167,True,0.414,4.079,4.24,59.58
1786962109.844,,0,,,,-0.670,-5.270,True,0.412,4.303,4.43,59.10
1786962109.969,,0,,,,-0.790,-5.424,True,0.411,4.548,4.67,58.89
1786962110.019,,0,,,,-0.800,-5.437,True,0.410,4.454,4.57,58.88
1786962110.094,,0,,,,-0.750,-5.373,True,0.411,3.804,3.97,59.77
1786962110.194,,0,,,,-0.710,-5.321,True,0.412,4.083,4.19,58.82
1786962110.269,,0,,,,-0.700,-5.308,True,0.412,3.971,4.07,58.80
1786962110.344,,0,,,,-0.640,-5.231,True,0.413,4.242,4.35,58.85
1786962110.444,,0,,,,-0.600,-5.180,True,0.414,4.424,4.59,59.46
1786962110.544,,0,,,,-0.570,-5.141,True,0.414,4.170,4.25,58.46
1786962110.619,,0,,,,-0.550,-5.115,True,0.414,4.102,4.18,58.44
1786962110.719,,0,,,,-0.470,-5.012,True,0.416,3.645,3.77,59.36
1786962110.769,,0,,,,-0.430,-4.961,True,0.416,3.676,3.77,58.82
1786962110.869,,0,,,,-0.280,-4.768,True,0.419,3.627,3.72,58.81
1786962110.944,,0,,,,-0.240,-4.717,True,0.419,4.021,4.11,58.66
1786962111.019,,0,,,,-0.180,-4.639,True,0.420,4.589,4.64,58.01
1786962111.069,,0,,,,-0.090,-4.524,True,0.422,4.542,4.59,58.00
1786962111.169,,0,,,,-0.030,-4.446,True,0.423,4.100,4.16,58.24
1786962111.269,,0,,,,-0.010,-4.421,True,0.423,4.352,4.43,58.38
1786962111.344,,0,,,,-0.050,-4.472,True,0.422,4.080,4.21,59.24
1786962111.444,,0,,,,-0.190,-4.652,True,0.420,4.097,4.23,59.22
1786962111.519,,0,,,,-0.330,-4.832,True,0.418,3.906,3.98,58.39
1786962111.619,,0,,,,-0.520,-5.077,True,0.415,4.617,4.65,57.81
1786962111.694,,0,,,,-0.670,-5.270,True,0.412,3.810,3.91,58.78
1786962111.769,,0,,,,-0.750,-5.373,True,0.411,3.818,3.91,58.78
1786962111.844,,0,,,,-0.750,-5.373,True,0.411,3.782,3.88,58.75
1786962111.969,,0,,,,-0.720,-5.334,True,0.412,4.616,4.64,57.66
1786962112.044,,0,,,,-0.620,-5.205,True,0.413,4.520,4.54,57.63
1786962112.119,,0,,,,-0.570,-5.141,True,0.414,4.429,4.47,57.92
1786962112.194,,0,,,,-0.510,-5.064,True,0.415,4.668,4.69,57.59
1786962112.269,,0,,,,-0.450,-4.987,True,0.416,4.605,4.62,57.58
1786962112.369,,0,,,,-0.420,-4.948,True,0.416,4.924,4.91,57.21
1786962112.444,,0,,,,-0.350,-4.858,True,0.418,4.773,4.84,58.20
1786962112.519,,0,,,,-0.230,-4.704,True,0.420,4.751,4.82,58.19
1786962112.594,,0,,,,-0.160,-4.614,True,0.421,4.705,4.77,58.16
1786962112.644,,0,,,,-0.010,-4.421,True,0.423,4.644,4.71,58.16
1786962112.744,,0,,,,0.060,-4.331,True,0.424,5.038,4.99,56.80
1786962112.844,,0,,,,0.110,-4.266,True,0.425,5.044,5.08,57.76
1786962112.919,,0,,,,0.160,-4.202,True,0.426,4.935,4.97,57.74
1786962112.994,,0,,,,0.120,-4.253,True,0.425,4.141,4.20,58.17
1786962113.094,,0,,,,0.060,-4.331,True,0.424,3.930,4.02,58.65
1786962113.194,,0,,,,0.010,-4.395,True,0.423,4.665,4.64,57.01
1786962113.269,,0,,,,-0.050,-4.472,True,0.422,4.652,4.62,57.00
1786962113.344,,0,,,,-0.090,-4.524,True,0.422,4.213,4.27,58.12
1786962113.444,,0,,,,-0.080,-4.511,True,0.422,4.774,4.69,56.40
1786962113.519,,0,,,,-0.080,-4.511,True,0.422,4.842,4.76,56.38
1786962113.594,,0,,,,-0.090,-4.524,True,0.422,4.398,4.39,57.19
1786962113.669,,0,,,,-0.130,-4.575,True,0.421,4.421,4.41,57.18
1786962113.769,,0,,,,-0.190,-4.652,True,0.420,4.452,4.44,57.16
1786962113.844,,0,,,,-0.230,-4.704,True,0.420,4.446,4.43,57.15
1786962113.894,,0,,,,-0.270,-4.755,True,0.419,4.436,4.42,57.14
1786962113.969,,0,,,,-0.280,-4.768,True,0.419,4.501,4.54,57.81
1786962114.044,,0,,,,-0.260,-4.742,True,0.419,4.393,4.43,57.78
1786962114.119,,0,,,,-0.230,-4.704,True,0.420,4.371,4.40,57.76
1786962114.194,,0,,,,-0.150,-4.601,True,0.421,5.316,5.21,56.18
1786962114.269,,0,,,,-0.050,-4.472,True,0.422,5.301,5.21,56.38
1786962114.344,,0,,,,0.000,-4.408,True,0.423,5.228,5.14,56.37
1786962114.444,,0,,,,0.130,-4.240,True,0.425,4.186,4.18,57.21
1786962114.519,,0,,,,0.210,-4.138,True,0.427,4.488,4.50,57.51
1786962114.594,,0,,,,0.300,-4.022,True,0.428,4.441,4.45,57.49
1786962114.669,,0,,,,0.420,-3.867,True,0.430,4.454,4.42,56.96
1786962114.719,,0,,,,0.540,-3.713,True,0.432,4.374,4.34,56.95
1786962114.819,,0,,,,0.730,-3.468,True,0.435,4.484,4.40,56.22
1786962114.894,,0,,,,0.800,-3.378,True,0.436,4.528,4.46,56.50
1786962114.969,,0,,,,0.860,-3.301,True,0.437,5.787,5.63,55.79
1786962115.019,,0,,,,0.820,-3.353,True,0.437,5.688,5.53,55.77
1786962115.144,,0,,,,0.650,-3.571,True,0.434,4.592,4.53,56.62
1786962115.194,,0,,,,0.510,-3.752,True,0.432,5.057,4.89,55.44
1786962115.319,,0,,,,0.190,-4.163,True,0.426,5.185,5.05,55.90
1786962115.369,,0,,,,0.080,-4.305,True,0.425,5.099,4.97,55.90
1786962115.469,,0,,,,-0.010,-4.421,True,0.423,5.172,5.04,55.87
1786962115.519,,0,,,,-0.030,-4.446,True,0.423,5.195,5.06,55.86
1786962115.594,,0,,,,0.000,-4.408,True,0.423,5.944,5.72,55.27
1786962115.719,,0,,,,0.230,-4.112,True,0.427,5.998,5.77,55.23
1786962115.769,,0,,,,0.340,-3.970,True,0.429,5.853,5.63,55.23
1786962115.869,,0,,,,0.410,-3.880,True,0.430,5.314,5.14,55.48
1786962115.944,,0,,,,0.410,-3.880,True,0.430,5.186,5.01,55.46
1786962116.019,,0,,,,0.420,-3.867,True,0.430,4.958,4.79,55.45
1786962116.094,,0,,,,0.310,-4.009,True,0.428,4.803,4.64,55.43
1786962116.169,,0,,,,0.220,-4.125,True,0.427,4.806,4.59,54.79
1786962116.219,,0,,,,0.190,-4.163,True,0.426,4.833,4.61,54.78
1786962116.294,,0,,,,0.120,-4.253,True,0.425,4.594,4.36,54.50
1786962116.344,,0,,,,0.050,-4.343,True,0.424,4.571,4.34,54.48
1786962116.469,,0,,,,0.080,-4.305,True,0.425,5.268,5.03,54.79
1786962116.519,,0,,,,0.110,-4.266,True,0.425,4.625,4.55,56.47
1786962116.594,,0,,,,0.210,-4.138,True,0.427,4.557,4.48,56.44
1786962116.669,,0,,,,0.290,-4.035,True,0.428,5.060,4.83,54.80
1786962116.744,,0,,,,0.400,-3.893,True,0.430,4.968,4.74,54.78
1786962116.844,,0,,,,0.520,-3.739,True,0.432,4.875,4.65,54.75
1786962116.944,,0,,,,0.640,-3.584,True,0.434,5.154,4.86,54.11
1786962117.019,,0,,,,0.650,-3.571,True,0.434,4.943,4.66,54.09
1786962117.094,,0,,,,0.650,-3.571,True,0.434,4.565,4.25,53.37
1786962117.169,,0,,,,0.570,-3.674,True,0.433,4.549,4.27,53.80
1786962117.244,,0,,,,0.460,-3.816,True,0.431,4.504,4.22,53.79
1786962117.344,,0,,,,0.380,-3.919,True,0.429,4.287,4.03,53.94
1786962117.419,,0,,,,0.350,-3.957,True,0.429,4.509,4.30,54.68
1786962117.519,,0,,,,0.400,-3.893,True,0.430,4.461,4.23,54.45
1786962117.569,,0,,,,0.480,-3.790,True,0.431,4.342,4.12,54.44
1786962117.694,,0,,,,0.580,-3.661,True,0.433,4.889,4.58,53.74
1786962117.769,,0,,,,0.540,-3.713,True,0.432,4.270,4.01,53.85
1786962117.819,,0,,,,0.370,-3.932,True,0.429,5.173,4.85,53.74
1786962117.869,,0,,,,0.130,-4.240,True,0.425,5.175,4.85,53.73
1786962117.969,,0,,,,-0.230,-4.704,True,0.420,4.295,4.13,55.09
1786962118.044,,0,,,,-0.440,-4.974,True,0.416,4.345,4.17,55.07
1786962118.119,,0,,,,-0.680,-5.283,True,0.412,4.481,4.30,55.05
1786962118.219,,0,,,,-0.570,-5.141,True,0.414,4.930,4.52,52.61
1786962118.269,,0,,,,-0.350,-4.858,True,0.418,4.687,4.30,52.59
1786962118.344,,0,,,,0.000,-4.408,True,0.423,4.544,4.17,52.58
1786962118.444,,0,,,,0.320,-3.996,True,0.428,4.464,4.09,52.56
1786962118.494,,0,,,,0.470,-3.803,True,0.431,5.026,4.70,53.65
1786962118.569,,0,,,,0.570,-3.674,True,0.433,4.974,4.65,53.65
1786962118.669,,0,,,,0.540,-3.713,True,0.432,4.314,3.97,52.81
1786962118.744,,0,,,,0.400,-3.893,True,0.430,4.217,3.88,52.80
1786962118.819,,0,,,,0.080,-4.305,True,0.425,4.333,3.99,52.78
1786962118.894,,0,,,,-0.090,-4.524,True,0.422,3.926,3.60,52.57
1786962118.969,,0,,,,-0.230,-4.704,True,0.420,4.942,4.53,52.60
1786962119.044,,0,,,,-0.120,-4.562,True,0.421,4.943,4.53,52.57
1786962119.119,,0,,,,0.020,-4.382,True,0.424,5.609,5.16,52.76
1786962119.194,,0,,,,0.250,-4.086,True,0.427,5.559,5.11,52.74
1786962119.269,,0,,,,0.680,-3.533,True,0.434,4.900,4.62,54.12
1786962119.369,,0,,,,0.990,-3.134,True,0.440,5.286,4.85,52.61
1786962119.444,,0,,,,1.130,-2.954,True,0.442,5.035,4.61,52.57
1786962119.544,,0,,,,1.100,-2.992,True,0.441,4.903,4.49,52.56
1786962119.619,,0,,,,0.990,-3.134,True,0.440,4.277,3.92,52.59
1786962119.669,,0,,,,0.690,-3.520,True,0.435,3.991,3.66,52.58
1786962119.744,,0,,,,0.360,-3.945,True,0.429,5.062,4.67,52.95
1786962119.794,,0,,,,0.230,-4.112,True,0.427,5.292,4.88,52.94
1786962119.869,,0,,,,-0.030,-4.446,True,0.423,3.895,3.58,52.70
1786962119.944,,0,,,,-0.170,-4.626,True,0.420,4.024,3.70,52.69
1786962120.044,,0,,,,-0.230,-4.704,True,0.420,4.151,3.81,52.66
1786962120.118,,0,,,,-0.190,-4.652,True,0.420,4.428,4.13,53.43
1786962120.194,,0,,,,-0.070,-4.498,True,0.422,4.725,4.40,53.40
1786962120.294,,0,,,,0.040,-4.356,True,0.424,5.332,4.75,51.12
1786962120.369,,0,,,,0.150,-4.215,True,0.426,4.734,4.22,51.11
1786962120.468,,0,,,,0.190,-4.163,True,0.426,4.956,4.41,51.08
1786962120.519,,0,,,,0.170,-4.189,True,0.426,4.942,4.40,51.07
1786962120.594,,0,,,,0.040,-4.356,True,0.424,5.922,5.31,51.44
1786962120.769,,0,,,,-0.160,-4.614,True,0.421,5.309,4.76,51.42
1786962120.869,,0,,,,-0.260,-4.742,True,0.419,4.835,4.22,50.04
1786962121.018,,0,,,,-0.140,-4.588,True,0.421,4.551,3.97,50.01
1786962121.069,,0,,,,-0.050,-4.472,True,0.422,4.302,3.75,50.00
1786962121.144,,0,,,,0.020,-4.382,True,0.424,3.811,3.36,50.60
1786962121.219,,0,,,,0.200,-4.150,True,0.426,3.685,3.25,50.58
1786962121.269,,0,,,,0.230,-4.112,True,0.427,3.694,3.26,50.57
1786962121.343,,0,,,,0.240,-4.099,True,0.427,3.546,3.13,50.55
1786962121.419,,0,,,,0.190,-4.163,True,0.426,3.377,2.96,50.16
1786962121.519,,0,,,,0.060,-4.331,True,0.424,3.369,2.95,50.15
1786962121.593,,0,,,,-0.140,-4.588,True,0.421,4.466,3.84,49.29
1786962121.769,,0,,,,-0.420,-4.948,True,0.416,3.685,3.24,50.38
1786962121.843,,0,,,,-0.460,-5.000,True,0.416,4.718,4.16,50.55
1786962121.943,,0,,,,-0.300,-4.794,True,0.418,4.096,3.49,48.93
1786962122.043,,0,,,,-0.140,-4.588,True,0.421,3.722,3.28,50.60
1786962122.119,,0,,,,-0.010,-4.421,True,0.423,4.617,3.95,49.03
1786962122.193,,0,,,,0.080,-4.305,True,0.425,4.472,3.82,49.01
1786962122.268,,0,,,,0.100,-4.279,True,0.425,4.300,3.68,49.09
1786962122.318,,0,,,,0.040,-4.356,True,0.424,4.168,3.57,49.08
1786962122.393,,0,,,,-0.070,-4.498,True,0.422,3.809,3.32,50.03
1786962122.469,,0,,,,-0.240,-4.717,True,0.419,3.857,3.36,50.02
1786962122.593,,0,,,,-0.540,-5.103,True,0.415,3.990,3.48,49.98
1786962122.668,,0,,,,-0.610,-5.193,True,0.413,3.658,3.15,49.32
1786962122.744,,0,,,,-0.650,-5.244,True,0.413,4.163,3.49,48.08
1786962122.843,,0,,,,-0.670,-5.270,True,0.412,4.170,3.49,48.05
1786962122.893,,0,,,,-0.650,-5.244,True,0.413,4.560,3.84,48.36
1786962122.993,,0,,,,-0.640,-5.231,True,0.413,4.148,3.49,48.29
1786962123.044,,0,,,,-0.640,-5.231,True,0.413,4.066,3.42,48.29
1786962123.118,,0,,,,-0.660,-5.257,True,0.413,3.540,3.08,49.90
1786962123.193,,0,,,,-0.760,-5.386,True,0.411,3.040,2.62,49.49
1786962123.269,,0,,,,-0.890,-5.553,True,0.409,3.101,2.68,49.48
1786962123.344,,0,,,,-0.980,-5.669,True,0.408,4.851,4.11,48.57
1786962123.418,,0,,,,-1.060,-5.772,True,0.406,4.841,4.10,48.55
1786962123.494,,0,,,,-1.050,-5.759,True,0.407,3.989,3.37,48.51
1786962123.569,,0,,,,-0.890,-5.553,True,0.409,3.671,3.07,47.99
1786962123.643,,0,,,,-0.720,-5.334,True,0.412,3.567,2.98,47.97
1786962123.718,,0,,,,-0.610,-5.193,True,0.413,4.439,3.67,47.39
1786962123.793,,0,,,,-0.450,-4.987,True,0.416,3.891,3.30,48.70
1786962123.843,,0,,,,-0.390,-4.910,True,0.417,3.744,3.18,48.67
1786962123.918,,0,,,,-0.400,-4.922,True,0.417,3.760,3.11,47.48
1786962123.993,,0,,,,-0.480,-5.025,True,0.416,3.388,2.78,46.98
1786962124.069,,0,,,,-0.570,-5.141,True,0.414,3.531,2.89,46.97
1786962124.168,,0,,,,-0.730,-5.347,True,0.412,3.520,2.94,47.83
1786962124.243,,0,,,,-0.860,-5.514,True,0.409,3.831,3.20,47.95
1786962124.368,,0,,,,-1.020,-5.720,True,0.407,4.255,3.54,47.77
1786962124.468,,0,,,,-1.070,-5.784,True,0.406,4.277,3.47,46.56
1786962124.593,,0,,,,-1.100,-5.823,True,0.406,2.808,2.37,48.48
1786962124.668,,0,,,,-1.100,-5.823,True,0.406,2.758,2.33,48.47
1786962124.743,,0,,,,-1.080,-5.797,True,0.406,2.580,2.18,48.45
1786962124.843,,0,,,,-1.030,-5.733,True,0.407,4.125,3.36,46.76
1786962124.943,,0,,,,-0.890,-5.553,True,0.409,3.423,2.81,47.01
1786962124.993,,0,,,,-0.790,-5.424,True,0.411,3.310,2.71,46.99
1786962125.093,,0,,,,-0.610,-5.193,True,0.413,3.165,2.59,46.97
1786962125.143,,0,,,,-0.520,-5.077,True,0.415,3.928,3.17,46.30
1786962125.218,,0,,,,-0.410,-4.935,True,0.417,3.812,3.08,46.28
1786962125.268,,0,,,,-0.450,-4.987,True,0.416,3.830,3.09,46.27
1786962125.393,,0,,,,-0.550,-5.115,True,0.414,3.820,3.08,46.23
1786962125.468,,0,,,,-0.620,-5.205,True,0.413,3.918,3.16,46.22
1786962125.568,,0,,,,-0.640,-5.231,True,0.413,4.062,3.24,45.80
1786962125.668,,0,,,,-0.620,-5.205,True,0.413,4.010,3.20,45.77
1786962125.718,,0,,,,-0.610,-5.193,True,0.413,3.978,3.17,45.75
1786962125.793,,0,,,,-0.600,-5.180,True,0.414,3.956,3.16,45.75
1786962125.868,,0,,,,-0.580,-5.154,True,0.414,3.901,3.11,45.71
1786962125.943,,0,,,,-0.630,-5.218,True,0.413,3.875,3.09,45.70
1786962126.018,,0,,,,-0.640,-5.231,True,0.413,3.874,3.09,45.67
1786962126.118,,0,,,,-0.720,-5.334,True,0.412,3.867,3.08,45.65
1786962126.168,,0,,,,-0.750,-5.373,True,0.411,3.864,3.08,45.64
1786962126.243,,0,,,,-0.800,-5.437,True,0.410,3.850,3.06,45.62
1786962126.293,,0,,,,-0.810,-5.450,True,0.410,4.326,3.44,45.63
1786962126.393,,0,,,,-0.790,-5.424,True,0.411,4.273,3.40,45.62
1786962126.443,,0,,,,-0.790,-5.424,True,0.411,4.230,3.36,45.60
1786962126.543,,0,,,,-0.730,-5.347,True,0.412,4.250,3.29,44.41
1786962126.643,,0,,,,-0.620,-5.205,True,0.413,4.180,3.24,44.39
1786962126.718,,0,,,,-0.530,-5.090,True,0.415,4.078,3.16,44.36
1786962126.768,,0,,,,-0.480,-5.025,True,0.416,4.028,3.12,44.36
1786962126.868,,0,,,,-0.410,-4.935,True,0.417,4.245,3.27,44.16
1786962126.968,,0,,,,-0.420,-4.948,True,0.416,4.164,3.21,44.14
1786962127.018,,0,,,,-0.370,-4.884,True,0.417,3.420,2.71,45.50
1786962127.118,,0,,,,-0.400,-4.922,True,0.417,3.729,2.92,44.87
1786962127.193,,0,,,,-0.390,-4.910,True,0.417,3.725,2.91,44.86
1786962127.268,,0,,,,-0.420,-4.948,True,0.416,3.732,2.91,44.68
1786962127.368,,0,,,,-0.380,-4.897,True,0.417,3.133,2.48,45.40
1786962127.443,,0,,,,-0.460,-5.000,True,0.416,3.150,2.49,45.37
1786962127.543,,0,,,,-0.500,-5.051,True,0.415,4.654,3.53,43.56
1786962127.643,,0,,,,-0.640,-5.231,True,0.413,4.529,3.43,43.45
1786962127.743,,0,,,,-0.750,-5.373,True,0.411,2.788,2.18,44.77
1786962127.793,,0,,,,-0.830,-5.476,True,0.410,2.808,2.19,44.75
1786962127.868,,0,,,,-0.900,-5.566,True,0.409,3.992,3.07,44.17
1786962127.993,,0,,,,-0.850,-5.501,True,0.410,4.261,3.28,44.17
1786962128.118,,0,,,,-0.660,-5.257,True,0.413,4.184,3.22,44.17
1786962128.193,,0,,,,-0.490,-5.038,True,0.415,3.940,3.01,43.85
1786962128.318,,0,,,,-0.330,-4.832,True,0.418,3.710,2.84,43.82
1786962128.418,,0,,,,-0.180,-4.639,True,0.420,3.734,2.82,43.38
1786962128.543,,0,,,,-0.180,-4.639,True,0.420,4.216,3.12,42.50
1786962128.643,,0,,,,-0.320,-4.819,True,0.418,3.613,2.73,43.29
1786962128.768,,0,,,,-0.600,-5.180,True,0.414,3.557,2.68,43.20
1786962128.868,,0,,,,-0.860,-5.514,True,0.409,4.106,2.99,41.79
1786962128.993,,0,,,,-0.950,-5.630,True,0.408,4.375,3.19,41.79
1786962129.143,,0,,,,-0.970,-5.656,True,0.408,4.722,3.45,41.95
1786962129.218,,0,,,,-0.990,-5.682,True,0.407,3.963,2.95,42.67
1786962129.293,,0,,,,-0.950,-5.630,True,0.408,3.870,2.88,42.65
1786962129.394,,0,,,,-0.960,-5.643,True,0.408,4.186,3.02,41.42
1786962129.493,,0,,,,-0.960,-5.643,True,0.408,3.659,2.69,42.10
1786962129.568,,0,,,,-0.970,-5.656,True,0.408,3.560,2.61,42.08
1786962129.668,,0,,,,-0.910,-5.579,True,0.409,3.078,2.29,42.63
1786962129.743,,0,,,,-0.840,-5.489,True,0.410,2.910,2.16,42.62
1786962129.818,,0,,,,-0.720,-5.334,True,0.412,3.619,2.65,42.05
1786962129.918,,0,,,,-0.600,-5.180,True,0.414,3.278,2.44,42.62
1786962129.968,,0,,,,-0.470,-5.012,True,0.416,3.170,2.36,42.61
1786962130.068,,0,,,,-0.400,-4.922,True,0.417,3.054,2.27,42.52
1786962130.143,,0,,,,-0.290,-4.781,True,0.419,3.374,2.46,41.84
1786962130.193,,0,,,,-0.260,-4.742,True,0.419,3.259,2.38,41.82
1786962130.268,,0,,,,-0.310,-4.807,True,0.418,2.971,2.19,42.34
1786962130.368,,0,,,,-0.500,-5.051,True,0.415,2.745,2.03,42.35
1786962130.443,,0,,,,-0.590,-5.167,True,0.414,2.817,2.08,42.32
1786962130.543,,0,,,,-0.780,-5.411,True,0.411,2.801,2.07,42.30
1786962130.593,,0,,,,-0.940,-5.617,True,0.408,2.840,2.09,42.27
1786962130.668,,0,,,,-1.070,-5.784,True,0.406,2.865,2.11,42.27
1786962130.743,,0,,,,-1.100,-5.823,True,0.406,2.891,2.13,42.25
1786962130.793,,0,,,,-1.070,-5.784,True,0.406,2.919,2.15,42.23
1786962130.868,,0,,,,-0.990,-5.682,True,0.407,4.667,3.25,39.96
1786962130.943,,0,,,,-0.860,-5.514,True,0.409,4.688,3.26,39.93
1786962131.018,,0,,,,-0.740,-5.360,True,0.411,4.629,3.22,39.91
1786962131.068,,0,,,,-0.650,-5.244,True,0.413,4.568,3.18,39.90
1786962131.143,,0,,,,-0.540,-5.103,True,0.415,3.276,2.37,41.44
1786962131.268,,0,,,,-0.560,-5.128,True,0.414,4.246,3.00,40.45
1786962131.368,,0,,,,-0.720,-5.334,True,0.412,3.901,2.74,40.26
1786962131.468,,0,,,,-0.990,-5.682,True,0.407,3.829,2.69,40.23
1786962131.543,,0,,,,-1.090,-5.810,True,0.406,3.645,2.56,40.21
1786962131.618,,0,,,,-1.140,-5.875,True,0.405,3.784,2.67,40.49
1786962131.693,,0,,,,-1.110,-5.836,True,0.406,3.727,2.63,40.48
1786962131.768,,0,,,,-1.020,-5.720,True,0.407,3.526,2.49,40.46
1786962131.843,,0,,,,-0.880,-5.540,True,0.409,3.447,2.43,40.43
1786962131.968,,0,,,,-0.680,-5.283,True,0.412,3.480,2.39,39.35
1786962132.068,,0,,,,-0.670,-5.270,True,0.412,3.487,2.39,39.32
1786962132.143,,0,,,,-0.810,-5.450,True,0.410,2.921,2.05,40.18
1786962132.243,,0,,,,-0.960,-5.643,True,0.408,3.658,2.50,39.24
1786962132.343,,0,,,,-1.180,-5.926,True,0.404,3.562,2.45,39.38
1786962132.393,,0,,,,-1.220,-5.977,True,0.404,3.625,2.49,39.37
1786962132.493,,0,,,,-1.190,-5.939,True,0.404,3.759,2.56,39.06
1786962132.543,,0,,,,-1.110,-5.836,True,0.406,4.040,2.75,39.07
1786962132.593,,0,,,,-1.020,-5.720,True,0.407,3.962,2.70,39.05
1786962132.668,,0,,,,-0.900,-5.566,True,0.409,3.307,2.29,39.74
1786962132.743,,0,,,,-0.860,-5.514,True,0.409,3.203,2.22,39.73
1786962132.818,,0,,,,-0.820,-5.463,True,0.410,3.047,2.10,39.58
1786962132.918,,0,,,,-0.890,-5.553,True,0.409,3.614,2.43,38.52
1786962132.968,,0,,,,-0.970,-5.656,True,0.408,2.752,1.89,39.32
1786962133.068,,0,,,,-1.040,-5.746,True,0.407,2.739,1.88,39.30
1786962133.143,,0,,,,-1.040,-5.746,True,0.407,3.784,2.54,38.43
1786962133.218,,0,,,,-1.020,-5.720,True,0.407,3.725,2.50,38.46
1786962133.343,,0,,,,-0.860,-5.514,True,0.409,3.667,2.46,38.43
1786962133.418,,0,,,,-0.850,-5.501,True,0.410,2.877,1.94,38.72
1786962133.493,,0,,,,-0.860,-5.514,True,0.409,2.824,1.91,38.69
1786962133.568,,0,,,,-0.920,-5.591,True,0.409,2.871,1.94,38.69
1786962133.668,,0,,,,-1.060,-5.772,True,0.406,2.837,1.91,38.66
1786962133.768,,0,,,,-1.170,-5.913,True,0.405,2.790,1.88,38.63
1786962133.868,,0,,,,-1.250,-6.016,True,0.403,2.780,1.87,38.60
1786962133.968,,0,,,,-1.140,-5.875,True,0.405,2.661,1.79,38.58
1786962134.068,,0,,,,-0.900,-5.566,True,0.409,2.507,1.69,38.55
1786962134.168,,0,,,,-0.830,-5.476,True,0.410,2.346,1.58,38.52
1786962134.218,,0,,,,-0.640,-5.231,True,0.413,2.988,1.98,38.05
1786962134.293,,0,,,,-0.600,-5.180,True,0.414,2.766,1.84,38.02
1786962134.393,,0,,,,-0.660,-5.257,True,0.413,2.669,1.77,37.99
1786962134.468,,0,,,,-0.780,-5.411,True,0.411,2.778,1.84,37.98
1786962134.518,,0,,,,-0.950,-5.630,True,0.408,2.798,1.82,37.27
1786962134.593,,0,,,,-1.130,-5.862,True,0.405,2.674,1.75,37.41
1786962134.668,,0,,,,-1.190,-5.939,True,0.404,2.707,1.77,37.41
1786962134.743,,0,,,,-1.240,-6.003,True,0.404,2.727,1.77,37.27
1786962134.843,,0,,,,-1.120,-5.849,True,0.405,2.851,1.84,37.03
1786962134.893,,0,,,,-0.940,-5.617,True,0.408,2.775,1.79,37.02
1786962134.968,,0,,,,-0.790,-5.424,True,0.411,3.897,2.45,36.00
1786962135.068,,0,,,,-0.550,-5.115,True,0.414,3.103,1.99,36.78
1786962135.143,,0,,,,-0.490,-5.038,True,0.415,3.010,1.93,36.75
1786962135.243,,0,,,,-0.650,-5.244,True,0.413,4.469,2.85,36.55
1786962135.318,,0,,,,-0.840,-5.489,True,0.410,2.908,1.85,36.48
1786962135.393,,0,,,,-1.080,-5.797,True,0.406,2.926,1.86,36.46
1786962135.443,,0,,,,-1.270,-6.042,True,0.403,3.713,2.37,36.60
1786962135.518,,0,,,,-1.400,-6.190,True,0.404,3.726,2.37,36.54
1786962135.568,,0,,,,-1.400,-6.190,True,0.404,3.666,2.34,36.53
1786962135.643,,0,,,,-1.210,-5.965,True,0.404,3.162,2.01,36.47
1786962135.693,,0,,,,-1.080,-5.797,True,0.406,3.120,1.98,36.46
1786962135.793,,0,,,,-0.540,-5.103,True,0.415,3.290,2.07,36.08
1786962135.868,,0,,,,-0.270,-4.755,True,0.419,2.862,1.79,35.89
1786962135.944,,0,,,,-0.050,-4.472,True,0.422,2.463,1.54,35.85
1786962136.043,,0,,,,0.270,-4.060,True,0.428,3.504,2.19,35.78
1786962136.093,,0,,,,0.300,-4.022,True,0.428,3.300,2.06,35.76
1786962136.193,,0,,,,0.270,-4.060,True,0.428,3.414,2.13,35.75
1786962136.268,,0,,,,0.030,-4.369,True,0.424,3.546,2.21,35.71
1786962136.368,,0,,,,-0.340,-4.845,True,0.418,3.605,2.24,35.69
1786962136.443,,0,,,,-0.750,-5.373,True,0.411,3.688,2.29,35.66
1786962136.518,,0,,,,-1.060,-5.772,True,0.406,3.775,2.35,35.65
1786962136.593,,0,,,,-1.250,-6.016,True,0.403,3.822,2.37,35.62
1786962136.693,,0,,,,-1.300,-6.080,True,0.403,3.776,2.28,34.55
1786962136.768,,0,,,,-1.220,-5.977,True,0.404,3.761,2.26,34.52
1786962136.943,,0,,,,-0.770,-5.398,True,0.411,3.741,2.27,34.72
1786962137.018,,0,,,,-0.580,-5.154,True,0.414,3.474,2.11,34.88
1786962137.068,,0,,,,-0.550,-5.115,True,0.414,3.377,2.05,34.87
1786962137.143,,0,,,,-0.520,-5.077,True,0.415,3.088,1.87,34.70
1786962137.293,,0,,,,-0.700,-5.308,True,0.412,3.125,1.89,34.60
1786962137.368,,0,,,,-0.790,-5.424,True,0.411,2.958,1.78,34.52
1786962137.468,,0,,,,-0.920,-5.591,True,0.409,3.045,1.83,34.49
1786962137.518,,0,,,,-0.930,-5.604,True,0.408,3.069,1.85,34.48
1786962137.593,,0,,,,-0.910,-5.579,True,0.409,3.076,1.85,34.45
1786962137.743,,0,,,,-0.770,-5.398,True,0.411,3.011,1.81,34.42
1786962137.793,,0,,,,-0.700,-5.308,True,0.412,2.930,1.76,34.39
1786962137.868,,0,,,,-0.620,-5.205,True,0.413,2.904,1.74,34.38
1786962137.943,,0,,,,-0.560,-5.128,True,0.414,2.838,1.70,34.35
1786962138.018,,0,,,,-0.520,-5.077,True,0.415,2.656,1.59,34.33
1786962138.068,,0,,,,-0.510,-5.064,True,0.415,2.591,1.55,34.32
1786962138.193,,0,,,,-0.610,-5.193,True,0.413,2.168,1.30,34.28
1786962138.243,,0,,,,-0.790,-5.424,True,0.411,2.166,1.30,34.27
1786962138.393,,0,,,,-0.990,-5.682,True,0.407,2.071,1.24,34.24
1786962138.468,,0,,,,-1.050,-5.759,True,0.407,1.969,1.18,34.22
1786962138.543,,0,,,,-1.080,-5.797,True,0.406,1.904,1.14,34.20
1786962138.593,,0,,,,-1.090,-5.810,True,0.406,1.872,1.12,34.18
1786962138.693,,0,,,,-1.090,-5.810,True,0.406,1.841,1.10,34.15
1786962138.768,,0,,,,-1.030,-5.733,True,0.407,2.449,1.40,32.67
1786962138.868,,0,,,,-0.930,-5.604,True,0.408,2.486,1.42,32.64
1786962138.968,,0,,,,-0.870,-5.527,True,0.409,2.501,1.42,32.61
1786962139.018,,0,,,,-0.820,-5.463,True,0.410,2.493,1.42,32.59
1786962139.093,,0,,,,-0.830,-5.476,True,0.410,2.926,1.65,32.33
1786962139.168,,0,,,,-0.930,-5.604,True,0.408,3.261,1.84,32.28
1786962139.218,,0,,,,-1.000,-5.694,True,0.407,3.164,1.78,32.26
1786962139.968,,0,,,,-0.430,-4.961,True,0.416,2.505,1.36,31.13
1786962140.043,,0,,,,-0.400,-4.922,True,0.417,2.409,1.31,31.11
1786962140.143,,0,,,,-0.490,-5.038,True,0.415,2.518,1.37,31.08
1786962140.218,,0,,,,-0.680,-5.283,True,0.412,2.556,1.39,31.06
1786962140.318,,0,,,,-1.010,-5.707,True,0.407,2.552,1.38,31.04
1786962140.393,,0,,,,-1.180,-5.926,True,0.404,2.596,1.41,31.03
1786962140.443,,0,,,,-1.300,-6.080,True,0.403,2.554,1.38,31.02
1786962140.518,,0,,,,-1.440,-6.231,True,0.406,2.520,1.36,30.99
1786962140.568,,0,,,,-1.490,-6.282,True,0.407,2.668,1.42,30.56
1786962140.643,,0,,,,-1.450,-6.241,True,0.406,2.565,1.37,30.54
1786962140.743,,0,,,,-1.310,-6.093,True,0.402,2.525,1.34,30.52
1786962140.793,,0,,,,-1.090,-5.810,True,0.406,2.398,1.28,30.49
1786962140.918,,0,,,,-0.800,-5.437,True,0.410,2.766,1.46,30.22
1786962140.993,,0,,,,-0.580,-5.154,True,0.414,2.729,1.44,30.19
1786962141.068,,0,,,,-0.570,-5.141,True,0.414,2.766,1.46,30.18
1786962141.143,,0,,,,-0.600,-5.180,True,0.414,2.968,1.55,29.97
1786962141.218,,0,,,,-0.670,-5.270,True,0.412,2.871,1.50,29.95
1786962141.268,,0,,,,-0.730,-5.347,True,0.412,2.966,1.55,29.94
1786962141.368,,0,,,,-0.840,-5.489,True,0.410,2.941,1.54,29.93
1786962141.418,,0,,,,-0.930,-5.604,True,0.408,2.926,1.51,29.65
1786962141.518,,0,,,,-0.900,-5.566,True,0.409,2.897,1.50,29.63
1786962141.568,,0,,,,-0.810,-5.450,True,0.410,2.823,1.46,29.62
1786962141.643,,0,,,,-0.670,-5.270,True,0.412,2.764,1.43,29.60
1786962141.718,,0,,,,-0.490,-5.038,True,0.415,3.038,1.55,29.32
1786962141.843,,0,,,,-0.300,-4.794,True,0.418,2.805,1.43,29.29
1786962141.918,,0,,,,-0.190,-4.652,True,0.420,2.575,1.32,29.27
1786962141.993,,0,,,,-0.130,-4.575,True,0.421,2.996,1.51,28.92
1786962142.093,,0,,,,-0.110,-4.549,True,0.421,2.921,1.47,28.91
1786962142.193,,0,,,,-0.300,-4.794,True,0.418,2.846,1.43,28.88
1786962142.268,,0,,,,-0.520,-5.077,True,0.415,3.007,1.50,28.64
1786962142.343,,0,,,,-0.820,-5.463,True,0.410,3.082,1.54,28.61
1786962142.443,,0,,,,-1.030,-5.733,True,0.407,3.040,1.52,28.60
1786962142.543,,0,,,,-1.120,-5.849,True,0.405,3.230,1.59,28.20
1786962142.643,,0,,,,-1.100,-5.823,True,0.406,3.223,1.58,28.19
1786962142.718,,0,,,,-0.920,-5.591,True,0.409,3.101,1.52,28.17
1786962142.793,,0,,,,-0.750,-5.373,True,0.411,2.897,1.42,28.14
1786962142.868,,0,,,,-0.580,-5.154,True,0.414,3.148,1.54,28.02
1786962142.943,,0,,,,-0.500,-5.051,True,0.415,2.912,1.42,27.99
1786962143.018,,0,,,,-0.450,-4.987,True,0.416,2.749,1.34,27.98
1786962143.068,,0,,,,-0.440,-4.974,True,0.416,2.675,1.31,27.97
1786962143.143,,0,,,,-0.480,-5.025,True,0.416,3.213,1.55,27.64
1786962143.243,,0,,,,-0.540,-5.103,True,0.415,3.154,1.52,27.63
1786962143.368,,0,,,,-0.620,-5.205,True,0.413,3.050,1.47,27.60
1786962143.418,,0,,,,-0.640,-5.231,True,0.413,2.994,1.43,27.34
1786962143.493,,0,,,,-0.620,-5.205,True,0.413,2.894,1.38,27.32
1786962143.593,,0,,,,-0.530,-5.090,True,0.415,2.763,1.32,27.29
1786962143.668,,0,,,,-0.470,-5.012,True,0.416,2.700,1.29,27.29
1786962143.718,,0,,,,-0.410,-4.935,True,0.417,3.415,1.61,27.07
1786962143.793,,0,,,,-0.340,-4.845,True,0.418,3.311,1.56,27.05
1786962143.868,,0,,,,-0.290,-4.781,True,0.419,3.275,1.54,26.96
1786962143.968,,0,,,,-0.270,-4.755,True,0.419,3.087,1.45,26.84
1786962144.018,,0,,,,-0.360,-4.871,True,0.417,2.662,1.25,26.82
1786962144.093,,0,,,,-0.400,-4.922,True,0.417,3.106,1.45,26.76
1786962144.168,,0,,,,-0.470,-5.012,True,0.416,3.265,1.51,26.57
1786962144.243,,0,,,,-0.550,-5.115,True,0.414,2.754,1.28,26.55
1786962144.343,,0,,,,-0.580,-5.154,True,0.414,2.532,1.17,26.50
1786962144.418,,0,,,,-0.630,-5.218,True,0.413,2.385,1.10,26.49
1786962144.518,,0,,,,-0.700,-5.308,True,0.412,2.203,1.02,26.47
1786962144.593,,0,,,,-0.820,-5.463,True,0.410,2.475,1.13,26.24
1786962144.668,,0,,,,-0.900,-5.566,True,0.409,2.452,1.12,26.21
1786962144.768,,0,,,,-0.960,-5.643,True,0.408,2.874,1.30,25.95
1786962144.818,,0,,,,-0.990,-5.682,True,0.407,2.886,1.31,25.93
1786962144.918,,0,,,,-0.990,-5.682,True,0.407,2.722,1.23,25.85
1786962144.968,,0,,,,-0.910,-5.579,True,0.409,2.608,1.18,25.85
1786962145.093,,0,,,,-0.800,-5.437,True,0.410,3.190,1.43,25.75
1786962145.168,,0,,,,-0.770,-5.398,True,0.411,3.258,1.46,25.63
1786962145.243,,0,,,,-0.770,-5.398,True,0.411,3.668,1.63,25.41
1786962145.343,,0,,,,-0.790,-5.424,True,0.411,3.626,1.61,25.39
1786962145.418,,0,,,,-0.780,-5.411,True,0.411,3.503,1.55,25.31
1786962145.468,,0,,,,-0.750,-5.373,True,0.411,3.379,1.49,25.30
1786962145.518,,0,,,,-0.770,-5.398,True,0.411,3.257,1.44,25.28
1786962145.593,,0,,,,-0.670,-5.270,True,0.412,2.940,1.30,25.26
1786962145.693,,0,,,,-0.520,-5.077,True,0.415,2.961,1.30,25.13
1786962145.768,,0,,,,-0.380,-4.897,True,0.417,2.948,1.28,24.95
1786962145.868,,0,,,,-0.170,-4.626,True,0.420,2.755,1.20,24.94
1786962145.918,,0,,,,0.000,-4.408,True,0.423,2.596,1.13,24.93
1786962146.018,,0,,,,0.150,-4.215,True,0.426,3.031,1.31,24.71
1786962146.118,,0,,,,0.160,-4.202,True,0.426,2.914,1.26,24.69
1786962146.218,,0,,,,0.040,-4.356,True,0.424,2.789,1.19,24.52
1786962146.268,,0,,,,-0.050,-4.472,True,0.422,2.726,1.17,24.52
1786962146.368,,0,,,,-0.230,-4.704,True,0.420,2.890,1.23,24.33
1786962146.443,,0,,,,-0.400,-4.922,True,0.417,3.205,1.36,24.28
1786962146.543,,0,,,,-0.540,-5.103,True,0.415,2.953,1.25,24.28
1786962146.618,,0,,,,-0.600,-5.180,True,0.414,3.406,1.43,24.04
1786962146.718,,0,,,,-0.590,-5.167,True,0.414,3.156,1.32,24.02
1786962146.793,,0,,,,-0.500,-5.051,True,0.415,2.914,1.22,24.00
1786962146.918,,0,,,,-0.330,-4.832,True,0.418,2.709,1.13,23.97
1786962147.018,,0,,,,0.000,-4.408,True,0.423,2.188,0.91,23.96
1786962147.093,,0,,,,0.140,-4.228,True,0.426,1.847,0.77,23.94
1786962147.168,,0,,,,0.130,-4.240,True,0.425,1.762,0.74,23.93
1786962147.343,,0,,,,-0.170,-4.626,True,0.420,1.765,0.74,23.89
1786962147.468,,0,,,,-0.380,-4.897,True,0.417,1.622,0.68,23.88
1786962147.568,,0,,,,-0.360,-4.871,True,0.417,1.446,0.60,23.85
1786962147.618,,0,,,,-0.310,-4.807,True,0.418,1.384,0.58,23.84
1786962147.693,,0,,,,-0.110,-4.549,True,0.421,1.116,0.46,23.81
1786962147.793,,0,,,,0.050,-4.343,True,0.424,0.856,0.36,23.79
1786962147.868,,0,,,,0.100,-4.279,True,0.425,0.683,0.28,23.79
1786962147.943,,0,,,,0.140,-4.228,True,0.426,0.376,0.16,23.76
1786962148.018,,0,,,,0.050,-4.343,True,0.424,0.177,0.07,23.75
1786962148.093,,0,,,,-0.050,-4.472,True,0.422,0.056,0.02,23.73
1786962148.168,,0,,,,-0.170,-4.626,True,0.420,-0.008,0.00,23.72
1786962148.243,,0,,,,-0.230,-4.704,True,0.420,-0.222,0.09,23.70
1786962148.343,,0,,,,-0.230,-4.704,True,0.420,-0.388,0.16,23.68
1786962148.418,,0,,,,-0.210,-4.678,True,0.420,-0.623,0.26,23.67
1786962148.493,,0,,,,-0.140,-4.588,True,0.421,-0.677,0.28,23.65
1786962148.568,,0,,,,-0.070,-4.498,True,0.422,-0.824,0.34,23.65
1786962148.668,,0,,,,-0.070,-4.498,True,0.422,-0.945,0.39,23.63
1786962148.743,,0,,,,-0.060,-4.485,True,0.422,-1.103,0.45,23.62
1786962148.818,,0,,,,-0.140,-4.588,True,0.421,-1.174,0.48,23.60
1786962148.868,,0,,,,-0.230,-4.704,True,0.420,-1.274,0.52,23.60
1786962149.043,,0,,,,-0.320,-4.819,True,0.418,-1.818,0.75,23.56
1786962149.093,,0,,,,-0.320,-4.819,True,0.418,-2.310,0.95,23.53
1786962149.168,,0,,,,-0.280,-4.768,True,0.419,-2.330,0.96,23.52
1786962149.243,,0,,,,-0.220,-4.691,True,0.420,-2.355,0.97,23.49
1786962149.318,,0,,,,-0.180,-4.639,True,0.420,-2.425,0.99,23.48
1786962149.443,,0,,,,-0.060,-4.485,True,0.422,-2.745,1.12,23.46
1786962149.518,,0,,,,0.020,-4.382,True,0.424,-3.106,1.27,23.44
1786962149.618,,0,,,,0.030,-4.369,True,0.424,-3.454,1.41,23.42
1786962149.718,,0,,,,0.040,-4.356,True,0.424,-3.677,1.50,23.41
1786962149.768,,0,,,,0.010,-4.395,True,0.423,-3.864,1.58,23.40
1786962149.843,,0,,,,0.010,-4.395,True,0.423,2.213,0.81,20.98
1786962149.918,,0,,,,-0.050,-4.472,True,0.422,2.230,0.82,20.96
1786962150.018,,0,,,,0.070,-4.318,True,0.424,2.358,0.86,20.94
1786962150.118,,0,,,,0.250,-4.086,True,0.427,2.595,0.94,20.82
1786962150.193,,0,,,,0.360,-3.945,True,0.429,2.799,1.01,20.64
1786962150.268,,0,,,,0.490,-3.777,True,0.431,2.529,0.91,20.62
1786962150.393,,0,,,,0.520,-3.739,True,0.432,2.503,0.89,20.42
1786962150.468,,0,,,,0.480,-3.790,True,0.431,2.254,0.80,20.41
1786962150.543,,0,,,,0.420,-3.867,True,0.430,2.314,0.82,20.36
1786962150.643,,0,,,,0.310,-4.009,True,0.428,2.077,0.73,20.24
1786962150.693,,0,,,,0.220,-4.125,True,0.427,2.009,0.71,20.22
1786962150.793,,0,,,,0.250,-4.086,True,0.427,1.858,0.66,20.20
1786962150.868,,0,,,,0.330,-3.983,True,0.429,2.174,0.76,20.10
1786962150.918,,0,,,,0.470,-3.803,True,0.431,2.022,0.71,20.08
1786962150.993,,0,,,,0.660,-3.558,True,0.434,1.991,0.70,20.07
1786962151.068,,0,,,,0.730,-3.468,True,0.435,1.887,0.66,20.07
1786962151.143,,0,,,,0.860,-3.301,True,0.437,2.716,0.94,19.86
1786962151.218,,0,,,,0.920,-3.224,True,0.438,2.681,0.93,19.84
1786962151.318,,0,,,,0.830,-3.340,True,0.437,0.010,0.00,20.42
1786962151.418,,0,,,,0.680,-3.533,True,0.434,2.953,1.01,19.66
1786962151.493,,0,,,,0.640,-3.584,True,0.434,2.895,0.99,19.56
1786962151.568,,0,,,,0.290,-4.035,True,0.428,3.425,1.15,19.33
1786962151.643,,0,,,,0.230,-4.112,True,0.427,3.243,1.09,19.30
1786962151.718,,0,,,,0.030,-4.369,True,0.424,2.998,1.01,19.29
1786962151.843,,0,,,,0.150,-4.215,True,0.426,2.640,0.89,19.27
1786962151.943,,0,,,,0.440,-3.842,True,0.430,2.676,0.89,19.08
1786962152.068,,0,,,,0.940,-3.198,True,0.439,2.584,0.86,19.02
1786962152.168,,0,,,,1.120,-2.967,True,0.442,2.386,0.80,19.10
1786962152.618,,0,,,,-0.010,-4.421,True,0.423,1.184,0.39,18.90
1786962152.668,,0,,,,-0.160,-4.614,True,0.421,1.047,0.35,18.90
1786962152.718,,0,,,,-0.210,-4.678,True,0.420,0.860,0.28,18.88
1786962152.793,,0,,,,-0.160,-4.614,True,0.421,0.668,0.22,18.86
1786962152.843,,0,,,,-0.070,-4.498,True,0.422,0.351,0.12,18.86
1786962152.918,,0,,,,0.220,-4.125,True,0.427,-0.001,0.00,18.84
1786962152.993,,0,,,,0.590,-3.649,True,0.433,-1.404,0.46,18.82
1786962153.068,,0,,,,0.970,-3.160,True,0.439,0.159,0.05,18.30
1786962153.168,,0,,,,1.320,-2.709,True,0.445,-0.210,0.07,18.29
1786962153.268,,0,,,,1.540,-2.426,True,0.449,0.168,0.05,18.27
1786962153.343,,0,,,,1.500,-2.478,True,0.448,1.790,0.56,17.88
1786962153.418,,0,,,,1.380,-2.632,True,0.446,1.268,0.40,17.87
1786962153.493,,0,,,,1.250,-2.799,True,0.444,1.137,0.35,17.87
1786962153.543,,0,,,,1.090,-3.005,True,0.441,1.304,0.40,17.73
1786962153.643,,0,,,,0.870,-3.288,True,0.438,1.418,0.44,17.71
1786962153.743,,0,,,,0.780,-3.404,True,0.436,1.583,0.49,17.69
1786962153.818,,0,,,,0.760,-3.430,True,0.436,1.588,0.49,17.68
1786962153.893,,0,,,,0.860,-3.301,True,0.437,1.540,0.47,17.66
1786962153.968,,0,,,,0.960,-3.172,True,0.439,1.356,0.42,17.65
1786962154.043,,0,,,,1.020,-3.095,True,0.440,1.263,0.39,17.64
1786962154.118,,0,,,,1.080,-3.018,True,0.441,1.169,0.36,17.62
1786962154.218,,0,,,,1.110,-2.979,True,0.442,3.119,0.94,17.19
1786962154.293,,0,,,,1.050,-3.057,True,0.441,3.015,0.90,17.18
1786962154.368,,0,,,,0.900,-3.250,True,0.438,2.860,0.86,17.17
1786962154.443,,0,,,,0.730,-3.468,True,0.435,2.878,0.86,17.15
1786962154.543,,0,,,,0.530,-3.726,True,0.432,3.617,1.07,16.98
1786962154.618,,0,,,,0.480,-3.790,True,0.431,3.571,1.06,16.97
1786962154.693,,0,,,,0.450,-3.829,True,0.431,3.686,1.09,16.96
1786962154.793,,0,,,,0.620,-3.610,True,0.433,3.765,1.11,16.95
1786962154.868,,0,,,,0.740,-3.456,True,0.435,3.643,1.08,16.94
1786962154.943,,0,,,,0.880,-3.275,True,0.438,3.675,1.09,16.93
1786962155.018,,0,,,,0.970,-3.160,True,0.439,3.477,1.03,16.92
1786962155.093,,0,,,,1.050,-3.057,True,0.441,3.470,1.02,16.91
1786962155.168,,0,,,,1.110,-2.979,True,0.442,3.525,1.04,16.89
1786962155.268,,0,,,,1.120,-2.967,True,0.442,3.472,1.02,16.87
1786962155.368,,0,,,,1.060,-3.044,True,0.441,3.373,0.99,16.85
1786962155.443,,0,,,,1.120,-2.967,True,0.442,3.197,0.94,16.83
1786962155.493,,0,,,,1.130,-2.954,True,0.442,3.012,0.88,16.82
1786962155.643,,0,,,,1.330,-2.696,True,0.445,2.683,0.79,16.80
1786962155.693,,0,,,,1.440,-2.555,True,0.447,2.642,0.77,16.79
1786962155.793,,0,,,,1.600,-2.349,True,0.450,2.500,0.73,16.79
1786962155.893,,0,,,,1.730,-2.182,True,0.452,2.470,0.72,16.77
1786962155.968,,0,,,,1.760,-2.143,True,0.453,2.332,0.68,16.76
1786962156.043,,0,,,,1.640,-2.298,True,0.451,2.360,0.69,16.74
1786962156.118,,0,,,,1.490,-2.491,True,0.448,2.290,0.67,16.73
1786962156.168,,0,,,,1.170,-2.902,True,0.443,2.207,0.64,16.73
1786962156.268,,0,,,,0.940,-3.198,True,0.439,2.403,0.70,16.71
1786962156.343,,0,,,,0.650,-3.571,True,0.434,2.523,0.73,16.69
1786962156.393,,0,,,,0.470,-3.803,True,0.431,2.723,0.79,16.67
1786962156.743,,0,,,,0.000,-4.408,True,0.423,2.208,0.64,16.60
1786962156.818,,0,,,,-0.010,-4.421,True,0.423,2.045,0.59,16.59
1786962199.592,,0,,,,61.320,59.618,True,0.860,-9.086,4.39,27.80
1786962199.642,,0,,,,61.320,59.618,True,0.860,-10.827,5.21,27.71
1786962199.717,,0,,,,61.320,59.618,True,0.860,-11.273,5.42,27.70
1786962199.792,,0,,,,61.320,59.618,True,0.860,-11.487,5.51,27.68
1786962199.867,,0,,,,60.450,58.760,True,0.860,-11.167,5.36,27.68
1786962199.942,,0,,,,60.580,58.888,True,0.860,-9.526,4.77,28.81
1786962200.067,,0,,,,60.480,58.789,True,0.860,-9.452,4.73,28.79
1786962200.142,,0,,,,60.300,58.612,True,0.860,-9.273,4.64,28.78
1786962200.217,,0,,,,59.880,58.198,True,0.860,-8.958,4.48,28.77
1786962200.267,,0,,,,59.530,57.852,True,0.860,-9.580,4.92,29.59
1786962200.342,,0,,,,59.000,57.330,True,0.860,-9.009,4.63,29.57
1786962200.442,,0,,,,58.840,57.172,True,0.860,-8.729,4.49,29.56
1786962200.493,,0,,,,58.840,57.172,True,0.860,-8.301,4.27,29.54
1786962200.567,,0,,,,58.840,57.172,True,0.860,-8.224,4.23,29.54
1786962200.642,,0,,,,59.080,57.409,True,0.860,-13.218,6.40,27.98
1786962200.742,,0,,,,59.690,58.010,True,0.860,-12.538,6.07,27.97
1786962200.842,,0,,,,60.450,58.760,True,0.860,-12.396,6.00,27.95
1786962200.942,,0,,,,60.940,59.243,True,0.860,-11.297,5.31,27.10
1786962201.017,,0,,,,60.870,59.174,True,0.860,-11.200,5.26,27.09
1786962201.092,,0,,,,60.540,58.849,True,0.860,-11.423,5.35,27.04
1786962201.167,,0,,,,60.210,58.523,True,0.860,-10.903,5.11,27.03
1786962201.267,,0,,,,59.780,58.099,True,0.860,-10.462,4.90,27.01
1786962201.342,,0,,,,59.610,57.931,True,0.860,-11.925,5.62,27.20
1786962201.417,,0,,,,59.560,57.882,True,0.860,-11.266,5.31,27.18
1786962201.467,,0,,,,59.530,57.852,True,0.860,-10.783,5.08,27.18
1786962201.567,,0,,,,59.500,57.823,True,0.860,-10.486,4.94,27.17
1786962201.642,,0,,,,59.520,57.843,True,0.860,-10.897,5.08,26.87
1786962201.717,,0,,,,58.990,57.320,True,0.860,-11.068,5.14,26.79
1786962201.767,,0,,,,58.410,56.748,True,0.860,-10.584,4.92,26.78
1786962201.817,,0,,,,57.980,56.324,True,0.860,-10.012,4.70,27.05
1786962201.892,,0,,,,57.230,55.584,True,0.860,-8.998,4.23,27.04
1786962201.967,,0,,,,56.260,54.627,True,0.860,-8.604,4.04,27.03
1786962202.042,,0,,,,55.510,53.887,True,0.860,-6.755,3.18,27.00
1786962202.092,,0,,,,54.710,53.098,True,0.860,-5.546,2.61,26.99
1786962202.192,,0,,,,53.860,52.393,True,0.860,-6.330,2.94,26.63
1786962202.542,,0,,,,50.790,49.870,True,0.860,-3.356,1.56,26.72
1786962202.742,,0,,,,49.260,48.612,True,0.860,-5.342,2.47,26.56
1786962202.817,,0,,,,47.830,47.437,True,0.860,-5.486,2.54,26.54
1786962202.992,,0,,,,45.430,45.464,True,0.860,-3.745,1.73,26.51
1786962203.317,,0,,,,42.840,43.336,True,0.860,-5.549,2.59,26.80
1786962203.367,,0,,,,42.720,43.237,True,0.860,-3.911,1.82,26.66
1786962203.417,,0,,,,42.650,43.177,True,0.860,-4.900,2.28,26.64
1786962203.467,,0,,,,42.480,43.015,True,0.861,-7.291,3.37,26.56
1786962203.667,,0,,,,42.240,42.786,True,0.863,-6.449,2.98,26.52
1786962203.767,,0,,,,42.180,42.728,True,0.863,-5.994,2.77,26.49
1786962203.867,,0,,,,42.040,42.595,True,0.864,-7.217,3.33,26.50
1786962203.942,,0,,,,41.850,42.413,True,0.865,-7.547,3.46,26.36
1786962204.017,,0,,,,41.650,42.222,True,0.866,-7.625,3.50,26.35
1786962204.092,,0,,,,41.510,42.089,True,0.867,-7.794,3.57,26.29
1786962204.217,,0,,,,40.820,41.430,True,0.872,-8.821,4.18,27.24
1786962204.317,,0,,,,40.420,41.048,True,0.874,-8.449,4.00,27.22
1786962204.442,,0,,,,39.580,40.246,True,0.880,-7.785,3.68,27.20
1786962204.517,,0,,,,39.190,39.874,True,0.882,-8.843,4.05,26.33
1786962204.567,,0,,,,38.950,39.645,True,0.884,-8.898,4.10,26.53
1786962204.617,,0,,,,38.770,39.473,True,0.885,-7.819,3.61,26.51
1786962204.717,,0,,,,38.260,38.986,True,0.888,-7.732,3.56,26.48
1786962204.792,,0,,,,37.750,38.500,True,0.891,-7.221,3.33,26.45
1786962204.867,,0,,,,37.370,38.137,True,0.894,-8.782,4.02,26.32
1786962204.917,,0,,,,36.780,37.574,True,0.898,-8.476,3.88,26.31
1786962205.017,,0,,,,36.130,36.953,True,0.902,-7.904,3.64,26.44
1786962205.092,,0,,,,35.910,36.743,True,0.903,-7.602,3.50,26.42
1786962205.167,,0,,,,35.840,36.676,True,0.904,-7.620,3.50,26.42
1786962205.242,,0,,,,35.860,36.696,True,0.903,-7.451,3.41,26.31
1786962205.342,,0,,,,36.090,36.915,True,0.902,-6.235,2.94,27.11
1786962205.442,,0,,,,36.210,37.030,True,0.901,-6.891,3.16,26.34
1786962205.517,,0,,,,36.170,36.991,True,0.901,-6.895,3.18,26.50
1786962205.642,,0,,,,35.950,36.781,True,0.903,-5.167,2.37,26.37
1786962205.742,,0,,,,35.750,36.591,True,0.904,-4.739,2.18,26.35
1786962205.817,,0,,,,35.560,36.409,True,0.905,-4.151,1.91,26.33
1786962205.892,,0,,,,35.140,36.008,True,0.908,-5.546,2.61,27.00
1786962206.067,,0,,,,34.380,35.283,True,0.913,-7.022,3.24,26.52
1786962206.142,,0,,,,33.890,34.815,True,0.916,-6.608,3.04,26.43
1786962206.217,,0,,,,33.730,34.662,True,0.917,-6.070,2.79,26.42
1786962206.292,,0,,,,33.680,34.615,True,0.917,-7.072,3.31,26.92
1786962206.417,,0,,,,33.500,34.443,True,0.919,-6.825,3.20,26.91
1786962206.467,,0,,,,33.350,34.300,True,0.920,-6.581,3.08,26.90
1786962206.542,,0,,,,33.350,34.300,True,0.920,-5.616,2.60,26.54
1786962206.617,,0,,,,33.410,34.357,True,0.919,-5.051,2.34,26.54
1786962206.692,,0,,,,33.550,34.491,True,0.918,-4.705,2.18,26.52
1786962206.767,,0,,,,33.660,34.596,True,0.918,-4.803,2.22,26.55
1786962206.792,,0,,,,33.720,34.653,True,0.917,-4.278,1.98,26.54
1786962206.867,,0,,,,33.770,34.701,True,0.917,-4.317,2.00,26.54
1786962206.917,,0,,,,34.000,34.920,True,0.915,-5.111,2.37,26.65
1786962206.992,,0,,,,34.260,35.168,True,0.914,-4.774,2.22,26.63
1786962207.067,,0,,,,34.260,35.168,True,0.914,-5.052,2.34,26.63
1786962207.142,,0,,,,33.760,34.691,True,0.917,-5.491,2.55,26.60
1786962207.217,,0,,,,33.140,34.099,True,0.921,-5.644,2.61,26.57
1786962207.342,,0,,,,32.160,33.140,True,0.920,-6.786,3.15,26.62
1786962207.417,,0,,,,31.610,32.537,True,0.901,-6.723,3.12,26.62
1786962207.492,,0,,,,31.390,32.296,True,0.893,-6.227,2.89,26.61
1786962207.567,,0,,,,31.510,32.427,True,0.898,-5.859,2.72,26.61
1786962207.642,,0,,,,32.160,33.140,True,0.920,-6.312,2.95,26.81
1786962207.717,,0,,,,33.400,34.347,True,0.919,-5.266,2.49,27.10
1786962207.867,,0,,,,36.010,36.839,True,0.903,-4.222,1.98,26.90
1786962207.917,,0,,,,37.200,37.975,True,0.895,-3.122,1.46,26.89
1786962208.017,,0,,,,38.660,39.368,True,0.886,-1.668,0.78,26.95
1786962208.167,,0,,,,42.370,42.910,True,0.862,1.571,0.74,26.98
1786962208.267,,0,,,,43.070,43.525,True,0.860,2.020,0.95,26.97
1786962208.442,,0,,,,44.320,44.552,True,0.860,-1.457,0.69,26.94
1786962208.517,,0,,,,44.160,44.421,True,0.860,-2.338,1.10,26.93
1786962208.617,,0,,,,43.160,43.599,True,0.860,-4.755,2.23,26.90
1786962208.692,,0,,,,42.650,43.177,True,0.860,-4.939,2.31,26.88
1786962208.792,,0,,,,42.190,42.738,True,0.863,-5.200,2.44,26.87
1786962208.867,,0,,,,42.300,42.843,True,0.862,-5.571,2.61,26.87
1786962208.967,,0,,,,42.890,43.377,True,0.860,-6.306,2.95,26.85
1786962209.067,,0,,,,44.470,44.675,True,0.860,-6.355,2.97,26.85
1786962209.142,,0,,,,46.620,46.443,True,0.860,-6.366,2.98,26.84
1786962209.217,,0,,,,47.900,47.495,True,0.860,-6.387,2.99,26.84
1786962209.292,,0,,,,49.780,49.040,True,0.860,-5.654,2.64,26.84
1786962209.392,,0,,,,52.880,51.588,True,0.860,-5.308,2.48,26.84
1786962209.467,,0,,,,55.270,53.651,True,0.860,-4.557,2.13,26.85
1786962209.642,,0,,,,58.580,56.915,True,0.860,-3.214,1.53,27.34
1786962209.742,,0,,,,60.510,58.819,True,0.860,-2.914,1.39,27.34
1786962209.817,,0,,,,61.600,59.894,True,0.860,-3.505,1.67,27.32
1786962209.942,,0,,,,63.050,61.324,True,0.860,-3.735,1.78,27.29
1786962210.017,,0,,,,63.660,61.926,True,0.860,-4.294,2.04,27.27
1786962210.167,,0,,,,63.690,61.955,True,0.860,-11.136,5.30,27.46
1786962210.417,,0,,,,64.000,62.261,True,0.860,-10.674,5.08,27.42
1786962210.517,,0,,,,64.500,62.754,True,0.860,-11.899,5.66,27.46
1786962210.617,,0,,,,65.380,63.762,True,0.883,-11.897,5.68,27.57
1786962210.717,,0,,,,66.150,64.674,True,0.909,-11.566,5.53,27.56
1786962210.767,,0,,,,66.780,65.419,True,0.929,-11.548,5.52,27.55
1786962210.842,,0,,,,67.710,66.520,True,0.960,-10.984,5.25,27.56
1786962210.942,,0,,,,68.510,67.467,True,0.987,-7.623,3.66,27.61
1786962210.992,,0,,,,69.430,68.556,True,1.018,-9.201,4.40,27.49
1786962211.067,,0,,,,70.840,70.225,True,1.065,-9.075,4.33,27.48
1786962211.167,,0,,,,71.700,71.242,True,1.094,-12.388,5.93,27.66
1786962211.242,,0,,,,72.370,72.035,True,1.116,-14.420,7.45,29.92
1786962211.317,,0,,,,72.780,72.521,True,1.130,-12.732,6.20,28.13
1786962211.392,,0,,,,73.240,73.044,True,1.137,-12.541,6.10,28.12
1786962211.467,,0,,,,73.550,73.384,True,1.137,-12.471,6.07,28.11
1786962211.542,,0,,,,73.780,73.636,True,1.137,-12.248,5.96,28.10
1786962211.617,,0,,,,73.900,73.767,True,1.137,-11.655,5.61,27.75
1786962211.717,,0,,,,73.830,73.691,True,1.137,-12.813,6.19,27.91
1786962211.867,,0,,,,73.460,73.285,True,1.137,-12.621,6.12,27.99
1786962211.942,,0,,,,73.300,73.110,True,1.137,-12.127,5.87,27.93
1786962211.992,,0,,,,73.180,72.978,True,1.137,-11.723,5.67,27.93
1786962212.067,,0,,,,73.140,72.934,True,1.137,-11.591,5.67,28.21
1786962212.142,,0,,,,73.200,73.000,True,1.137,-11.237,5.55,28.48
1786962212.242,,0,,,,73.340,73.154,True,1.137,-10.800,5.30,28.26
1786962212.317,,0,,,,73.470,73.296,True,1.137,-10.354,5.08,28.25
1786962212.392,,0,,,,73.750,73.603,True,1.137,-10.166,5.00,28.34
1786962212.467,,0,,,,74.030,73.910,True,1.137,-10.350,5.06,28.17
1786962212.567,,0,,,,74.410,74.326,True,1.137,-9.992,4.88,28.15
1786962212.642,,0,,,,74.860,74.819,True,1.137,-10.180,5.08,28.72
1786962212.717,,0,,,,75.290,75.291,True,1.137,-10.550,5.24,28.65
1786962212.767,,0,,,,75.480,75.499,True,1.137,-10.407,5.17,28.64
1786962212.892,,0,,,,75.740,75.784,True,1.137,-12.335,6.34,29.67
1786962212.942,,0,,,,75.810,75.860,True,1.137,-11.343,5.77,29.35
1786962213.042,,0,,,,75.770,75.817,True,1.137,-11.311,5.75,29.34
1786962213.117,,0,,,,75.650,75.685,True,1.137,-11.228,5.71,29.32
1786962213.242,,0,,,,75.370,75.378,True,1.137,-11.032,5.43,28.39
1786962213.342,,0,,,,75.190,75.181,True,1.137,-12.516,6.24,28.81
1786962213.417,,0,,,,74.850,74.808,True,1.137,-11.266,5.59,28.64
1786962213.492,,0,,,,74.660,74.600,True,1.137,-10.739,5.33,28.61
1786962213.567,,0,,,,74.550,74.480,True,1.137,-12.498,6.33,29.27
1786962213.642,,0,,,,74.350,74.260,True,1.137,-10.503,5.24,28.77
1786962213.742,,0,,,,74.080,73.965,True,1.137,-9.884,5.03,29.28
1786962213.842,,0,,,,73.910,73.778,True,1.137,-10.085,5.03,28.71
1786962213.917,,0,,,,73.870,73.734,True,1.137,-9.711,4.84,28.70
1786962213.967,,0,,,,73.940,73.811,True,1.137,-10.210,5.11,28.82
1786962214.042,,0,,,,73.920,73.789,True,1.137,-9.877,4.94,28.81
1786962214.142,,0,,,,73.910,73.778,True,1.137,-9.557,4.77,28.76
1786962214.192,,0,,,,73.950,73.822,True,1.137,-9.540,4.78,28.84
1786962214.292,,0,,,,73.990,73.866,True,1.137,-9.387,4.70,28.83
1786962214.392,,0,,,,73.990,73.866,True,1.137,-9.582,4.82,28.97
1786962214.492,,0,,,,73.910,73.778,True,1.137,-9.615,4.84,28.97
1786962214.542,,0,,,,73.780,73.636,True,1.137,-9.366,4.71,28.95
1786962214.617,,0,,,,73.500,73.329,True,1.137,-9.604,4.84,29.04
1786962214.692,,0,,,,73.240,73.044,True,1.137,-9.933,5.02,29.09
1786962214.742,,0,,,,73.040,72.825,True,1.137,-9.942,5.02,29.09
1786962214.842,,0,,,,72.740,72.473,True,1.128,-9.852,4.98,29.11
1786962214.892,,0,,,,72.300,71.953,True,1.114,-9.744,4.92,29.09
1786962215.017,,0,,,,71.780,71.337,True,1.096,-9.425,4.76,29.07
1786962215.092,,0,,,,71.450,70.946,True,1.085,-10.352,5.26,29.30
1786962215.167,,0,,,,71.160,70.603,True,1.075,-10.144,5.16,29.28
1786962215.242,,0,,,,70.800,70.177,True,1.063,-9.795,4.98,29.27
1786962215.342,,0,,,,70.290,69.574,True,1.046,-9.585,4.87,29.25
1786962215.417,,0,,,,69.930,69.147,True,1.034,-10.314,5.25,29.35
1786962215.542,,0,,,,69.520,68.662,True,1.021,-10.427,5.32,29.37
1786962215.617,,0,,,,69.540,68.686,True,1.021,-10.151,5.18,29.41
1786962215.742,,0,,,,69.840,69.041,True,1.031,-10.050,5.13,29.39
1786962215.817,,0,,,,70.180,69.443,True,1.043,-9.873,5.04,29.38
1786962215.892,,0,,,,70.430,69.739,True,1.051,-9.656,4.96,29.55
1786962215.967,,0,,,,70.530,69.858,True,1.054,-9.436,4.84,29.52
1786962216.042,,0,,,,70.480,69.798,True,1.053,-9.478,4.90,29.76
1786962216.142,,0,,,,70.130,69.384,True,1.041,-9.348,4.83,29.74
1786962216.242,,0,,,,69.690,68.863,True,1.026,-9.358,4.83,29.72
1786962216.342,,0,,,,69.070,68.130,True,1.006,-10.910,5.63,29.72
1786962216.417,,0,,,,68.670,67.656,True,0.992,-10.915,5.62,29.70
1786962216.467,,0,,,,68.490,67.443,True,0.986,-11.087,5.71,29.70
1786962216.567,,0,,,,68.090,66.970,True,0.973,-10.693,5.50,29.66
1786962216.642,,0,,,,67.890,66.733,True,0.966,-10.118,5.21,29.65
1786962216.692,,0,,,,67.730,66.544,True,0.961,-9.594,4.94,29.63
1786962216.767,,0,,,,67.580,66.366,True,0.956,-9.287,4.78,29.62
1786962216.817,,0,,,,67.420,66.177,True,0.951,-8.798,4.53,29.61
1786962216.892,,0,,,,67.100,65.798,True,0.940,-8.146,4.19,29.58
1786962216.967,,0,,,,66.880,65.538,True,0.933,-7.992,4.11,29.57
1786962217.067,,0,,,,66.710,65.336,True,0.927,-7.613,3.92,29.55
1786962217.142,,0,,,,66.560,65.159,True,0.922,-7.398,3.80,29.52
1786962217.242,,0,,,,66.470,65.052,True,0.919,-7.335,3.77,29.52
1786962217.317,,0,,,,66.490,65.076,True,0.920,-7.250,3.72,29.49
1786962217.392,,0,,,,66.560,65.159,True,0.922,-133.017,4.36,5.97
1786962217.467,,0,,,,66.660,65.277,True,0.925,-133.319,4.34,5.96
1786962217.542,,0,,,,66.680,65.301,True,0.926,-133.789,4.30,5.96
1786962217.617,,0,,,,66.620,65.230,True,0.924,-133.875,4.29,5.95
1786962217.692,,0,,,,66.500,65.088,True,0.920,-133.754,4.29,5.94
1786962217.792,,0,,,,66.210,64.745,True,0.911,-133.980,4.27,5.94
1786962217.867,,0,,,,65.900,64.378,True,0.900,-134.017,4.26,5.93
1786962217.942,,0,,,,65.510,63.916,True,0.888,-134.317,4.24,5.92
1786962218.017,,0,,,,64.880,63.171,True,0.867,-134.251,4.24,5.92
1786962218.092,,0,,,,64.310,62.567,True,0.860,-134.127,4.24,5.91
1786962218.217,,0,,,,63.130,61.403,True,0.860,-134.238,4.23,5.90
1786962218.367,,0,,,,62.360,60.644,True,0.860,-134.235,4.22,5.89
1786962218.467,,0,,,,62.050,60.338,True,0.860,-134.445,4.20,5.88
1786962218.517,,0,,,,61.940,60.229,True,0.860,-134.539,4.18,5.87
1786962218.592,,0,,,,62.030,60.318,True,0.860,-134.308,4.19,5.85
1786962218.717,,0,,,,62.160,60.446,True,0.860,-134.235,4.18,5.84
1786962218.767,,0,,,,62.330,60.614,True,0.860,-134.094,4.19,5.84
1786962218.867,,0,,,,62.360,60.644,True,0.860,-134.051,4.19,5.82
1786962218.942,,0,,,,62.070,60.358,True,0.860,-134.034,4.18,5.82
1786962219.017,,0,,,,61.730,60.022,True,0.860,-134.107,4.17,5.81
1786962219.092,,0,,,,60.990,59.292,True,0.860,-134.250,4.16,5.81
1786962219.192,,0,,,,60.320,58.632,True,0.860,-134.324,4.15,5.81
1786962219.292,,0,,,,59.740,58.060,True,0.860,-134.346,4.15,5.80
1786962219.392,,0,,,,59.270,57.596,True,0.860,-134.914,4.11,5.80
1786962219.467,,0,,,,59.120,57.448,True,0.860,-135.402,4.07,5.80
1786962219.542,,0,,,,58.870,57.201,True,0.860,-135.796,4.04,5.80
1786962219.617,,0,,,,58.600,56.935,True,0.860,-135.985,4.02,5.79
1786962219.717,,0,,,,58.220,56.560,True,0.860,-135.837,4.03,5.78
1786962219.792,,0,,,,57.910,56.255,True,0.860,-135.696,4.04,5.78
1786962219.867,,0,,,,57.590,55.939,True,0.860,-135.752,4.03,5.78
1786962219.942,,0,,,,56.920,55.278,True,0.860,-135.892,4.02,5.77
1786962219.992,,0,,,,56.400,54.765,True,0.860,-135.727,4.03,5.77
1786962220.067,,0,,,,55.900,54.272,True,0.860,-135.640,4.03,5.76
1786962220.267,,0,,,,54.770,53.158,True,0.860,-135.596,4.03,5.76
1786962220.342,,0,,,,54.510,52.927,True,0.860,-135.753,4.02,5.76
1786962220.392,,0,,,,54.430,52.862,True,0.860,-135.554,4.03,5.75
1786962220.492,,0,,,,54.380,52.821,True,0.860,-9.389,5.08,31.13
1786962220.567,,0,,,,54.350,52.796,True,0.860,-9.242,5.00,31.12
1786962220.642,,0,,,,54.420,52.854,True,0.860,-8.820,4.77,31.10
1786962220.717,,0,,,,54.400,52.837,True,0.860,-8.908,4.81,31.06
1786962220.792,,0,,,,54.120,52.607,True,0.860,-8.581,4.63,31.04
1786962220.842,,0,,,,53.860,52.393,True,0.860,-8.392,4.53,31.03
1786962220.917,,0,,,,53.410,52.023,True,0.860,-8.178,4.41,31.01
1786962221.017,,0,,,,52.640,51.391,True,0.860,-9.208,4.98,31.14
1786962221.092,,0,,,,52.000,50.864,True,0.860,-9.132,4.94,31.11
1786962221.167,,0,,,,51.050,50.084,True,0.860,-9.173,4.96,31.11
1786962221.267,,0,,,,50.350,49.508,True,0.860,-9.779,5.32,31.29
1786962221.342,,0,,,,49.990,49.212,True,0.860,-9.508,5.17,31.27
1786962221.467,,0,,,,49.250,48.604,True,0.860,-9.404,5.10,31.24
1786962221.517,,0,,,,48.900,48.317,True,0.860,-9.193,4.99,31.22
1786962221.617,,0,,,,48.500,47.988,True,0.860,-9.029,4.93,31.41
1786962221.692,,0,,,,48.160,47.708,True,0.860,-8.519,4.65,31.37
1786962221.792,,0,,,,47.750,47.371,True,0.860,-8.371,4.57,31.36
1786962221.867,,0,,,,47.340,47.034,True,0.860,-8.005,4.37,31.35
1786962221.967,,0,,,,46.690,46.500,True,0.860,-8.856,4.85,31.49
1786962222.042,,0,,,,46.270,46.155,True,0.860,-8.934,4.89,31.47
1786962222.167,,0,,,,45.530,45.547,True,0.860,-9.095,4.99,31.57
1786962222.217,,0,,,,45.260,45.325,True,0.860,-9.098,4.99,31.56
1786962222.367,,0,,,,44.510,44.708,True,0.860,-8.756,4.80,31.52
1786962222.467,,0,,,,43.920,44.223,True,0.860,-9.038,4.98,31.70
1786962222.542,,0,,,,43.290,43.706,True,0.860,-8.679,4.78,31.66
1786962222.617,,0,,,,42.670,43.196,True,0.860,-9.148,5.03,31.64
1786962222.742,,0,,,,41.470,42.051,True,0.868,-8.499,4.67,31.61
1786962222.767,,0,,,,41.210,41.802,True,0.869,-8.827,4.86,31.67
1786962222.842,,0,,,,40.810,41.421,True,0.872,-8.496,4.68,31.65
1786962222.942,,0,,,,40.330,40.962,True,0.875,-7.437,4.10,31.65
1786962223.017,,0,,,,40.100,40.743,True,0.876,-8.095,4.47,31.78
1786962223.067,,0,,,,39.930,40.581,True,0.877,-7.889,4.36,31.77
1786962223.167,,0,,,,39.970,40.619,True,0.877,-7.429,4.10,31.74
1786962223.267,,0,,,,39.940,40.590,True,0.877,-7.180,3.97,31.73
1786962223.367,,0,,,,39.740,40.399,True,0.879,-7.001,3.86,31.70
1786962223.442,,0,,,,39.050,39.741,True,0.883,-6.809,3.76,31.69
1786962223.542,,0,,,,38.180,38.910,True,0.889,-6.592,3.63,31.66
1786962223.592,,0,,,,37.370,38.137,True,0.894,-6.211,3.42,31.64
1786962223.667,,0,,,,36.980,37.765,True,0.896,-6.382,3.52,31.64
1786962223.767,,0,,,,35.930,36.762,True,0.903,-6.060,3.34,31.59
1786962223.867,,0,,,,35.050,35.922,True,0.909,-5.607,3.08,31.56
1786962223.942,,0,,,,34.560,35.455,True,0.912,-5.406,2.97,31.54
1786962224.017,,0,,,,34.090,35.006,True,0.915,-4.826,2.65,31.52
1786962224.092,,0,,,,33.680,34.615,True,0.917,-4.522,2.48,31.49
1786962224.167,,0,,,,33.340,34.290,True,0.920,-4.176,2.29,31.47
1786962224.242,,0,,,,33.040,34.004,True,0.922,-4.113,2.26,31.46
1786962224.342,,0,,,,32.370,33.364,True,0.926,-3.596,1.97,31.43
1786962224.417,,0,,,,32.060,33.030,True,0.917,-3.080,1.69,31.42
1786962224.492,,0,,,,31.950,32.910,True,0.913,-2.867,1.57,31.42
1786962224.542,,0,,,,31.890,32.844,True,0.911,-2.545,1.39,31.39
1786962224.592,,0,,,,31.710,32.647,True,0.905,-2.478,1.36,31.37
1786962224.667,,0,,,,31.510,32.427,True,0.898,-2.351,1.29,31.37
1786962224.767,,0,,,,30.940,31.803,True,0.878,-1.995,1.09,31.34
1786962224.842,,0,,,,30.320,31.123,True,0.856,-1.867,1.02,31.32
1786962224.942,,0,,,,29.760,30.510,True,0.837,-1.470,0.80,31.29
1786962225.017,,0,,,,29.000,29.677,True,0.811,-1.038,0.57,31.27
1786962225.142,,0,,,,27.840,28.405,True,0.771,-0.301,0.16,31.23
1786962225.267,,0,,,,27.360,27.879,True,0.755,0.539,0.29,31.19
1786962225.342,,0,,,,27.020,27.507,True,0.744,0.643,0.35,31.16
1786962225.442,,0,,,,26.530,26.970,True,0.727,0.773,0.42,31.15
1786962225.517,,0,,,,26.280,26.696,True,0.719,-5.454,3.09,32.51
1786962225.592,,0,,,,25.730,26.093,True,0.700,-4.933,2.79,32.49
1786962225.642,,0,,,,25.530,25.874,True,0.694,-4.743,2.69,32.49
1786962225.717,,0,,,,25.250,25.567,True,0.684,-4.327,2.45,32.47
1786962225.767,,0,,,,24.980,25.271,True,0.675,-4.140,2.34,32.46
1786962225.867,,0,,,,24.740,25.008,True,0.667,-3.649,2.06,32.44
1786962225.942,,0,,,,24.650,24.910,True,0.664,-3.103,1.75,32.40
1786962226.042,,0,,,,24.230,24.449,True,0.651,-2.733,1.54,32.38
1786962226.142,,0,,,,23.540,23.693,True,0.628,-3.406,1.93,32.49
1786962226.217,,0,,,,22.930,22.990,True,0.611,-3.022,1.71,32.48
1786962226.342,,0,,,,21.850,21.711,True,0.584,-2.365,1.34,32.45
1786962226.392,,0,,,,21.090,20.812,True,0.565,-1.462,0.83,32.42
1786962226.467,,0,,,,20.590,20.220,True,0.552,-1.947,1.11,32.54
1786962226.542,,0,,,,20.070,19.604,True,0.540,-2.365,1.35,32.77
1786962226.592,,0,,,,19.820,19.308,True,0.534,-1.587,0.91,32.74
1786962226.642,,0,,,,19.580,19.024,True,0.528,-1.605,0.92,32.71
1786962226.742,,0,,,,19.480,18.906,True,0.525,-1.309,0.75,32.79
1786962226.817,,0,,,,19.160,18.527,True,0.518,-1.283,0.73,32.78
1786962226.917,,0,,,,18.910,18.231,True,0.512,-0.687,0.39,32.75
1786962226.967,,0,,,,18.730,18.018,True,0.508,-0.461,0.26,32.74
1786962227.067,,0,,,,18.430,17.663,True,0.500,-0.056,0.03,32.72
1786962227.142,,0,,,,18.050,17.213,True,0.492,0.355,0.20,32.69
1786962227.267,,0,,,,17.220,16.231,True,0.472,0.626,0.36,32.67
1786962227.367,,0,,,,16.650,15.556,True,0.460,1.187,0.68,32.64
1786962227.467,,0,,,,16.280,15.118,True,0.451,1.437,0.82,32.63
1786962227.517,,0,,,,16.140,14.952,True,0.448,1.554,0.88,32.60
1786962227.592,,0,,,,16.050,14.846,True,0.446,1.715,0.98,32.58
1786962227.717,,0,,,,15.690,14.420,True,0.438,-0.340,0.20,32.89
1786962227.817,,0,,,,15.580,14.290,True,0.436,0.090,0.05,32.86
1786962227.892,,0,,,,15.300,13.958,True,0.430,0.456,0.26,32.83
1786962227.967,,0,,,,15.120,13.745,True,0.426,0.703,0.40,32.81
1786962228.042,,0,,,,14.770,13.341,True,0.426,0.991,0.57,32.79
1786962228.142,,0,,,,14.380,12.897,True,0.431,0.357,0.21,32.98
1786962228.217,,0,,,,14.120,12.602,True,0.434,0.778,0.45,32.97
1786962228.292,,0,,,,13.920,12.374,True,0.437,1.146,0.66,32.94
1786962228.392,,0,,,,13.550,11.953,True,0.441,1.393,0.80,32.91
1786962228.492,,0,,,,12.950,11.270,True,0.448,1.831,1.05,32.89
1786962228.592,,0,,,,12.440,10.690,True,0.455,2.072,1.19,32.86
1786962228.667,,0,,,,11.920,10.098,True,0.461,2.111,1.21,32.85
1786962228.767,,0,,,,11.610,9.745,True,0.465,2.565,1.47,32.82
1786962228.867,,0,,,,11.470,9.586,True,0.467,2.806,1.61,32.81
1786962228.967,,0,,,,11.410,9.518,True,0.468,3.166,1.81,32.78
1786962229.042,,0,,,,11.430,9.541,True,0.467,3.619,2.07,32.76
1786962229.142,,0,,,,11.380,9.484,True,0.468,3.796,2.17,32.72
1786962229.242,,0,,,,10.870,8.903,True,0.475,4.123,2.35,32.71
1786962229.367,,0,,,,10.120,8.050,True,0.484,4.583,2.61,32.67
1786962229.417,,0,,,,9.790,7.674,True,0.489,4.874,2.78,32.66
1786962229.467,,0,,,,9.500,7.344,True,0.492,5.051,2.88,32.66
1786962229.542,,0,,,,9.120,6.912,True,0.497,5.654,3.21,32.62
1786962229.617,,0,,,,8.780,6.525,True,0.502,6.228,3.54,32.61
1786962229.667,,0,,,,8.310,5.990,True,0.508,6.573,3.73,32.60
1786962229.767,,0,,,,7.970,5.603,True,0.513,7.075,4.01,32.57
1786962229.842,,0,,,,7.550,5.125,True,0.518,7.490,4.24,32.55
1786962229.917,,0,,,,7.240,4.773,True,0.522,7.747,4.39,32.53
1786962229.992,,0,,,,6.940,4.431,True,0.526,8.039,4.55,32.51
1786962230.067,,0,,,,6.560,3.999,True,0.532,8.031,4.54,32.51
1786962230.167,,0,,,,6.250,3.634,True,0.533,8.488,4.79,32.48
1786962230.242,,0,,,,5.870,3.145,True,0.526,9.215,5.20,32.45
1786962230.342,,0,,,,5.690,2.914,True,0.523,9.614,5.42,32.43
1786962230.392,,0,,,,5.530,2.708,True,0.520,9.924,5.58,32.41
1786962230.442,,0,,,,5.340,2.463,True,0.516,9.957,5.60,32.41
1786962230.517,,0,,,,4.980,2.000,True,0.510,3.774,2.21,33.52
1786962230.567,,0,,,,4.680,1.614,True,0.504,3.973,2.32,33.50
1786962230.642,,0,,,,4.410,1.267,True,0.499,4.027,2.35,33.50
1786962230.692,,0,,,,4.190,0.983,True,0.495,4.297,2.51,33.47
1786962230.767,,0,,,,3.850,0.546,True,0.489,3.721,2.19,33.76
1786962230.842,,0,,,,3.590,0.211,True,0.485,3.811,2.24,33.75
1786962230.892,,0,,,,3.430,0.006,True,0.482,3.618,2.13,33.71
1786962230.992,,0,,,,3.150,-0.355,True,0.477,3.797,2.23,33.70
1786962231.067,,0,,,,2.730,-0.895,True,0.469,4.170,2.45,33.68
1786962231.167,,0,,,,2.370,-1.358,True,0.463,4.625,2.71,33.65
1786962231.242,,0,,,,2.070,-1.744,True,0.458,4.773,2.80,33.64
1786962231.317,,0,,,,1.670,-2.259,True,0.451,5.076,2.97,33.61
1786962231.417,,0,,,,1.100,-2.992,True,0.441,3.831,2.26,33.75
1786962231.467,,0,,,,0.810,-3.365,True,0.437,3.866,2.28,33.75
1786962231.567,,0,,,,0.480,-3.790,True,0.431,4.231,2.49,33.72
1786962231.667,,0,,,,0.130,-4.240,True,0.425,3.700,2.19,33.94
1786962231.742,,0,,,,-0.140,-4.588,True,0.421,3.731,2.21,33.91
1786962231.867,,0,,,,-0.560,-5.128,True,0.414,3.468,2.05,33.89
1786962231.942,,0,,,,-0.720,-5.334,True,0.412,3.554,2.10,33.88
1786962231.992,,0,,,,-0.850,-5.501,True,0.410,3.649,2.15,33.85
1786962232.092,,0,,,,-1.080,-5.797,True,0.406,3.605,2.13,33.85
1786962232.192,,0,,,,-1.160,-5.900,True,0.405,3.858,2.27,33.81
1786962232.267,,0,,,,-1.210,-5.965,True,0.404,3.986,2.35,33.80
1786962232.367,,0,,,,-1.250,-6.016,True,0.403,4.047,2.38,33.77
1786962232.442,,0,,,,-1.260,-6.029,True,0.403,4.326,2.55,33.75
1786962232.542,,0,,,,-1.310,-6.093,True,0.402,4.572,2.69,33.74
1786962232.642,,0,,,,-1.430,-6.221,True,0.405,4.672,2.75,33.72
1786962232.717,,0,,,,-1.700,-6.497,True,0.414,4.694,2.76,33.69
1786962232.817,,0,,,,-2.140,-6.946,True,0.429,4.759,2.79,33.67
1786962232.892,,0,,,,-2.350,-7.160,True,0.436,2.803,1.67,34.21
1786962233.017,,0,,,,-3.110,-7.935,True,0.462,3.020,1.80,34.17
1786962233.142,,0,,,,-3.380,-8.211,True,0.472,3.207,1.91,34.13
1786962233.242,,0,,,,-3.490,-8.323,True,0.476,3.681,2.19,34.04
1786962233.342,,0,,,,-3.650,-8.486,True,0.482,3.918,2.32,34.00
1786962233.442,,0,,,,-3.780,-8.619,True,0.486,4.149,2.46,33.99
1786962233.517,,0,,,,-4.020,-8.864,True,0.495,4.452,2.64,33.97
1786962233.667,,0,,,,-4.500,-9.354,True,0.513,2.310,1.37,34.04
1786962233.817,,0,,,,-5.010,-9.874,True,0.532,2.783,1.65,34.02
1786962233.892,,0,,,,-5.250,-10.119,True,0.542,3.307,1.96,33.98
1786962234.017,,0,,,,-5.590,-10.466,True,0.555,3.046,1.81,34.07
1786962234.142,,0,,,,-5.910,-10.792,True,0.567,2.833,1.68,34.08
1786962234.317,,0,,,,-6.650,-11.547,True,0.597,3.251,1.93,34.07
1786962234.392,,0,,,,-6.950,-11.853,True,0.609,3.668,2.18,34.05
1786962234.517,,0,,,,-7.390,-12.302,True,0.626,3.900,2.31,34.03
1786962234.592,,0,,,,-7.870,-12.792,True,0.646,4.237,2.51,34.01
1786962234.692,,0,,,,-8.050,-12.976,True,0.653,4.469,2.65,34.01
1786962234.792,,0,,,,-8.490,-13.425,True,0.671,4.878,2.89,33.97
1786962234.867,,0,,,,-8.690,-13.629,True,0.679,5.172,3.06,33.97
1786962234.967,,0,,,,-9.020,-13.966,True,0.693,5.341,3.16,33.94
1786962235.067,,0,,,,-9.440,-14.394,True,0.710,5.539,3.27,33.92
1786962235.167,,0,,,,-9.970,-14.935,True,0.732,3.812,2.27,34.11
1786962235.267,,0,,,,-10.440,-15.415,True,0.752,4.021,2.39,34.10
1786962235.367,,0,,,,-10.850,-15.833,True,0.769,4.549,2.70,34.08
1786962235.442,,0,,,,-11.300,-16.226,True,0.766,3.743,2.22,34.07
1786962235.517,,0,,,,-11.780,-16.610,True,0.750,3.579,2.13,34.06
1786962235.617,,0,,,,-12.350,-17.066,True,0.731,3.915,2.32,34.04
1786962235.717,,0,,,,-12.670,-17.321,True,0.721,4.087,2.42,34.01
1786962235.817,,0,,,,-13.180,-17.729,True,0.704,4.208,2.49,34.00
1786962235.917,,0,,,,-13.450,-17.945,True,0.695,4.257,2.52,33.97
1786962236.017,,0,,,,-13.870,-18.281,True,0.682,4.327,2.56,33.95
1786962236.092,,0,,,,-14.200,-18.545,True,0.671,4.358,2.58,33.93
1786962236.192,,0,,,,-14.450,-18.745,True,0.663,4.436,2.62,33.92
1786962236.292,,0,,,,-14.760,-18.993,True,0.653,4.422,2.61,33.90
1786962236.392,,0,,,,-15.130,-19.289,True,0.641,4.390,2.59,33.88
1786962236.467,,0,,,,-15.520,-19.601,True,0.629,4.172,2.46,33.88
1786962236.517,,0,,,,-15.790,-19.816,True,0.620,4.419,2.61,33.86
1786962236.592,,0,,,,-16.070,-20.040,True,0.612,2.143,1.28,34.25
1786962236.642,,0,,,,-16.420,-20.320,True,0.601,2.056,1.23,34.25
1786962236.692,,0,,,,-16.620,-20.480,True,0.594,2.079,1.24,34.22
1786962236.767,,0,,,,-16.870,-20.680,True,0.586,1.940,1.16,34.22
1786962236.817,,0,,,,-17.030,-20.808,True,0.582,2.109,1.26,34.20
1786962236.867,,0,,,,-17.280,-21.008,True,0.574,1.079,0.64,34.13
1786962236.967,,0,,,,-17.560,-21.232,True,0.565,0.730,0.44,34.14
1786962237.067,,0,,,,-17.860,-21.472,True,0.556,0.963,0.58,34.30
1786962237.167,,0,,,,-18.190,-21.736,True,0.546,1.031,0.62,34.28
1786962237.242,,0,,,,-18.600,-22.064,True,0.534,0.492,0.29,34.26
1786962237.317,,0,,,,-19.060,-22.431,True,0.520,0.014,0.01,34.22
1786962237.392,,0,,,,-19.320,-22.639,True,0.512,0.157,0.09,34.21
1786962237.467,,0,,,,-19.520,-22.799,True,0.506,0.271,0.16,34.17
1786962237.517,,0,,,,-19.600,-22.863,True,0.504,-0.022,0.01,34.19
1786962237.592,,0,,,,-19.570,-22.839,True,0.505,0.119,0.07,34.17
1786962237.692,,0,,,,-19.530,-22.807,True,0.506,-0.036,0.02,34.28
1786962237.767,,0,,,,-19.560,-22.831,True,0.505,-0.013,0.01,34.30
1786962237.842,,0,,,,-19.630,-22.887,True,0.503,-0.450,0.27,34.36
1786962237.917,,0,,,,-19.720,-22.959,True,0.500,-0.590,0.35,34.34
1786962237.992,,0,,,,-19.890,-23.095,True,0.496,-0.494,0.30,34.31
1786962238.067,,0,,,,-20.110,-23.271,True,0.489,-0.416,0.25,34.31
1786962238.142,,0,,,,-20.320,-23.439,True,0.483,-0.900,0.54,34.34
1786962238.192,,0,,,,-20.480,-23.567,True,0.479,-1.595,0.96,34.39
1786962238.267,,0,,,,-20.760,-23.791,True,0.471,-1.662,1.00,34.38
1786962238.342,,0,,,,-20.910,-23.911,True,0.466,-1.663,1.00,34.40
1786962238.417,,0,,,,-21.140,-24.095,True,0.460,-1.632,0.98,34.44
1786962238.467,,0,,,,-21.280,-24.207,True,0.456,-1.509,0.91,34.44
1786962238.592,,0,,,,-21.760,-24.591,True,0.443,-1.488,0.89,34.41
1786962238.667,,0,,,,-22.150,-24.902,True,0.433,-1.282,0.77,34.40
1786962238.792,,0,,,,-22.760,-25.390,True,0.417,-1.399,0.84,34.38
1786962238.867,,0,,,,-23.190,-25.734,True,0.406,-1.229,0.74,34.36
1786962238.967,,0,,,,-23.510,-25.976,True,0.406,-1.076,0.65,34.34
1786962239.067,,0,,,,-23.650,-26.077,True,0.409,-0.902,0.54,34.33
1786962239.142,,0,,,,-23.600,-26.041,True,0.408,-0.594,0.36,34.31
1786962241.817,,0,,,,-33.340,-33.070,True,0.668,-5.789,3.59,35.58
1786962241.892,,0,,,,-33.810,-33.410,True,0.681,-6.094,3.78,35.58
1786962241.967,,0,,,,-34.110,-33.626,True,0.690,-6.163,3.82,35.57
1786962242.042,,0,,,,-34.380,-33.821,True,0.698,-6.509,4.07,35.89
1786962242.117,,0,,,,-34.610,-33.987,True,0.705,-6.510,4.07,35.88
1786962242.192,,0,,,,-34.720,-34.066,True,0.708,-6.111,3.82,35.87
1786962242.292,,0,,,,-34.900,-34.196,True,0.713,-6.051,3.78,35.87
1786962242.367,,0,,,,-35.140,-34.370,True,0.720,-6.291,3.96,36.13
1786962242.467,,0,,,,-35.520,-34.644,True,0.732,-6.164,3.88,36.12
1786962242.542,,0,,,,-35.780,-34.831,True,0.739,-6.179,3.89,36.11
1786962242.592,,0,,,,-35.970,-34.969,True,0.745,-5.811,3.66,36.10
1786962242.667,,0,,,,-36.250,-35.171,True,0.753,-6.369,4.05,36.48
1786962242.767,,0,,,,-36.660,-35.467,True,0.766,-6.469,4.11,36.47
1786962242.867,,0,,,,-37.240,-35.909,True,0.776,-6.648,4.22,36.46
1786962242.967,,0,,,,-37.490,-36.115,True,0.776,-6.698,4.29,36.76
1786962243.092,,0,,,,-37.810,-36.378,True,0.776,-6.612,4.23,36.74
1786962243.167,,0,,,,-37.920,-36.468,True,0.776,-7.471,4.83,37.13
1786962243.317,,0,,,,-38.060,-36.583,True,0.776,-7.286,4.71,37.11
1786962243.392,,0,,,,-38.260,-36.748,True,0.776,-7.208,4.65,37.09
1786962243.467,,0,,,,-38.510,-36.953,True,0.776,-7.353,4.79,37.45
1786962243.567,,0,,,,-39.130,-37.463,True,0.776,-7.377,4.81,37.43
1786962243.642,,0,,,,-39.590,-37.841,True,0.776,-7.341,4.78,37.43
1786962243.767,,0,,,,-40.130,-38.285,True,0.776,-7.917,5.20,37.72
1786962243.842,,0,,,,-40.330,-38.449,True,0.776,-7.692,5.05,37.71
1786962243.942,,0,,,,-40.360,-38.474,True,0.776,-7.511,4.93,37.69
1786962244.042,,0,,,,-40.390,-38.498,True,0.776,-6.029,3.89,37.01
1786962244.167,,0,,,,-40.560,-38.638,True,0.776,-5.907,3.81,36.99
1786962244.267,,0,,,,-40.890,-38.909,True,0.776,-5.842,3.77,36.99
1786962244.342,,0,,,,-41.290,-39.238,True,0.776,-6.604,4.32,37.58
1786962244.442,,0,,,,-42.000,-39.822,True,0.776,-6.705,4.39,37.57
1786962244.542,,0,,,,-42.580,-40.298,True,0.776,-6.771,4.43,37.57
1786962244.617,,0,,,,-43.230,-40.833,True,0.776,-6.750,4.41,37.56
1786962244.692,,0,,,,-43.600,-41.137,True,0.776,-6.991,4.58,37.60
1786962244.792,,0,,,,-43.850,-41.342,True,0.776,-6.893,4.51,37.59
1786962244.842,,0,,,,-44.010,-41.474,True,0.776,-6.858,4.49,37.59
1786962244.942,,0,,,,-44.380,-41.778,True,0.776,-7.991,5.44,39.13
1786962244.992,,0,,,,-44.540,-41.909,True,0.776,-7.693,5.24,39.12
1786962245.092,,0,,,,-44.860,-42.172,True,0.776,-7.665,5.22,39.11
1786962245.192,,0,,,,-45.220,-42.468,True,0.776,-7.371,5.02,39.09
1786962245.292,,0,,,,-45.830,-42.970,True,0.776,-7.432,5.06,39.08
1786962245.392,,0,,,,-46.210,-43.282,True,0.776,-5.883,3.86,37.70
1786962245.492,,0,,,,-46.530,-43.545,True,0.776,-5.916,3.89,37.71
1786962245.592,,0,,,,-46.910,-43.857,True,0.776,-5.721,3.76,37.70
1786962245.692,,0,,,,-47.200,-44.096,True,0.776,-6.129,4.06,38.03
1786962245.842,,0,,,,-47.840,-44.622,True,0.776,-6.333,4.25,38.49
1786962245.942,,0,,,,-48.350,-45.041,True,0.776,-7.086,4.76,38.61
1786962246.042,,0,,,,-48.860,-45.460,True,0.776,-7.068,4.75,38.60
1786962246.117,,0,,,,-49.310,-45.837,True,0.769,-7.324,4.92,38.57
1786962246.192,,0,,,,-49.670,-46.141,True,0.761,-7.364,4.94,38.56
1786962246.267,,0,,,,-50.060,-46.471,True,0.753,-7.499,5.03,38.56
1786962246.342,,0,,,,-50.560,-46.894,True,0.742,-7.909,5.37,39.04
1786962246.492,,0,,,,-51.290,-47.511,True,0.727,-7.838,5.33,39.08
1786962246.642,,0,,,,-52.010,-48.120,True,0.712,-7.041,4.82,39.29
1786962246.717,,0,,,,-52.350,-48.407,True,0.704,-7.391,5.06,39.36
1786962246.817,,0,,,,-52.620,-48.635,True,0.699,-7.407,5.11,39.63
1786962246.892,,0,,,,-52.870,-48.847,True,0.693,-7.336,5.06,39.62
1786962247.067,,0,,,,-53.390,-49.286,True,0.682,-7.461,5.18,39.89
1786962247.167,,0,,,,-53.450,-49.337,True,0.681,-7.273,5.05,39.88
1786962247.242,,0,,,,-53.480,-49.362,True,0.681,-7.116,4.94,39.87
1786962247.592,,0,,,,-54.260,-50.022,True,0.664,-6.465,4.55,40.42
1786962247.667,,0,,,,-54.560,-50.276,True,0.658,-6.977,4.93,40.58
1786962247.767,,0,,,,-55.120,-50.749,True,0.646,-7.022,4.98,40.70
1786962247.867,,0,,,,-55.600,-51.155,True,0.637,-6.911,4.92,40.90
1786962247.967,,0,,,,-56.030,-51.518,True,0.628,-6.995,4.98,40.89
1786962248.042,,0,,,,-56.290,-51.738,True,0.622,-7.417,5.31,41.16
1786962248.117,,0,,,,-56.600,-52.000,True,0.616,-7.893,5.66,41.25
1786962248.192,,0,,,,-56.930,-52.279,True,0.609,-7.790,5.59,41.24
1786962248.342,,0,,,,-57.380,-52.660,True,0.600,-7.403,5.36,41.63
1786962248.442,,0,,,,-57.690,-52.922,True,0.594,-7.162,5.19,41.61
1786962248.492,,0,,,,-57.960,-53.150,True,0.588,-7.373,5.35,41.66
1786962248.567,,0,,,,-58.070,-53.243,True,0.586,-7.577,5.53,41.92
1786962248.642,,0,,,,-58.150,-53.311,True,0.585,-7.317,5.34,41.91
1786962248.692,,0,,,,-58.150,-53.311,True,0.585,-6.520,4.82,42.45
1786962248.742,,0,,,,-58.110,-53.277,True,0.585,-6.448,4.77,42.44
1786962248.792,,0,,,,-58.070,-53.243,True,0.586,-6.285,4.65,42.44
1786962248.867,,0,,,,-57.950,-53.141,True,0.589,-6.351,4.69,42.43
1786962248.917,,0,,,,-57.890,-53.091,True,0.590,-6.342,4.69,42.42
1786962248.992,,0,,,,-57.800,-53.015,True,0.592,-5.363,4.10,43.92
1786962249.092,,0,,,,-57.790,-53.006,True,0.592,-7.098,5.25,42.48
1786962249.192,,0,,,,-57.890,-53.091,True,0.590,-7.211,5.33,42.48
1786962249.267,,0,,,,-58.050,-53.226,True,0.587,-7.314,5.41,42.48
1786962249.367,,0,,,,-58.350,-53.480,True,0.581,-7.498,5.54,42.47
1786962249.467,,0,,,,-58.640,-53.725,True,0.575,-8.069,6.03,42.97
1786962249.667,,0,,,,-58.960,-53.995,True,0.568,-6.752,5.21,44.28
1786962249.742,,0,,,,-58.910,-53.953,True,0.569,-6.685,5.15,44.27
1786962249.792,,0,,,,-58.800,-53.860,True,0.572,-5.919,4.63,44.94
1786962249.917,,0,,,,-58.540,-53.640,True,0.577,-7.092,5.44,44.05
1786962250.017,,0,,,,-58.540,-53.640,True,0.577,-6.683,5.15,44.23
1786962250.092,,0,,,,-58.620,-53.708,True,0.575,-6.683,5.15,44.23
1786962250.167,,0,,,,-58.830,-53.885,True,0.571,-7.258,5.61,44.41
1786962250.292,,0,,,,-59.280,-54.266,True,0.562,-7.255,5.63,44.61
1786962250.442,,0,,,,-59.700,-54.621,True,0.554,-7.058,5.52,44.93
1786962250.542,,0,,,,-59.740,-54.655,True,0.553,-7.066,5.53,44.92
1786962250.592,,0,,,,-59.650,-54.579,True,0.555,-7.148,5.58,44.88
1786962250.667,,0,,,,-59.500,-54.452,True,0.558,-6.560,5.25,45.95
1786962250.767,,0,,,,-59.230,-54.224,True,0.563,-6.492,5.19,45.93
1786962250.842,,0,,,,-59.050,-54.071,True,0.567,-6.183,4.96,46.02
1786962250.942,,0,,,,-58.990,-54.021,True,0.568,-7.513,5.94,45.46
1786962251.042,,0,,,,-59.110,-54.122,True,0.565,-6.480,5.21,46.18
1786962251.117,,0,,,,-59.250,-54.241,True,0.563,-6.632,5.33,46.16
1786962251.192,,0,,,,-59.430,-54.393,True,0.559,-7.224,5.84,46.48
1786962251.292,,0,,,,-59.620,-54.553,True,0.555,-7.304,5.82,45.74
1786962251.367,,0,,,,-59.700,-54.621,True,0.554,-7.412,5.90,45.74
1786962251.442,,0,,,,-59.650,-54.579,True,0.555,-6.933,5.63,46.65
1786962251.517,,0,,,,-59.520,-54.469,True,0.557,-7.046,5.75,46.84
1786962251.592,,0,,,,-59.230,-54.224,True,0.563,-7.065,5.76,46.84
1786962251.667,,0,,,,-58.890,-53.936,True,0.570,-6.686,5.48,47.08
1786962251.742,,0,,,,-58.550,-53.649,True,0.577,-6.237,5.12,47.09
1786962251.867,,0,,,,-58.230,-53.378,True,0.583,-5.867,4.83,47.25
1786962251.967,,0,,,,-58.290,-53.429,True,0.582,-6.145,5.09,47.51
1786962252.092,,0,,,,-58.430,-53.547,True,0.579,-6.193,5.12,47.50
1786962252.142,,0,,,,-58.490,-53.598,True,0.578,-6.493,5.38,47.59
1786962252.242,,0,,,,-58.600,-53.691,True,0.576,-6.612,5.51,47.86
1786962252.317,,0,,,,-58.640,-53.725,True,0.575,-6.811,5.67,47.84
1786962252.417,,0,,,,-58.530,-53.632,True,0.577,-6.699,5.56,47.70
1786962252.492,,0,,,,-58.350,-53.480,True,0.581,-6.727,5.62,47.94
1786962252.567,,0,,,,-57.920,-53.116,True,0.589,-7.204,5.99,47.77
1786962252.667,,0,,,,-57.580,-52.829,True,0.596,-7.232,6.01,47.75
1786962252.742,,0,,,,-57.350,-52.634,True,0.601,-6.439,5.40,48.13
1786962252.792,,0,,,,-57.190,-52.499,True,0.604,-6.376,5.37,48.35
1786962252.842,,0,,,,-56.930,-52.279,True,0.609,-6.506,5.48,48.33
1786962252.892,,0,,,,-56.840,-52.203,True,0.611,-6.588,5.54,48.30
1786962252.967,,0,,,,-56.760,-52.135,True,0.613,-6.493,5.46,48.29
1786962253.017,,0,,,,-56.740,-52.119,True,0.613,-7.619,6.36,47.99
1786962253.142,,0,,,,-56.800,-52.169,True,0.612,-7.311,6.14,48.29
1786962253.242,,0,,,,-56.880,-52.237,True,0.610,-7.219,6.07,48.27
1786962253.292,,0,,,,-56.880,-52.237,True,0.610,-7.133,5.99,48.25
1786962253.367,,0,,,,-56.800,-52.169,True,0.612,-7.258,6.09,48.24
1786962253.417,,0,,,,-56.630,-52.026,True,0.615,-6.816,5.79,48.82
1786962253.542,,0,,,,-56.030,-51.518,True,0.628,-6.328,5.40,49.01
1786962253.617,,0,,,,-55.580,-51.138,True,0.637,-6.481,5.55,49.18
1786962253.692,,0,,,,-55.280,-50.884,True,0.643,-6.595,5.65,49.18
1786962254.092,,0,,,,-54.670,-50.369,True,0.656,-6.813,5.86,49.41
1786962254.242,,0,,,,-54.850,-50.521,True,0.652,-6.690,5.75,49.39
1786962254.642,,0,,,,-55.110,-50.740,True,0.647,-7.485,6.53,50.11
1786962254.717,,0,,,,-54.850,-50.521,True,0.652,-7.713,6.72,50.09
1786962254.817,,0,,,,-54.270,-50.030,True,0.664,-7.829,6.82,50.07
1786962254.867,,0,,,,-53.850,-49.675,True,0.673,-7.956,6.93,50.06
1786962254.967,,0,,,,-53.100,-49.041,True,0.689,-7.571,6.65,50.49
1786962255.042,,0,,,,-52.550,-48.576,True,0.700,-6.920,6.09,50.56
1786962255.142,,0,,,,-52.130,-48.221,True,0.709,-7.757,6.86,50.80
1786962255.267,,0,,,,-51.840,-47.976,True,0.715,-7.363,6.52,50.84
1786962255.392,,0,,,,-51.790,-47.934,True,0.716,-7.951,7.06,51.01
1786962255.542,,0,,,,-51.800,-47.942,True,0.716,-8.212,7.31,51.16
1786962255.692,,0,,,,-51.400,-47.604,True,0.724,-8.065,7.16,51.03
1786962255.792,,0,,,,-51.020,-47.283,True,0.733,-8.092,7.20,51.16
1786962256.117,,0,,,,-49.820,-46.268,True,0.758,-7.501,6.72,51.48
1786962256.167,,0,,,,-49.810,-46.260,True,0.758,-7.540,6.75,51.48
1786962256.292,,0,,,,-49.790,-46.243,True,0.759,-7.687,6.88,51.46
1786962256.342,,0,,,,-49.760,-46.218,True,0.759,-7.718,6.91,51.45
1786962256.492,,0,,,,-49.770,-46.226,True,0.759,-8.084,7.23,51.44
1786962256.617,,0,,,,-49.680,-46.150,True,0.761,-8.253,7.38,51.41
1786962256.717,,0,,,,-49.660,-46.133,True,0.762,-8.389,7.50,51.40
1786962256.792,,0,,,,-49.640,-46.116,True,0.762,-8.495,7.59,51.38
1786962256.892,,0,,,,-49.670,-46.141,True,0.761,-8.566,7.65,51.38
1786962256.942,,0,,,,-49.640,-46.116,True,0.762,-8.192,7.45,52.26
1786962257.042,,0,,,,-49.590,-46.074,True,0.763,-8.215,7.47,52.24
1786962257.117,,0,,,,-49.420,-45.930,True,0.767,-8.144,7.40,52.23
1786962257.242,,0,,,,-49.000,-45.575,True,0.776,-7.581,6.94,52.59
1786962257.342,,0,,,,-48.440,-45.115,True,0.776,-7.546,6.92,52.67
1786962257.442,,0,,,,-47.950,-44.712,True,0.776,-7.749,7.10,52.65
1786962257.517,,0,,,,-47.650,-44.465,True,0.776,-7.687,7.04,52.63
1786962257.617,,0,,,,-47.420,-44.276,True,0.776,-7.621,7.00,52.81
1786962257.717,,0,,,,-47.180,-44.079,True,0.776,-7.864,7.26,53.06
1786962257.792,,0,,,,-46.990,-43.923,True,0.776,-7.957,7.34,53.05
1786962257.892,,0,,,,-46.890,-43.841,True,0.776,-7.898,7.28,52.99
1786962257.967,,0,,,,-46.800,-43.767,True,0.776,-8.101,7.50,53.25
1786962258.042,,0,,,,-46.710,-43.693,True,0.776,-8.134,7.53,53.24
1786962258.142,,0,,,,-46.700,-43.685,True,0.776,-8.023,7.44,53.30
1786962258.192,,0,,,,-46.700,-43.685,True,0.776,-7.698,7.15,53.35
1786962258.292,,0,,,,-46.700,-43.685,True,0.776,-7.680,7.13,53.34
1786962258.367,,0,,,,-46.720,-43.701,True,0.776,-8.000,7.42,53.32
1786962258.442,,0,,,,-46.720,-43.701,True,0.776,-8.275,7.74,53.77
1786962258.542,,0,,,,-46.670,-43.660,True,0.776,-8.472,7.92,53.74
1786962258.742,,0,,,,-46.550,-43.561,True,0.776,-8.694,8.12,53.71
1786962258.867,,0,,,,-46.480,-43.504,True,0.776,-8.619,8.05,53.69
1786962258.967,,0,,,,-46.270,-43.331,True,0.776,-8.682,8.10,53.68
1786962259.067,,0,,,,-46.010,-43.117,True,0.776,-8.835,8.24,53.67
1786962259.167,,0,,,,-45.800,-42.945,True,0.776,-8.977,8.37,53.65
1786962259.267,,0,,,,-45.580,-42.764,True,0.776,-9.115,8.50,53.64
1786962259.367,,0,,,,-45.430,-42.641,True,0.776,-9.193,8.57,53.62
1786962259.442,,0,,,,-45.190,-42.443,True,0.776,-8.236,7.79,54.40
1786962259.517,,0,,,,-45.030,-42.312,True,0.776,-8.363,7.91,54.39
1786962259.592,,0,,,,-44.890,-42.197,True,0.776,-8.519,8.05,54.37
1786962259.692,,0,,,,-44.670,-42.016,True,0.776,-8.624,8.15,54.35
1786962259.792,,0,,,,-44.460,-41.843,True,0.776,-8.470,8.06,54.73
1786962259.867,,0,,,,-44.270,-41.687,True,0.776,-8.234,7.85,54.81
1786962259.942,,0,,,,-44.080,-41.531,True,0.776,-8.198,7.83,54.89
1786962259.992,,0,,,,-43.980,-41.449,True,0.776,-8.384,8.00,54.88
1786962260.067,,0,,,,-43.980,-41.449,True,0.776,-8.387,8.00,54.86
1786962260.142,,0,,,,-44.070,-41.523,True,0.776,-8.573,8.18,54.84
1786962260.242,,0,,,,-44.310,-41.720,True,0.776,-8.678,8.29,54.95
1786962260.342,,0,,,,-44.480,-41.860,True,0.776,-8.488,8.16,55.32
1786962260.416,,0,,,,-44.580,-41.942,True,0.776,-8.957,8.60,55.22
1786962260.491,,0,,,,-44.530,-41.901,True,0.776,-9.041,8.68,55.20
1786962260.592,,0,,,,-44.390,-41.786,True,0.776,-8.647,8.32,55.35
1786962260.666,,0,,,,-44.270,-41.687,True,0.776,-8.828,8.49,55.33
1786962260.766,,0,,,,-44.120,-41.564,True,0.776,-9.023,8.67,55.31
1786962260.842,,0,,,,-44.060,-41.515,True,0.776,-9.108,8.75,55.31
1786962260.891,,0,,,,-44.030,-41.490,True,0.776,-9.210,8.85,55.31
1786962260.942,,0,,,,-43.970,-41.441,True,0.776,-9.286,8.92,55.29
1786962261.042,,0,,,,-43.930,-41.408,True,0.776,-9.300,8.93,55.29
1786962261.116,,0,,,,-43.920,-41.400,True,0.776,-9.471,9.10,55.27
1786962261.166,,0,,,,-43.940,-41.416,True,0.776,-9.413,9.04,55.27
1786962261.267,,0,,,,-43.990,-41.457,True,0.776,-9.671,9.28,55.25
1786962261.341,,0,,,,-44.020,-41.482,True,0.776,-9.321,9.05,55.87
1786962261.491,,0,,,,-44.040,-41.498,True,0.776,-8.973,8.71,55.86
1786962261.566,,0,,,,-44.040,-41.498,True,0.776,-9.127,8.86,55.84
1786962261.642,,0,,,,-43.990,-41.457,True,0.776,-9.002,8.77,56.06
1786962261.741,,0,,,,-43.920,-41.400,True,0.776,-8.032,7.90,56.51
1786962261.816,,0,,,,-43.830,-41.326,True,0.776,-8.100,7.96,56.51
1786962261.916,,0,,,,-43.680,-41.202,True,0.776,-7.898,7.79,56.68
1786962261.991,,0,,,,-43.550,-41.096,True,0.776,-7.736,7.62,56.58
1786962262.066,,0,,,,-43.450,-41.013,True,0.776,-7.647,7.53,56.58
1786962262.141,,0,,,,-43.410,-40.980,True,0.776,-8.064,7.91,56.42
1786962262.216,,0,,,,-43.420,-40.989,True,0.776,-7.603,7.54,56.95
1786962262.266,,0,,,,-43.460,-41.022,True,0.776,-7.739,7.67,56.95
1786962262.342,,0,,,,-43.550,-41.096,True,0.776,-8.590,8.45,56.54
1786962262.391,,0,,,,-43.730,-41.243,True,0.776,-8.918,8.76,56.53
1786962262.466,,0,,,,-43.870,-41.359,True,0.776,-9.109,8.99,56.75
1786962262.542,,0,,,,-43.930,-41.408,True,0.776,-9.144,9.02,56.74
1786962262.616,,0,,,,-44.050,-41.507,True,0.776,-8.543,8.46,56.93
1786962262.716,,0,,,,-44.120,-41.564,True,0.776,-8.465,8.40,57.05
1786962262.817,,0,,,,-44.150,-41.589,True,0.776,-8.480,8.41,57.04
1786962262.942,,0,,,,-44.140,-41.580,True,0.776,-8.306,8.27,57.25
1786962263.041,,0,,,,-44.060,-41.515,True,0.776,-8.507,8.45,57.12
1786962263.216,,0,,,,-43.740,-41.252,True,0.776,-7.789,7.79,57.48
1786962263.316,,0,,,,-43.670,-41.194,True,0.776,-8.323,8.32,57.46
1786962263.441,,0,,,,-43.880,-41.367,True,0.776,-8.228,8.22,57.45
1786962263.491,,0,,,,-43.950,-41.424,True,0.776,-8.228,8.22,57.44
1786962263.591,,0,,,,-44.130,-41.572,True,0.776,-8.402,8.39,57.43
1786962263.691,,0,,,,-44.430,-41.819,True,0.776,-9.067,9.06,57.48
1786962263.766,,0,,,,-44.410,-41.802,True,0.776,-9.162,9.15,57.46
1786962263.816,,0,,,,-44.300,-41.712,True,0.776,-9.119,9.11,57.45
1786962263.867,,0,,,,-44.080,-41.531,True,0.776,-9.299,9.28,57.44
1786962263.966,,0,,,,-43.560,-41.104,True,0.776,-8.656,8.67,57.60
1786962264.041,,0,,,,-43.400,-40.972,True,0.776,-8.396,8.43,57.70
1786962264.191,,0,,,,-43.150,-40.767,True,0.776,-8.599,8.65,57.84
1786962264.441,,0,,,,-43.370,-40.948,True,0.776,-8.777,8.85,57.99
1786962264.591,,0,,,,-43.320,-40.907,True,0.776,-8.903,8.97,57.96
1786962264.716,,0,,,,-43.170,-40.783,True,0.776,-8.895,8.96,57.95
1786962264.866,,0,,,,-43.040,-40.676,True,0.776,-8.884,8.96,58.00
1786962264.991,,0,,,,-43.220,-40.824,True,0.776,-9.060,9.13,57.98
1786962265.066,,0,,,,-43.480,-41.038,True,0.776,-8.221,8.40,58.73
1786962265.141,,0,,,,-43.770,-41.276,True,0.776,-8.236,8.43,58.86
1786962265.216,,0,,,,-44.000,-41.465,True,0.776,-8.366,8.56,58.85
1786962265.366,,0,,,,-44.580,-41.942,True,0.776,-9.747,9.89,58.43
1786962265.441,,0,,,,-44.700,-42.041,True,0.776,-8.517,8.65,58.43
1786962265.541,,0,,,,-44.760,-42.090,True,0.776,-8.810,8.97,58.54
1786962265.616,,0,,,,-44.790,-42.115,True,0.776,-9.102,9.27,58.61
1786962265.691,,0,,,,-44.750,-42.082,True,0.776,-8.857,9.02,58.61
1786962265.766,,0,,,,-44.600,-41.959,True,0.776,-8.322,8.51,58.81
1786962265.841,,0,,,,-44.440,-41.827,True,0.776,-8.380,8.57,58.80
1786962265.916,,0,,,,-44.350,-41.753,True,0.776,-8.439,8.63,58.77
1786962266.016,,0,,,,-44.250,-41.671,True,0.776,-8.155,8.32,58.65
1786962266.091,,0,,,,-44.290,-41.704,True,0.776,-8.386,8.55,58.63
1786962266.216,,0,,,,-44.410,-41.802,True,0.776,-8.606,8.80,58.78
1786962266.291,,0,,,,-44.450,-41.835,True,0.776,-8.633,8.82,58.76
1786962266.391,,0,,,,-44.540,-41.909,True,0.776,-7.772,8.01,59.26
1786962266.466,,0,,,,-44.470,-41.852,True,0.776,-7.783,8.02,59.25
1786962266.541,,0,,,,-44.400,-41.794,True,0.776,-7.361,7.54,58.85
1786962266.591,,0,,,,-44.360,-41.761,True,0.776,-7.978,8.21,59.13
1786962266.666,,0,,,,-44.340,-41.745,True,0.776,-8.110,8.34,59.12
1786962266.741,,0,,,,-44.430,-41.819,True,0.776,-8.047,8.31,59.36
1786962266.816,,0,,,,-44.530,-41.901,True,0.776,-8.228,8.49,59.35
1786962266.891,,0,,,,-44.800,-42.123,True,0.776,-8.322,8.59,59.34
1786962266.966,,0,,,,-45.090,-42.361,True,0.776,-8.034,8.27,59.21
1786962267.041,,0,,,,-45.330,-42.559,True,0.776,-7.968,8.21,59.20
1786962267.116,,0,,,,-45.510,-42.707,True,0.776,-8.004,8.24,59.19
1786962267.191,,0,,,,-45.630,-42.805,True,0.776,-8.276,8.52,59.18
1786962267.291,,0,,,,-45.800,-42.945,True,0.776,-8.134,8.39,59.27
1786962267.391,,0,,,,-45.790,-42.937,True,0.776,-8.562,8.82,59.27
1786962267.466,,0,,,,-45.750,-42.904,True,0.776,-8.633,8.90,59.27
1786962267.541,,0,,,,-45.760,-42.912,True,0.776,-7.610,7.91,59.71
1786962267.641,,0,,,,-45.800,-42.945,True,0.776,-7.784,8.09,59.70
1786962267.716,,0,,,,-45.850,-42.986,True,0.776,-8.038,8.35,59.69
1786962267.766,,0,,,,-45.980,-43.093,True,0.776,-8.110,8.42,59.68
1786962267.841,,0,,,,-46.050,-43.150,True,0.776,-8.257,8.57,59.67
1786962267.916,,0,,,,-46.120,-43.208,True,0.776,-8.266,8.58,59.66
1786962267.991,,0,,,,-46.120,-43.208,True,0.776,-8.268,8.58,59.65
1786962268.066,,0,,,,-46.100,-43.191,True,0.776,-8.367,8.68,59.65
1786962268.191,,0,,,,-46.040,-43.142,True,0.776,-8.474,8.79,59.63
1786962268.291,,0,,,,-45.860,-42.994,True,0.776,-8.696,9.01,59.62
1786962268.366,,0,,,,-45.810,-42.953,True,0.776,-8.786,9.11,59.61
1786962268.416,,0,,,,-45.650,-42.822,True,0.776,-8.743,9.06,59.61
1786962268.491,,0,,,,-45.570,-42.756,True,0.776,-8.958,9.28,59.59
1786962268.541,,0,,,,-45.480,-42.682,True,0.776,-9.030,9.35,59.59
1786962268.642,,0,,,,-45.320,-42.550,True,0.776,-7.905,8.23,59.87
1786962268.716,,0,,,,-45.190,-42.443,True,0.776,-8.030,8.36,59.86
1786962268.766,,0,,,,-45.160,-42.419,True,0.776,-8.089,8.42,59.85
1786962268.841,,0,,,,-45.040,-42.320,True,0.776,-7.994,8.37,60.18
1786962268.941,,0,,,,-44.950,-42.246,True,0.776,-8.242,8.62,60.16
1786962269.041,,0,,,,-44.910,-42.213,True,0.776,-8.399,8.78,60.14
1786962269.116,,0,,,,-44.980,-42.271,True,0.776,-8.668,9.04,60.02
1786962269.241,,0,,,,-45.140,-42.402,True,0.776,-7.948,8.36,60.45
1786962269.316,,0,,,,-45.290,-42.526,True,0.776,-8.011,8.43,60.46
1786962269.366,,0,,,,-45.370,-42.591,True,0.776,-8.041,8.46,60.45
1786962269.441,,0,,,,-45.460,-42.665,True,0.776,-9.024,9.43,60.14
1786962269.516,,0,,,,-45.520,-42.715,True,0.776,-8.304,8.68,60.09
1786962269.591,,0,,,,-45.560,-42.748,True,0.776,-8.447,8.83,60.07
1786962269.666,,0,,,,-45.580,-42.764,True,0.776,-8.481,8.86,60.07
1786962269.716,,0,,,,-45.550,-42.739,True,0.776,-8.629,9.01,60.06
1786962269.816,,0,,,,-45.430,-42.641,True,0.776,-9.045,9.47,60.25
1786962269.891,,0,,,,-45.220,-42.468,True,0.776,-9.403,9.84,60.23
1786962269.966,,0,,,,-45.020,-42.304,True,0.776,-9.386,9.82,60.22
1786962270.041,,0,,,,-44.810,-42.131,True,0.776,-7.995,8.44,60.65
1786962270.116,,0,,,,-44.590,-41.950,True,0.776,-8.289,8.74,60.64
1786962270.216,,0,,,,-44.400,-41.794,True,0.776,-7.643,8.07,60.65
1786962270.366,,0,,,,-44.020,-41.482,True,0.776,-7.614,8.03,60.63
1786962270.441,,0,,,,-43.680,-41.202,True,0.776,-9.001,9.44,60.32
1786962270.541,,0,,,,-43.340,-40.923,True,0.776,-7.228,7.66,60.91
1786962270.616,,0,,,,-43.100,-40.726,True,0.776,-7.345,7.79,60.91
1786962270.716,,0,,,,-42.840,-40.512,True,0.776,-8.876,9.37,60.71
1786962270.791,,0,,,,-42.770,-40.454,True,0.776,-9.017,9.51,60.70
1786962270.866,,0,,,,-42.790,-40.471,True,0.776,-8.997,9.49,60.69
1786962273.941,,0,,,,-41.820,-39.674,True,0.776,-7.050,7.61,62.02
1786962274.041,,0,,,,-41.840,-39.690,True,0.776,-7.144,7.70,61.89
1786962274.141,,0,,,,-41.620,-39.509,True,0.776,-7.692,8.27,61.82
1786962274.266,,0,,,,-41.030,-39.024,True,0.776,-7.897,8.51,61.92
1786962274.366,,0,,,,-40.560,-38.638,True,0.776,-7.652,8.28,62.15
1786962274.466,,0,,,,-40.310,-38.433,True,0.776,-7.529,8.11,61.91
1786962274.541,,0,,,,-40.020,-38.194,True,0.776,-7.948,8.56,61.89
1786962274.616,,0,,,,-39.680,-37.915,True,0.776,-8.486,9.15,62.03
1786962274.666,,0,,,,-39.280,-37.586,True,0.776,-8.857,9.55,62.02
1786962274.791,,0,,,,-38.480,-36.928,True,0.776,-8.891,9.60,62.09
1786962274.841,,0,,,,-37.770,-36.345,True,0.776,-9.683,10.46,62.18
1786962274.941,,0,,,,-37.320,-35.975,True,0.776,-10.078,10.88,62.19
1786962275.016,,0,,,,-36.910,-35.647,True,0.773,-10.193,10.99,62.11
1786962275.116,,0,,,,-36.640,-35.452,True,0.765,-10.550,11.37,62.09
1786962275.166,,0,,,,-36.380,-35.265,True,0.757,-9.928,10.70,62.06
1786962275.241,,0,,,,-36.130,-35.084,True,0.750,-10.290,11.08,62.05
1786962275.366,,0,,,,-35.980,-34.976,True,0.745,-10.407,11.20,62.03
1786962275.441,,0,,,,-35.870,-34.896,True,0.742,-10.395,11.19,62.01
1786962275.541,,0,,,,-35.700,-34.774,True,0.737,-10.319,11.10,61.99
1786962275.616,,0,,,,-35.450,-34.593,True,0.730,-10.120,10.89,61.98
1786962275.716,,0,,,,-35.100,-34.341,True,0.719,-9.965,10.72,61.97
1786962275.791,,0,,,,-34.840,-34.153,True,0.712,-9.958,10.71,61.95
1786962275.866,,0,,,,-34.560,-33.951,True,0.703,-9.837,10.58,61.95
1786962275.966,,0,,,,-34.220,-33.706,True,0.693,-9.712,10.45,61.93
1786962276.066,,0,,,,-34.040,-33.576,True,0.688,-9.453,10.17,61.92
1786962276.166,,0,,,,-34.020,-33.561,True,0.688,-9.381,10.09,61.90
1786962276.266,,0,,,,-34.020,-33.561,True,0.688,-9.226,9.92,61.89
1786962276.316,,0,,,,-33.980,-33.532,True,0.686,-8.965,9.64,61.89
1786962276.391,,0,,,,-33.880,-33.460,True,0.684,-8.971,9.65,61.88
1786962276.566,,0,,,,-33.620,-33.273,True,0.676,-6.918,7.50,62.24
1786962276.641,,0,,,,-33.490,-33.179,True,0.672,-7.008,7.59,62.23
1786962276.741,,0,,,,-33.330,-33.063,True,0.668,-7.044,7.63,62.21
1786962276.841,,0,,,,-33.190,-32.962,True,0.663,-5.907,6.46,62.77
1786962276.916,,0,,,,-33.060,-32.868,True,0.660,-6.038,6.60,62.77
1786962277.266,,0,,,,-32.630,-32.558,True,0.647,-6.991,7.62,62.60
1786962277.366,,0,,,,-32.510,-32.471,True,0.644,-6.311,6.91,62.87
1786962277.491,,0,,,,-32.460,-32.435,True,0.642,-7.345,7.99,62.47
1786962277.666,,0,,,,-32.590,-32.529,True,0.646,-7.556,8.25,62.71
1786962278.041,,0,,,,-32.550,-32.500,True,0.645,-7.981,8.69,62.62
1786962278.166,,0,,,,-32.170,-32.226,True,0.634,-7.412,8.06,62.47
1786962278.241,,0,,,,-31.820,-31.973,True,0.624,-7.023,7.67,62.73
1786962280.066,,0,,,,-32.330,-32.342,True,0.639,-7.576,8.27,62.76
1786962280.391,,0,,,,-31.680,-31.872,True,0.620,-7.141,7.87,63.34
1786962280.891,,0,,,,-31.260,-31.569,True,0.608,-7.972,8.82,63.58
1786962281.391,,0,,,,-30.690,-31.158,True,0.592,-7.538,8.34,63.56
1786962281.841,,0,,,,-30.330,-30.898,True,0.582,-6.973,7.76,63.94
1786962281.941,,0,,,,-30.350,-30.913,True,0.583,-7.321,8.15,63.92
1786962282.041,,0,,,,-30.440,-30.977,True,0.585,-7.605,8.46,63.90
1786962282.616,,0,,,,-30.340,-30.905,True,0.582,-7.758,8.65,64.04
1786962285.691,,0,,,,-28.950,-29.902,True,0.544,-5.570,6.37,65.61
1786962285.791,,0,,,,-29.070,-29.989,True,0.547,-5.731,6.55,65.61
1786962285.841,,0,,,,-29.190,-30.075,True,0.550,-5.617,6.45,65.86
1786962285.941,,0,,,,-29.150,-30.046,True,0.549,-5.395,6.20,65.92
1786962286.016,,0,,,,-29.110,-30.018,True,0.548,-5.813,6.68,65.91
1786962286.116,,0,,,,-28.930,-29.888,True,0.543,-6.901,7.89,65.69
1786962286.191,,0,,,,-28.760,-29.765,True,0.539,-7.313,8.37,65.77
1786962286.266,,0,,,,-28.460,-29.548,True,0.531,-6.459,7.42,65.98
1786962286.416,,0,,,,-27.820,-29.087,True,0.513,-6.003,6.98,66.78
1786962286.466,,0,,,,-27.490,-28.848,True,0.505,-6.142,7.14,66.77
1786962286.566,,0,,,,-27.010,-28.502,True,0.492,-7.657,8.79,65.93
1786962286.641,,0,,,,-26.800,-28.350,True,0.487,-7.194,8.28,66.13
1786962286.716,,0,,,,-26.690,-28.271,True,0.484,-7.142,8.22,66.12
1786962286.791,,0,,,,-26.720,-28.293,True,0.485,-6.691,7.69,66.00
1786962286.866,,0,,,,-26.710,-28.285,True,0.484,-6.773,7.80,66.12
1786962286.941,,0,,,,-26.680,-28.264,True,0.483,-6.804,7.83,66.10
1786962287.041,,0,,,,-26.650,-28.242,True,0.483,-6.374,7.37,66.42
1786962287.091,,0,,,,-26.630,-28.228,True,0.482,-6.416,7.42,66.40
1786962287.166,,0,,,,-26.590,-28.199,True,0.481,-6.392,7.39,66.40
1786962287.266,,0,,,,-26.550,-28.170,True,0.480,-6.514,7.51,66.18
1786962287.341,,0,,,,-26.500,-28.134,True,0.479,-6.507,7.50,66.16
1786962287.441,,0,,,,-26.350,-28.026,True,0.475,-6.494,7.48,66.14
1786962287.516,,0,,,,-26.260,-27.961,True,0.473,-5.641,6.55,66.60
1786962287.566,,0,,,,-26.140,-27.874,True,0.470,-5.577,6.47,66.59
1786962287.691,,0,,,,-25.950,-27.737,True,0.465,-5.211,6.05,66.57
1786962287.766,,0,,,,-25.860,-27.672,True,0.463,-4.791,5.58,66.86
1786962287.866,,0,,,,-25.720,-27.571,True,0.459,-4.206,4.90,66.77
1786962287.941,,0,,,,-25.640,-27.513,True,0.457,-4.636,5.39,66.74
1786962288.066,,0,,,,-25.550,-27.448,True,0.455,-5.373,6.23,66.52
1786962288.141,,0,,,,-25.480,-27.398,True,0.453,-5.452,6.32,66.51
1786962288.191,,0,,,,-25.490,-27.405,True,0.453,-4.206,4.91,66.98
1786962288.316,,0,,,,-25.540,-27.441,True,0.455,-4.082,4.78,67.10
1786962288.416,,0,,,,-25.580,-27.470,True,0.456,-4.278,5.00,67.07
1786962288.466,,0,,,,-25.560,-27.455,True,0.455,-4.414,5.16,67.06
1786962288.566,,0,,,,-25.500,-27.412,True,0.454,-4.377,5.12,67.04
1786962288.666,,0,,,,-25.320,-27.282,True,0.449,-4.269,4.98,66.94
1786962288.791,,0,,,,-25.060,-27.095,True,0.443,-4.236,4.94,66.91
1786962288.866,,0,,,,-24.930,-27.001,True,0.440,-4.330,5.05,66.90
1786962288.916,,0,,,,-24.870,-26.957,True,0.438,-4.415,5.15,66.89
1786962289.041,,0,,,,-24.920,-26.994,True,0.439,-3.985,4.68,67.41
1786962289.166,,0,,,,-25.260,-27.239,True,0.448,-4.558,5.36,67.39
1786962289.241,,0,,,,-25.440,-27.369,True,0.452,-4.900,5.76,67.38
1786962289.316,,0,,,,-25.580,-27.470,True,0.456,-4.707,5.55,67.59
1786962289.391,,0,,,,-25.690,-27.549,True,0.458,-5.114,6.03,67.61
1786962289.466,,0,,,,-25.790,-27.621,True,0.461,-5.253,6.19,67.59
1786962289.541,,0,,,,-25.820,-27.643,True,0.462,-5.664,6.67,67.62
1786962289.616,,0,,,,-25.770,-27.607,True,0.460,-4.586,5.40,67.56
1786962289.691,,0,,,,-25.570,-27.463,True,0.455,-4.535,5.34,67.54
1786962289.791,,0,,,,-25.150,-27.160,True,0.445,-4.419,5.23,67.87
1786962289.866,,0,,,,-24.890,-26.972,True,0.439,-4.165,4.92,67.75
1786962289.941,,0,,,,-24.560,-26.734,True,0.431,-4.221,4.99,67.74
1786962290.016,,0,,,,-24.460,-26.662,True,0.428,-4.496,5.33,67.98
1786962290.091,,0,,,,-24.470,-26.669,True,0.429,-3.311,3.93,68.06
1786962290.166,,0,,,,-24.460,-26.662,True,0.428,-3.374,4.00,68.06
1786962290.241,,0,,,,-24.470,-26.669,True,0.429,-4.458,5.28,67.93
1786962290.291,,0,,,,-24.480,-26.676,True,0.429,-4.518,5.35,67.91
1786962290.391,,0,,,,-24.430,-26.640,True,0.428,-4.236,5.02,68.03
1786962290.466,,0,,,,-24.340,-26.575,True,0.425,-4.401,5.24,68.23
1786962290.541,,0,,,,-24.140,-26.431,True,0.421,-4.637,5.51,68.22
1786962290.591,,0,,,,-23.960,-26.301,True,0.417,-4.778,5.68,68.20
1786962290.641,,0,,,,-23.890,-26.250,True,0.415,-4.748,5.65,68.20
1786962290.741,,0,,,,-23.580,-26.026,True,0.408,-3.451,4.11,68.36
1786962290.816,,0,,,,-23.220,-25.758,True,0.405,-4.627,5.49,68.11
1786962290.916,,0,,,,-22.670,-25.318,True,0.419,-3.668,4.38,68.46
1786962290.991,,0,,,,-22.460,-25.150,True,0.424,-3.776,4.51,68.44
1786962291.091,,0,,,,-22.410,-25.110,True,0.426,-2.782,3.36,69.13
1786962291.241,,0,,,,-22.510,-25.190,True,0.423,-4.242,5.06,68.37
1786962291.341,,0,,,,-22.700,-25.342,True,0.418,-3.830,4.58,68.53
1786962291.391,,0,,,,-22.740,-25.374,True,0.417,-4.211,5.05,68.71
1786962291.466,,0,,,,-22.820,-25.438,True,0.415,-4.326,5.18,68.70
1786962291.541,,0,,,,-22.870,-25.478,True,0.414,-3.761,4.53,69.09
1786962291.616,,0,,,,-22.820,-25.438,True,0.415,-3.662,4.41,69.08
1786962291.691,,0,,,,-22.720,-25.358,True,0.418,-3.571,4.28,68.80
1786962291.766,,0,,,,-22.480,-25.166,True,0.424,-3.292,3.95,68.70
1786962291.841,,0,,,,-22.210,-24.950,True,0.431,-3.133,3.75,68.69
1786962291.941,,0,,,,-21.990,-24.774,True,0.437,-2.450,2.96,69.18
1786962292.016,,0,,,,-21.890,-24.694,True,0.439,-2.630,3.17,69.00
1786962292.091,,0,,,,-21.890,-24.694,True,0.439,-2.386,2.88,69.15
1786962292.141,,0,,,,-21.950,-24.742,True,0.438,-2.590,3.12,69.13
1786962292.241,,0,,,,-22.040,-24.814,True,0.435,-2.703,3.25,68.97
1786962292.341,,0,,,,-22.130,-24.886,True,0.433,-2.633,3.18,69.15
1786962292.416,,0,,,,-22.100,-24.862,True,0.434,-2.703,3.26,69.14
1786962292.491,,0,,,,-21.960,-24.750,True,0.438,-2.775,3.36,69.42
1786962292.566,,0,,,,-21.660,-24.511,True,0.446,-2.391,2.90,69.48
1786962292.641,,0,,,,-21.350,-24.263,True,0.454,-2.435,2.95,69.47
1786962292.741,,0,,,,-20.990,-23.975,True,0.464,-1.907,2.31,69.50
1786962292.816,,0,,,,-20.820,-23.839,True,0.469,-2.081,2.53,69.78
1786962292.916,,0,,,,-20.640,-23.695,True,0.474,-2.761,3.35,69.59
1786962292.991,,0,,,,-20.550,-23.623,True,0.477,-2.925,3.55,69.57
1786962293.091,,0,,,,-20.470,-23.559,True,0.479,-2.480,3.01,69.61
1786962293.191,,0,,,,-20.320,-23.439,True,0.483,-2.460,2.99,69.60
1786962293.316,,0,,,,-20.180,-23.327,True,0.487,-3.152,3.83,69.73
1786962293.466,,0,,,,-19.880,-23.087,True,0.496,-1.891,2.31,70.08
1786962293.541,,0,,,,-19.760,-22.991,True,0.499,-2.766,3.37,69.82
1786962293.616,,0,,,,-19.710,-22.951,True,0.501,-2.996,3.65,69.87
1786962293.816,,0,,,,-19.640,-22.895,True,0.503,-2.700,3.30,70.13
1786962294.066,,0,,,,-19.410,-22.711,True,0.510,-2.588,3.17,70.28
1786962294.166,,0,,,,-19.360,-22.671,True,0.511,-2.986,3.66,70.21
1786962294.341,,0,,,,-19.280,-22.607,True,0.513,-3.358,4.11,70.22
1786962294.491,,0,,,,-19.190,-22.535,True,0.516,-2.481,3.06,70.64
1786962294.641,,0,,,,-18.910,-22.311,True,0.524,-1.756,2.16,70.54
1786962294.691,,0,,,,-18.750,-22.183,True,0.529,-1.764,2.17,70.52
1786962294.841,,0,,,,-18.390,-21.896,True,0.540,-1.557,1.92,70.49
1786962294.916,,0,,,,-18.160,-21.712,True,0.547,-0.822,1.02,70.83
1786962294.991,,0,,,,-17.990,-21.576,True,0.552,-1.377,1.70,70.61
1786962295.091,,0,,,,-17.820,-21.440,True,0.557,-1.343,1.65,70.60
1786962295.141,,0,,,,-17.710,-21.352,True,0.561,-1.244,1.54,70.87
1786962295.216,,0,,,,-17.600,-21.264,True,0.564,-0.986,1.22,70.91
1786962295.291,,0,,,,-17.480,-21.168,True,0.568,-1.311,1.62,70.89
1786962295.366,,0,,,,-17.480,-21.168,True,0.568,-1.688,2.09,70.83
1786962295.466,,0,,,,-17.400,-21.104,True,0.570,-1.150,1.44,71.53
1786962295.566,,0,,,,-17.300,-21.024,True,0.573,-1.886,2.33,70.84
1786962295.641,,0,,,,-17.220,-20.960,True,0.576,-2.070,2.56,70.82
1786962295.741,,0,,,,-17.050,-20.824,True,0.581,-1.513,1.90,71.88
1786962295.866,,0,,,,-16.740,-20.576,True,0.591,-1.398,1.75,71.86
1786962296.016,,0,,,,-16.360,-20.272,True,0.602,-1.432,1.78,71.24
1786962296.091,,0,,,,-16.330,-20.248,True,0.603,-1.517,1.88,71.22
1786962296.166,,0,,,,-16.380,-20.288,True,0.602,-1.486,1.85,71.21
1786962296.266,,0,,,,-16.440,-20.336,True,0.600,-1.442,1.79,71.19
1786962296.466,,0,,,,-16.360,-20.272,True,0.602,-1.463,1.83,71.52
1786962296.516,,0,,,,-16.260,-20.192,True,0.606,-0.688,0.86,71.93
1786962296.641,,0,,,,-16.040,-20.016,True,0.612,-0.973,1.21,71.49
1786962296.716,,0,,,,-15.870,-19.880,True,0.618,-1.069,1.33,71.47
1786962296.791,,0,,,,-15.670,-19.720,True,0.624,-0.874,1.09,71.58
1786962296.841,,0,,,,-15.600,-19.665,True,0.626,-1.078,1.35,71.56
1786962296.916,,0,,,,-15.530,-19.609,True,0.629,-1.300,1.63,71.74
1786962297.041,,0,,,,-15.360,-19.473,True,0.634,-0.699,0.88,71.90
1786962297.166,,0,,,,-15.200,-19.345,True,0.639,-1.633,2.05,71.94
1786962297.366,,0,,,,-14.720,-18.961,True,0.654,-1.123,1.41,72.17
1786962297.466,,0,,,,-14.460,-18.753,True,0.663,-0.938,1.18,71.94
1786962297.566,,0,,,,-14.240,-18.577,True,0.670,-0.350,0.44,72.02
1786962297.666,,0,,,,-14.080,-18.449,True,0.675,-0.862,1.08,72.08
1786962297.741,,0,,,,-13.870,-18.281,True,0.682,-1.019,1.28,72.05
1786962297.816,,0,,,,-13.690,-18.137,True,0.688,-0.171,0.22,72.23
1786962297.891,,0,,,,-13.530,-18.009,True,0.693,-0.725,0.91,72.30
1786962297.966,,0,,,,-13.220,-17.761,True,0.703,-0.711,0.90,72.29
1786962298.066,,0,,,,-13.090,-17.657,True,0.707,0.592,0.76,73.32
1786962298.116,,0,,,,-12.990,-17.577,True,0.710,-0.024,0.03,72.59
1786962298.166,,0,,,,-12.860,-17.473,True,0.715,0.058,0.07,72.58
1786962298.266,,0,,,,-12.750,-17.385,True,0.718,0.929,1.18,72.74
1786962298.341,,0,,,,-12.800,-17.425,True,0.716,0.417,0.53,72.61
1786962298.441,,0,,,,-12.960,-17.553,True,0.711,0.592,0.75,72.89
1786962298.491,,0,,,,-13.060,-17.633,True,0.708,0.503,0.64,72.88
1786962298.616,,0,,,,-13.270,-17.801,True,0.701,0.644,0.82,72.84
1786962298.716,,0,,,,-13.230,-17.769,True,0.702,-0.023,0.03,72.83
1786962298.791,,0,,,,-13.060,-17.633,True,0.708,0.130,0.17,72.98
1786962298.866,,0,,,,-12.790,-17.417,True,0.717,0.006,0.01,72.97
1786962298.941,,0,,,,-12.530,-17.210,True,0.725,-0.115,0.15,72.86
1786962298.991,,0,,,,-12.430,-17.130,True,0.729,-0.203,0.26,72.85
1786962299.066,,0,,,,-12.200,-16.946,True,0.736,0.043,0.05,72.99
1786962299.416,,0,,,,-11.750,-16.586,True,0.751,0.129,0.16,73.10
1786962299.491,,0,,,,-11.610,-16.474,True,0.756,-0.179,0.23,73.26
1786962299.566,,0,,,,-11.280,-16.210,True,0.766,-0.108,0.14,73.25
1786962299.641,,0,,,,-10.890,-15.874,True,0.771,-0.083,0.11,73.24
1786962299.716,,0,,,,-10.550,-15.527,True,0.757,0.824,1.06,73.35
1786962299.791,,0,,,,-10.030,-14.996,True,0.735,1.013,1.30,73.35
1786962299.891,,0,,,,-9.550,-14.506,True,0.715,0.784,1.00,73.33
1786962299.966,,0,,,,-9.320,-14.272,True,0.705,0.512,0.66,73.46
1786962300.016,,0,,,,-9.170,-14.119,True,0.699,0.502,0.64,73.31
1786962300.116,,0,,,,-9.010,-13.955,True,0.692,0.453,0.58,73.29
1786962300.241,,0,,,,-9.030,-13.976,True,0.693,0.525,0.67,73.56
1786962300.316,,0,,,,-9.000,-13.945,True,0.692,0.256,0.33,73.96
1786962300.416,,0,,,,-8.920,-13.864,True,0.689,0.305,0.39,73.94
1786962300.491,,0,,,,-8.730,-13.670,True,0.681,1.274,1.64,73.76
1786962300.591,,0,,,,-8.560,-13.496,True,0.674,1.740,2.26,74.47
1786962300.741,,0,,,,-8.030,-12.955,True,0.652,1.763,2.28,73.96
1786962300.816,,0,,,,-7.860,-12.782,True,0.645,0.166,0.21,73.98
1786962300.966,,0,,,,-7.620,-12.537,True,0.636,1.355,1.75,73.90
1786962301.066,,0,,,,-7.470,-12.384,True,0.629,1.099,1.42,73.92
1786962301.141,,0,,,,-7.290,-12.200,True,0.622,0.876,1.13,73.91
1786962301.216,,0,,,,-6.950,-11.853,True,0.609,1.314,1.70,74.11
1786962301.266,,0,,,,-6.730,-11.629,True,0.600,1.238,1.60,74.10
1786962301.391,,0,,,,-6.120,-11.007,True,0.576,1.223,1.58,74.08
1786962301.491,,0,,,,-5.570,-10.445,True,0.554,1.148,1.49,74.14
1786962301.616,,0,,,,-5.070,-9.935,True,0.535,1.554,2.01,74.01
1786962301.666,,0,,,,-4.960,-9.823,True,0.531,1.589,2.05,74.02
1786962301.766,,0,,,,-4.740,-9.598,True,0.522,1.997,2.58,73.98
1786962301.991,,0,,,,-4.200,-9.047,True,0.502,2.182,2.82,73.99
1786962302.066,,0,,,,-3.990,-8.833,True,0.494,2.367,3.06,73.98
1786962302.416,,0,,,,-2.640,-7.456,True,0.446,2.232,2.88,74.03
1786962302.466,,0,,,,-2.460,-7.272,True,0.440,0.690,0.90,74.49
1786962302.541,,0,,,,-2.290,-7.099,True,0.434,2.589,3.34,74.03
1786962302.616,,0,,,,-2.240,-7.048,True,0.432,2.548,3.29,74.02
1786962302.716,,0,,,,-2.180,-6.986,True,0.430,2.365,3.08,74.67
1786962302.816,,0,,,,-2.240,-7.048,True,0.432,2.255,2.94,74.66
1786962302.866,,0,,,,-2.280,-7.088,True,0.433,2.240,2.92,74.65
1786962302.966,,0,,,,-2.170,-6.976,True,0.430,2.302,2.96,73.76
1786962303.066,,0,,,,-1.920,-6.721,True,0.421,2.006,2.59,74.06
1786962303.141,,0,,,,-1.560,-6.354,True,0.410,1.934,2.50,74.08
1786962303.216,,0,,,,-1.130,-5.862,True,0.405,2.021,2.61,74.07
1786962303.266,,0,,,,-0.840,-5.489,True,0.410,2.941,3.79,73.77
1786962303.366,,0,,,,-0.550,-5.115,True,0.414,2.728,3.52,73.94
1786962303.416,,0,,,,-0.500,-5.051,True,0.415,2.573,3.32,73.94
1786962303.566,,0,,,,-0.700,-5.308,True,0.412,2.697,3.47,73.63
1786962303.866,,0,,,,-0.750,-5.373,True,0.411,2.685,3.45,73.58
1786962303.941,,0,,,,-0.210,-4.678,True,0.420,2.541,3.26,73.57
1786962304.066,,0,,,,0.750,-3.443,True,0.436,2.666,3.43,73.66
1786962304.141,,0,,,,1.180,-2.889,True,0.443,1.749,2.26,74.11
1786962304.191,,0,,,,1.510,-2.465,True,0.448,1.319,1.71,74.10
1786962304.266,,0,,,,1.700,-2.220,True,0.452,1.216,1.57,74.09
1786962304.366,,0,,,,1.740,-2.169,True,0.452,1.832,2.37,74.14
1786962304.466,,0,,,,1.540,-2.426,True,0.449,1.634,2.11,74.12
1786962304.541,,0,,,,1.220,-2.838,True,0.443,1.684,2.18,74.10
1786962304.616,,0,,,,1.060,-3.044,True,0.441,1.793,2.32,74.09
1786962304.691,,0,,,,0.930,-3.211,True,0.439,1.976,2.55,74.07
1786962304.766,,0,,,,0.830,-3.340,True,0.437,1.963,2.54,74.06
1786962304.841,,0,,,,0.830,-3.340,True,0.437,1.968,2.54,74.05
1786962304.916,,0,,,,0.870,-3.288,True,0.438,1.989,2.57,74.03
1786962305.066,,0,,,,1.140,-2.941,True,0.442,1.886,2.44,74.01
1786962305.141,,0,,,,1.300,-2.735,True,0.445,1.793,2.31,74.00
1786962305.266,,0,,,,1.540,-2.426,True,0.449,1.669,2.15,73.98
1786962305.341,,0,,,,1.590,-2.362,True,0.450,2.924,3.71,72.75
1786962305.416,,0,,,,1.590,-2.362,True,0.450,2.836,3.60,72.75
1786962305.466,,0,,,,1.590,-2.362,True,0.450,2.827,3.59,72.75
1786962305.541,,0,,,,1.590,-2.362,True,0.450,2.613,3.32,72.72
1786962305.591,,0,,,,1.590,-2.362,True,0.450,2.487,3.16,72.72
1786962305.666,,0,,,,1.590,-2.362,True,0.450,2.315,2.94,72.71
1786962305.766,,0,,,,1.590,-2.362,True,0.450,2.019,2.56,72.69
1786962305.841,,0,,,,1.590,-2.362,True,0.450,1.932,2.45,72.68
1786962305.891,,0,,,,1.520,-2.452,True,0.449,2.007,2.55,72.66
1786962305.941,,0,,,,1.730,-2.182,True,0.452,1.977,2.51,72.65
1786962306.041,,0,,,,1.990,-1.847,True,0.457,2.110,2.68,72.65
1786962306.116,,0,,,,2.240,-1.526,True,0.461,1.915,2.43,72.62
1786962306.166,,0,,,,2.400,-1.320,True,0.464,1.883,2.39,72.62
1786962306.366,,0,,,,2.490,-1.204,True,0.465,1.547,1.96,72.59
1786962306.441,,0,,,,2.490,-1.204,True,0.465,1.333,1.69,72.57
1786962306.516,,0,,,,2.490,-1.204,True,0.465,1.165,1.48,72.56
1786962306.591,,0,,,,1.930,-1.924,True,0.456,0.948,1.20,72.55
1786962306.691,,0,,,,1.820,-2.066,True,0.454,1.183,1.50,72.54
1786962306.791,,0,,,,1.920,-1.937,True,0.455,1.438,1.82,72.52
1786962306.866,,0,,,,2.040,-1.783,True,0.457,1.407,1.78,72.51
1786962306.941,,0,,,,2.230,-1.538,True,0.461,1.369,1.73,72.50
1786962307.016,,0,,,,2.480,-1.217,True,0.465,1.239,1.57,72.48
1786962307.116,,0,,,,2.750,-0.869,True,0.470,1.021,1.29,72.46
1786962307.191,,0,,,,2.930,-0.638,True,0.473,0.874,1.11,72.45
1786962307.291,,0,,,,3.060,-0.470,True,0.475,0.644,0.81,72.42
1786962307.391,,0,,,,3.090,-0.432,True,0.476,0.469,0.59,72.41
1786962307.466,,0,,,,3.070,-0.458,True,0.475,0.524,0.66,72.41
1786962307.541,,0,,,,3.030,-0.509,True,0.475,0.539,0.68,72.40
1786962307.591,,0,,,,3.030,-0.509,True,0.475,0.562,0.71,72.38
1786962307.666,,0,,,,3.010,-0.535,True,0.474,0.611,0.77,72.38
1786962307.716,,0,,,,2.980,-0.573,True,0.474,0.656,0.83,72.37
1786962307.841,,0,,,,2.890,-0.689,True,0.472,0.610,0.77,72.34
1786962307.916,,0,,,,2.830,-0.766,True,0.471,0.629,0.79,72.33
1786962307.966,,0,,,,2.760,-0.856,True,0.470,0.615,0.78,72.32
1786962308.066,,0,,,,2.570,-1.101,True,0.467,0.596,0.75,72.31
1786962308.141,,0,,,,2.400,-1.320,True,0.464,0.534,0.67,72.29
1786962308.216,,0,,,,2.320,-1.423,True,0.462,0.634,0.80,72.28
1786962308.291,,0,,,,2.350,-1.384,True,0.463,0.527,0.67,72.28
1786962308.466,,0,,,,2.540,-1.140,True,0.466,0.601,0.76,72.25
1786962308.516,,0,,,,2.610,-1.049,True,0.467,0.593,0.75,72.24
1786962308.591,,0,,,,2.770,-0.844,True,0.470,0.566,0.71,72.22
1786962308.691,,0,,,,2.850,-0.741,True,0.471,0.438,0.55,72.20
1786962309.316,,0,,,,2.480,-1.217,True,0.465,2.243,2.78,71.01
1786962309.466,,0,,,,2.540,-1.140,True,0.466,2.176,2.70,71.00
1786962309.566,,0,,,,2.580,-1.088,True,0.467,2.003,2.48,70.97
1786962309.641,,0,,,,2.580,-1.088,True,0.467,1.653,2.02,70.03
1786962309.741,,0,,,,2.580,-1.088,True,0.467,1.579,1.93,70.02
1786962309.791,,0,,,,2.500,-1.191,True,0.465,1.443,1.76,70.01
1786962309.866,,0,,,,2.410,-1.307,True,0.464,1.438,1.76,70.01
1786962309.941,,0,,,,2.320,-1.423,True,0.462,1.793,2.20,70.48
1786962309.991,,0,,,,2.200,-1.577,True,0.460,1.703,2.09,70.47
1786962310.066,,0,,,,2.150,-1.641,True,0.459,1.663,2.05,70.47
1786962310.141,,0,,,,2.080,-1.731,True,0.458,1.609,1.98,70.45
1786962310.241,,0,,,,2.050,-1.770,True,0.458,1.609,1.98,70.45
1786962310.291,,0,,,,2.030,-1.796,True,0.457,1.611,1.98,70.44
1786962310.341,,0,,,,2.050,-1.770,True,0.458,1.557,1.91,70.43
1786962310.441,,0,,,,2.050,-1.770,True,0.458,1.499,1.84,70.41
1786962310.516,,0,,,,2.070,-1.744,True,0.458,1.455,1.79,70.39
1786962310.566,,0,,,,2.070,-1.744,True,0.458,1.472,1.81,70.38
1786962310.641,,0,,,,2.080,-1.731,True,0.458,1.508,1.85,70.37
1786962310.716,,0,,,,2.050,-1.770,True,0.458,1.542,1.89,70.36
1786962310.791,,0,,,,1.940,-1.912,True,0.456,1.571,1.93,70.35
1786962310.841,,0,,,,1.930,-1.924,True,0.456,1.620,1.99,70.34
1786962310.891,,0,,,,1.780,-2.117,True,0.453,1.601,1.97,70.33
1786962310.966,,0,,,,1.640,-2.298,True,0.451,1.609,1.97,70.32
1786962311.041,,0,,,,1.530,-2.439,True,0.449,2.501,3.03,69.53
1786962311.141,,0,,,,1.540,-2.426,True,0.449,2.432,2.95,69.51
1786962311.241,,0,,,,1.710,-2.207,True,0.452,2.392,2.90,69.51
1786962311.391,,0,,,,2.010,-1.821,True,0.457,1.908,2.30,69.02
1786962311.441,,0,,,,2.140,-1.654,True,0.459,1.945,2.34,69.02
1786962311.541,,0,,,,2.170,-1.616,True,0.460,1.958,2.36,69.00
1786962311.641,,0,,,,2.050,-1.770,True,0.458,1.887,2.27,68.99
1786962311.741,,0,,,,1.800,-2.092,True,0.453,1.965,2.37,68.98
1786962311.791,,0,,,,1.580,-2.375,True,0.450,2.004,2.41,68.97
1786962311.941,,0,,,,1.300,-2.735,True,0.445,2.067,2.49,68.94
1786962312.066,,0,,,,1.260,-2.786,True,0.444,2.085,2.51,68.93
1786962312.166,,0,,,,1.220,-2.838,True,0.443,1.992,2.39,68.91
1786962312.241,,0,,,,1.180,-2.889,True,0.443,2.215,2.71,70.12
1786962312.316,,0,,,,1.100,-2.992,True,0.441,2.213,2.71,70.11
1786962312.366,,0,,,,1.070,-3.031,True,0.441,2.226,2.72,70.10
1786962312.466,,0,,,,0.890,-3.263,True,0.438,2.293,2.80,70.09
1786962312.541,,0,,,,0.740,-3.456,True,0.435,2.398,2.93,70.07
1786962312.616,,0,,,,0.560,-3.687,True,0.432,2.489,3.04,70.07
1786962312.666,,0,,,,0.450,-3.829,True,0.431,2.616,3.20,70.06
1786962312.766,,0,,,,0.340,-3.970,True,0.429,2.725,3.33,70.05
1786962312.891,,0,,,,0.320,-3.996,True,0.428,2.718,3.32,70.02
1786962312.966,,0,,,,0.340,-3.970,True,0.429,2.639,3.22,70.02
1786962313.066,,0,,,,0.370,-3.932,True,0.429,2.955,3.48,67.42
1786962313.141,,0,,,,0.390,-3.906,True,0.430,2.788,3.28,67.41
1786962313.241,,0,,,,0.390,-3.906,True,0.430,2.692,3.17,67.40
1786962313.316,,0,,,,0.390,-3.906,True,0.430,2.572,3.02,67.39
1786962313.366,,0,,,,0.420,-3.867,True,0.430,2.582,3.04,67.38
1786962313.441,,0,,,,0.510,-3.752,True,0.432,2.591,3.05,67.38
1786962313.516,,0,,,,0.620,-3.610,True,0.433,2.630,3.09,67.37
1786962313.591,,0,,,,0.740,-3.456,True,0.435,2.116,2.45,66.29
1786962313.691,,0,,,,0.860,-3.301,True,0.437,2.061,2.38,66.27
1786962313.766,,0,,,,0.930,-3.211,True,0.439,2.093,2.42,66.26
1786962313.816,,0,,,,0.910,-3.237,True,0.438,2.020,2.34,66.26
1786962313.941,,0,,,,0.720,-3.481,True,0.435,1.923,2.22,66.23
1786962314.016,,0,,,,0.530,-3.726,True,0.432,1.909,2.21,66.22
1786962314.091,,0,,,,0.410,-3.880,True,0.430,1.961,2.27,66.21
1786962314.166,,0,,,,0.350,-3.957,True,0.429,1.990,2.30,66.20
1786962314.266,,0,,,,0.500,-3.764,True,0.431,1.995,2.30,66.19
1786962314.316,,0,,,,0.570,-3.674,True,0.433,1.779,2.03,65.41
1786962314.416,,0,,,,0.690,-3.520,True,0.435,1.858,2.12,65.40
1786962314.491,,0,,,,0.720,-3.481,True,0.435,1.907,2.18,65.40
1786962314.566,,0,,,,0.610,-3.623,True,0.433,2.024,2.31,65.37
1786962314.641,,0,,,,0.510,-3.752,True,0.432,2.144,2.44,65.37
1786962314.691,,0,,,,0.350,-3.957,True,0.429,2.185,2.49,65.36
1786962314.766,,0,,,,0.080,-4.305,True,0.425,2.314,2.64,65.35
1786962314.841,,0,,,,-0.110,-4.549,True,0.421,2.440,2.78,65.34
1786962314.916,,0,,,,-0.170,-4.626,True,0.420,2.516,2.87,65.33
1786962314.991,,0,,,,-0.160,-4.614,True,0.421,2.454,2.80,65.31
1786962315.091,,0,,,,0.200,-4.150,True,0.426,2.453,2.80,65.30
1786962315.166,,0,,,,0.390,-3.906,True,0.430,2.341,2.67,65.29
1786962315.266,,0,,,,0.760,-3.430,True,0.436,2.254,2.57,65.28
1786962315.341,,0,,,,0.950,-3.185,True,0.439,2.121,2.42,65.27
1786962315.391,,0,,,,1.000,-3.121,True,0.440,2.071,2.36,65.26
1786962315.466,,0,,,,1.020,-3.095,True,0.440,2.979,3.38,64.98
1786962315.516,,0,,,,0.990,-3.134,True,0.440,2.865,3.25,64.97
1786962315.616,,0,,,,0.800,-3.378,True,0.436,2.773,3.14,64.96
1786962315.666,,0,,,,0.640,-3.584,True,0.434,2.843,3.22,64.95
1786962315.741,,0,,,,0.520,-3.739,True,0.432,2.540,2.83,63.77
1786962315.866,,0,,,,0.390,-3.906,True,0.430,2.618,2.91,63.76
1786962315.941,,0,,,,0.440,-3.842,True,0.430,2.659,2.96,63.75
1786962315.991,,0,,,,0.550,-3.700,True,0.432,1.871,2.10,64.31
1786962316.066,,0,,,,0.700,-3.507,True,0.435,1.826,2.05,64.30
1786962316.141,,0,,,,0.880,-3.275,True,0.438,1.856,2.08,64.29
1786962316.216,,0,,,,1.040,-3.070,True,0.440,1.939,2.17,64.27
1786962316.316,,0,,,,1.020,-3.095,True,0.440,2.895,3.19,63.10
1786962316.391,,0,,,,0.860,-3.301,True,0.437,2.981,3.28,63.10
1786962316.466,,0,,,,0.620,-3.610,True,0.433,2.925,3.22,63.09
1786962316.541,,0,,,,0.420,-3.867,True,0.430,2.337,2.61,64.02
1786962316.616,,0,,,,0.280,-4.047,True,0.428,2.476,2.77,64.01
1786962316.741,,0,,,,0.380,-3.919,True,0.429,2.458,2.74,63.99
1786962316.841,,0,,,,0.800,-3.378,True,0.436,2.318,2.59,63.98
1786962316.916,,0,,,,0.980,-3.147,True,0.439,1.993,2.18,62.77
1786962316.991,,0,,,,1.240,-2.812,True,0.444,1.878,2.06,62.75
1786962317.166,,0,,,,1.060,-3.044,True,0.441,1.941,2.12,62.73
1786962317.266,,0,,,,0.810,-3.365,True,0.437,1.994,2.16,62.03
1786962317.366,,0,,,,0.630,-3.597,True,0.434,1.847,2.00,62.08
1786962317.441,,0,,,,0.590,-3.649,True,0.433,1.860,2.01,62.07
1786962317.491,,0,,,,0.670,-3.546,True,0.434,1.871,2.03,62.06
1786962317.591,,0,,,,0.920,-3.224,True,0.438,1.750,1.89,62.04
1786962317.741,,0,,,,1.210,-2.851,True,0.443,1.526,1.65,62.04
1786962317.766,,0,,,,1.210,-2.851,True,0.443,1.501,1.62,62.04
1786962317.866,,0,,,,1.130,-2.954,True,0.442,1.331,1.44,62.01
1786962317.941,,0,,,,0.990,-3.134,True,0.440,2.316,2.43,60.09
1786962318.066,,0,,,,0.590,-3.649,True,0.433,2.498,2.62,60.07
1786962318.366,,0,,,,0.860,-3.301,True,0.437,2.369,2.49,60.30
1786962318.441,,0,,,,1.110,-2.979,True,0.442,1.598,1.69,60.68
1786962318.541,,0,,,,1.270,-2.774,True,0.444,1.500,1.59,60.67
1786962318.616,,0,,,,1.240,-2.812,True,0.444,1.217,1.29,60.65
1786962318.666,,0,,,,1.150,-2.928,True,0.442,1.355,1.43,60.65
1786962318.741,,0,,,,0.940,-3.198,True,0.439,1.425,1.51,60.63
1786962318.866,,0,,,,0.620,-3.610,True,0.433,1.543,1.63,60.62
1786962318.941,,0,,,,0.570,-3.674,True,0.433,1.693,1.79,60.60
1786962319.016,,0,,,,0.580,-3.661,True,0.433,1.831,1.94,60.60
1786962319.066,,0,,,,0.730,-3.468,True,0.435,1.804,1.91,60.60
1786962319.141,,0,,,,0.890,-3.263,True,0.438,2.850,2.93,58.95
1786962319.241,,0,,,,1.180,-2.889,True,0.443,2.685,2.76,58.94
1786962319.391,,0,,,,1.420,-2.581,True,0.447,1.551,1.57,58.15
1786962319.466,,0,,,,1.460,-2.529,True,0.447,1.478,1.50,58.14
1786962319.566,,0,,,,1.370,-2.645,True,0.446,1.389,1.41,58.13
1786962319.641,,0,,,,1.190,-2.877,True,0.443,1.144,1.18,58.88
1786962319.741,,0,,,,0.870,-3.288,True,0.438,1.228,1.26,58.86
1786962319.791,,0,,,,0.720,-3.481,True,0.435,1.353,1.39,58.85
1786962319.866,,0,,,,0.510,-3.752,True,0.432,1.398,1.44,58.85
1786962319.916,,0,,,,0.410,-3.880,True,0.430,1.438,1.48,58.84
1786962319.966,,0,,,,0.430,-3.854,True,0.430,1.423,1.46,58.83
1786962320.066,,0,,,,0.460,-3.816,True,0.431,1.533,1.57,58.82
1786962320.141,,0,,,,0.540,-3.713,True,0.432,2.098,2.16,58.91
1786962320.216,,0,,,,0.610,-3.623,True,0.433,2.155,2.21,58.90
1786962320.316,,0,,,,0.770,-3.417,True,0.436,2.285,2.35,58.89
1786962320.416,,0,,,,0.770,-3.417,True,0.436,2.159,2.22,58.88
1786962320.491,,0,,,,0.650,-3.571,True,0.434,1.669,1.67,57.46
1786962320.591,,0,,,,0.430,-3.854,True,0.430,1.661,1.67,57.45
1786962320.666,,0,,,,0.240,-4.099,True,0.427,1.745,1.75,57.43
1786962320.741,,0,,,,0.130,-4.240,True,0.425,1.774,1.78,57.42
1786962320.841,,0,,,,0.080,-4.305,True,0.425,1.719,1.72,57.40
1786962320.941,,0,,,,0.220,-4.125,True,0.427,2.122,2.12,57.15
1786962321.016,,0,,,,0.330,-3.983,True,0.429,2.147,2.14,57.15
1786962321.141,,0,,,,0.600,-3.636,True,0.433,2.363,2.30,55.86
1786962321.216,,0,,,,0.630,-3.597,True,0.434,2.456,2.39,55.85
1786962321.291,,0,,,,0.780,-3.404,True,0.436,3.043,2.94,55.32
1786962321.391,,0,,,,0.870,-3.288,True,0.438,2.931,2.83,55.31
1786962321.466,,0,,,,0.940,-3.198,True,0.439,2.877,2.78,55.31
1786962321.541,,0,,,,1.050,-3.057,True,0.441,2.835,2.63,53.25
1786962321.616,,0,,,,1.130,-2.954,True,0.442,2.725,2.53,53.24
1786962321.691,,0,,,,1.140,-2.941,True,0.442,2.527,2.35,53.22
1786962321.766,,0,,,,1.160,-2.915,True,0.442,1.555,1.47,54.24
1786962321.841,,0,,,,1.160,-2.915,True,0.442,1.451,1.37,54.23
1786962321.891,,0,,,,1.120,-2.967,True,0.442,1.378,1.30,54.22
1786962321.941,,0,,,,1.090,-3.005,True,0.441,1.395,1.32,54.21
1786962322.066,,0,,,,1.020,-3.095,True,0.440,2.000,1.88,53.87
1786962322.166,,0,,,,0.960,-3.172,True,0.439,2.144,2.01,53.85
1786962322.241,,0,,,,0.960,-3.172,True,0.439,2.255,2.12,53.85
1786962322.291,,0,,,,0.970,-3.160,True,0.439,1.862,1.73,53.20
1786962322.391,,0,,,,1.000,-3.121,True,0.440,1.999,1.86,53.19
1786962322.466,,0,,,,1.050,-3.057,True,0.441,2.912,2.75,54.22
1786962322.566,,0,,,,0.940,-3.198,True,0.439,2.970,2.81,54.21
1786962322.641,,0,,,,0.860,-3.301,True,0.437,2.228,2.07,53.15
1786962322.716,,0,,,,0.780,-3.404,True,0.436,2.208,2.05,53.14
1786962322.791,,0,,,,0.610,-3.623,True,0.433,1.813,1.67,52.87
1786962322.866,,0,,,,0.540,-3.713,True,0.432,2.092,1.93,52.92
1786962322.966,,0,,,,0.510,-3.752,True,0.432,2.195,2.03,52.91
1786962323.041,,0,,,,0.560,-3.687,True,0.432,2.699,2.45,52.05
1786962323.116,,0,,,,0.730,-3.468,True,0.435,2.226,2.03,52.29
1786962323.166,,0,,,,0.920,-3.224,True,0.438,2.138,1.95,52.29
1786962323.266,,0,,,,1.230,-2.825,True,0.444,2.343,2.18,53.36
1786962323.341,,0,,,,1.480,-2.503,True,0.448,1.633,1.48,52.02
1786962323.416,,0,,,,1.590,-2.362,True,0.450,1.564,1.42,52.01
1786962323.466,,0,,,,1.670,-2.259,True,0.451,2.266,2.00,50.54
1786962323.541,,0,,,,1.670,-2.259,True,0.451,2.169,1.91,50.52
1786962323.616,,0,,,,1.690,-2.233,True,0.451,2.078,1.83,50.52
1786962323.691,,0,,,,1.700,-2.220,True,0.452,2.002,1.76,50.51
1786962323.791,,0,,,,1.790,-2.105,True,0.453,1.809,1.59,50.49
1786962323.866,,0,,,,1.840,-2.040,True,0.454,1.798,1.60,50.97
1786962323.966,,0,,,,1.960,-1.886,True,0.456,1.665,1.48,50.96
1786962324.066,,0,,,,1.990,-1.847,True,0.457,1.622,1.44,50.95
1786962324.141,,0,,,,1.950,-1.899,True,0.456,1.240,1.10,50.76
1786962324.241,,0,,,,1.890,-1.976,True,0.455,1.542,1.35,50.16
1786962324.341,,0,,,,1.690,-2.233,True,0.451,1.519,1.33,50.32
1786962324.391,,0,,,,1.510,-2.465,True,0.448,1.679,1.47,50.31
1786962324.466,,0,,,,1.360,-2.658,True,0.446,1.544,1.34,49.61
1786962324.541,,0,,,,1.280,-2.761,True,0.444,1.616,1.40,49.60
1786962324.616,,0,,,,1.140,-2.941,True,0.442,1.556,1.39,51.12
1786962324.691,,0,,,,1.050,-3.057,True,0.441,1.631,1.45,51.11
1786962324.741,,0,,,,0.980,-3.147,True,0.439,2.627,2.27,49.51
1786962324.791,,0,,,,0.960,-3.172,True,0.439,2.734,2.36,49.50
1786962324.916,,0,,,,1.040,-3.070,True,0.440,2.696,2.34,49.72
1786962324.966,,0,,,,1.070,-3.031,True,0.441,1.982,1.71,49.36
1786962325.066,,0,,,,1.290,-2.748,True,0.445,2.725,2.31,48.65
1786962325.291,,0,,,,1.490,-2.491,True,0.448,2.685,2.28,48.69
1786962325.366,,0,,,,1.470,-2.516,True,0.448,2.604,2.21,48.68
1786962325.416,,0,,,,1.430,-2.568,True,0.447,2.772,2.34,48.30
1786962325.491,,0,,,,1.360,-2.658,True,0.446,2.478,2.10,48.48
1786962325.566,,0,,,,1.280,-2.761,True,0.444,2.505,2.12,48.48
1786962325.766,,0,,,,1.400,-2.606,True,0.446,1.984,1.64,47.44
1786962325.841,,0,,,,1.590,-2.362,True,0.450,1.743,1.42,46.84
1786962325.941,,0,,,,1.900,-1.963,True,0.455,2.729,2.27,47.69
1786962326.016,,0,,,,1.970,-1.873,True,0.456,2.619,2.18,47.68
1786962326.116,,0,,,,1.960,-1.886,True,0.456,2.680,2.23,47.67
1786962326.191,,0,,,,1.910,-1.950,True,0.455,2.763,2.30,47.65
1786962326.291,,0,,,,1.710,-2.207,True,0.452,2.336,1.93,47.34
1786962326.366,,0,,,,1.500,-2.478,True,0.448,2.693,2.15,45.70
1786962326.466,,0,,,,1.340,-2.684,True,0.445,2.499,2.04,46.75
1786962326.516,,0,,,,1.180,-2.889,True,0.443,2.490,2.03,46.74
1786962326.616,,0,,,,1.010,-3.108,True,0.440,1.648,1.34,46.43
1786962326.691,,0,,,,0.980,-3.147,True,0.439,2.049,1.70,47.61
1786962326.766,,0,,,,1.030,-3.082,True,0.440,2.022,1.68,47.60
1786962326.841,,0,,,,1.040,-3.070,True,0.440,2.490,2.00,46.01
1786962327.016,,0,,,,1.160,-2.915,True,0.442,2.658,2.13,45.95
1786962327.066,,0,,,,1.200,-2.864,True,0.443,2.685,2.15,45.95
1786962327.141,,0,,,,1.200,-2.864,True,0.443,1.999,1.59,45.50
1786962327.266,,0,,,,1.130,-2.954,True,0.442,2.683,2.13,45.59
1786962327.366,,0,,,,1.020,-3.095,True,0.440,2.212,1.75,45.43
1786962327.441,,0,,,,0.910,-3.237,True,0.438,2.207,1.75,45.42
1786962327.541,,0,,,,0.850,-3.314,True,0.437,2.007,1.54,43.97
1786962327.616,,0,,,,0.880,-3.275,True,0.438,3.012,2.33,44.41
1786962327.716,,0,,,,1.020,-3.095,True,0.440,2.502,1.95,44.76
1786962327.791,,0,,,,1.230,-2.825,True,0.444,2.429,1.90,44.74
1786962327.866,,0,,,,1.370,-2.645,True,0.446,1.560,1.20,44.06
1786962327.916,,0,,,,1.420,-2.581,True,0.447,1.576,1.21,44.06
1786962327.966,,0,,,,1.550,-2.413,True,0.449,2.498,1.94,44.44
1786962328.066,,0,,,,1.700,-2.220,True,0.452,2.267,1.75,44.27
1786962328.191,,0,,,,1.810,-2.079,True,0.453,1.506,1.13,43.06
1786962328.266,,0,,,,1.850,-2.027,True,0.454,1.484,1.11,43.06
1786962328.366,,0,,,,1.730,-2.182,True,0.452,1.328,0.99,42.54
1786962328.441,,0,,,,1.570,-2.388,True,0.449,1.917,1.45,43.23
1786962328.516,,0,,,,1.430,-2.568,True,0.447,2.548,1.91,42.95
1786962328.641,,0,,,,1.260,-2.786,True,0.444,1.821,1.40,44.07
1786962328.691,,0,,,,1.160,-2.915,True,0.442,1.878,1.44,44.06
1786962328.766,,0,,,,1.120,-2.967,True,0.442,1.429,1.06,42.33
1786962328.841,,0,,,,1.150,-2.928,True,0.442,1.552,1.15,42.32
1786962328.915,,0,,,,1.220,-2.838,True,0.443,2.555,1.89,42.33
1786962328.966,,0,,,,1.270,-2.774,True,0.444,2.598,1.92,42.33
1786962329.041,,0,,,,1.360,-2.658,True,0.446,1.755,1.28,41.85
1786962329.141,,0,,,,1.370,-2.645,True,0.446,3.078,2.23,41.49
1786962329.216,,0,,,,1.210,-2.851,True,0.443,1.721,1.24,41.35
1786962329.291,,0,,,,1.050,-3.057,True,0.441,1.794,1.29,41.34
1786962329.391,,0,,,,0.790,-3.391,True,0.436,1.931,1.39,41.26
1786962329.466,,0,,,,0.570,-3.674,True,0.433,1.533,1.10,40.97
1786962329.541,,0,,,,0.520,-3.739,True,0.432,1.496,1.07,40.97
1786962329.616,,0,,,,0.580,-3.661,True,0.433,1.760,1.25,40.72
1786962329.690,,0,,,,0.710,-3.494,True,0.435,2.694,1.92,40.95
1786962329.791,,0,,,,1.000,-3.121,True,0.440,2.575,1.84,40.95
1786962329.866,,0,,,,1.340,-2.684,True,0.445,1.868,1.32,40.41
1786962329.941,,0,,,,1.530,-2.439,True,0.449,1.681,1.17,40.00
1786962330.015,,0,,,,1.710,-2.207,True,0.452,1.578,1.10,39.99
1786962330.141,,0,,,,1.790,-2.105,True,0.453,2.354,1.64,40.05
1786962330.290,,0,,,,1.570,-2.388,True,0.449,2.271,1.60,40.36
1786962330.390,,0,,,,1.320,-2.709,True,0.445,1.301,0.89,39.16
1786962330.465,,0,,,,1.250,-2.799,True,0.444,0.919,0.63,39.07
1786962330.566,,0,,,,1.150,-2.928,True,0.442,1.043,0.71,39.06
1786962330.616,,0,,,,1.220,-2.838,True,0.443,1.388,0.95,39.08
1786962330.691,,0,,,,1.290,-2.748,True,0.445,1.443,0.98,39.07
1786962330.815,,0,,,,1.430,-2.568,True,0.447,1.564,1.04,38.20
1786962330.890,,0,,,,1.530,-2.439,True,0.449,1.655,1.10,38.19
1786962331.015,,0,,,,1.520,-2.452,True,0.449,1.494,1.00,38.22
1786962331.090,,0,,,,1.440,-2.555,True,0.447,1.791,1.20,38.24
1786962331.190,,0,,,,1.260,-2.786,True,0.444,1.512,1.00,38.08
1786962331.266,,0,,,,1.080,-3.018,True,0.441,1.462,0.96,37.77
1786962331.365,,0,,,,0.870,-3.288,True,0.438,1.709,1.12,37.53
1786962331.440,,0,,,,0.760,-3.430,True,0.436,1.837,1.20,37.51
1786962331.515,,0,,,,0.680,-3.533,True,0.434,1.902,1.22,36.90
1786962331.590,,0,,,,0.660,-3.558,True,0.434,1.677,1.09,37.11
1786962331.666,,0,,,,0.670,-3.546,True,0.434,1.674,1.08,37.10
1786962331.765,,0,,,,0.690,-3.520,True,0.435,1.924,1.24,36.99
1786962331.840,,0,,,,0.740,-3.456,True,0.435,2.024,1.30,36.89
1786962331.915,,0,,,,0.760,-3.430,True,0.436,2.029,1.29,36.54
1786962331.990,,0,,,,0.810,-3.365,True,0.437,1.899,1.21,36.52
1786962332.065,,0,,,,0.860,-3.301,True,0.437,2.046,1.29,36.21
1786962332.165,,0,,,,0.890,-3.263,True,0.438,1.705,1.08,36.18
1786962332.215,,0,,,,0.920,-3.224,True,0.438,1.612,1.02,36.16
1786962332.290,,0,,,,0.980,-3.147,True,0.439,1.394,0.88,35.98
1786962332.465,,0,,,,1.080,-3.018,True,0.441,1.415,0.88,35.81
1786962332.566,,0,,,,1.110,-2.979,True,0.442,1.827,1.13,35.37
1786962332.640,,0,,,,1.100,-2.992,True,0.441,1.605,0.99,35.33
1786962332.716,,0,,,,1.060,-3.044,True,0.441,1.739,1.07,35.27
1786962332.790,,0,,,,1.030,-3.082,True,0.440,1.887,1.16,35.25
1786962332.865,,0,,,,1.050,-3.057,True,0.441,1.852,1.14,35.24
1786962332.965,,0,,,,1.050,-3.057,True,0.441,1.837,1.13,35.24
1786962333.041,,0,,,,1.100,-2.992,True,0.441,1.570,0.94,34.26
1786962333.115,,0,,,,1.120,-2.967,True,0.442,1.627,0.98,34.46
1786962333.215,,0,,,,1.200,-2.864,True,0.443,1.452,0.87,34.44
1786962333.315,,0,,,,1.240,-2.812,True,0.444,1.753,1.04,33.86
1786962333.390,,0,,,,1.220,-2.838,True,0.443,1.373,0.82,34.20
1786962333.465,,0,,,,1.140,-2.941,True,0.442,1.246,0.73,33.42
1786962333.540,,0,,,,1.080,-3.018,True,0.441,1.328,0.77,33.41
1786962333.615,,0,,,,0.950,-3.185,True,0.439,1.679,0.97,33.22
1786962333.690,,0,,,,0.760,-3.430,True,0.436,1.495,0.86,32.99
1786962333.765,,0,,,,0.670,-3.546,True,0.434,1.532,0.88,32.99
1786962333.841,,0,,,,0.620,-3.610,True,0.433,1.957,1.12,32.86
1786962333.890,,0,,,,0.590,-3.649,True,0.433,1.972,1.13,32.86
1786962333.965,,0,,,,0.570,-3.674,True,0.433,1.834,1.05,32.96
1786962334.090,,0,,,,0.570,-3.674,True,0.433,1.893,1.08,32.83
1786962334.165,,0,,,,0.590,-3.649,True,0.433,2.305,1.30,32.28
1786962334.265,,0,,,,0.760,-3.430,True,0.436,2.286,1.29,32.25
1786962334.340,,0,,,,0.840,-3.327,True,0.437,1.833,1.03,32.07
1786962334.440,,0,,,,0.940,-3.198,True,0.439,1.637,0.92,32.08
1786962334.465,,0,,,,0.940,-3.198,True,0.439,1.659,0.93,32.08
1786962334.590,,0,,,,0.900,-3.250,True,0.438,1.663,0.92,31.62
1786962334.665,,0,,,,0.860,-3.301,True,0.437,1.670,0.91,31.38
1786962334.765,,0,,,,0.750,-3.443,True,0.436,1.848,1.01,31.25
1786962334.815,,0,,,,0.770,-3.417,True,0.436,1.857,1.01,31.23
1786962334.890,,0,,,,0.830,-3.340,True,0.437,1.591,0.86,31.01
1786962334.990,,0,,,,1.060,-3.044,True,0.441,2.222,1.20,30.83
1786962335.040,,0,,,,1.210,-2.851,True,0.443,2.128,1.14,30.82
1786962335.140,,0,,,,1.500,-2.478,True,0.448,1.627,0.87,30.49
1786962335.215,,0,,,,1.540,-2.426,True,0.449,1.220,0.65,30.39
1786962335.290,,0,,,,1.600,-2.349,True,0.450,1.080,0.57,30.38
1786962335.415,,0,,,,1.430,-2.568,True,0.447,1.337,0.70,30.13
1786962335.490,,0,,,,1.200,-2.864,True,0.443,1.168,0.61,29.98
1786962335.590,,0,,,,0.780,-3.404,True,0.436,1.577,0.82,29.87
1786962335.740,,0,,,,0.340,-3.970,True,0.429,1.020,0.53,29.84
1786962335.815,,0,,,,0.280,-4.047,True,0.428,1.627,0.83,29.21
1786962335.890,,0,,,,0.250,-4.086,True,0.427,1.597,0.82,29.50
1786962335.990,,0,,,,0.440,-3.842,True,0.430,1.650,0.85,29.49
1786962336.115,,0,,,,0.650,-3.571,True,0.434,1.760,0.88,28.72
1786962336.215,,0,,,,0.620,-3.610,True,0.433,1.173,0.59,28.85
1786962336.290,,0,,,,0.530,-3.726,True,0.432,1.295,0.65,28.84
1786962336.365,,0,,,,0.380,-3.919,True,0.429,2.104,1.04,28.40
1786962336.465,,0,,,,0.130,-4.240,True,0.425,1.946,0.96,28.17
1786962336.540,,0,,,,-0.130,-4.575,True,0.421,2.084,1.02,28.16
1786962336.640,,0,,,,-0.180,-4.639,True,0.420,2.217,1.08,27.84
1786962336.715,,0,,,,-0.010,-4.421,True,0.423,1.953,0.95,27.77
1786962336.790,,0,,,,0.200,-4.150,True,0.426,2.050,0.98,27.48
1786962336.865,,0,,,,0.580,-3.661,True,0.433,1.960,0.94,27.47
1786962336.940,,0,,,,0.740,-3.456,True,0.435,2.138,1.02,27.25
1786962337.015,,0,,,,1.080,-3.018,True,0.441,1.969,0.93,27.09
1786962337.090,,0,,,,1.360,-2.658,True,0.446,1.507,0.71,26.95
1786962337.165,,0,,,,1.390,-2.619,True,0.446,1.448,0.68,26.95
1786962337.265,,0,,,,1.280,-2.761,True,0.444,1.485,0.69,26.71
1786962337.340,,0,,,,1.150,-2.928,True,0.442,1.531,0.71,26.53
1786962337.440,,0,,,,0.900,-3.250,True,0.438,1.631,0.75,26.34
1786962337.515,,0,,,,0.840,-3.327,True,0.437,1.725,0.79,26.33
1786962337.590,,0,,,,0.750,-3.443,True,0.436,1.203,0.55,26.20
1786962337.690,,0,,,,0.690,-3.520,True,0.435,1.517,0.69,26.12
1786962337.790,,0,,,,0.630,-3.597,True,0.434,1.746,0.79,25.82
1786962337.865,,0,,,,0.490,-3.777,True,0.431,1.776,0.79,25.48
1786962337.940,,0,,,,0.310,-4.009,True,0.428,1.720,0.76,25.48
1786962337.990,,0,,,,0.230,-4.112,True,0.427,1.822,0.80,25.31
1786962338.065,,0,,,,0.050,-4.343,True,0.424,1.924,0.85,25.30
1786962338.140,,0,,,,-0.070,-4.498,True,0.422,2.127,0.93,25.15
1786962338.240,,0,,,,-0.110,-4.549,True,0.421,2.180,0.95,24.87
1786962338.365,,0,,,,0.000,-4.408,True,0.423,2.057,0.89,24.78
1786962338.465,,0,,,,0.160,-4.202,True,0.426,2.034,0.88,24.76
1786962338.590,,0,,,,0.370,-3.932,True,0.429,1.892,0.82,24.73
1786962338.665,,0,,,,0.470,-3.803,True,0.431,2.117,0.90,24.25
1786962338.740,,0,,,,0.520,-3.739,True,0.432,2.113,0.89,24.08
1786962338.815,,0,,,,0.500,-3.764,True,0.431,2.024,0.85,24.07
1786962338.915,,0,,,,0.470,-3.803,True,0.431,1.472,0.61,23.91
1786962338.990,,0,,,,0.400,-3.893,True,0.430,1.872,0.77,23.64
1786962339.090,,0,,,,0.390,-3.906,True,0.430,1.879,0.76,23.26
1786962339.165,,0,,,,0.350,-3.957,True,0.429,1.888,0.76,23.17
1786962339.265,,0,,,,0.330,-3.983,True,0.429,1.964,0.79,23.15
1786962339.365,,0,,,,0.300,-4.022,True,0.428,1.971,0.79,22.95
1786962339.440,,0,,,,0.250,-4.086,True,0.427,2.121,0.84,22.73
1786962339.490,,0,,,,0.210,-4.138,True,0.427,2.053,0.81,22.56
1786962339.590,,0,,,,0.150,-4.215,True,0.426,2.120,0.83,22.54
1786962339.665,,0,,,,0.060,-4.331,True,0.424,1.853,0.73,22.60
1786962339.765,,0,,,,0.020,-4.382,True,0.424,1.841,0.72,22.26
1786962339.840,,0,,,,0.020,-4.382,True,0.424,1.956,0.75,22.10
1786962339.915,,0,,,,0.100,-4.279,True,0.425,1.995,0.77,22.09
1786962340.015,,0,,,,0.250,-4.086,True,0.427,2.242,0.85,21.85
1786962340.115,,0,,,,0.470,-3.803,True,0.431,1.734,0.66,21.70
1786962340.190,,0,,,,0.620,-3.610,True,0.433,2.240,0.84,21.51
1786962340.390,,0,,,,0.900,-3.250,True,0.438,1.658,0.61,20.95
1786962340.540,,0,,,,0.840,-3.327,True,0.437,1.451,0.53,20.76
1786962340.640,,0,,,,0.690,-3.520,True,0.435,1.362,0.49,20.75
1786962340.765,,0,,,,0.640,-3.584,True,0.434,1.356,0.48,20.43
1786962340.865,,0,,,,0.720,-3.481,True,0.435,1.275,0.45,20.27
1786962340.965,,0,,,,1.000,-3.121,True,0.440,1.102,0.39,20.15
1786962341.065,,0,,,,1.150,-2.928,True,0.442,1.099,0.39,20.14
1786962341.165,,0,,,,1.180,-2.889,True,0.443,1.240,0.43,19.71
1786962341.340,,0,,,,1.000,-3.121,True,0.440,1.196,0.40,19.38
1786962341.490,,0,,,,0.780,-3.404,True,0.436,1.320,0.44,19.15
1786962341.615,,0,,,,0.760,-3.430,True,0.436,1.683,0.56,18.98
1786962341.690,,0,,,,0.880,-3.275,True,0.438,1.595,0.52,18.80
1786962341.815,,0,,,,1.130,-2.954,True,0.442,1.524,0.49,18.59
1786962342.065,,0,,,,1.900,-1.963,True,0.455,1.532,0.48,17.95
1786962342.140,,0,,,,2.090,-1.719,True,0.458,1.377,0.43,17.92
1786962342.265,,0,,,,2.280,-1.474,True,0.462,1.513,0.47,17.71
1786962342.265,,0,,,,2.250,-1.513,True,0.461,1.534,0.47,17.71
1786962342.390,,0,,,,2.200,-1.577,True,0.460,0.923,0.28,17.53
1786962342.465,,0,,,,2.160,-1.628,True,0.459,1.119,0.34,17.31
1786962342.540,,0,,,,2.030,-1.796,True,0.457,0.981,0.29,17.15
1786962342.615,,0,,,,1.990,-1.847,True,0.457,0.944,0.28,17.13
1786962342.665,,0,,,,2.010,-1.821,True,0.457,0.906,0.27,16.97
1786962342.740,,0,,,,2.050,-1.770,True,0.458,-0.640,0.19,16.88
1786962342.840,,0,,,,2.050,-1.770,True,0.458,-0.415,0.12,16.86
1786962342.915,,0,,,,2.050,-1.770,True,0.458,0.905,0.26,16.62
1786962342.965,,0,,,,2.420,-1.294,True,0.464,1.443,0.41,16.26
1786962343.065,,0,,,,2.510,-1.178,True,0.466,1.293,0.36,16.08
1786962343.140,,0,,,,2.480,-1.217,True,0.465,1.231,0.35,16.07
1786962343.240,,0,,,,2.270,-1.487,True,0.461,1.112,0.31,15.89
1786962343.340,,0,,,,2.100,-1.706,True,0.458,1.130,0.31,15.71
1786962343.465,,0,,,,1.850,-2.027,True,0.454,1.107,0.30,15.54
1786962343.515,,0,,,,1.770,-2.130,True,0.453,1.143,0.31,15.37
1786962343.615,,0,,,,1.830,-2.053,True,0.454,1.226,0.33,15.34
1786962343.690,,0,,,,2.100,-1.706,True,0.458,1.261,0.33,15.15
1786962343.815,,0,,,,2.480,-1.217,True,0.465,1.367,0.36,14.98
1786962343.890,,0,,,,2.800,-0.805,True,0.471,1.805,0.56,17.62
1786962343.965,,0,,,,3.100,-0.419,True,0.476,1.630,0.42,14.62
1786962344.040,,0,,,,3.300,-0.162,True,0.479,1.525,0.39,14.60
1786962344.090,,0,,,,3.310,-0.149,True,0.480,1.380,0.35,14.59
1786962344.165,,0,,,,3.340,-0.110,True,0.480,1.366,0.35,14.59
1786962344.240,,0,,,,3.380,-0.059,True,0.481,1.741,0.51,16.65
1786962344.290,,0,,,,3.370,-0.072,True,0.481,1.475,0.43,16.63
1786962344.365,,0,,,,3.470,0.057,True,0.482,0.312,0.08,13.92
1786962344.465,,0,,,,3.620,0.250,True,0.485,0.189,0.05,13.77
1786962344.590,,0,,,,3.900,0.610,True,0.490,0.320,0.07,13.39
1786962344.640,,0,,,,4.000,0.739,True,0.492,0.299,0.07,13.38
1786962344.740,,0,,,,4.170,0.958,True,0.495,0.259,0.06,13.37
1786962344.790,,0,,,,4.240,1.048,True,0.496,0.844,0.23,15.38
1786962344.840,,0,,,,4.280,1.099,True,0.497,0.895,0.24,15.38
1786962344.890,,0,,,,4.300,1.125,True,0.497,-0.048,0.01,12.88
1786962344.965,,0,,,,4.220,1.022,True,0.496,-0.006,0.00,12.88
1786962345.065,,0,,,,4.110,0.881,True,0.494,1.451,0.37,14.80
1786962345.165,,0,,,,3.930,0.649,True,0.491,0.501,0.11,12.49
1786962345.240,,0,,,,3.820,0.507,True,0.489,0.904,0.23,14.30
1786962345.365,,0,,,,3.870,0.572,True,0.490,2.779,0.73,14.98
1786962345.490,,0,,,,4.040,0.790,True,0.493,2.917,0.75,14.82
1786962345.565,,0,,,,4.190,0.983,True,0.495,0.732,0.15,11.75
1786962345.640,,0,,,,4.450,1.318,True,0.500,0.731,0.15,11.73
1786962345.715,,0,,,,4.550,1.447,True,0.502,1.376,0.33,13.74
1786962345.815,,0,,,,4.700,1.640,True,0.505,1.283,0.31,13.73
1786962345.865,,0,,,,4.770,1.730,True,0.506,1.324,0.32,13.72
1786962345.940,,0,,,,4.790,1.756,True,0.506,1.263,0.30,13.38
1786962346.015,,0,,,,4.830,1.807,True,0.507,3.150,0.75,13.65
1786962346.115,,0,,,,4.920,1.923,True,0.509,0.928,0.21,13.19
1786962346.190,,0,,,,5.030,2.064,True,0.511,0.796,0.18,13.17
1786962346.315,,0,,,,5.160,2.232,True,0.513,-0.013,0.00,10.51
1786962346.390,,0,,,,5.270,2.373,True,0.515,-0.422,0.08,10.40
1786962346.465,,0,,,,5.380,2.515,True,0.517,0.824,0.18,12.59
1786962346.565,,0,,,,5.480,2.643,True,0.519,0.182,0.03,10.02
1786962346.640,,0,,,,5.510,2.682,True,0.519,0.155,0.03,10.01
1786962346.690,,0,,,,5.510,2.682,True,0.519,0.521,0.11,12.18
1786962346.790,,0,,,,5.470,2.630,True,0.519,-0.235,0.04,9.68
1786962346.915,,0,,,,5.490,2.656,True,0.519,-0.194,0.03,9.64
1786962346.990,,0,,,,5.470,2.630,True,0.519,-0.257,0.04,9.64
1786962347.065,,0,,,,5.390,2.528,True,0.517,-0.468,0.07,9.11
1786962347.140,,0,,,,5.380,2.515,True,0.517,-0.734,0.11,8.97
1786962347.265,,0,,,,5.370,2.502,True,0.517,-0.541,0.08,8.76
1786962347.365,,0,,,,5.340,2.463,True,0.516,-0.377,0.06,8.63
1786962347.465,,0,,,,5.410,2.553,True,0.518,-0.631,0.09,8.43
1786962347.490,,0,,,,5.460,2.618,True,0.518,-0.441,0.06,8.42
1786962347.640,,0,,,,5.570,2.759,True,0.521,-0.173,0.02,8.24
1786962347.715,,0,,,,5.710,2.939,True,0.523,-0.293,0.04,8.07
1786962347.790,,0,,,,5.780,3.029,True,0.524,-0.065,0.01,8.99
1786962347.865,,0,,,,5.840,3.107,True,0.526,-0.516,0.08,8.92
1786962347.990,,0,,,,5.830,3.094,True,0.525,-2.550,0.34,7.65
1786962348.065,,0,,,,5.800,3.055,True,0.525,-0.717,0.09,7.38
1786962348.140,,0,,,,5.720,2.952,True,0.523,-0.594,0.08,7.36
1786962348.265,,0,,,,5.670,2.888,True,0.522,-0.158,0.02,7.06
1786962348.340,,0,,,,5.690,2.914,True,0.523,-0.037,0.00,7.04
1786962348.440,,0,,,,5.690,2.914,True,0.523,-0.447,0.06,7.93
1786962348.515,,0,,,,5.710,2.939,True,0.523,0.640,0.09,8.37
1786962348.615,,0,,,,5.640,2.849,True,0.522,-0.528,0.06,6.33
1786962348.665,,0,,,,5.590,2.785,True,0.521,-0.625,0.07,6.32
1786962348.765,,0,,,,5.490,2.656,True,0.519,-0.772,0.08,6.15
1786962348.865,,0,,,,5.400,2.540,True,0.517,-1.353,0.14,6.00
1786962348.915,,0,,,,5.360,2.489,True,0.517,-1.128,0.12,5.86
1786962349.015,,0,,,,5.410,2.553,True,0.518,0.013,0.00,6.79
1786962349.065,,0,,,,5.540,2.721,True,0.520,-0.078,0.01,6.79
1786962349.165,,0,,,,5.720,2.952,True,0.523,-0.857,0.08,5.51
1786962349.290,,0,,,,5.990,3.300,True,0.528,-1.709,0.16,5.37
1786962349.415,,0,,,,6.100,3.441,True,0.530,-1.831,0.17,5.18
1786962349.515,,0,,,,6.050,3.377,True,0.529,-1.824,0.16,5.01
1786962349.590,,0,,,,5.980,3.287,True,0.528,-2.454,0.21,4.88
1786962349.715,,0,,,,5.920,3.209,True,0.527,-2.284,0.19,4.74
1786962349.790,,0,,,,5.950,3.248,True,0.528,-2.611,0.21,4.59
1786962349.865,,0,,,,6.000,3.312,True,0.528,-2.282,0.18,4.44
1786962349.940,,0,,,,6.100,3.441,True,0.530,-2.212,0.17,4.43
1786962350.015,,0,,,,6.190,3.557,True,0.532,-2.256,0.16,4.15
1786962350.115,,0,,,,6.220,3.595,True,0.533,-2.280,0.16,4.13
1786962350.190,,0,,,,6.130,3.480,True,0.531,-2.519,0.17,3.98
1786962350.290,,0,,,,5.960,3.261,True,0.528,-2.175,0.15,3.83
1786962350.365,,0,,,,5.840,3.107,True,0.526,-2.617,0.17,3.72
1786962350.440,,0,,,,5.770,3.016,True,0.524,-2.908,0.19,3.70
1786962350.515,,0,,,,5.750,2.991,True,0.524,-1.991,0.12,3.58
1786962350.590,,0,,,,5.790,3.042,True,0.525,-1.874,0.11,3.46
1786962350.665,,0,,,,5.970,3.274,True,0.528,-2.821,0.17,3.38
1786962350.765,,0,,,,6.260,3.647,True,0.533,-2.596,0.15,3.24
1786962350.865,,0,,,,6.530,3.965,True,0.532,-2.635,0.14,3.14
1786962350.965,,0,,,,6.670,4.124,True,0.530,-3.045,0.16,3.03
1786962351.065,,0,,,,6.610,4.056,True,0.531,-2.858,0.15,2.96
1786962351.140,,0,,,,6.520,3.953,True,0.532,-3.917,0.20,2.89
1786962351.215,,0,,,,6.380,3.794,True,0.534,-4.346,0.22,2.84
1786962351.290,,0,,,,6.400,3.817,True,0.534,-4.631,0.23,2.84
1786962351.440,,0,,,,6.700,4.158,True,0.530,-4.921,0.24,2.77
1786962351.565,,0,,,,6.950,4.443,True,0.526,-3.689,0.17,2.69
1786962351.690,,0,,,,7.050,4.556,True,0.525,-3.950,0.18,2.66
1786962351.765,,0,,,,7.120,4.636,True,0.524,-3.274,0.15,2.67
1786962351.865,,0,,,,7.160,4.681,True,0.523,-3.414,0.16,2.64
1786962351.965,,0,,,,7.130,4.647,True,0.524,-3.365,0.15,2.62
1786962352.040,,0,,,,7.200,4.727,True,0.523,-3.321,0.15,2.60
1786962352.165,,0,,,,7.320,4.864,True,0.521,-3.384,0.15,2.58
1786962352.265,,0,,,,7.580,5.159,True,0.518,-3.439,0.15,2.56
1786962352.365,,0,,,,7.710,5.307,True,0.516,-3.537,0.16,2.54
1786962352.440,,0,,,,7.870,5.489,True,0.514,-3.759,0.17,2.53
1786962352.590,,0,,,,7.930,5.558,True,0.513,-3.699,0.16,2.50
1786962352.765,,0,,,,8.110,5.763,True,0.511,-3.677,0.16,2.47
1786962352.840,,0,,,,8.200,5.865,True,0.509,-3.698,0.16,2.45
1786962352.940,,0,,,,8.360,6.047,True,0.507,-3.520,0.15,2.44
1786962353.015,,0,,,,8.430,6.127,True,0.506,-3.434,0.14,2.42
1786962353.115,,0,,,,8.300,5.979,True,0.508,-3.296,0.14,2.40
1786962353.190,,0,,,,8.150,5.808,True,0.510,-3.205,0.13,2.39
1786962353.340,,0,,,,7.780,5.387,True,0.515,-3.230,0.13,2.36
1786962353.415,,0,,,,7.690,5.285,True,0.516,-2.965,0.12,2.35
1786962353.515,,0,,,,7.740,5.342,True,0.516,-2.874,0.12,2.33
1786962353.640,,0,,,,8.110,5.763,True,0.511,-2.865,0.12,2.30
1786962353.740,,0,,,,8.520,6.229,True,0.505,-2.867,0.11,2.28
1786962353.865,,0,,,,8.880,6.639,True,0.500,-2.675,0.11,2.27
1786962353.965,,0,,,,8.880,6.639,True,0.500,-2.734,0.11,2.25
1786962354.065,,0,,,,8.680,6.411,True,0.503,-2.941,0.11,2.23
1786962354.165,,0,,,,8.420,6.115,True,0.507,-2.835,0.11,2.21
1786962354.315,,0,,,,8.590,6.309,True,0.504,-2.928,0.11,2.18
1786962354.440,,0,,,,9.170,6.969,True,0.497,-3.013,0.11,2.15
1786962354.490,,0,,,,9.420,7.253,True,0.493,-2.950,0.11,2.14
1786962354.590,,0,,,,9.980,7.891,True,0.486,-3.293,0.12,2.12
1786962354.665,,0,,,,10.150,8.084,True,0.484,-3.384,0.12,2.12
1786962354.765,,0,,,,10.120,8.050,True,0.484,-3.442,0.13,2.10
1786962354.840,,0,,,,9.890,7.788,True,0.487,-3.582,0.13,2.08
1786962354.915,,0,,,,9.660,7.526,True,0.490,-3.424,0.12,2.07
1786962354.990,,0,,,,9.410,7.242,True,0.494,-3.272,0.12,2.05
1786962355.090,,0,,,,9.300,7.117,True,0.495,-3.292,0.12,2.04
1786962355.165,,0,,,,9.270,7.083,True,0.495,-2.989,0.11,2.02
1786962355.215,,0,,,,9.320,7.139,True,0.495,-2.908,0.10,2.01
1786962355.340,,0,,,,9.560,7.413,True,0.492,-2.727,0.09,2.00
1786962355.465,,0,,,,9.750,7.629,True,0.489,-2.639,0.09,1.98
1786962355.515,,0,,,,9.720,7.595,True,0.489,-2.536,0.09,1.96
1786962355.590,,0,,,,9.720,7.595,True,0.489,-2.290,0.08,1.95
1786962355.665,,0,,,,9.770,7.652,True,0.489,-2.146,0.07,1.94
1786962358.665,,0,,,,10.080,8.004,True,0.485,-18.409,1.15,3.63
1786962358.815,,0,,,,10.140,8.073,True,0.484,-18.435,1.14,3.60
1786962358.890,,0,,,,10.260,8.209,True,0.482,-18.509,1.14,3.58
1786962358.990,,0,,,,10.420,8.391,True,0.480,-18.359,1.14,3.61
1786962359.065,,0,,,,10.500,8.482,True,0.479,-18.419,1.14,3.60
1786962359.190,,0,,,,10.570,8.562,True,0.478,-18.516,1.14,3.58
1786962359.365,,0,,,,10.370,8.334,True,0.481,-20.823,1.26,3.55
1786962359.415,,0,,,,10.290,8.243,True,0.482,-20.877,1.26,3.54
1786962359.490,,0,,,,10.020,7.936,True,0.486,-18.789,1.15,3.56
1786962360.115,,0,,,,9.800,7.686,True,0.488,-17.910,1.09,3.55
1786962360.240,,0,,,,9.920,7.822,True,0.487,-18.053,1.10,3.54
1786962360.340,,0,,,,9.850,7.743,True,0.488,-18.670,1.12,3.49
1786962360.440,,0,,,,9.780,7.663,True,0.489,-18.679,1.11,3.47
1786962360.840,,0,,,,9.890,7.788,True,0.487,-18.521,1.12,3.53
1786962360.965,,0,,,,10.230,8.175,True,0.483,-18.453,1.11,3.51
1786962361.465,,0,,,,10.350,8.312,True,0.481,-19.239,1.13,3.44
1786962361.565,,0,,,,10.290,8.243,True,0.482,-18.870,1.10,3.41
1786962361.665,,0,,,,10.420,8.391,True,0.480,-19.412,1.12,3.36
1786962362.165,,0,,,,10.800,8.824,True,0.475,-18.745,1.05,3.28
1786962362.265,,0,,,,10.610,8.607,True,0.478,-18.536,1.04,3.27
1786962362.440,,0,,,,10.620,8.619,True,0.478,-18.334,1.02,3.24
1786962362.565,,0,,,,10.940,8.983,True,0.474,-18.276,1.01,3.22
1786962362.715,,0,,,,11.240,9.324,True,0.470,-18.335,1.01,3.20
1786962362.790,,0,,,,11.320,9.415,True,0.469,-18.303,1.00,3.19
1786962362.915,,0,,,,11.290,9.381,True,0.469,-18.153,0.99,3.17
1786962363.015,,0,,,,11.300,9.393,True,0.469,-18.033,0.98,3.16
1786962363.115,,0,,,,11.270,9.358,True,0.469,-17.880,0.97,3.14
1786962363.240,,0,,,,11.370,9.472,True,0.468,-17.729,0.95,3.13
1786962363.290,,0,,,,11.490,9.609,True,0.467,-17.623,0.94,3.12
1786962363.365,,0,,,,11.610,9.745,True,0.465,-17.607,0.94,3.11
1786962363.465,,0,,,,11.780,9.939,True,0.463,-17.495,0.93,3.10
1786962363.565,,0,,,,11.930,10.110,True,0.461,-17.393,0.92,3.08
1786962363.665,,0,,,,11.060,9.119,True,0.472,-17.296,0.92,3.08
1786962363.740,,0,,,,6.000,3.312,True,0.528,-13.401,0.71,3.06
1786962363.790,,0,,,,6.880,4.363,True,0.527,-10.536,0.56,3.05
1786962363.865,,0,,,,7.690,5.285,True,0.516,-11.135,0.59,3.05
1786962363.940,,0,,,,7.630,5.216,True,0.517,-11.886,0.63,3.04
1786962364.015,,0,,,,7.620,5.205,True,0.517,-11.810,0.62,3.03
1786962364.140,,0,,,,7.640,5.228,True,0.517,-11.428,0.60,3.01
1786962364.215,,0,,,,7.740,5.342,True,0.516,-11.161,0.58,3.00
1786962364.290,,0,,,,7.960,5.592,True,0.513,-10.892,0.56,2.98
1786962364.440,,0,,,,8.440,6.138,True,0.506,-13.090,0.67,2.97
1786962364.565,,0,,,,8.710,6.445,True,0.503,-11.162,0.57,2.95
1786962364.690,,0,,,,8.710,6.445,True,0.503,-10.943,0.56,2.93
1786962364.865,,0,,,,9.140,6.935,True,0.497,-11.632,0.59,2.92
1786962364.990,,0,,,,8.930,6.696,True,0.500,-11.986,0.60,2.90
1786962366.265,,0,,,,12.050,10.246,True,0.460,46.737,1.58,2.17
1786962366.365,,0,,,,12.400,10.644,True,0.455,47.298,1.59,2.17
1786962366.615,,0,,,,13.800,12.237,True,0.438,47.121,1.59,2.17
1786962366.715,,0,,,,14.250,12.750,True,0.433,48.017,1.61,2.17
1786962366.815,,0,,,,14.240,12.738,True,0.433,47.864,1.61,2.17
1786962366.890,,0,,,,14.060,12.533,True,0.435,48.354,1.62,2.17
1786962366.990,,0,,,,13.910,12.363,True,0.437,48.597,1.63,2.17
1786962367.090,,0,,,,13.730,12.158,True,0.439,49.531,1.65,2.17
