group,t_raw,t_corrected,time_difference_s,angle_error_deg_raw,angle_error_deg_corrected,gimbal_yaw_deg,abs_error_raw_deg,abs_error_corrected_deg,improvement_deg
marker:0,0.0,0.0,0.0,-0.313,1.388,-0.04,0.313,1.388,-1.075
marker:0,0.0,0.0,0.0,-0.35,1.322,-0.14,0.35,1.322,-0.9720000000000001
marker:0,0.0,0.0,0.0,-0.403,1.257,-0.18,0.403,1.257,-0.8539999999999999
marker:0,0.0,0.0,0.0,-0.448,1.179,-0.3,0.448,1.179,-0.7310000000000001
marker:0,0.0,0.0,0.0,-0.424,1.214,-0.26,0.424,1.214,-0.79
marker:0,0.0,0.0,0.0,-0.489,1.186,-0.13,0.489,1.186,-0.697
marker:0,0.0,0.0,0.0,-0.708,0.993,-0.04,0.708,0.993,-0.28500000000000003
marker:0,0.0,0.0,0.0,-0.735,0.98,0.04,0.735,0.98,-0.245
marker:0,0.0,0.0,0.0,-0.828,0.922,0.13,0.828,0.922,-0.09400000000000008
marker:0,0.0,0.0,0.0,-0.909,0.838,0.12,0.909,0.838,0.07100000000000006
marker:0,0.0,0.0,0.0,-0.68,1.038,0.02,0.68,1.038,-0.358
marker:0,0.0,0.0,0.0,-0.675,1.003,-0.12,0.675,1.003,-0.32799999999999985
marker:0,0.0,0.0,0.0,-0.678,0.974,-0.21,0.678,0.974,-0.29599999999999993
marker:0,0.0,0.0,0.0,-0.622,0.99,-0.35,0.622,0.99,-0.368
marker:0,0.0,0.0,0.0,-0.577,1.038,-0.34,0.577,1.038,-0.4610000000000001
marker:0,0.0,0.0,0.0,-0.495,1.132,-0.3,0.495,1.132,-0.6369999999999999
marker:0,0.0,0.0,0.0,-9.384,-4.584,15.47,9.384,4.584,4.800000000000001
marker:0,0.0,0.0,0.0,-9.103,-4.253,15.69,9.103,4.253,4.85
marker:0,0.0,0.0,0.0,-9.138,-4.219,16.07,9.138,4.219,4.919
marker:0,0.0,0.0,0.0,4.62,9.634,16.58,4.62,9.634,-5.014
marker:0,0.0,0.0,0.0,4.519,9.651,17.23,4.519,9.651,-5.132
marker:0,0.0,0.0,0.0,4.368,9.565,17.58,4.368,9.565,-5.196999999999999
marker:0,0.0,0.0,0.0,-3.475,1.812,18.07,3.475,1.812,1.663
marker:0,0.0,0.0,0.0,-3.439,1.857,18.12,3.439,1.857,1.582
marker:0,0.0,0.0,0.0,-3.382,1.907,18.06,3.382,1.907,1.475
marker:0,0.0,0.0,0.0,-6.626,-1.373,17.89,6.626,1.373,5.253
marker:0,0.0,0.0,0.0,-6.127,-0.882,17.84,6.127,0.882,5.245
marker:0,0.0,0.0,0.0,-5.828,-0.543,18.06,5.828,0.543,5.285
marker:0,0.0,0.0,0.0,8.411,13.795,18.6,8.411,13.795,-5.384
marker:0,0.0,0.0,0.0,8.62,14.063,18.92,8.62,14.063,-5.443000000000001
marker:0,0.0,0.0,0.0,8.827,14.347,19.34,8.827,14.347,-5.52
marker:0,0.0,0.0,0.0,9.411,14.843,18.86,9.411,14.843,-5.432
marker:0,0.0,0.0,0.0,-0.536,1.111,-0.19,0.536,1.111,-0.575
marker:0,0.0,0.0,0.0,-0.608,1.081,-0.08,0.608,1.081,-0.473
marker:0,0.0,0.0,0.0,-0.291,1.407,-0.01,0.291,1.407,-1.116
marker:0,0.0,0.0,0.0,-0.33,1.391,0.03,0.33,1.391,-1.061
marker:0,0.0,0.0,0.0,-0.437,1.264,-0.04,0.437,1.264,-0.827
marker:0,0.0,0.0,0.0,-0.587,1.082,-0.15,0.587,1.082,-0.4950000000000001
marker:0,0.0,0.0,0.0,-0.636,0.953,-0.43,0.636,0.953,-0.31699999999999995
marker:0,0.0,0.0,0.0,-0.676,0.873,-0.57,0.676,0.873,-0.19699999999999995
marker:0,0.0,0.0,0.0,-0.689,0.848,-0.61,0.689,0.848,-0.15900000000000003
marker:0,0.0,0.0,0.0,-0.621,0.916,-0.61,0.621,0.916,-0.29500000000000004
marker:0,0.0,0.0,0.0,-0.637,0.923,-0.53,0.637,0.923,-0.28600000000000003
marker:0,0.0,0.0,0.0,-0.675,0.908,-0.45,0.675,0.908,-0.23299999999999998
marker:0,0.0,0.0,0.0,-1.104,0.496,-0.39,1.104,0.496,0.6080000000000001
marker:0,0.0,0.0,0.0,-1.141,0.471,-0.35,1.141,0.471,0.67
marker:0,0.0,0.0,0.0,-1.164,0.465,-0.29,1.164,0.465,0.6989999999999998
marker:0,0.0,0.0,0.0,-1.212,0.42,-0.28,1.212,0.42,0.792
marker:0,0.0,0.0,0.0,-0.765,0.865,-0.29,0.765,0.865,-0.09999999999999998
marker:0,0.0,0.0,0.0,-0.841,0.797,-0.26,0.841,0.797,0.04399999999999993
marker:0,0.0,0.0,0.0,-0.877,0.77,-0.23,0.877,0.77,0.10699999999999998
marker:0,0.0,0.0,0.0,-0.648,1.019,-0.16,0.648,1.019,-0.3709999999999999
marker:0,0.0,0.0,0.0,-0.79,0.882,-0.14,0.79,0.882,-0.09199999999999997
marker:0,0.0,0.0,0.0,-0.813,0.848,-0.18,0.813,0.848,-0.03500000000000003
marker:0,0.0,0.0,0.0,-0.886,0.734,-0.32,0.886,0.734,0.15200000000000002
marker:0,0.0,0.0,0.0,-0.841,0.756,-0.44,0.841,0.756,0.08499999999999996
marker:0,0.0,0.0,0.0,-0.806,0.754,-0.54,0.806,0.754,0.052000000000000046
marker:0,0.0,0.0,0.0,-0.611,0.932,-0.59,0.611,0.932,-0.32100000000000006
marker:0,0.0,0.0,0.0,-0.561,0.996,-0.54,0.561,0.996,-0.43499999999999994
marker:0,0.0,0.0,0.0,-0.758,0.837,-0.41,0.758,0.837,-0.07899999999999996
marker:0,0.0,0.0,0.0,-0.952,0.678,-0.29,0.952,0.678,0.2739999999999999
marker:0,0.0,0.0,0.0,-0.935,0.78,0.01,0.935,0.78,0.15500000000000003
marker:0,0.0,0.0,0.0,-0.37,1.388,0.16,0.37,1.388,-1.0179999999999998
marker:0,0.0,0.0,0.0,-0.576,1.185,0.17,0.576,1.185,-0.6090000000000001
marker:0,0.0,0.0,0.0,-0.401,1.34,0.1,0.401,1.34,-0.9390000000000001
marker:0,0.0,0.0,0.0,-0.405,1.304,-0.01,0.405,1.304,-0.899
marker:0,0.0,0.0,0.0,-0.456,1.225,-0.11,0.456,1.225,-0.7690000000000001
marker:0,0.0,0.0,0.0,-0.502,1.161,-0.18,0.502,1.161,-0.659
marker:0,0.0,0.0,0.0,-0.561,1.099,-0.18,0.561,1.099,-0.5379999999999999
marker:0,0.0,0.0,0.0,-0.605,1.05,-0.18,0.605,1.05,-0.44500000000000006
marker:0,0.0,0.0,0.0,-0.605,1.084,-0.08,0.605,1.084,-0.4790000000000001
marker:0,0.0,0.0,0.0,-0.688,1.028,0.01,0.688,1.028,-0.3400000000000001
marker:0,0.0,0.0,0.0,-0.76,0.983,0.11,0.76,0.983,-0.22299999999999998
marker:0,0.0,0.0,0.0,-0.809,0.934,0.11,0.809,0.934,-0.125
marker:0,0.0,0.0,0.0,-0.9,0.838,0.09,0.9,0.838,0.062000000000000055
marker:0,0.0,0.0,0.0,-0.949,0.76,-0.01,0.949,0.76,0.18899999999999995
marker:0,0.0,0.0,0.0,-0.958,0.708,-0.16,0.958,0.708,0.25
marker:0,0.0,0.0,0.0,-0.99,0.633,-0.31,0.99,0.633,0.357
marker:0,0.0,0.0,0.0,-1.019,0.584,-0.4,1.019,0.584,0.43499999999999994
marker:0,0.0,0.0,0.0,-0.991,0.603,-0.41,0.991,0.603,0.388
marker:0,0.0,0.0,0.0,-0.964,0.648,-0.35,0.964,0.648,0.31599999999999995
marker:0,0.0,0.0,0.0,-1.092,0.566,-0.15,1.092,0.566,0.5260000000000001
marker:0,0.0,0.0,0.0,-1.195,0.511,-0.02,1.195,0.511,0.684
marker:0,0.0,0.0,0.0,-1.307,0.469,0.22,1.307,0.469,0.838
marker:0,0.0,0.0,0.0,-1.459,0.357,0.4,1.459,0.357,1.102
marker:0,0.0,0.0,0.0,-1.64,0.207,0.47,1.64,0.207,1.4329999999999998
marker:0,0.0,0.0,0.0,-1.68,0.159,0.41,1.68,0.159,1.521
marker:0,0.0,0.0,0.0,-1.802,-0.0,0.26,1.802,0.0,1.802
marker:0,0.0,0.0,0.0,-1.793,-0.046,0.12,1.793,0.046,1.7469999999999999
marker:0,0.0,0.0,0.0,-1.719,0.008,0.05,1.719,0.008,1.711
marker:0,0.0,0.0,0.0,-1.783,-0.102,-0.11,1.783,0.102,1.6809999999999998
marker:0,0.0,0.0,0.0,-1.84,-0.185,-0.2,1.84,0.185,1.655
marker:0,0.0,0.0,0.0,-1.973,-0.333,-0.25,1.973,0.333,1.6400000000000001
marker:0,0.0,0.0,0.0,-2.115,-0.474,-0.25,2.115,0.474,1.6410000000000002
marker:0,0.0,0.0,0.0,-2.164,-0.509,-0.2,2.164,0.509,1.6550000000000002
marker:0,0.0,0.0,0.0,-2.275,-0.614,-0.18,2.275,0.614,1.661
marker:0,0.0,0.0,0.0,-2.326,-0.625,-0.04,2.326,0.625,1.701
marker:0,0.0,0.0,0.0,-2.409,-0.688,0.07,2.409,0.688,1.7209999999999999
marker:0,0.0,0.0,0.0,-2.553,-0.8,0.14,2.553,0.8,1.753
marker:0,0.0,0.0,0.0,-2.752,-1.002,0.13,2.752,1.002,1.7499999999999998
marker:0,0.0,0.0,0.0,-2.895,-1.162,0.07,2.895,1.162,1.733
marker:0,0.0,0.0,0.0,-3.018,-1.306,0.0,3.018,1.306,1.7119999999999997
marker:0,0.0,0.0,0.0,-3.117,-1.437,-0.17,3.117,1.437,1.68
marker:0,0.0,0.0,0.0,-3.191,-1.582,-0.36,3.191,1.582,1.6089999999999998
marker:0,0.0,0.0,0.0,-3.193,-1.619,-0.48,3.193,1.619,1.574
marker:0,0.0,0.0,0.0,-3.18,-1.617,-0.52,3.18,1.617,1.5630000000000002
marker:0,0.0,0.0,0.0,-3.124,-1.541,-0.45,3.124,1.541,1.5830000000000002
marker:0,0.0,0.0,0.0,-3.19,-1.567,-0.31,3.19,1.567,1.623
marker:0,0.0,0.0,0.0,-3.176,-1.484,-0.07,3.176,1.484,1.6920000000000002
marker:0,0.0,0.0,0.0,-3.27,-1.475,0.29,3.27,1.475,1.795
marker:0,0.0,0.0,0.0,-3.549,-1.713,0.44,3.549,1.713,1.8359999999999999
marker:0,0.0,0.0,0.0,-0.484,1.363,0.47,0.484,1.363,-0.879
marker:0,0.0,0.0,0.0,-0.649,1.161,0.3,0.649,1.161,-0.512
marker:0,0.0,0.0,0.0,-0.802,0.925,0.05,0.802,0.925,-0.123
marker:0,0.0,0.0,0.0,-0.773,0.894,-0.16,0.773,0.894,-0.121
marker:0,0.0,0.0,0.0,-0.826,0.778,-0.38,0.826,0.778,0.04799999999999993
marker:0,0.0,0.0,0.0,-0.725,0.827,-0.56,0.725,0.827,-0.10199999999999998
marker:0,0.0,0.0,0.0,-0.691,0.88,-0.47,0.691,0.88,-0.18900000000000006
marker:0,0.0,0.0,0.0,-0.84,0.761,-0.39,0.84,0.761,0.07899999999999996
marker:0,0.0,0.0,0.0,-0.809,0.892,-0.04,0.809,0.892,-0.08299999999999996
marker:0,0.0,0.0,0.0,-0.985,0.827,0.42,0.985,0.827,0.15800000000000003
marker:0,0.0,0.0,0.0,-1.141,0.729,0.6,1.141,0.729,0.41200000000000003
marker:0,0.0,0.0,0.0,-0.48,1.416,0.64,0.48,1.416,-0.9359999999999999
marker:0,0.0,0.0,0.0,-0.707,1.171,0.53,0.707,1.171,-0.4640000000000001
marker:0,0.0,0.0,0.0,-0.875,0.924,0.3,0.875,0.924,-0.049000000000000044
marker:0,0.0,0.0,0.0,-0.806,0.941,0.03,0.806,0.941,-0.1349999999999999
marker:0,0.0,0.0,0.0,-1.346,0.281,-0.3,1.346,0.281,1.065
marker:0,0.0,0.0,0.0,-1.702,-0.165,-0.61,1.702,0.165,1.537
marker:0,0.0,0.0,0.0,-1.608,-0.122,-0.79,1.608,0.122,1.4860000000000002
marker:0,0.0,0.0,0.0,-1.718,-0.221,-0.75,1.718,0.221,1.4969999999999999
marker:0,0.0,0.0,0.0,-1.685,-0.13,-0.55,1.685,0.13,1.5550000000000002
marker:0,0.0,0.0,0.0,-0.897,0.767,-0.17,0.897,0.767,0.13
marker:0,0.0,0.0,0.0,-1.084,0.646,0.15,1.084,0.646,0.43800000000000006
marker:0,0.0,0.0,0.0,-1.315,0.514,0.47,1.315,0.514,0.8009999999999999
marker:0,0.0,0.0,0.0,-0.677,1.187,0.53,0.677,1.187,-0.51
marker:0,0.0,0.0,0.0,-0.766,1.087,0.49,0.766,1.087,-0.32099999999999995
marker:0,0.0,0.0,0.0,-0.912,0.886,0.3,0.912,0.886,0.026000000000000023
marker:0,0.0,0.0,0.0,-1.405,0.273,-0.12,1.405,0.273,1.1320000000000001
marker:0,0.0,0.0,0.0,-1.412,0.183,-0.46,1.412,0.183,1.2289999999999999
marker:0,0.0,0.0,0.0,-0.934,0.644,-0.47,0.934,0.644,0.29000000000000004
marker:0,0.0,0.0,0.0,-0.961,0.657,-0.28,0.961,0.657,0.30399999999999994
marker:0,0.0,0.0,0.0,-1.152,0.54,-0.07,1.152,0.54,0.6119999999999999
marker:0,0.0,0.0,0.0,-1.344,0.454,0.3,1.344,0.454,0.8900000000000001
marker:0,0.0,0.0,0.0,-1.395,0.449,0.46,1.395,0.449,0.946
marker:0,0.0,0.0,0.0,-1.664,0.174,0.44,1.664,0.174,1.49
marker:0,0.0,0.0,0.0,-1.685,0.091,0.22,1.685,0.091,1.594
marker:0,0.0,0.0,0.0,-1.754,-0.033,0.03,1.754,0.033,1.721
marker:0,0.0,0.0,0.0,-1.732,-0.083,-0.22,1.732,0.083,1.649
marker:0,0.0,0.0,0.0,-1.815,-0.22,-0.41,1.815,0.22,1.595
marker:0,0.0,0.0,0.0,-1.773,-0.184,-0.43,1.773,0.184,1.589
marker:0,0.0,0.0,0.0,-1.737,-0.142,-0.41,1.737,0.142,1.5950000000000002
marker:0,0.0,0.0,0.0,-1.782,-0.162,-0.32,1.782,0.162,1.62
marker:0,0.0,0.0,0.0,-1.726,-0.068,-0.16,1.726,0.068,1.658
marker:0,0.0,0.0,0.0,-1.837,-0.125,0.0,1.837,0.125,1.712
marker:0,0.0,0.0,0.0,-1.919,-0.204,0.02,1.919,0.204,1.715
marker:0,0.0,0.0,0.0,-2.04,-0.328,0.0,2.04,0.328,1.712
marker:0,0.0,0.0,0.0,-2.069,-0.371,-0.05,2.069,0.371,1.698
marker:0,0.0,0.0,0.0,-2.088,-0.412,-0.15,2.088,0.412,1.6760000000000002
marker:0,0.0,0.0,0.0,-2.16,-0.493,-0.16,2.16,0.493,1.6670000000000003
marker:0,0.0,0.0,0.0,-2.184,-0.501,-0.1,2.184,0.501,1.6830000000000003
marker:0,0.0,0.0,0.0,-2.253,-0.541,0.0,2.253,0.541,1.7120000000000002
marker:0,0.0,0.0,0.0,-2.402,-0.652,0.13,2.402,0.652,1.75
marker:0,0.0,0.0,0.0,-2.443,-0.668,0.29,2.443,0.668,1.775
marker:0,0.0,0.0,0.0,-2.592,-0.776,0.36,2.592,0.776,1.816
marker:0,0.0,0.0,0.0,-2.697,-0.87,0.4,2.697,0.87,1.827
marker:0,0.0,0.0,0.0,-2.798,-0.98,0.37,2.798,0.98,1.818
marker:0,0.0,0.0,0.0,-2.827,-1.054,0.2,2.827,1.054,1.773
marker:0,0.0,0.0,0.0,-2.863,-1.122,0.1,2.863,1.122,1.7409999999999999
marker:0,0.0,0.0,0.0,-2.876,-1.158,0.02,2.876,1.158,1.718
marker:0,0.0,0.0,0.0,-2.937,-1.202,0.08,2.937,1.202,1.7349999999999999
marker:0,0.0,0.0,0.0,-3.057,-1.302,0.17,3.057,1.302,1.755
marker:0,0.0,0.0,0.0,-3.132,-1.325,0.33,3.132,1.325,1.8070000000000002
marker:0,0.0,0.0,0.0,-3.141,-1.3,0.51,3.141,1.3,1.841
marker:0,0.0,0.0,0.0,-3.338,-1.45,0.61,3.338,1.45,1.8880000000000001
marker:0,0.0,0.0,0.0,-3.427,-1.508,0.72,3.427,1.508,1.919
marker:0,0.0,0.0,0.0,-3.578,-1.654,0.72,3.578,1.654,1.924
marker:0,0.0,0.0,0.0,-3.696,-1.783,0.7,3.696,1.783,1.9130000000000003
marker:0,0.0,0.0,0.0,-3.764,-1.886,0.58,3.764,1.886,1.878
marker:0,0.0,0.0,0.0,-3.789,-1.939,0.48,3.789,1.939,1.85
marker:0,0.0,0.0,0.0,-3.757,-1.962,0.29,3.757,1.962,1.7950000000000002
marker:0,0.0,0.0,0.0,-3.715,-1.954,0.14,3.715,1.954,1.761
marker:0,0.0,0.0,0.0,-3.795,-2.046,0.13,3.795,2.046,1.749
marker:0,0.0,0.0,0.0,-3.828,-2.058,0.2,3.828,2.058,1.77
marker:0,0.0,0.0,0.0,-3.837,-2.024,0.35,3.837,2.024,1.8130000000000002
marker:0,0.0,0.0,0.0,-3.93,-2.112,0.39,3.93,2.112,1.818
marker:0,0.0,0.0,0.0,-4.141,-2.305,0.43,4.141,2.305,1.8359999999999999
marker:0,0.0,0.0,0.0,-4.26,-2.401,0.52,4.26,2.401,1.859
marker:0,0.0,0.0,0.0,-4.46,-2.584,0.57,4.46,2.584,1.876
marker:0,0.0,0.0,0.0,-4.581,-2.697,0.6,4.581,2.697,1.8840000000000003
marker:0,0.0,0.0,0.0,-4.617,-2.727,0.62,4.617,2.727,1.8900000000000001
marker:0,0.0,0.0,0.0,-4.652,-2.771,0.59,4.652,2.771,1.8810000000000002
marker:0,0.0,0.0,0.0,-4.69,-2.823,0.54,4.69,2.823,1.8670000000000004
marker:0,0.0,0.0,0.0,-4.668,-2.807,0.52,4.668,2.807,1.8610000000000002
marker:0,0.0,0.0,0.0,-4.785,-2.929,0.48,4.785,2.929,1.8560000000000003
marker:0,0.0,0.0,0.0,-4.818,-2.962,0.5,4.818,2.962,1.8559999999999994
marker:0,0.0,0.0,0.0,-4.857,-3.001,0.5,4.857,3.001,1.8560000000000003
marker:0,0.0,0.0,0.0,-4.913,-3.043,0.55,4.913,3.043,1.87
marker:0,0.0,0.0,0.0,-2.544,-0.516,1.13,2.544,0.516,2.028
marker:0,0.0,0.0,0.0,-2.751,-0.678,1.26,2.751,0.678,2.073
marker:0,0.0,0.0,0.0,-2.803,-0.724,1.28,2.803,0.724,2.0789999999999997
marker:0,0.0,0.0,0.0,-1.397,0.723,1.44,1.397,0.723,0.674
marker:0,0.0,0.0,0.0,-1.417,0.734,1.53,1.417,0.734,0.683
marker:0,0.0,0.0,0.0,-1.414,0.742,1.55,1.414,0.742,0.6719999999999999
marker:0,0.0,0.0,0.0,-1.483,0.654,1.48,1.483,0.654,0.8290000000000001
marker:0,0.0,0.0,0.0,-1.513,0.595,1.38,1.513,0.595,0.9179999999999999
marker:0,0.0,0.0,0.0,-1.692,0.37,1.22,1.692,0.37,1.322
marker:0,0.0,0.0,0.0,-1.646,0.344,0.97,1.646,0.344,1.302
marker:0,0.0,0.0,0.0,-1.794,0.133,0.75,1.794,0.133,1.661
marker:0,0.0,0.0,0.0,-1.811,0.096,0.68,1.811,0.096,1.7149999999999999
marker:0,0.0,0.0,0.0,-1.903,-0.001,0.66,1.903,0.001,1.9020000000000001
marker:0,0.0,0.0,0.0,-1.717,0.176,0.63,1.717,0.176,1.5410000000000001
marker:0,0.0,0.0,0.0,-1.774,0.136,0.69,1.774,0.136,1.638
marker:0,0.0,0.0,0.0,-2.276,-0.245,1.11,2.276,0.245,2.0309999999999997
marker:0,0.0,0.0,0.0,-2.457,-0.421,1.13,2.457,0.421,2.036
marker:0,0.0,0.0,0.0,-2.531,-0.483,1.17,2.531,0.483,2.048
marker:0,0.0,0.0,0.0,-2.642,-0.58,1.22,2.642,0.58,2.062
marker:0,0.0,0.0,0.0,-2.723,-0.667,1.2,2.723,0.667,2.056
marker:0,0.0,0.0,0.0,-2.671,-0.772,1.21,2.671,0.772,1.8989999999999998
marker:0,0.0,0.0,0.0,-2.505,-0.46,1.16,2.505,0.46,2.045
marker:0,0.0,0.0,0.0,-2.436,-0.402,1.12,2.436,0.402,2.034
marker:0,0.0,0.0,0.0,-2.632,-0.627,1.02,2.632,0.627,2.005
marker:0,0.0,0.0,0.0,-2.619,-0.638,0.94,2.619,0.638,1.9810000000000003
marker:0,0.0,0.0,0.0,-2.624,-0.691,0.82,2.624,0.691,1.9330000000000003
marker:0,0.0,0.0,0.0,-2.66,-0.727,0.77,2.66,0.727,1.9330000000000003
marker:0,0.0,0.0,0.0,-2.783,-0.87,0.7,2.783,0.87,1.9129999999999998
marker:0,0.0,0.0,0.0,-2.721,-0.808,0.7,2.721,0.808,1.913
marker:0,0.0,0.0,0.0,-2.72,-0.81,0.69,2.72,0.81,1.9100000000000001
marker:0,0.0,0.0,0.0,-2.744,-0.834,0.69,2.744,0.834,1.9100000000000001
marker:0,0.0,0.0,0.0,-2.743,-0.83,0.7,2.743,0.83,1.9129999999999998
marker:0,0.0,0.0,0.0,-4.571,-2.813,0.16,4.571,2.813,1.7579999999999996
marker:0,0.0,0.0,0.0,-4.388,-2.592,0.29,4.388,2.592,1.7959999999999998
marker:0,0.0,0.0,0.0,-4.269,-2.459,0.37,4.269,2.459,1.81
marker:0,0.0,0.0,0.0,-4.064,-2.24,0.39,4.064,2.24,1.8239999999999998
marker:0,0.0,0.0,0.0,-3.922,-2.078,0.46,3.922,2.078,1.8440000000000003
marker:0,0.0,0.0,0.0,-3.7,-1.824,0.57,3.7,1.824,1.8760000000000001
marker:0,0.0,0.0,0.0,-3.472,-1.559,0.7,3.472,1.559,1.913
marker:0,0.0,0.0,0.0,-3.314,-1.395,0.72,3.314,1.395,1.919
marker:0,0.0,0.0,0.0,-3.243,-1.322,0.68,3.243,1.322,1.9209999999999998
marker:0,0.0,0.0,0.0,-5.107,-3.283,0.39,5.107,3.283,1.8240000000000003
marker:0,0.0,0.0,0.0,-4.979,-4.21,0.34,4.979,4.21,0.7690000000000001
marker:0,0.0,0.0,0.0,-5.159,-3.349,0.34,5.159,3.349,1.8099999999999996
marker:0,0.0,0.0,0.0,-4.459,-2.609,0.48,4.459,2.609,1.8499999999999996
marker:0,0.0,0.0,0.0,-4.231,-2.346,0.6,4.231,2.346,1.8849999999999998
marker:0,0.0,0.0,0.0,-4.071,-2.164,0.68,4.071,2.164,1.9069999999999996
marker:0,0.0,0.0,0.0,-3.784,-1.879,0.67,3.784,1.879,1.9049999999999998
marker:0,0.0,0.0,0.0,-3.638,-1.757,0.56,3.638,1.757,1.881
marker:0,0.0,0.0,0.0,-11.218,-9.402,0.36,11.218,9.402,1.8160000000000007
marker:0,0.0,0.0,0.0,-10.894,-9.119,0.22,10.894,9.119,1.7750000000000004
marker:0,0.0,0.0,0.0,-10.693,-8.963,0.06,10.693,8.963,1.7300000000000004
marker:0,0.0,0.0,0.0,-10.282,-8.569,0.01,10.282,8.569,1.7129999999999992
marker:0,0.0,0.0,0.0,-9.985,-8.264,0.05,9.985,8.264,1.721
marker:0,0.0,0.0,0.0,-9.757,-8.004,0.14,9.757,8.004,1.7530000000000001
marker:0,0.0,0.0,0.0,-9.605,-7.812,0.28,9.605,7.812,1.7930000000000001
marker:0,0.0,0.0,0.0,-9.436,-7.586,0.48,9.436,7.586,1.8499999999999996
marker:0,0.0,0.0,0.0,-9.322,-7.418,0.67,9.322,7.418,1.903999999999999
marker:0,0.0,0.0,0.0,-9.185,-7.258,0.75,9.185,7.258,1.9270000000000005
marker:0,0.0,0.0,0.0,-9.076,-7.155,0.73,9.076,7.155,1.9210000000000003
marker:0,0.0,0.0,0.0,-8.85,-6.942,0.68,8.85,6.942,1.9079999999999995
marker:0,0.0,0.0,0.0,-8.436,-6.543,0.63,8.436,6.543,1.8929999999999998
marker:0,0.0,0.0,0.0,-8.106,-6.216,0.62,8.106,6.216,1.8899999999999997
marker:0,0.0,0.0,0.0,-7.843,-5.962,0.59,7.843,5.962,1.8810000000000002
marker:0,0.0,0.0,0.0,-7.569,-5.67,0.65,7.569,5.67,1.899
marker:0,0.0,0.0,0.0,-7.446,-5.539,0.68,7.446,5.539,1.907
marker:0,0.0,0.0,0.0,-7.284,-5.354,0.76,7.284,5.354,1.9299999999999997
marker:0,0.0,0.0,0.0,-6.979,-5.049,0.76,6.979,5.049,1.9299999999999997
marker:0,0.0,0.0,0.0,-6.838,-4.905,0.77,6.838,4.905,1.9329999999999998
marker:0,0.0,0.0,0.0,-6.598,-4.659,0.79,6.598,4.659,1.939
marker:0,0.0,0.0,0.0,-6.36,-4.433,0.75,6.36,4.433,1.9270000000000005
marker:0,0.0,0.0,0.0,-6.07,-4.154,0.72,6.07,4.154,1.9160000000000004
marker:0,0.0,0.0,0.0,-5.773,-3.871,0.66,5.773,3.871,1.9019999999999997
marker:0,0.0,0.0,0.0,-5.672,-3.79,0.59,5.672,3.79,1.8819999999999997
marker:0,0.0,0.0,0.0,-3.933,-2.068,0.53,3.933,2.068,1.8649999999999998
marker:0,0.0,0.0,0.0,-3.671,-1.829,0.45,3.671,1.829,1.8419999999999999
marker:0,0.0,0.0,0.0,-3.365,-1.509,0.5,3.365,1.509,1.8560000000000003
marker:0,0.0,0.0,0.0,-3.419,-1.538,0.59,3.419,1.538,1.881
marker:0,0.0,0.0,0.0,-3.17,-1.251,0.72,3.17,1.251,1.919
marker:0,0.0,0.0,0.0,-2.912,-0.959,0.84,2.912,0.959,1.9529999999999998
marker:0,0.0,0.0,0.0,-3.881,-1.905,0.92,3.881,1.905,1.9759999999999998
marker:0,0.0,0.0,0.0,-3.583,-1.59,0.98,3.583,1.59,1.993
marker:0,0.0,0.0,0.0,-3.273,-1.268,1.02,3.273,1.268,2.005
marker:0,0.0,0.0,0.0,-2.962,-0.977,0.95,2.962,0.977,1.9850000000000003
marker:0,0.0,0.0,0.0,-2.643,-0.659,0.94,2.643,0.659,1.9839999999999998
marker:0,0.0,0.0,0.0,-2.384,-0.416,0.86,2.384,0.416,1.968
marker:0,0.0,0.0,0.0,-2.188,-0.246,0.8,2.188,0.246,1.9420000000000002
marker:0,0.0,0.0,0.0,-1.933,0.003,0.78,1.933,0.003,1.9300000000000002
marker:0,0.0,0.0,0.0,-1.726,0.204,0.76,1.726,0.204,1.522
marker:0,0.0,0.0,0.0,-1.608,0.334,0.8,1.608,0.334,1.274
marker:0,0.0,0.0,0.0,-1.419,0.586,1.02,1.419,0.586,0.8330000000000001
marker:0,0.0,0.0,0.0,-1.283,0.753,1.13,1.283,0.753,0.5299999999999999
marker:0,0.0,0.0,0.0,-1.208,0.865,1.26,1.208,0.865,0.34299999999999997
marker:0,0.0,0.0,0.0,-1.052,1.013,1.23,1.052,1.013,0.039000000000000146
marker:0,0.0,0.0,0.0,-0.738,1.299,1.13,0.738,1.299,-0.5609999999999999
marker:0,0.0,0.0,0.0,-0.386,1.584,0.83,0.386,1.584,-1.198
marker:0,0.0,0.0,0.0,-0.169,1.735,0.67,0.169,1.735,-1.566
marker:0,0.0,0.0,0.0,0.291,2.147,0.46,0.291,2.147,-1.8559999999999999
marker:0,0.0,0.0,0.0,0.709,2.536,0.4,0.709,2.536,-1.827
marker:0,0.0,0.0,0.0,0.887,2.717,0.41,0.887,2.717,-1.83
marker:0,0.0,0.0,0.0,1.181,3.031,0.51,1.181,3.031,-1.85
marker:0,0.0,0.0,0.0,-3.082,-1.204,0.63,3.082,1.204,1.878
marker:0,0.0,0.0,0.0,-3.017,-1.086,0.76,3.017,1.086,1.9309999999999998
marker:0,0.0,0.0,0.0,-2.894,-0.918,0.97,2.894,0.918,1.976
marker:0,0.0,0.0,0.0,-3.64,-1.601,1.14,3.64,1.601,2.039
marker:0,0.0,0.0,0.0,-3.588,-1.526,1.22,3.588,1.526,2.0620000000000003
marker:0,0.0,0.0,0.0,-3.481,-1.419,1.22,3.481,1.419,2.062
marker:0,0.0,0.0,0.0,-3.338,-1.276,1.18,3.338,1.276,2.0620000000000003
marker:0,0.0,0.0,0.0,-3.153,-1.106,1.17,3.153,1.106,2.0469999999999997
marker:0,0.0,0.0,0.0,-2.945,-0.903,1.15,2.945,0.903,2.042
marker:0,0.0,0.0,0.0,-2.527,-0.491,1.12,2.527,0.491,2.036
marker:0,0.0,0.0,0.0,-2.342,-0.305,1.13,2.342,0.305,2.037
marker:0,0.0,0.0,0.0,-1.687,0.366,1.19,1.687,0.366,1.3210000000000002
marker:0,0.0,0.0,0.0,-1.653,0.406,1.21,1.653,0.406,1.2469999999999999
marker:0,0.0,0.0,0.0,-1.383,0.67,1.19,1.383,0.67,0.713
marker:0,0.0,0.0,0.0,-1.255,0.778,1.12,1.255,0.778,0.47699999999999987
marker:0,0.0,0.0,0.0,-1.045,0.951,0.99,1.045,0.951,0.09399999999999997
marker:0,0.0,0.0,0.0,-0.922,1.031,0.84,0.922,1.031,-0.10899999999999987
marker:0,0.0,0.0,0.0,-0.791,1.099,0.62,0.791,1.099,-0.30799999999999994
marker:0,0.0,0.0,0.0,-0.196,1.625,0.38,0.196,1.625,-1.429
marker:0,0.0,0.0,0.0,0.168,1.972,0.28,0.168,1.972,-1.804
marker:0,0.0,0.0,0.0,0.257,2.049,0.28,0.257,2.049,-1.7919999999999998
marker:0,0.0,0.0,0.0,0.371,2.169,0.3,0.371,2.169,-1.798
marker:0,0.0,0.0,0.0,0.499,2.308,0.34,0.499,2.308,-1.8089999999999997
marker:0,0.0,0.0,0.0,0.722,2.52,0.28,0.722,2.52,-1.798
marker:0,0.0,0.0,0.0,0.923,2.721,0.32,0.923,2.721,-1.798
marker:0,0.0,0.0,0.0,1.033,2.84,0.34,1.033,2.84,-1.807
marker:0,0.0,0.0,0.0,1.246,3.07,0.39,1.246,3.07,-1.8239999999999998
marker:0,0.0,0.0,0.0,1.386,3.25,0.53,1.386,3.25,-1.864
marker:0,0.0,0.0,0.0,1.519,3.415,0.67,1.519,3.415,-1.8960000000000001
marker:0,0.0,0.0,0.0,1.577,3.51,0.77,1.577,3.51,-1.9329999999999998
marker:0,0.0,0.0,0.0,1.7,3.65,0.83,1.7,3.65,-1.95
marker:0,0.0,0.0,0.0,1.797,3.698,0.66,1.797,3.698,-1.901
marker:0,0.0,0.0,0.0,1.84,3.69,0.48,1.84,3.69,-1.8499999999999999
marker:0,0.0,0.0,0.0,2.217,4.044,0.4,2.217,4.044,-1.8269999999999995
marker:0,0.0,0.0,0.0,2.474,4.295,0.38,2.474,4.295,-1.8209999999999997
marker:0,0.0,0.0,0.0,2.806,4.65,0.55,2.806,4.65,-1.8440000000000003
marker:0,0.0,0.0,0.0,3.042,4.944,0.66,3.042,4.944,-1.9020000000000001
marker:0,0.0,0.0,0.0,3.153,5.123,0.9,3.153,5.123,-1.9700000000000002
marker:0,0.0,0.0,0.0,3.508,5.507,1.1,3.508,5.507,-1.9989999999999997
marker:0,0.0,0.0,0.0,3.628,5.656,1.1,3.628,5.656,-2.0279999999999996
marker:0,0.0,0.0,0.0,3.646,5.637,0.88,3.646,5.637,-1.9909999999999997
marker:0,0.0,0.0,0.0,3.863,5.768,0.67,3.863,5.768,-1.9049999999999998
marker:0,0.0,0.0,0.0,3.799,5.597,0.22,3.799,5.597,-1.7980000000000005
marker:0,0.0,0.0,0.0,4.124,5.837,0.0,4.124,5.837,-1.713
marker:0,0.0,0.0,0.0,4.478,6.133,-0.2,4.478,6.133,-1.6550000000000002
marker:0,0.0,0.0,0.0,-1.459,0.259,0.01,1.459,0.259,1.2000000000000002
marker:0,0.0,0.0,0.0,-1.409,0.312,0.03,1.409,0.312,1.097
marker:0,0.0,0.0,0.0,-1.316,0.397,0.0,1.316,0.397,0.919
marker:0,0.0,0.0,0.0,-3.601,-1.888,0.0,3.601,1.888,1.713
marker:0,0.0,0.0,0.0,-3.457,-1.753,-0.03,3.457,1.753,1.704
marker:0,0.0,0.0,0.0,-3.334,-1.621,0.0,3.334,1.621,1.713
marker:0,0.0,0.0,0.0,-3.229,-1.516,0.0,3.229,1.516,1.713
marker:0,0.0,0.0,0.0,-3.161,-1.449,0.0,3.161,1.449,1.712
marker:0,0.0,0.0,0.0,-2.894,-1.164,0.06,2.894,1.164,1.7300000000000002
marker:0,0.0,0.0,0.0,-2.837,-1.101,0.08,2.837,1.101,1.7360000000000002
marker:0,0.0,0.0,0.0,-3.301,-1.56,0.11,3.301,1.56,1.741
marker:0,0.0,0.0,0.0,-3.252,-1.511,0.09,3.252,1.511,1.7409999999999999
marker:0,0.0,0.0,0.0,-3.295,-1.563,0.07,3.295,1.563,1.732
marker:0,0.0,0.0,0.0,-3.159,-1.438,0.03,3.159,1.438,1.7209999999999999
marker:0,0.0,0.0,0.0,-3.323,-1.616,-0.02,3.323,1.616,1.7069999999999999
marker:0,0.0,0.0,0.0,-3.086,-1.396,-0.15,3.086,1.396,1.69
marker:0,0.0,0.0,0.0,-3.061,-1.426,-0.27,3.061,1.426,1.635
marker:0,0.0,0.0,0.0,-3.39,-1.795,-0.41,3.39,1.795,1.5950000000000002
marker:0,0.0,0.0,0.0,-3.259,-1.73,-0.64,3.259,1.73,1.529
marker:0,0.0,0.0,0.0,-2.9,-1.389,-0.7,2.9,1.389,1.511
marker:0,0.0,0.0,0.0,-2.781,-1.278,-0.73,2.781,1.278,1.5030000000000001
marker:0,0.0,0.0,0.0,-2.86,-1.357,-0.73,2.86,1.357,1.503
marker:0,0.0,0.0,0.0,-2.838,-1.329,-0.71,2.838,1.329,1.5090000000000001
marker:0,0.0,0.0,0.0,-2.89,-1.364,-0.65,2.89,1.364,1.526
marker:0,0.0,0.0,0.0,-3.412,-1.886,-0.64,3.412,1.886,1.526
marker:0,0.0,0.0,0.0,-3.359,-1.822,-0.61,3.359,1.822,1.537
marker:0,0.0,0.0,0.0,-3.327,-1.784,-0.59,3.327,1.784,1.543
marker:0,0.0,0.0,0.0,-3.346,-1.805,-0.61,3.346,1.805,1.5410000000000001
marker:0,0.0,0.0,0.0,-2.532,-1.006,-0.65,2.532,1.006,1.526
marker:0,0.0,0.0,0.0,-2.492,-0.963,-0.64,2.492,0.963,1.529
marker:0,0.0,0.0,0.0,-2.399,-0.896,-0.57,2.399,0.896,1.5030000000000001
marker:0,0.0,0.0,0.0,-2.192,-0.628,-0.47,2.192,0.628,1.564
marker:0,0.0,0.0,0.0,-3.135,-1.492,-0.17,3.135,1.492,1.6429999999999998
marker:0,0.0,0.0,0.0,-3.097,-1.385,0.0,3.097,1.385,1.712
marker:0,0.0,0.0,0.0,-2.963,-1.196,0.19,2.963,1.196,1.7670000000000001
marker:0,0.0,0.0,0.0,-2.757,-0.979,0.23,2.757,0.979,1.778
marker:0,0.0,0.0,0.0,-2.804,-1.026,0.23,2.804,1.026,1.7779999999999998
marker:0,0.0,0.0,0.0,-2.689,-0.956,0.07,2.689,0.956,1.733
marker:0,0.0,0.0,0.0,-2.386,-0.677,-0.01,2.386,0.677,1.709
marker:0,0.0,0.0,0.0,-2.568,-0.89,-0.12,2.568,0.89,1.678
marker:0,0.0,0.0,0.0,-2.342,-0.676,-0.16,2.342,0.676,1.666
marker:0,0.0,0.0,0.0,-2.095,-0.403,-0.07,2.095,0.403,1.6920000000000002
marker:0,0.0,0.0,0.0,-2.505,-0.784,0.03,2.505,0.784,1.7209999999999999
marker:0,0.0,0.0,0.0,-2.578,-0.835,0.11,2.578,0.835,1.7429999999999999
marker:0,0.0,0.0,0.0,-2.542,-0.786,0.15,2.542,0.786,1.7559999999999998
marker:0,0.0,0.0,0.0,-2.753,-0.964,0.08,2.753,0.964,1.7890000000000001
marker:0,0.0,0.0,0.0,-2.585,-0.861,0.04,2.585,0.861,1.724
marker:0,0.0,0.0,0.0,-1.91,-0.2,-0.04,1.91,0.2,1.71
marker:0,0.0,0.0,0.0,-1.797,-0.116,-0.11,1.797,0.116,1.6809999999999998
marker:0,0.0,0.0,0.0,-1.361,0.32,-0.11,1.361,0.32,1.041
marker:0,0.0,0.0,0.0,-0.707,1.008,0.01,0.707,1.008,-0.30100000000000005
marker:0,0.0,0.0,0.0,-0.667,1.085,0.14,0.667,1.085,-0.4179999999999999
marker:0,0.0,0.0,0.0,-1.313,0.499,0.35,1.313,0.499,0.814
marker:0,0.0,0.0,0.0,-2.409,-0.576,0.42,2.409,0.576,1.8329999999999997
marker:0,0.0,0.0,0.0,-2.393,-0.54,0.49,2.393,0.54,1.8529999999999998
marker:0,0.0,0.0,0.0,-2.14,-0.284,0.5,2.14,0.284,1.856
marker:0,0.0,0.0,0.0,-2.246,-0.376,0.55,2.246,0.376,1.87
marker:0,0.0,0.0,0.0,-0.96,0.91,0.55,0.96,0.91,0.04999999999999993
marker:0,0.0,0.0,0.0,-2.048,-0.169,0.58,2.048,0.169,1.879
marker:0,0.0,0.0,0.0,-2.023,-0.144,0.58,2.023,0.144,1.8790000000000002
marker:0,0.0,0.0,0.0,-1.411,0.45,0.52,1.411,0.45,0.9610000000000001
marker:0,0.0,0.0,0.0,-1.39,0.44,0.41,1.39,0.44,0.95
marker:0,0.0,0.0,0.0,-1.286,0.536,0.37,1.286,0.536,0.75
marker:0,0.0,0.0,0.0,-0.718,1.092,0.32,0.718,1.092,-0.3740000000000001
marker:0,0.0,0.0,0.0,-1.956,-0.132,0.39,1.956,0.132,1.8239999999999998
marker:0,0.0,0.0,0.0,-1.884,-0.032,0.49,1.884,0.032,1.8519999999999999
marker:0,0.0,0.0,0.0,-0.933,0.968,0.66,0.933,0.968,-0.03499999999999992
marker:0,0.0,0.0,0.0,-0.111,1.837,0.82,0.111,1.837,-1.726
marker:0,0.0,0.0,0.0,-0.841,1.123,0.91,0.841,1.123,-0.28200000000000003
marker:0,0.0,0.0,0.0,-0.825,1.142,0.89,0.825,1.142,-0.31699999999999995
marker:0,0.0,0.0,0.0,-1.892,0.03,0.73,1.892,0.03,1.8619999999999999
marker:0,0.0,0.0,0.0,-1.895,-0.005,0.58,1.895,0.005,1.8900000000000001
marker:0,0.0,0.0,0.0,-1.935,-0.088,0.42,1.935,0.088,1.847
marker:0,0.0,0.0,0.0,-0.878,0.946,0.39,0.878,0.946,-0.06799999999999995
marker:0,0.0,0.0,0.0,-0.633,1.205,0.44,0.633,1.205,-0.5720000000000001
marker:0,0.0,0.0,0.0,-0.518,1.358,0.57,0.518,1.358,-0.8400000000000001
marker:0,0.0,0.0,0.0,-1.768,0.179,0.82,1.768,0.179,1.589
marker:0,0.0,0.0,0.0,-1.16,0.833,0.98,1.16,0.833,0.32699999999999996
marker:0,0.0,0.0,0.0,0.455,2.457,1.01,0.455,2.457,-2.002
marker:0,0.0,0.0,0.0,0.456,2.44,0.95,0.456,2.44,-1.984
marker:0,0.0,0.0,0.0,-1.962,-0.029,0.73,1.962,0.029,1.933
marker:0,0.0,0.0,0.0,-1.889,0.007,0.58,1.889,0.007,1.8820000000000001
marker:0,0.0,0.0,0.0,-1.844,0.034,0.53,1.844,0.034,1.81
marker:0,0.0,0.0,0.0,-1.789,0.044,0.42,1.789,0.044,1.7449999999999999
marker:0,0.0,0.0,0.0,-0.917,0.907,0.39,0.917,0.907,0.010000000000000009
marker:0,0.0,0.0,0.0,-0.744,1.092,0.43,0.744,1.092,-0.3480000000000001
marker:0,0.0,0.0,0.0,0.591,2.458,0.54,0.591,2.458,-1.8670000000000002
marker:0,0.0,0.0,0.0,-1.686,0.198,0.6,1.686,0.198,1.488
marker:0,0.0,0.0,0.0,0.311,2.175,0.53,0.311,2.175,-1.8639999999999999
marker:0,0.0,0.0,0.0,-0.039,1.777,0.36,0.039,1.777,-1.738
marker:0,0.0,0.0,0.0,0.124,1.894,0.2,0.124,1.894,-1.77
marker:0,0.0,0.0,0.0,0.194,1.9,-0.02,0.194,1.9,-1.706
marker:0,0.0,0.0,0.0,0.286,1.953,-0.16,0.286,1.953,-1.667
marker:0,0.0,0.0,0.0,-0.799,0.865,-0.17,0.799,0.865,-0.06599999999999995
marker:0,0.0,0.0,0.0,-1.751,-0.067,-0.1,1.751,0.067,1.684
marker:0,0.0,0.0,0.0,0.53,2.233,-0.03,0.53,2.233,-1.703
marker:0,0.0,0.0,0.0,0.556,2.265,-0.01,0.556,2.265,-1.709
marker:0,0.0,0.0,0.0,-0.836,0.868,-0.03,0.836,0.868,-0.03200000000000003
marker:0,0.0,0.0,0.0,-0.201,1.483,-0.12,0.201,1.483,-1.282
marker:0,0.0,0.0,0.0,-0.233,1.436,-0.15,0.233,1.436,-1.2029999999999998
marker:0,0.0,0.0,0.0,-0.132,1.549,-0.11,0.132,1.549,-1.4169999999999998
marker:0,0.0,0.0,0.0,-0.907,0.808,0.0,0.907,0.808,0.09899999999999998
marker:0,0.0,0.0,0.0,-0.108,1.627,0.08,0.108,1.627,-1.519
marker:0,0.0,0.0,0.0,-0.042,1.702,0.11,0.042,1.702,-1.66
marker:0,0.0,0.0,0.0,-0.249,1.464,0.0,0.249,1.464,-1.2149999999999999
marker:0,0.0,0.0,0.0,-0.106,1.561,-0.2,0.106,1.561,-1.4549999999999998
marker:0,0.0,0.0,0.0,-0.131,1.521,-0.21,0.131,1.521,-1.39
marker:0,0.0,0.0,0.0,-0.135,1.563,-0.02,0.135,1.563,-1.428
marker:0,0.0,0.0,0.0,-0.242,1.616,0.27,0.242,1.616,-1.374
marker:0,0.0,0.0,0.0,-0.232,1.543,0.22,0.232,1.543,-1.311
marker:0,0.0,0.0,0.0,-0.436,1.293,0.06,0.436,1.293,-0.857
marker:0,0.0,0.0,0.0,-0.663,1.006,-0.15,0.663,1.006,-0.34299999999999997
marker:0,0.0,0.0,0.0,-1.671,-0.068,-0.46,1.671,0.068,1.603
marker:0,0.0,0.0,0.0,-1.715,-0.189,-0.69,1.715,0.189,1.526
marker:0,0.0,0.0,0.0,-0.883,0.609,-0.73,0.883,0.609,0.274
marker:0,0.0,0.0,0.0,-0.32,1.22,-0.6,0.32,1.22,-0.8999999999999999
marker:0,0.0,0.0,0.0,-0.344,1.254,-0.4,0.344,1.254,-0.91
marker:0,0.0,0.0,0.0,-1.097,0.381,-0.82,1.097,0.381,0.716
marker:0,0.0,0.0,0.0,-0.759,0.57,-1.43,0.759,0.57,0.18900000000000006
marker:0,0.0,0.0,0.0,-0.7,0.625,-1.64,0.7,0.625,0.07499999999999996
marker:0,0.0,0.0,0.0,-1.206,0.119,-1.63,1.206,0.119,1.087
marker:0,0.0,0.0,0.0,-1.319,0.009,-1.51,1.319,0.009,1.31
marker:0,0.0,0.0,0.0,-1.422,-0.091,-1.36,1.422,0.091,1.331
marker:0,0.0,0.0,0.0,-1.411,-0.028,-1.15,1.411,0.028,1.383
marker:0,0.0,0.0,0.0,-1.356,0.044,-1.09,1.356,0.044,1.312
marker:0,0.0,0.0,0.0,-1.73,-0.339,-1.12,1.73,0.339,1.391
marker:0,0.0,0.0,0.0,-1.918,-0.573,-1.28,1.918,0.573,1.345
marker:0,0.0,0.0,0.0,-2.006,-0.687,-1.9,2.006,0.687,1.3189999999999997
marker:0,0.0,0.0,0.0,-2.733,-1.154,-1.39,2.733,1.154,1.5790000000000002
marker:0,0.0,0.0,0.0,-2.605,-1.245,-1.23,2.605,1.245,1.3599999999999999
marker:0,0.0,0.0,0.0,-2.056,-0.726,-1.39,2.056,0.726,1.33
marker:0,0.0,0.0,0.0,-1.551,-0.226,-1.65,1.551,0.226,1.325
marker:0,0.0,0.0,0.0,-1.348,0.029,-1.17,1.348,0.029,1.3190000000000002
marker:0,0.0,0.0,0.0,-1.464,0.013,-0.82,1.464,0.013,1.451
marker:0,0.0,0.0,0.0,-1.579,-0.062,-0.68,1.579,0.062,1.517
marker:0,0.0,0.0,0.0,-1.439,0.09,-0.65,1.439,0.09,1.349
marker:0,0.0,0.0,0.0,-0.84,0.594,-0.97,0.84,0.594,0.246
marker:0,0.0,0.0,0.0,-0.495,0.832,-1.57,0.495,0.832,-0.33699999999999997
marker:0,0.0,0.0,0.0,-0.474,0.854,-1.47,0.474,0.854,-0.38
marker:0,0.0,0.0,0.0,-0.62,0.745,-1.21,0.62,0.745,-0.125
marker:0,0.0,0.0,0.0,-0.493,0.915,-1.01,0.493,0.915,-0.42200000000000004
marker:0,0.0,0.0,0.0,-0.38,1.048,-0.99,0.38,1.048,-0.668
marker:0,0.0,0.0,0.0,-0.196,1.198,-1.11,0.196,1.198,-1.002
marker:0,0.0,0.0,0.0,-0.179,1.164,-1.29,0.179,1.164,-0.9849999999999999
marker:0,0.0,0.0,0.0,-0.659,0.67,-1.45,0.659,0.67,-0.01100000000000001
marker:0,0.0,0.0,0.0,-0.258,1.069,-1.52,0.258,1.069,-0.8109999999999999
marker:0,0.0,0.0,0.0,-0.048,1.28,-1.48,0.048,1.28,-1.232
marker:0,0.0,0.0,0.0,0.196,1.527,-1.35,0.196,1.527,-1.331
marker:0,0.0,0.0,0.0,0.311,1.668,-1.24,0.311,1.668,-1.357
marker:0,0.0,0.0,0.0,0.059,1.519,-0.88,0.059,1.519,-1.46
marker:0,0.0,0.0,0.0,-0.036,1.438,-0.77,0.036,1.438,-1.402
marker:0,0.0,0.0,0.0,0.078,1.604,-0.65,0.078,1.604,-1.526
marker:0,0.0,0.0,0.0,0.395,1.909,-0.76,0.395,1.909,-1.514
marker:0,0.0,0.0,0.0,0.655,2.11,-0.9,0.655,2.11,-1.4549999999999998
marker:0,0.0,0.0,0.0,0.594,1.997,-1.08,0.594,1.997,-1.403
marker:0,0.0,0.0,0.0,0.358,1.687,-1.44,0.358,1.687,-1.3290000000000002
marker:0,0.0,0.0,0.0,0.375,1.704,-1.44,0.375,1.704,-1.329
marker:0,0.0,0.0,0.0,0.274,1.541,-1.38,0.274,1.541,-1.267
marker:0,0.0,0.0,0.0,-0.014,1.32,-1.32,0.014,1.32,-1.306
marker:0,0.0,0.0,0.0,0.107,1.452,-1.28,0.107,1.452,-1.345
marker:0,0.0,0.0,0.0,15.352,16.903,-13.08,15.352,16.903,-1.5509999999999984
marker:0,0.0,0.0,0.0,15.513,17.089,-13.21,15.513,17.089,-1.5759999999999987
marker:0,0.0,0.0,0.0,16.535,18.124,-13.27,16.535,18.124,-1.5889999999999986
marker:0,0.0,0.0,0.0,-0.109,1.592,-13.83,0.109,1.592,-1.483
marker:0,0.0,0.0,0.0,-0.362,1.371,-13.99,0.362,1.371,-1.009
marker:0,0.0,0.0,0.0,0.288,2.065,-14.21,0.288,2.065,-1.777
marker:0,0.0,0.0,0.0,-0.407,1.4,-14.39,0.407,1.4,-0.9929999999999999
marker:0,0.0,0.0,0.0,-0.837,0.894,-13.98,0.837,0.894,-0.05700000000000005
marker:0,0.0,0.0,0.0,-1.727,0.028,-14.1,1.727,0.028,1.699
marker:0,0.0,0.0,0.0,-1.883,-0.119,-14.14,1.883,0.119,1.764
marker:0,0.0,0.0,0.0,-1.995,-0.256,-14.02,1.995,0.256,1.739
marker:0,0.0,0.0,0.0,-2.326,-0.571,-14.1,2.326,0.571,1.7550000000000001
marker:0,0.0,0.0,0.0,-2.023,-0.148,-14.7,2.023,0.148,1.8750000000000002
marker:0,0.0,0.0,0.0,-1.353,0.48,-14.49,1.353,0.48,0.873
marker:0,0.0,0.0,0.0,-2.104,-0.323,-14.23,2.104,0.323,1.7810000000000001
marker:0,0.0,0.0,0.0,-1.785,-0.02,-14.15,1.785,0.02,1.765
marker:0,0.0,0.0,0.0,-1.92,-0.151,-14.17,1.92,0.151,1.769
marker:0,0.0,0.0,0.0,-2.115,-0.32,-14.34,2.115,0.32,1.7950000000000002
marker:0,0.0,0.0,0.0,-2.17,-0.342,-14.46,2.17,0.342,1.8279999999999998
marker:0,0.0,0.0,0.0,-2.217,-0.364,-14.59,2.217,0.364,1.8530000000000002
marker:0,0.0,0.0,0.0,-2.508,-0.653,-14.6,2.508,0.653,1.855
marker:0,0.0,0.0,0.0,-2.544,-0.703,-14.52,2.544,0.703,1.8410000000000002
marker:0,0.0,0.0,0.0,-2.528,-0.707,-14.43,2.528,0.707,1.8210000000000002
marker:0,0.0,0.0,0.0,-2.901,-1.132,-14.17,2.901,1.132,1.769
marker:0,0.0,0.0,0.0,-3.031,-1.286,-14.05,3.031,1.286,1.745
marker:0,0.0,0.0,0.0,-1.765,-0.018,-14.06,1.765,0.018,1.7469999999999999
marker:0,0.0,0.0,0.0,-2.398,-0.637,-14.13,2.398,0.637,1.7610000000000001
marker:0,0.0,0.0,0.0,-2.436,-0.663,-14.24,2.436,0.663,1.773
marker:0,0.0,0.0,0.0,-3.205,-1.399,-14.35,3.205,1.399,1.806
marker:0,0.0,0.0,0.0,-2.281,-0.444,-14.51,2.281,0.444,1.8370000000000002
marker:0,0.0,0.0,0.0,-2.421,-0.547,-14.69,2.421,0.547,1.8739999999999997
marker:0,0.0,0.0,0.0,-2.285,-0.405,-14.72,2.285,0.405,1.8800000000000001
marker:0,0.0,0.0,0.0,-2.256,-0.371,-14.75,2.256,0.371,1.8849999999999998
marker:0,0.0,0.0,0.0,-2.627,-0.766,-14.63,2.627,0.766,1.8609999999999998
marker:0,0.0,0.0,0.0,-6.511,-4.644,0.54,6.511,4.644,1.867
marker:0,0.0,0.0,0.0,-13.573,-10.178,6.76,13.573,10.178,3.3949999999999996
marker:0,0.0,0.0,0.0,-23.968,-20.181,8.22,23.968,20.181,3.786999999999999
marker:0,0.0,0.0,0.0,-26.02,-22.172,8.66,26.02,22.172,3.847999999999999
marker:0,0.0,0.0,0.0,-26.534,-22.674,8.74,26.534,22.674,3.8599999999999994
marker:0,0.0,0.0,0.0,-26.134,-22.277,8.72,26.134,22.277,3.8569999999999993
marker:0,0.0,0.0,0.0,-26.34,-22.485,8.75,26.34,22.485,3.8550000000000004
marker:0,0.0,0.0,0.0,4.433,6.515,1.29,4.433,6.515,-2.082
marker:0,0.0,0.0,0.0,3.033,5.055,1.03,3.033,5.055,-2.022
marker:0,0.0,0.0,0.0,3.262,5.226,0.88,3.262,5.226,-1.964
marker:0,0.0,0.0,0.0,2.626,4.508,0.59,2.626,4.508,-1.8820000000000001
marker:0,0.0,0.0,0.0,2.052,3.89,0.44,2.052,3.89,-1.838
marker:0,0.0,0.0,0.0,1.977,3.784,0.33,1.977,3.784,-1.8069999999999997
marker:0,0.0,0.0,0.0,2.04,3.913,0.56,2.04,3.913,-1.8729999999999998
marker:0,0.0,0.0,0.0,1.651,3.584,0.77,1.651,3.584,-1.933
marker:0,0.0,0.0,0.0,1.182,3.178,0.99,1.182,3.178,-1.996
marker:0,0.0,0.0,0.0,1.163,3.176,1.06,1.163,3.176,-2.013
marker:0,0.0,0.0,0.0,1.055,3.071,1.06,1.055,3.071,-2.016
marker:0,0.0,0.0,0.0,0.987,2.971,0.95,0.987,2.971,-1.984
marker:0,0.0,0.0,0.0,0.8,2.724,0.74,0.8,2.724,-1.9240000000000002
marker:0,0.0,0.0,0.0,0.911,2.724,0.2,0.911,2.724,-1.8130000000000002
marker:0,0.0,0.0,0.0,0.968,2.652,-0.21,0.968,2.652,-1.6840000000000002
marker:0,0.0,0.0,0.0,0.545,2.134,-0.48,0.545,2.134,-1.589
marker:0,0.0,0.0,0.0,0.625,2.162,-0.61,0.625,2.162,-1.537
marker:0,0.0,0.0,0.0,2.147,3.693,-0.58,2.147,3.693,-1.5460000000000003
marker:0,0.0,0.0,0.0,2.005,3.602,-0.32,2.005,3.602,-1.597
marker:0,0.0,0.0,0.0,2.413,4.202,0.27,2.413,4.202,-1.7890000000000001
marker:0,0.0,0.0,0.0,2.405,4.286,0.59,2.405,4.286,-1.8809999999999998
marker:0,0.0,0.0,0.0,2.16,4.122,0.94,2.16,4.122,-1.9619999999999997
marker:0,0.0,0.0,0.0,1.905,3.933,1.1,1.905,3.933,-2.0279999999999996
marker:0,0.0,0.0,0.0,1.703,3.716,1.05,1.703,3.716,-2.013
marker:0,0.0,0.0,0.0,1.422,3.349,0.63,1.422,3.349,-1.9270000000000003
marker:0,0.0,0.0,0.0,1.436,3.274,0.44,1.436,3.274,-1.838
marker:0,0.0,0.0,0.0,1.413,3.116,-0.03,1.413,3.116,-1.703
marker:0,0.0,0.0,0.0,1.558,3.221,-0.17,1.558,3.221,-1.663
marker:0,0.0,0.0,0.0,1.563,3.314,-0.35,1.563,3.314,-1.7510000000000001
marker:0,0.0,0.0,0.0,1.55,3.179,-0.29,1.55,3.179,-1.6289999999999998
marker:0,0.0,0.0,0.0,0.155,1.847,-0.07,0.155,1.847,-1.692
marker:0,0.0,0.0,0.0,0.024,1.779,0.15,0.024,1.779,-1.755
marker:0,0.0,0.0,0.0,-0.132,1.675,0.33,0.132,1.675,-1.5430000000000001
marker:0,0.0,0.0,0.0,0.433,2.134,-0.04,0.433,2.134,-1.7009999999999998
marker:0,0.0,0.0,0.0,0.81,2.399,-0.43,0.81,2.399,-1.589
marker:0,0.0,0.0,0.0,0.283,1.743,-0.88,0.283,1.743,-1.4600000000000002
marker:0,0.0,0.0,0.0,0.554,1.959,-1.11,0.554,1.959,-1.405
marker:0,0.0,0.0,0.0,0.417,1.8,-1.15,0.417,1.8,-1.383
marker:0,0.0,0.0,0.0,0.463,1.842,-1.12,0.463,1.842,-1.379
marker:0,0.0,0.0,0.0,-0.092,1.351,-0.86,0.092,1.351,-1.259
marker:0,0.0,0.0,0.0,0.324,1.876,-0.5,0.324,1.876,-1.5519999999999998
marker:0,0.0,0.0,0.0,0.561,2.207,-0.23,0.561,2.207,-1.646
marker:0,0.0,0.0,0.0,0.509,2.21,-0.04,0.509,2.21,-1.701
marker:0,0.0,0.0,0.0,0.411,2.126,0.01,0.411,2.126,-1.7149999999999999
marker:0,0.0,0.0,0.0,-0.063,1.621,-0.1,0.063,1.621,-1.558
marker:0,0.0,0.0,0.0,-0.057,1.573,-0.29,0.057,1.573,-1.516
marker:0,0.0,0.0,0.0,-0.181,1.365,-0.58,0.181,1.365,-1.184
marker:0,0.0,0.0,0.0,-0.191,1.323,-0.69,0.191,1.323,-1.132
marker:0,0.0,0.0,0.0,0.652,2.135,-0.83,0.652,2.135,-1.4829999999999997
marker:0,0.0,0.0,0.0,0.898,2.395,-0.75,0.898,2.395,-1.4969999999999999
marker:0,0.0,0.0,0.0,0.738,2.335,-0.4,0.738,2.335,-1.597
marker:0,0.0,0.0,0.0,0.947,2.622,-0.13,0.947,2.622,-1.6749999999999998
marker:0,0.0,0.0,0.0,0.923,2.629,-0.02,0.923,2.629,-1.706
marker:0,0.0,0.0,0.0,0.73,2.519,0.27,0.73,2.519,-1.7890000000000001
marker:0,0.0,0.0,0.0,0.854,2.672,0.37,0.854,2.672,-1.818
marker:0,0.0,0.0,0.0,0.754,2.584,0.41,0.754,2.584,-1.83
marker:0,0.0,0.0,0.0,0.504,2.299,0.29,0.504,2.299,-1.795
marker:0,0.0,0.0,0.0,0.569,2.31,0.1,0.569,2.31,-1.741
marker:0,0.0,0.0,0.0,-0.32,1.364,-0.16,0.32,1.364,-1.044
marker:0,0.0,0.0,0.0,-0.258,1.365,-0.31,0.258,1.365,-1.107
marker:0,0.0,0.0,0.0,0.634,2.217,-0.45,0.634,2.217,-1.5830000000000002
marker:0,0.0,0.0,0.0,0.586,2.129,-0.59,0.586,2.129,-1.5430000000000001
marker:0,0.0,0.0,0.0,0.574,2.099,-0.65,0.574,2.099,-1.5250000000000004
marker:0,0.0,0.0,0.0,0.344,1.829,-0.79,0.344,1.829,-1.4849999999999999
marker:0,0.0,0.0,0.0,0.489,1.946,-0.89,0.489,1.946,-1.4569999999999999
marker:0,0.0,0.0,0.0,0.336,1.762,-1.0,0.336,1.762,-1.426
marker:0,0.0,0.0,0.0,0.272,1.675,-1.1,0.272,1.675,-1.403
marker:0,0.0,0.0,0.0,0.203,1.582,-1.16,0.203,1.582,-1.379
marker:0,0.0,0.0,0.0,0.068,1.434,-1.21,0.068,1.434,-1.3659999999999999
marker:0,0.0,0.0,0.0,0.027,1.404,-1.17,0.027,1.404,-1.377
marker:0,0.0,0.0,0.0,-0.003,1.382,-1.14,0.003,1.382,-1.379
marker:0,0.0,0.0,0.0,-0.026,1.391,-1.03,0.026,1.391,-1.365
marker:0,0.0,0.0,0.0,-0.066,1.394,-0.88,0.066,1.394,-1.3279999999999998
marker:0,0.0,0.0,0.0,-0.091,1.441,-0.63,0.091,1.441,-1.35
marker:0,0.0,0.0,0.0,-0.162,1.422,-0.45,0.162,1.422,-1.26
marker:0,0.0,0.0,0.0,-0.259,1.422,-0.11,0.259,1.422,-1.1629999999999998
marker:0,0.0,0.0,0.0,-0.325,1.422,0.12,0.325,1.422,-1.097
marker:0,0.0,0.0,0.0,-0.495,1.318,0.35,0.495,1.318,-0.8230000000000001
marker:0,0.0,0.0,0.0,-0.621,1.214,0.43,0.621,1.214,-0.593
marker:0,0.0,0.0,0.0,-0.7,1.13,0.41,0.7,1.13,-0.42999999999999994
marker:0,0.0,0.0,0.0,0.634,2.441,0.33,0.634,2.441,-1.807
marker:0,0.0,0.0,0.0,0.772,2.513,0.06,0.772,2.513,-1.7409999999999999
marker:0,0.0,0.0,0.0,0.694,2.404,-0.01,0.694,2.404,-1.71
marker:0,0.0,0.0,0.0,0.888,2.495,-0.43,0.888,2.495,-1.6070000000000002
marker:0,0.0,0.0,0.0,0.781,2.316,-0.62,0.781,2.316,-1.5349999999999997
marker:0,0.0,0.0,0.0,0.861,2.37,-0.71,0.861,2.37,-1.5090000000000001
marker:0,0.0,0.0,0.0,0.844,2.364,-0.67,0.844,2.364,-1.52
marker:0,0.0,0.0,0.0,1.06,2.703,-0.24,1.06,2.703,-1.6429999999999998
marker:0,0.0,0.0,0.0,0.878,2.607,0.06,0.878,2.607,-1.729
marker:0,0.0,0.0,0.0,0.665,2.429,0.18,0.665,2.429,-1.7639999999999998
marker:0,0.0,0.0,0.0,0.721,2.482,0.17,0.721,2.482,-1.7610000000000001
marker:0,0.0,0.0,0.0,1.446,3.212,0.19,1.446,3.212,-1.7660000000000002
marker:0,0.0,0.0,0.0,2.985,4.775,0.27,2.985,4.775,-1.7900000000000005
marker:0,0.0,0.0,0.0,2.981,4.805,0.39,2.981,4.805,-1.8239999999999998
marker:0,0.0,0.0,0.0,0.553,2.403,0.48,0.553,2.403,-1.85
marker:0,0.0,0.0,0.0,0.431,2.281,0.51,0.431,2.281,-1.85
marker:0,0.0,0.0,0.0,0.199,2.043,0.46,0.199,2.043,-1.844
marker:0,0.0,0.0,0.0,0.153,1.929,0.22,0.153,1.929,-1.776
marker:0,0.0,0.0,0.0,0.25,1.857,-0.02,0.25,1.857,-1.607
marker:0,0.0,0.0,0.0,0.146,1.775,-0.29,0.146,1.775,-1.629
marker:0,0.0,0.0,0.0,0.771,2.346,-0.48,0.771,2.346,-1.5750000000000002
marker:0,0.0,0.0,0.0,0.67,2.213,-0.59,0.67,2.213,-1.5430000000000001
marker:0,0.0,0.0,0.0,1.095,2.624,-0.64,1.095,2.624,-1.5290000000000001
marker:0,0.0,0.0,0.0,1.031,2.554,-0.66,1.031,2.554,-1.523
marker:0,0.0,0.0,0.0,0.948,2.486,-0.61,0.948,2.486,-1.5380000000000003
marker:0,0.0,0.0,0.0,0.943,2.503,-0.53,0.943,2.503,-1.56
marker:0,0.0,0.0,0.0,0.767,2.367,-0.39,0.767,2.367,-1.6
marker:0,0.0,0.0,0.0,0.533,2.2,-0.06,0.533,2.2,-1.6670000000000003
marker:0,0.0,0.0,0.0,1.488,3.249,0.17,1.488,3.249,-1.7610000000000001
marker:0,0.0,0.0,0.0,1.482,3.286,0.32,1.482,3.286,-1.804
marker:0,0.0,0.0,0.0,1.421,3.283,0.52,1.421,3.283,-1.8619999999999999
marker:0,0.0,0.0,0.0,1.304,3.219,0.71,1.304,3.219,-1.9149999999999998
marker:0,0.0,0.0,0.0,1.116,3.041,0.74,1.116,3.041,-1.9249999999999998
marker:0,0.0,0.0,0.0,0.437,2.376,0.79,0.437,2.376,-1.9389999999999998
marker:0,0.0,0.0,0.0,0.351,2.258,0.63,0.351,2.258,-1.907
marker:0,0.0,0.0,0.0,0.459,2.191,0.38,0.459,2.191,-1.7319999999999998
marker:0,0.0,0.0,0.0,-0.414,1.373,0.26,0.414,1.373,-0.9590000000000001
marker:0,0.0,0.0,0.0,-0.515,1.22,0.08,0.515,1.22,-0.705
marker:0,0.0,0.0,0.0,1.323,3.035,0.0,1.323,3.035,-1.7120000000000002
marker:0,0.0,0.0,0.0,0.242,1.926,-0.1,0.242,1.926,-1.684
marker:0,0.0,0.0,0.0,0.23,1.908,-0.11,0.23,1.908,-1.678
marker:0,0.0,0.0,0.0,0.322,1.994,-0.14,0.322,1.994,-1.672
marker:0,0.0,0.0,0.0,0.242,1.911,-0.15,0.242,1.911,-1.669
marker:0,0.0,0.0,0.0,0.316,1.965,-0.22,0.316,1.965,-1.649
marker:0,0.0,0.0,0.0,0.19,1.828,-0.29,0.19,1.828,-1.6380000000000001
marker:0,0.0,0.0,0.0,0.092,1.718,-0.3,0.092,1.718,-1.626
marker:0,0.0,0.0,0.0,0.061,1.678,-0.33,0.061,1.678,-1.617
marker:0,0.0,0.0,0.0,0.184,1.807,-0.31,0.184,1.807,-1.623
marker:0,0.0,0.0,0.0,0.075,1.721,-0.23,0.075,1.721,-1.6460000000000001
marker:0,0.0,0.0,0.0,0.086,1.761,-0.13,0.086,1.761,-1.6749999999999998
marker:0,0.0,0.0,0.0,-0.038,1.705,-0.09,0.038,1.705,-1.667
marker:0,0.0,0.0,0.0,0.222,1.925,-0.03,0.222,1.925,-1.703
marker:0,0.0,0.0,0.0,0.09,1.788,-0.05,0.09,1.788,-1.698
marker:0,0.0,0.0,0.0,-0.001,1.682,-0.1,0.001,1.682,-1.681
marker:0,0.0,0.0,0.0,-0.035,1.634,-0.2,0.035,1.634,-1.599
marker:0,0.0,0.0,0.0,-0.071,1.547,-0.35,0.071,1.547,-1.476
marker:0,0.0,0.0,0.0,-0.12,1.423,-0.59,0.12,1.423,-1.303
marker:0,0.0,0.0,0.0,-0.21,1.31,-0.67,0.21,1.31,-1.1
marker:0,0.0,0.0,0.0,-0.267,1.219,-0.79,0.267,1.219,-0.9520000000000001
marker:0,0.0,0.0,0.0,0.015,1.498,-0.8,0.015,1.498,-1.483
marker:0,0.0,0.0,0.0,-0.076,1.421,-0.75,0.076,1.421,-1.345
marker:0,0.0,0.0,0.0,-0.28,1.229,-0.71,0.28,1.229,-0.9490000000000001
marker:0,0.0,0.0,0.0,-0.389,1.123,-0.7,0.389,1.123,-0.734
marker:0,0.0,0.0,0.0,-0.333,1.187,-0.64,0.333,1.187,-0.8540000000000001
marker:0,0.0,0.0,0.0,-0.156,1.384,-0.6,0.156,1.384,-1.228
marker:0,0.0,0.0,0.0,-0.398,1.153,-0.57,0.398,1.153,-0.755
marker:0,0.0,0.0,0.0,-0.467,1.085,-0.55,0.467,1.085,-0.6179999999999999
marker:0,0.0,0.0,0.0,-0.894,0.683,-0.47,0.894,0.683,0.21099999999999997
marker:0,0.0,0.0,0.0,-0.857,0.732,-0.43,0.857,0.732,0.125
marker:0,0.0,0.0,0.0,-0.863,0.769,-0.28,0.863,0.769,0.09399999999999997
marker:0,0.0,0.0,0.0,-0.473,1.171,-0.24,0.473,1.171,-0.6980000000000001
marker:0,0.0,0.0,0.0,0.116,1.777,-0.18,0.116,1.777,-1.6609999999999998
marker:0,0.0,0.0,0.0,0.095,1.781,-0.09,0.095,1.781,-1.686
marker:0,0.0,0.0,0.0,-0.083,1.621,-0.03,0.083,1.621,-1.538
marker:0,0.0,0.0,0.0,-0.059,1.651,-0.01,0.059,1.651,-1.592
marker:0,0.0,0.0,0.0,0.07,1.768,-0.05,0.07,1.768,-1.698
marker:0,0.0,0.0,0.0,-0.579,1.079,-0.19,0.579,1.079,-0.5
marker:0,0.0,0.0,0.0,-0.585,1.045,-0.33,0.585,1.045,-0.45999999999999996
marker:0,0.0,0.0,0.0,0.061,1.624,-0.52,0.061,1.624,-1.5630000000000002
marker:0,0.0,0.0,0.0,-0.79,0.73,-0.67,0.79,0.73,0.06000000000000005
marker:0,0.0,0.0,0.0,-0.805,0.693,-0.75,0.805,0.693,0.1120000000000001
marker:0,0.0,0.0,0.0,-0.841,0.657,-0.75,0.841,0.657,0.18399999999999994
marker:0,0.0,0.0,0.0,0.002,1.508,-0.72,0.002,1.508,-1.506
marker:0,0.0,0.0,0.0,-0.065,1.469,-0.62,0.065,1.469,-1.4040000000000001
marker:0,0.0,0.0,0.0,-0.142,1.407,-0.57,0.142,1.407,-1.2650000000000001
marker:0,0.0,0.0,0.0,-0.12,1.446,-0.51,0.12,1.446,-1.326
marker:0,0.0,0.0,0.0,-0.166,1.417,-0.45,0.166,1.417,-1.2510000000000001
marker:0,0.0,0.0,0.0,0.396,1.988,-0.42,0.396,1.988,-1.592
marker:0,0.0,0.0,0.0,0.265,1.877,-0.35,0.265,1.877,-1.612
marker:0,0.0,0.0,0.0,0.266,1.9,-0.23,0.266,1.9,-1.634
marker:0,0.0,0.0,0.0,0.252,1.918,-0.16,0.252,1.918,-1.666
marker:0,0.0,0.0,0.0,0.219,1.915,-0.01,0.219,1.915,-1.696
marker:0,0.0,0.0,0.0,0.648,2.377,0.06,0.648,2.377,-1.7289999999999996
marker:0,0.0,0.0,0.0,0.624,2.374,0.11,0.624,2.374,-1.75
marker:0,0.0,0.0,0.0,0.524,2.282,0.16,0.524,2.282,-1.758
marker:0,0.0,0.0,0.0,0.626,2.373,0.12,0.626,2.373,-1.7470000000000003
marker:0,0.0,0.0,0.0,0.503,2.287,0.06,0.503,2.287,-1.7839999999999998
marker:0,0.0,0.0,0.0,0.451,2.166,0.01,0.451,2.166,-1.7149999999999999
marker:0,0.0,0.0,0.0,0.23,1.928,-0.05,0.23,1.928,-1.698
marker:0,0.0,0.0,0.0,0.209,1.896,-0.09,0.209,1.896,-1.6869999999999998
marker:0,0.0,0.0,0.0,-0.223,1.463,-0.08,0.223,1.463,-1.24
marker:0,0.0,0.0,0.0,-0.067,1.622,-0.08,0.067,1.622,-1.5550000000000002
marker:0,0.0,0.0,0.0,-0.12,1.567,-0.09,0.12,1.567,-1.447
marker:0,0.0,0.0,0.0,-0.102,1.579,-0.11,0.102,1.579,-1.4769999999999999
marker:0,0.0,0.0,0.0,0.582,2.246,-0.19,0.582,2.246,-1.6640000000000001
marker:0,0.0,0.0,0.0,0.559,2.206,-0.23,0.559,2.206,-1.6469999999999998
marker:0,0.0,0.0,0.0,0.536,2.171,-0.27,0.536,2.171,-1.6349999999999998
marker:0,0.0,0.0,0.0,0.4,2.032,-0.28,0.4,2.032,-1.6320000000000001
marker:0,0.0,0.0,0.0,-0.089,1.546,-0.26,0.089,1.546,-1.457
marker:0,0.0,0.0,0.0,-0.1,1.549,-0.23,0.1,1.549,-1.4489999999999998
marker:0,0.0,0.0,0.0,-0.15,1.517,-0.15,0.15,1.517,-1.367
marker:0,0.0,0.0,0.0,-0.215,1.475,-0.05,0.215,1.475,-1.26
marker:0,0.0,0.0,0.0,-0.146,1.566,0.0,0.146,1.566,-1.4200000000000002
marker:0,0.0,0.0,0.0,-0.185,1.565,0.13,0.185,1.565,-1.38
marker:0,0.0,0.0,0.0,0.14,1.913,0.21,0.14,1.913,-1.7730000000000001
marker:0,0.0,0.0,0.0,0.127,1.925,0.3,0.127,1.925,-1.798
marker:0,0.0,0.0,0.0,0.05,1.883,0.42,0.05,1.883,-1.833
marker:0,0.0,0.0,0.0,0.332,2.199,0.54,0.332,2.199,-1.8669999999999998
marker:0,0.0,0.0,0.0,0.271,2.192,0.73,0.271,2.192,-1.9210000000000003
marker:0,0.0,0.0,0.0,0.144,2.086,0.8,0.144,2.086,-1.942
marker:0,0.0,0.0,0.0,0.328,2.287,0.86,0.328,2.287,-1.9589999999999999
marker:0,0.0,0.0,0.0,0.218,2.165,0.82,0.218,2.165,-1.947
marker:0,0.0,0.0,0.0,0.241,2.146,0.65,0.241,2.146,-1.9049999999999998
marker:0,0.0,0.0,0.0,0.193,2.063,0.51,0.193,2.063,-1.87
marker:0,0.0,0.0,0.0,0.855,2.642,0.19,0.855,2.642,-1.787
marker:0,0.0,0.0,0.0,0.327,2.062,0.08,0.327,2.062,-1.7349999999999999
marker:0,0.0,0.0,0.0,0.375,2.084,-0.01,0.375,2.084,-1.709
marker:0,0.0,0.0,0.0,0.391,2.095,-0.03,0.391,2.095,-1.7040000000000002
marker:0,0.0,0.0,0.0,1.536,3.248,0.0,1.536,3.248,-1.7120000000000002
marker:0,0.0,0.0,0.0,1.651,3.423,0.23,1.651,3.423,-1.772
marker:0,0.0,0.0,0.0,1.543,3.353,0.34,1.543,3.353,-1.8100000000000003
marker:0,0.0,0.0,0.0,1.024,2.853,0.41,1.024,2.853,-1.8290000000000002
marker:0,0.0,0.0,0.0,0.896,2.726,0.41,0.896,2.726,-1.83
marker:0,0.0,0.0,0.0,0.521,2.354,0.42,0.521,2.354,-1.8330000000000002
marker:0,0.0,0.0,0.0,0.499,2.309,0.31,0.499,2.309,-1.81
marker:0,0.0,0.0,0.0,0.462,2.237,0.22,0.462,2.237,-1.7750000000000001
marker:0,0.0,0.0,0.0,0.278,2.045,0.19,0.278,2.045,-1.767
marker:0,0.0,0.0,0.0,0.22,1.967,0.12,0.22,1.967,-1.747
marker:0,0.0,0.0,0.0,0.177,1.904,0.05,0.177,1.904,-1.7269999999999999
marker:0,0.0,0.0,0.0,0.205,1.937,0.08,0.205,1.937,-1.732
marker:0,0.0,0.0,0.0,0.251,1.995,0.11,0.251,1.995,-1.7440000000000002
marker:0,0.0,0.0,0.0,0.212,1.984,0.21,0.212,1.984,-1.772
marker:0,0.0,0.0,0.0,0.133,1.928,0.29,0.133,1.928,-1.795
marker:0,0.0,0.0,0.0,0.066,1.888,0.4,0.066,1.888,-1.8219999999999998
marker:0,0.0,0.0,0.0,0.014,1.875,0.52,0.014,1.875,-1.861
marker:0,0.0,0.0,0.0,0.654,2.55,0.64,0.654,2.55,-1.896
marker:0,0.0,0.0,0.0,0.446,2.345,0.65,0.446,2.345,-1.8990000000000002
marker:0,0.0,0.0,0.0,1.065,2.969,0.65,1.065,2.969,-1.904
marker:0,0.0,0.0,0.0,0.309,2.184,0.57,0.309,2.184,-1.8750000000000002
marker:0,0.0,0.0,0.0,0.258,2.099,0.46,0.258,2.099,-1.8410000000000002
marker:0,0.0,0.0,0.0,0.18,2.001,0.38,0.18,2.001,-1.821
marker:0,0.0,0.0,0.0,0.201,2.014,0.35,0.201,2.014,-1.8129999999999997
marker:0,0.0,0.0,0.0,0.168,1.995,0.4,0.168,1.995,-1.8270000000000002
marker:0,0.0,0.0,0.0,0.072,1.922,0.48,0.072,1.922,-1.8499999999999999
marker:0,0.0,0.0,0.0,0.647,2.526,0.58,0.647,2.526,-1.8789999999999998
marker:0,0.0,0.0,0.0,0.017,1.884,0.54,0.017,1.884,-1.867
marker:0,0.0,0.0,0.0,-0.081,1.752,0.37,0.081,1.752,-1.671
marker:0,0.0,0.0,0.0,0.827,2.6,0.13,0.827,2.6,-1.7730000000000001
marker:0,0.0,0.0,0.0,0.812,2.49,-0.23,0.812,2.49,-1.6780000000000002
marker:0,0.0,0.0,0.0,0.77,2.356,-0.44,0.77,2.356,-1.5859999999999999
marker:0,0.0,0.0,0.0,0.838,2.364,-0.68,0.838,2.364,-1.5259999999999998
marker:0,0.0,0.0,0.0,0.919,2.459,-0.57,0.919,2.459,-1.54
marker:0,0.0,0.0,0.0,0.747,2.359,-0.35,0.747,2.359,-1.612
marker:0,0.0,0.0,0.0,0.832,2.544,0.0,0.832,2.544,-1.7120000000000002
marker:0,0.0,0.0,0.0,0.818,2.596,0.32,0.818,2.596,-1.778
marker:0,0.0,0.0,0.0,0.676,2.523,0.47,0.676,2.523,-1.847
marker:0,0.0,0.0,0.0,0.652,2.528,0.57,0.652,2.528,-1.876
marker:0,0.0,0.0,0.0,0.061,1.942,0.54,0.061,1.942,-1.881
marker:0,0.0,0.0,0.0,0.406,2.233,0.4,0.406,2.233,-1.827
marker:0,0.0,0.0,0.0,0.447,2.2,0.08,0.447,2.2,-1.7530000000000001
marker:0,0.0,0.0,0.0,-0.311,1.375,-0.09,0.311,1.375,-1.064
marker:0,0.0,0.0,0.0,-0.053,1.593,-0.23,0.053,1.593,-1.54
marker:0,0.0,0.0,0.0,-0.021,1.657,-0.12,0.021,1.657,-1.6360000000000001
marker:0,0.0,0.0,0.0,1.233,2.951,0.02,1.233,2.951,-1.718
marker:0,0.0,0.0,0.0,1.249,3.033,0.25,1.249,3.033,-1.7839999999999998
marker:0,0.0,0.0,0.0,1.202,3.109,0.68,1.202,3.109,-1.907
marker:0,0.0,0.0,0.0,1.162,3.159,0.99,1.162,3.159,-1.9969999999999999
marker:0,0.0,0.0,0.0,0.951,2.987,1.13,0.951,2.987,-2.036
marker:0,0.0,0.0,0.0,0.81,2.838,1.1,0.81,2.838,-2.028
marker:0,0.0,0.0,0.0,0.153,2.149,0.99,0.153,2.149,-1.996
marker:0,0.0,0.0,0.0,0.541,2.471,0.69,0.541,2.471,-1.9300000000000002
marker:0,0.0,0.0,0.0,0.872,2.707,0.36,0.872,2.707,-1.835
marker:0,0.0,0.0,0.0,0.391,2.169,0.23,0.391,2.169,-1.778
marker:0,0.0,0.0,0.0,0.418,2.121,-0.03,0.418,2.121,-1.703
marker:0,0.0,0.0,0.0,0.508,2.171,-0.17,0.508,2.171,-1.6629999999999998
marker:0,0.0,0.0,0.0,0.617,2.264,-0.23,0.617,2.264,-1.6469999999999998
marker:0,0.0,0.0,0.0,0.211,1.863,-0.19,0.211,1.863,-1.652
marker:0,0.0,0.0,0.0,0.338,2.03,-0.07,0.338,2.03,-1.6919999999999997
marker:0,0.0,0.0,0.0,0.396,2.12,0.04,0.396,2.12,-1.7240000000000002
marker:0,0.0,0.0,0.0,-0.171,1.585,0.15,0.171,1.585,-1.414
marker:0,0.0,0.0,0.0,0.062,1.829,0.19,0.062,1.829,-1.767
marker:0,0.0,0.0,0.0,1.822,3.583,0.17,1.822,3.583,-1.7610000000000001
marker:0,0.0,0.0,0.0,1.531,3.254,0.04,1.531,3.254,-1.723
marker:0,0.0,0.0,0.0,0.861,2.527,-0.16,0.861,2.527,-1.6660000000000001
marker:0,0.0,0.0,0.0,0.525,2.163,-0.26,0.525,2.163,-1.638
marker:0,0.0,0.0,0.0,-0.393,1.271,-0.14,0.393,1.271,-0.8779999999999999
marker:0,0.0,0.0,0.0,-0.607,1.091,-0.05,0.607,1.091,-0.484
marker:0,0.0,0.0,0.0,-0.684,1.034,0.02,0.684,1.034,-0.35
marker:0,0.0,0.0,0.0,-0.896,0.874,0.2,0.896,0.874,0.02200000000000002
marker:0,0.0,0.0,0.0,-0.878,0.9,0.23,0.878,0.9,-0.02200000000000002
marker:0,0.0,0.0,0.0,-1.017,0.77,0.24,1.017,0.77,0.2469999999999999
marker:0,0.0,0.0,0.0,-0.976,0.791,0.19,0.976,0.791,0.18499999999999994
marker:0,0.0,0.0,0.0,-1.021,0.708,0.06,1.021,0.708,0.31299999999999994
marker:0,0.0,0.0,0.0,-0.685,0.987,-0.14,0.685,0.987,-0.30199999999999994
marker:0,0.0,0.0,0.0,0.222,1.814,-0.42,0.222,1.814,-1.592
marker:0,0.0,0.0,0.0,0.178,1.759,-0.46,0.178,1.759,-1.581
marker:0,0.0,0.0,0.0,-0.398,1.229,-0.3,0.398,1.229,-0.8310000000000001
marker:0,0.0,0.0,0.0,-0.726,0.946,-0.14,0.726,0.946,-0.21999999999999997
marker:0,0.0,0.0,0.0,0.206,1.915,-0.01,0.206,1.915,-1.709
marker:0,0.0,0.0,0.0,0.082,1.811,0.08,0.082,1.811,-1.7289999999999999
marker:0,0.0,0.0,0.0,-0.082,1.656,0.1,0.082,1.656,-1.5739999999999998
marker:0,0.0,0.0,0.0,-0.21,1.519,0.04,0.21,1.519,-1.309
marker:0,0.0,0.0,0.0,-0.313,1.379,-0.07,0.313,1.379,-1.066
marker:0,0.0,0.0,0.0,-0.306,1.346,-0.24,0.306,1.346,-1.04
marker:0,0.0,0.0,0.0,-0.267,1.29,-0.54,0.267,1.29,-1.0230000000000001
marker:0,0.0,0.0,0.0,-0.925,0.612,-0.61,0.925,0.612,0.31300000000000006
marker:0,0.0,0.0,0.0,-0.431,1.095,-0.65,0.431,1.095,-0.6639999999999999
marker:0,0.0,0.0,0.0,-0.042,1.479,-0.67,0.042,1.479,-1.437
marker:0,0.0,0.0,0.0,-0.029,1.497,-0.65,0.029,1.497,-1.4680000000000002
marker:0,0.0,0.0,0.0,-0.443,1.086,-0.64,0.443,1.086,-0.643
marker:0,0.0,0.0,0.0,-0.977,0.552,-0.64,0.977,0.552,0.42499999999999993
marker:0,0.0,0.0,0.0,-1.058,0.465,-0.66,1.058,0.465,0.593
marker:0,0.0,0.0,0.0,-1.58,-0.08,-0.76,1.58,0.08,1.5
marker:0,0.0,0.0,0.0,-1.562,-0.105,-0.89,1.562,0.105,1.457
marker:0,0.0,0.0,0.0,0.163,1.594,-0.98,0.163,1.594,-1.431
marker:0,0.0,0.0,0.0,-0.639,0.769,-1.06,0.639,0.769,-0.13
marker:0,0.0,0.0,0.0,-0.73,0.681,-1.05,0.73,0.681,0.04899999999999993
marker:0,0.0,0.0,0.0,-0.736,0.693,-0.99,0.736,0.693,0.04300000000000004
marker:0,0.0,0.0,0.0,-0.858,0.636,-0.72,0.858,0.636,0.22199999999999998
marker:0,0.0,0.0,0.0,-1.057,0.48,-0.61,1.057,0.48,0.577
marker:0,0.0,0.0,0.0,-0.896,0.687,-0.45,0.896,0.687,0.20899999999999996
marker:0,0.0,0.0,0.0,-1.026,0.575,-0.39,1.026,0.575,0.45100000000000007
marker:0,0.0,0.0,0.0,-0.76,0.837,-0.4,0.76,0.837,-0.07699999999999996
marker:0,0.0,0.0,0.0,-1.157,0.418,-0.48,1.157,0.418,0.7390000000000001
marker:0,0.0,0.0,0.0,-1.041,0.508,-0.57,1.041,0.508,0.5329999999999999
marker:0,0.0,0.0,0.0,-1.077,0.446,-0.73,1.077,0.446,0.631
marker:0,0.0,0.0,0.0,-0.696,0.77,-0.86,0.696,0.77,-0.07400000000000007
marker:0,0.0,0.0,0.0,-0.446,0.974,-1.02,0.446,0.974,-0.528
marker:0,0.0,0.0,0.0,-0.437,0.968,-1.07,0.437,0.968,-0.5309999999999999
marker:0,0.0,0.0,0.0,-1.915,-0.518,-1.1,1.915,0.518,1.397
marker:0,0.0,0.0,0.0,-1.965,-0.568,-1.1,1.965,0.568,1.3970000000000002
marker:0,0.0,0.0,0.0,-1.248,0.155,-1.08,1.248,0.155,1.093
marker:0,0.0,0.0,0.0,-0.554,0.863,-1.03,0.554,0.863,-0.30899999999999994
marker:0,0.0,0.0,0.0,-0.629,0.817,-0.89,0.629,0.817,-0.18799999999999994
marker:0,0.0,0.0,0.0,-0.812,0.674,-0.79,0.812,0.674,0.138
marker:0,0.0,0.0,0.0,-0.906,0.632,-0.61,0.906,0.632,0.274
marker:0,0.0,0.0,0.0,-1.116,0.448,-0.52,1.116,0.448,0.6680000000000001
marker:0,0.0,0.0,0.0,-1.2,0.395,-0.41,1.2,0.395,0.8049999999999999
marker:0,0.0,0.0,0.0,-1.194,0.39,-0.45,1.194,0.39,0.8039999999999999
marker:0,0.0,0.0,0.0,-1.227,0.333,-0.55,1.227,0.333,0.8940000000000001
marker:0,0.0,0.0,0.0,-1.155,0.379,-0.62,1.155,0.379,0.776
marker:0,0.0,0.0,0.0,-1.1,0.428,-0.64,1.1,0.428,0.6720000000000002
marker:0,0.0,0.0,0.0,-1.148,0.387,-0.62,1.148,0.387,0.7609999999999999
marker:0,0.0,0.0,0.0,-1.177,0.361,-0.61,1.177,0.361,0.8160000000000001
marker:0,0.0,0.0,0.0,-1.222,0.318,-0.6,1.222,0.318,0.9039999999999999
marker:0,0.0,0.0,0.0,-1.245,0.301,-0.58,1.245,0.301,0.9440000000000002
marker:0,0.0,0.0,0.0,-0.62,0.912,-0.63,0.62,0.912,-0.29200000000000004
marker:0,0.0,0.0,0.0,-0.623,0.906,-0.64,0.623,0.906,-0.28300000000000003
marker:0,0.0,0.0,0.0,-0.653,0.853,-0.72,0.653,0.853,-0.19999999999999996
marker:0,0.0,0.0,0.0,-0.665,0.832,-0.75,0.665,0.832,-0.16699999999999993
marker:0,0.0,0.0,0.0,-0.579,0.904,-0.8,0.579,0.904,-0.32500000000000007
marker:0,0.0,0.0,0.0,-0.564,0.916,-0.81,0.564,0.916,-0.3520000000000001
marker:0,0.0,0.0,0.0,-0.4,1.125,-0.79,0.4,1.125,-0.725
marker:0,0.0,0.0,0.0,-0.734,0.751,-0.79,0.734,0.751,-0.017000000000000015
marker:0,0.0,0.0,0.0,-0.795,0.708,-0.73,0.795,0.708,0.08700000000000008
marker:0,0.0,0.0,0.0,-0.836,0.695,-0.63,0.836,0.695,0.14100000000000001
marker:0,0.0,0.0,0.0,-0.918,0.634,-0.53,0.918,0.634,0.28400000000000003
marker:0,0.0,0.0,0.0,0.28,1.854,-0.48,0.28,1.854,-1.574
marker:0,0.0,0.0,0.0,-1.025,0.569,-0.41,1.025,0.569,0.45599999999999996
marker:0,0.0,0.0,0.0,-1.011,0.581,-0.42,1.011,0.581,0.42999999999999994
marker:0,0.0,0.0,0.0,-1.094,0.512,-0.37,1.094,0.512,0.5820000000000001
marker:0,0.0,0.0,0.0,-0.793,0.804,-0.4,0.793,0.804,-0.01100000000000001
marker:0,0.0,0.0,0.0,-0.795,0.806,-0.39,0.795,0.806,-0.01100000000000001
marker:0,0.0,0.0,0.0,-0.802,0.79,-0.42,0.802,0.79,0.01200000000000001
marker:0,0.0,0.0,0.0,-1.374,0.23,-0.38,1.374,0.23,1.1440000000000001
marker:0,0.0,0.0,0.0,0.129,1.71,-0.46,0.129,1.71,-1.581
marker:0,0.0,0.0,0.0,0.097,1.669,-0.5,0.097,1.669,-1.572
marker:0,0.0,0.0,0.0,-0.052,1.486,-0.64,0.052,1.486,-1.434
marker:0,0.0,0.0,0.0,-1.565,-0.062,-0.75,1.565,0.062,1.503
marker:0,0.0,0.0,0.0,-1.574,-0.1,-0.83,1.574,0.1,1.474
marker:0,0.0,0.0,0.0,-1.556,-0.09,-0.9,1.556,0.09,1.466
marker:0,0.0,0.0,0.0,-1.663,-0.194,-0.85,1.663,0.194,1.469
marker:0,0.0,0.0,0.0,-1.782,-0.259,-0.66,1.782,0.259,1.5230000000000001
marker:0,0.0,0.0,0.0,-0.753,0.819,-0.49,0.753,0.819,-0.06599999999999995
marker:0,0.0,0.0,0.0,-0.937,0.681,-0.33,0.937,0.681,0.256
marker:0,0.0,0.0,0.0,-1.182,0.479,-0.18,1.182,0.479,0.703
marker:0,0.0,0.0,0.0,-0.866,0.794,-0.18,0.866,0.794,0.07199999999999995
marker:0,0.0,0.0,0.0,-0.889,0.732,-0.32,0.889,0.732,0.15700000000000003
marker:0,0.0,0.0,0.0,-0.01,0.725,-0.6,0.01,0.725,-0.715
marker:0,0.0,0.0,0.0,-0.819,0.647,-0.86,0.819,0.647,0.17199999999999993
marker:0,0.0,0.0,0.0,-0.427,0.958,-0.95,0.427,0.958,-0.5309999999999999
marker:0,0.0,0.0,0.0,0.034,1.462,-0.97,0.034,1.462,-1.428
marker:0,0.0,0.0,0.0,-0.459,0.975,-0.99,0.459,0.975,-0.516
marker:0,0.0,0.0,0.0,-0.546,0.894,-0.95,0.546,0.894,-0.348
marker:0,0.0,0.0,0.0,-0.409,1.028,-0.96,0.409,1.028,-0.619
marker:0,0.0,0.0,0.0,-1.024,0.413,-0.96,1.024,0.413,0.611
marker:0,0.0,0.0,0.0,-1.125,0.309,-0.97,1.125,0.309,0.8160000000000001
marker:0,0.0,0.0,0.0,-1.59,-0.139,-0.91,1.59,0.139,1.451
marker:0,0.0,0.0,0.0,-1.738,-0.267,-0.84,1.738,0.267,1.471
marker:0,0.0,0.0,0.0,-0.996,0.502,-0.72,0.996,0.502,0.494
marker:0,0.0,0.0,0.0,-1.302,0.239,-0.6,1.302,0.239,1.0630000000000002
marker:0,0.0,0.0,0.0,-1.373,0.205,-0.47,1.373,0.205,1.168
marker:0,0.0,0.0,0.0,-1.468,0.129,-0.4,1.468,0.129,1.339
marker:0,0.0,0.0,0.0,-1.117,0.513,-0.27,1.117,0.513,0.604
marker:0,0.0,0.0,0.0,-1.223,0.415,-0.26,1.223,0.415,0.808
marker:0,0.0,0.0,0.0,-1.612,0.012,-0.31,1.612,0.012,1.6
marker:0,0.0,0.0,0.0,-1.786,-0.2,-0.5,1.786,0.2,1.586
marker:0,0.0,0.0,0.0,-1.216,0.327,-0.59,1.216,0.327,0.889
marker:0,0.0,0.0,0.0,-1.286,0.203,-0.78,1.286,0.203,1.083
marker:0,0.0,0.0,0.0,-2.083,-0.628,-0.94,2.083,0.628,1.455
marker:0,0.0,0.0,0.0,-1.873,-0.467,-1.07,1.873,0.467,1.406
marker:0,0.0,0.0,0.0,-1.858,-0.455,-1.1,1.858,0.455,1.403
marker:0,0.0,0.0,0.0,-1.819,-0.413,-1.07,1.819,0.413,1.406
marker:0,0.0,0.0,0.0,-1.863,-0.435,-0.99,1.863,0.435,1.428
marker:0,0.0,0.0,0.0,-1.823,-0.375,-0.86,1.823,0.375,1.448
marker:0,0.0,0.0,0.0,-1.832,-0.331,-0.74,1.832,0.331,1.5010000000000001
marker:0,0.0,0.0,0.0,-1.868,-0.342,-0.65,1.868,0.342,1.526
marker:0,0.0,0.0,0.0,-1.966,-0.408,-0.54,1.966,0.408,1.558
marker:0,0.0,0.0,0.0,-0.322,1.23,-0.56,0.322,1.23,-0.9079999999999999
marker:0,0.0,0.0,0.0,-0.416,1.09,-0.72,0.416,1.09,-0.6740000000000002
marker:0,0.0,0.0,0.0,-0.557,0.881,-0.99,0.557,0.881,-0.32399999999999995
marker:0,0.0,0.0,0.0,-0.777,0.623,-1.09,0.777,0.623,0.15400000000000003
marker:0,0.0,0.0,0.0,-0.954,0.429,-1.14,0.954,0.429,0.5249999999999999
marker:0,0.0,0.0,0.0,-1.01,0.372,-1.11,1.01,0.372,0.638
marker:0,0.0,0.0,0.0,-1.174,0.245,-1.02,1.174,0.245,0.9289999999999999
marker:0,0.0,0.0,0.0,-1.213,0.247,-0.88,1.213,0.247,0.9660000000000001
marker:0,0.0,0.0,0.0,-1.123,0.395,-0.68,1.123,0.395,0.728
marker:0,0.0,0.0,0.0,-1.113,0.408,-0.67,1.113,0.408,0.7050000000000001
marker:0,0.0,0.0,0.0,-1.719,-0.239,-0.81,1.719,0.239,1.48
marker:0,0.0,0.0,0.0,-1.067,0.37,-0.96,1.067,0.37,0.697
marker:0,0.0,0.0,0.0,-1.184,0.19,-1.18,1.184,0.19,0.994
marker:0,0.0,0.0,0.0,-1.133,0.23,-1.22,1.133,0.23,0.903
marker:0,0.0,0.0,0.0,-1.02,0.351,-1.19,1.02,0.351,0.669
marker:0,0.0,0.0,0.0,-1.117,0.277,-1.11,1.117,0.277,0.84
marker:0,0.0,0.0,0.0,-0.735,0.684,-1.02,0.735,0.684,0.050999999999999934
marker:0,0.0,0.0,0.0,-0.421,1.033,-0.9,0.421,1.033,-0.6119999999999999
marker:0,0.0,0.0,0.0,-0.519,0.946,-0.86,0.519,0.946,-0.42699999999999994
marker:0,0.0,0.0,0.0,-1.596,-0.119,-0.82,1.596,0.119,1.477
marker:0,0.0,0.0,0.0,-1.049,0.408,-0.89,1.049,0.408,0.641
marker:0,0.0,0.0,0.0,-1.083,0.352,-0.97,1.083,0.352,0.731
marker:0,0.0,0.0,0.0,-1.964,-0.547,-1.04,1.964,0.547,1.4169999999999998
marker:0,0.0,0.0,0.0,-0.936,0.463,-1.04,0.936,0.463,0.47300000000000003
marker:0,0.0,0.0,0.0,-0.915,0.505,-1.02,0.915,0.505,0.41000000000000003
marker:0,0.0,0.0,0.0,-1.595,-0.129,-0.86,1.595,0.129,1.466
marker:0,0.0,0.0,0.0,-1.774,-0.306,-0.85,1.774,0.306,1.468
marker:0,0.0,0.0,0.0,-0.759,0.706,-0.86,0.759,0.706,0.05300000000000005
marker:0,0.0,0.0,0.0,-1.717,-0.269,-0.92,1.717,0.269,1.448
marker:0,0.0,0.0,0.0,-1.791,-0.383,-1.06,1.791,0.383,1.408
marker:0,0.0,0.0,0.0,-1.28,0.097,-1.17,1.28,0.097,1.183
marker:0,0.0,0.0,0.0,-1.312,0.042,-1.25,1.312,0.042,1.27
marker:0,0.0,0.0,0.0,-1.399,-0.014,-1.14,1.399,0.014,1.385
marker:0,0.0,0.0,0.0,-0.803,0.628,-0.9,0.803,0.628,0.17500000000000004
marker:0,0.0,0.0,0.0,-0.92,0.554,-0.83,0.92,0.554,0.366
marker:0,0.0,0.0,0.0,-1.063,0.466,-0.64,1.063,0.466,0.597
marker:0,0.0,0.0,0.0,-1.272,0.268,-0.6,1.272,0.268,1.004
marker:0,0.0,0.0,0.0,-1.527,-0.004,-0.66,1.527,0.004,1.523
marker:0,0.0,0.0,0.0,-1.921,-0.438,-0.78,1.921,0.438,1.483
marker:0,0.0,0.0,0.0,-1.878,-0.438,-0.95,1.878,0.438,1.44
marker:0,0.0,0.0,0.0,-2.052,-0.657,-1.13,2.052,0.657,1.395
marker:0,0.0,0.0,0.0,-2.042,-0.671,-1.19,2.042,0.671,1.3709999999999998
marker:0,0.0,0.0,0.0,-1.757,-0.403,-1.24,1.757,0.403,1.3539999999999999
marker:0,0.0,0.0,0.0,-1.878,-0.486,-1.12,1.878,0.486,1.392
marker:0,0.0,0.0,0.0,-1.902,-0.459,-0.94,1.902,0.459,1.4429999999999998
marker:0,0.0,0.0,0.0,-0.737,0.749,-0.79,0.737,0.749,-0.01200000000000001
marker:0,0.0,0.0,0.0,-1.538,0.017,-0.55,1.538,0.017,1.5210000000000001
marker:0,0.0,0.0,0.0,-0.134,1.438,-0.49,0.134,1.438,-1.3039999999999998
marker:0,0.0,0.0,0.0,-0.125,1.401,-0.7,0.125,1.401,-1.276
marker:0,0.0,0.0,0.0,-1.736,-0.265,-0.84,1.736,0.265,1.471
marker:0,0.0,0.0,0.0,-1.108,0.294,-1.08,1.108,0.294,0.8140000000000001
marker:0,0.0,0.0,0.0,-1.059,0.29,-1.27,1.059,0.29,0.7689999999999999
marker:0,0.0,0.0,0.0,-1.064,0.266,-1.4,1.064,0.266,0.798
marker:0,0.0,0.0,0.0,-1.125,0.205,-1.4,1.125,0.205,0.92
marker:0,0.0,0.0,0.0,-1.145,0.22,-1.21,1.145,0.22,0.925
marker:0,0.0,0.0,0.0,-1.149,0.253,-1.08,1.149,0.253,0.896
marker:0,0.0,0.0,0.0,-1.299,0.259,-0.54,1.299,0.259,1.04
marker:0,0.0,0.0,0.0,-1.361,0.251,-0.27,1.361,0.251,1.1099999999999999
marker:0,0.0,0.0,0.0,-1.674,0.024,-0.05,1.674,0.024,1.65
marker:0,0.0,0.0,0.0,-1.793,-0.029,0.27,1.793,0.029,1.764
marker:0,0.0,0.0,0.0,-1.963,-0.164,0.3,1.963,0.164,1.7990000000000002
marker:0,0.0,0.0,0.0,-1.857,-0.067,0.27,1.857,0.067,1.79
marker:0,0.0,0.0,0.0,-1.667,0.053,0.03,1.667,0.053,1.614
marker:0,0.0,0.0,0.0,-1.715,-0.1,-0.34,1.715,0.1,1.615
marker:0,0.0,0.0,0.0,-1.75,-0.253,-0.75,1.75,0.253,1.4969999999999999
marker:0,0.0,0.0,0.0,-0.826,0.583,-1.06,0.826,0.583,0.243
marker:0,0.0,0.0,0.0,-0.833,0.521,-1.25,0.833,0.521,0.31199999999999994
marker:0,0.0,0.0,0.0,-1.89,-0.55,-1.3,1.89,0.55,1.3399999999999999
marker:0,0.0,0.0,0.0,-1.882,-0.52,-1.22,1.882,0.52,1.3619999999999999
marker:0,0.0,0.0,0.0,-0.893,0.593,-0.77,0.893,0.593,0.30000000000000004
marker:0,0.0,0.0,0.0,-1.103,0.44,-0.58,1.103,0.44,0.663
marker:0,0.0,0.0,0.0,-1.272,0.283,-0.55,1.272,0.283,0.9890000000000001
marker:0,0.0,0.0,0.0,-1.469,0.094,-0.52,1.469,0.094,1.375
marker:0,0.0,0.0,0.0,-1.727,-0.216,-0.7,1.727,0.216,1.5110000000000001
marker:0,0.0,0.0,0.0,-1.652,-0.166,-0.79,1.652,0.166,1.486
marker:0,0.0,0.0,0.0,-1.594,-0.137,-0.92,1.594,0.137,1.457
marker:0,0.0,0.0,0.0,-1.582,-0.136,-0.93,1.582,0.136,1.4460000000000002
marker:0,0.0,0.0,0.0,-1.569,-0.117,-0.91,1.569,0.117,1.452
marker:0,0.0,0.0,0.0,-1.599,-0.113,-0.77,1.599,0.113,1.486
marker:0,0.0,0.0,0.0,-1.655,-0.143,-0.7,1.655,0.143,1.512
marker:0,0.0,0.0,0.0,-1.658,-0.123,-0.62,1.658,0.123,1.535
marker:0,0.0,0.0,0.0,-1.863,-0.326,-0.61,1.863,0.326,1.537
marker:0,0.0,0.0,0.0,-1.916,-0.43,-0.79,1.916,0.43,1.486
marker:0,0.0,0.0,0.0,-2.068,-0.64,-0.99,2.068,0.64,1.428
marker:0,0.0,0.0,0.0,-2.293,-0.882,-1.05,2.293,0.882,1.411
marker:0,0.0,0.0,0.0,-2.366,-0.963,-1.08,2.366,0.963,1.403
marker:0,0.0,0.0,0.0,-2.401,-1.001,-1.09,2.401,1.001,1.4
marker:0,0.0,0.0,0.0,-2.431,-1.031,-1.09,2.431,1.031,1.4000000000000001
marker:0,0.0,0.0,0.0,-2.254,-0.837,-1.03,2.254,0.837,1.417
marker:0,0.0,0.0,0.0,-2.188,-0.742,-0.93,2.188,0.742,1.4460000000000002
marker:0,0.0,0.0,0.0,-2.156,-0.693,-0.87,2.156,0.693,1.463
marker:0,0.0,0.0,0.0,-2.153,-0.678,-0.82,2.153,0.678,1.475
marker:0,0.0,0.0,0.0,-2.174,-0.7,-0.83,2.174,0.7,1.474
marker:0,0.0,0.0,0.0,-2.168,-0.715,-0.93,2.168,0.715,1.4530000000000003
marker:0,0.0,0.0,0.0,-2.303,-0.877,-1.0,2.303,0.877,1.426
marker:0,0.0,0.0,0.0,-2.442,-1.102,-1.34,2.442,1.102,1.34
marker:0,0.0,0.0,0.0,-2.514,-1.187,-1.54,2.514,1.187,1.3269999999999997
marker:0,0.0,0.0,0.0,-2.693,-1.367,-1.59,2.693,1.367,1.326
marker:0,0.0,0.0,0.0,-2.81,-1.483,-1.55,2.81,1.483,1.327
marker:0,0.0,0.0,0.0,-2.823,-1.494,-1.44,2.823,1.494,1.329
marker:0,0.0,0.0,0.0,-2.959,-1.565,-1.11,2.959,1.565,1.3940000000000001
marker:0,0.0,0.0,0.0,-3.14,-1.674,-0.79,3.14,1.674,1.4660000000000002
marker:0,0.0,0.0,0.0,-3.115,-1.595,-0.59,3.115,1.595,1.5200000000000002
marker:0,0.0,0.0,0.0,-3.178,-1.589,-0.43,3.178,1.589,1.589
marker:0,0.0,0.0,0.0,-3.28,-1.686,-0.4,3.28,1.686,1.5939999999999999
marker:0,0.0,0.0,0.0,-3.184,-1.613,-0.49,3.184,1.613,1.5710000000000002
marker:0,0.0,0.0,0.0,-3.202,-1.685,-0.68,3.202,1.685,1.517
marker:0,0.0,0.0,0.0,-3.301,-1.878,-1.01,3.301,1.878,1.4230000000000003
marker:0,0.0,0.0,0.0,-3.306,-1.932,-1.18,3.306,1.932,1.374
marker:0,0.0,0.0,0.0,-3.383,-2.044,-1.3,3.383,2.044,1.339
marker:0,0.0,0.0,0.0,-3.429,-2.1,-1.44,3.429,2.1,1.3289999999999997
marker:0,0.0,0.0,0.0,-1.799,-0.471,-1.49,1.799,0.471,1.3279999999999998
marker:0,0.0,0.0,0.0,-1.901,-0.572,-1.45,1.901,0.572,1.3290000000000002
marker:0,0.0,0.0,0.0,-1.932,-0.595,-1.31,1.932,0.595,1.337
marker:0,0.0,0.0,0.0,-1.996,-0.596,-1.09,1.996,0.596,1.4
marker:0,0.0,0.0,0.0,-1.871,-0.388,-0.8,1.871,0.388,1.483
marker:0,0.0,0.0,0.0,-1.845,-0.299,-0.58,1.845,0.299,1.546
marker:0,0.0,0.0,0.0,-1.805,-0.257,-0.57,1.805,0.257,1.548
marker:0,0.0,0.0,0.0,-1.437,0.103,-0.6,1.437,0.103,1.334
marker:0,0.0,0.0,0.0,-1.554,-0.023,-0.67,1.554,0.023,1.5310000000000001
marker:0,0.0,0.0,0.0,-1.476,0.027,-0.73,1.476,0.027,1.449
marker:0,0.0,0.0,0.0,-1.533,-0.061,-0.84,1.533,0.061,1.472
marker:0,0.0,0.0,0.0,-1.76,-0.314,-0.93,1.76,0.314,1.446
marker:0,0.0,0.0,0.0,-1.783,-0.332,-0.9,1.783,0.332,1.4509999999999998
marker:0,0.0,0.0,0.0,-1.828,-0.348,-0.81,1.828,0.348,1.48
marker:0,0.0,0.0,0.0,-1.47,0.042,-0.67,1.47,0.042,1.428
marker:0,0.0,0.0,0.0,-1.639,-0.067,-0.49,1.639,0.067,1.572
marker:0,0.0,0.0,0.0,-1.818,-0.191,-0.3,1.818,0.191,1.627
marker:0,0.0,0.0,0.0,-1.373,0.285,-0.19,1.373,0.285,1.088
marker:0,0.0,0.0,0.0,-1.448,0.227,-0.13,1.448,0.227,1.2209999999999999
marker:0,0.0,0.0,0.0,-1.517,0.163,-0.11,1.517,0.163,1.3539999999999999
marker:0,0.0,0.0,0.0,-1.68,-0.054,-0.3,1.68,0.054,1.626
marker:0,0.0,0.0,0.0,-1.549,0.014,-0.52,1.549,0.014,1.535
marker:0,0.0,0.0,0.0,-1.56,-0.083,-0.82,1.56,0.083,1.477
marker:0,0.0,0.0,0.0,-1.663,-0.246,-1.03,1.663,0.246,1.417
marker:0,0.0,0.0,0.0,-1.581,-0.189,-1.12,1.581,0.189,1.392
marker:0,0.0,0.0,0.0,-1.582,-0.185,-1.1,1.582,0.185,1.397
marker:0,0.0,0.0,0.0,-1.653,-0.204,-0.92,1.653,0.204,1.449
marker:0,0.0,0.0,0.0,-1.288,0.21,-0.75,1.288,0.21,1.078
marker:0,0.0,0.0,0.0,-1.369,0.177,-0.58,1.369,0.177,1.192
marker:0,0.0,0.0,0.0,-1.579,-0.007,-0.5,1.579,0.007,1.572
marker:0,0.0,0.0,0.0,-1.731,-0.147,-0.45,1.731,0.147,1.584
marker:0,0.0,0.0,0.0,-1.165,0.422,-0.44,1.165,0.422,0.7430000000000001
marker:0,0.0,0.0,0.0,-1.332,0.243,-0.48,1.332,0.243,1.089
marker:0,0.0,0.0,0.0,-1.39,0.168,-0.54,1.39,0.168,1.222
marker:0,0.0,0.0,0.0,-1.56,-0.026,-0.62,1.56,0.026,1.534
marker:0,0.0,0.0,0.0,-1.597,-0.068,-0.64,1.597,0.068,1.529
marker:0,0.0,0.0,0.0,-1.385,0.147,-0.62,1.385,0.147,1.238
marker:0,0.0,0.0,0.0,-2.522,-0.961,-0.53,2.522,0.961,1.561
marker:0,0.0,0.0,0.0,-2.57,-0.996,-0.47,2.57,0.996,1.5739999999999998
marker:0,0.0,0.0,0.0,-1.301,0.294,-0.41,1.301,0.294,1.007
marker:0,0.0,0.0,0.0,-1.384,0.231,-0.34,1.384,0.231,1.1529999999999998
marker:0,0.0,0.0,0.0,-1.277,0.352,-0.29,1.277,0.352,0.9249999999999999
marker:0,0.0,0.0,0.0,-1.136,0.499,-0.27,1.136,0.499,0.6369999999999999
marker:0,0.0,0.0,0.0,-1.586,0.026,-0.36,1.586,0.026,1.56
marker:0,0.0,0.0,0.0,-1.416,0.182,-0.4,1.416,0.182,1.234
marker:0,0.0,0.0,0.0,-1.27,0.308,-0.47,1.27,0.308,0.962
marker:0,0.0,0.0,0.0,-1.804,-0.25,-0.55,1.804,0.25,1.554
marker:0,0.0,0.0,0.0,-2.04,-0.494,-0.58,2.04,0.494,1.546
marker:0,0.0,0.0,0.0,-2.201,-0.67,-0.63,2.201,0.67,1.5310000000000001
marker:0,0.0,0.0,0.0,-2.403,-0.891,-0.7,2.403,0.891,1.512
marker:0,0.0,0.0,0.0,-2.481,-1.004,-0.82,2.481,1.004,1.4769999999999999
marker:0,0.0,0.0,0.0,-2.521,-1.067,-0.91,2.521,1.067,1.454
marker:0,0.0,0.0,0.0,-1.821,-0.384,-0.96,1.821,0.384,1.4369999999999998
marker:0,0.0,0.0,0.0,-1.805,-0.377,-0.99,1.805,0.377,1.428
marker:0,0.0,0.0,0.0,-1.97,-0.541,-0.99,1.97,0.541,1.4289999999999998
marker:0,0.0,0.0,0.0,-2.061,-0.61,-0.91,2.061,0.61,1.451
marker:0,0.0,0.0,0.0,-1.491,-0.008,-0.8,1.491,0.008,1.483
marker:0,0.0,0.0,0.0,-1.362,0.13,-0.77,1.362,0.13,1.2320000000000002
marker:0,0.0,0.0,0.0,-1.426,0.063,-0.77,1.426,0.063,1.363
marker:0,0.0,0.0,0.0,-1.091,0.395,-0.76,1.091,0.395,0.696
marker:0,0.0,0.0,0.0,-1.125,0.367,-0.78,1.125,0.367,0.758
marker:0,0.0,0.0,0.0,-1.244,0.254,-0.75,1.244,0.254,0.99
marker:0,0.0,0.0,0.0,-1.372,0.12,-0.77,1.372,0.12,1.2520000000000002
marker:0,0.0,0.0,0.0,-1.66,-0.14,-0.67,1.66,0.14,1.52
marker:0,0.0,0.0,0.0,-1.613,-0.067,-0.52,1.613,0.067,1.546
marker:0,0.0,0.0,0.0,-1.798,-0.194,-0.38,1.798,0.194,1.604
marker:0,0.0,0.0,0.0,-1.926,-0.271,-0.17,1.926,0.271,1.6549999999999998
marker:0,0.0,0.0,0.0,-1.553,0.153,0.0,1.553,0.153,1.4
marker:0,0.0,0.0,0.0,-1.793,-0.038,0.15,1.793,0.038,1.755
marker:0,0.0,0.0,0.0,-1.908,-0.15,0.16,1.908,0.15,1.758
marker:0,0.0,0.0,0.0,-2.163,-0.44,0.04,2.163,0.44,1.7229999999999999
marker:0,0.0,0.0,0.0,-1.577,0.121,-0.05,1.577,0.121,1.456
marker:0,0.0,0.0,0.0,-1.584,0.062,-0.23,1.584,0.062,1.522
marker:0,0.0,0.0,0.0,-1.508,0.09,-0.4,1.508,0.09,1.418
marker:0,0.0,0.0,0.0,-1.62,-0.063,-0.54,1.62,0.063,1.5570000000000002
marker:0,0.0,0.0,0.0,-1.608,-0.064,-0.6,1.608,0.064,1.544
marker:0,0.0,0.0,0.0,-1.862,-0.325,-0.59,1.862,0.325,1.5370000000000001
marker:0,0.0,0.0,0.0,-2.073,-0.504,-0.5,2.073,0.504,1.569
marker:0,0.0,0.0,0.0,-2.229,-0.612,-0.33,2.229,0.612,1.617
marker:0,0.0,0.0,0.0,-2.668,-0.967,0.0,2.668,0.967,1.701
marker:0,0.0,0.0,0.0,-2.957,-1.205,0.14,2.957,1.205,1.7519999999999998
marker:0,0.0,0.0,0.0,-3.04,-1.285,0.13,3.04,1.285,1.7550000000000001
marker:0,0.0,0.0,0.0,-3.129,-1.446,-0.17,3.129,1.446,1.683
marker:0,0.0,0.0,0.0,-3.331,-1.725,-0.38,3.331,1.725,1.6059999999999999
marker:0,0.0,0.0,0.0,-1.36,0.249,-0.36,1.36,0.249,1.1110000000000002
marker:0,0.0,0.0,0.0,-1.407,0.217,-0.31,1.407,0.217,1.19
marker:0,0.0,0.0,0.0,-1.615,0.065,-0.11,1.615,0.065,1.55
marker:0,0.0,0.0,0.0,-1.724,0.003,0.05,1.724,0.003,1.721
marker:0,0.0,0.0,0.0,-1.884,-0.146,0.1,1.884,0.146,1.738
marker:0,0.0,0.0,0.0,-1.389,0.364,0.14,1.389,0.364,1.025
marker:0,0.0,0.0,0.0,-1.672,0.054,0.05,1.672,0.054,1.6179999999999999
marker:0,0.0,0.0,0.0,-1.819,-0.121,-0.05,1.819,0.121,1.698
marker:0,0.0,0.0,0.0,-1.855,-0.192,-0.17,1.855,0.192,1.663
marker:0,0.0,0.0,0.0,-1.936,-0.289,-0.23,1.936,0.289,1.647
marker:0,0.0,0.0,0.0,-2.1,-0.454,-0.23,2.1,0.454,1.6460000000000001
marker:0,0.0,0.0,0.0,-1.915,-0.265,-0.21,1.915,0.265,1.65
marker:0,0.0,0.0,0.0,-1.585,0.081,-0.14,1.585,0.081,1.504
marker:0,0.0,0.0,0.0,-1.554,0.13,-0.07,1.554,0.13,1.424
marker:0,0.0,0.0,0.0,-1.664,0.025,-0.07,1.664,0.025,1.639
marker:0,0.0,0.0,0.0,-1.814,-0.118,-0.06,1.814,0.118,1.6960000000000002
marker:0,0.0,0.0,0.0,-1.498,0.175,-0.14,1.498,0.175,1.323
marker:0,0.0,0.0,0.0,-1.623,0.024,-0.23,1.623,0.024,1.599
marker:0,0.0,0.0,0.0,-2.178,-0.554,-0.32,2.178,0.554,1.6239999999999999
marker:0,0.0,0.0,0.0,-2.667,-1.047,-0.32,2.667,1.047,1.6199999999999999
marker:0,0.0,0.0,0.0,-2.675,-1.046,-0.28,2.675,1.046,1.6289999999999998
marker:0,0.0,0.0,0.0,-2.674,-1.025,-0.22,2.674,1.025,1.649
marker:0,0.0,0.0,0.0,-2.73,-1.07,-0.18,2.73,1.07,1.66
marker:0,0.0,0.0,0.0,-3.078,-1.315,-0.06,3.078,1.315,1.763
marker:0,0.0,0.0,0.0,-3.344,-1.632,0.02,3.344,1.632,1.712
marker:0,0.0,0.0,0.0,-3.686,-1.965,0.03,3.686,1.965,1.7209999999999999
marker:0,0.0,0.0,0.0,-3.902,-2.179,0.04,3.902,2.179,1.7230000000000003
marker:0,0.0,0.0,0.0,-2.073,-0.358,0.01,2.073,0.358,1.7149999999999999
marker:0,0.0,0.0,0.0,-2.198,-0.489,0.01,2.198,0.489,1.709
marker:0,0.0,0.0,0.0,-2.192,-0.494,-0.05,2.192,0.494,1.6980000000000002
marker:0,0.0,0.0,0.0,-2.03,-0.297,0.07,2.03,0.297,1.7329999999999999
marker:0,0.0,0.0,0.0,-2.047,-0.28,0.25,2.047,0.28,1.7670000000000001
marker:0,0.0,0.0,0.0,-2.211,-0.396,0.36,2.211,0.396,1.815
marker:0,0.0,0.0,0.0,-2.454,-0.609,0.49,2.454,0.609,1.8450000000000002
marker:0,0.0,0.0,0.0,-2.878,-1.017,0.52,2.878,1.017,1.8610000000000002
marker:0,0.0,0.0,0.0,-3.139,-1.289,0.48,3.139,1.289,1.8499999999999999
marker:0,0.0,0.0,0.0,-3.37,-1.538,0.42,3.37,1.538,1.832
marker:0,0.0,0.0,0.0,-3.606,-1.804,0.31,3.606,1.804,1.8019999999999998
marker:0,0.0,0.0,0.0,-3.701,-1.926,0.22,3.701,1.926,1.7750000000000001
marker:0,0.0,0.0,0.0,-3.845,-2.061,0.25,3.845,2.061,1.7840000000000003
marker:0,0.0,0.0,0.0,-4.032,-2.236,0.33,4.032,2.236,1.7959999999999998
marker:0,0.0,0.0,0.0,-4.134,-2.287,0.47,4.134,2.287,1.8470000000000004
marker:0,0.0,0.0,0.0,-4.145,-2.275,0.66,4.145,2.275,1.8699999999999997
marker:0,0.0,0.0,0.0,-4.198,-2.276,0.73,4.198,2.276,1.9220000000000006
marker:0,0.0,0.0,0.0,-1.484,0.474,0.86,1.484,0.474,1.01
marker:0,0.0,0.0,0.0,-1.516,0.445,0.92,1.516,0.445,1.071
marker:0,0.0,0.0,0.0,-1.627,0.335,0.83,1.627,0.335,1.292
marker:0,0.0,0.0,0.0,-1.026,0.89,0.68,1.026,0.89,0.136
marker:0,0.0,0.0,0.0,-1.23,0.665,0.64,1.23,0.665,0.565
marker:0,0.0,0.0,0.0,-0.854,0.967,0.29,0.854,0.967,-0.11299999999999999
marker:0,0.0,0.0,0.0,-1.079,0.7,0.23,1.079,0.7,0.379
marker:0,0.0,0.0,0.0,-1.431,0.289,0.03,1.431,0.289,1.1420000000000001
marker:0,0.0,0.0,0.0,-1.85,-0.04,0.15,1.85,0.04,1.81
marker:0,0.0,0.0,0.0,-2.375,-0.559,0.44,2.375,0.559,1.8159999999999998
marker:0,0.0,0.0,0.0,-1.571,0.393,0.94,1.571,0.393,1.178
marker:0,0.0,0.0,0.0,-1.689,0.336,1.12,1.689,0.336,1.353
marker:0,0.0,0.0,0.0,-2.658,-0.948,-0.01,2.658,0.948,1.71
marker:0,0.0,0.0,0.0,-1.721,-0.054,-0.16,1.721,0.054,1.667
marker:0,0.0,0.0,0.0,-1.92,-0.268,-0.21,1.92,0.268,1.652
marker:0,0.0,0.0,0.0,-1.914,-0.247,-0.16,1.914,0.247,1.6669999999999998
marker:0,0.0,0.0,0.0,-2.204,-0.512,-0.07,2.204,0.512,1.6920000000000002
marker:0,0.0,0.0,0.0,-1.94,-0.187,0.22,1.94,0.187,1.753
marker:0,0.0,0.0,0.0,-3.354,-1.473,0.59,3.354,1.473,1.881
marker:0,0.0,0.0,0.0,-4.002,-2.043,0.97,4.002,2.043,1.9589999999999996
marker:0,0.0,0.0,0.0,-3.913,-1.822,1.32,3.913,1.822,2.0909999999999997
marker:0,0.0,0.0,0.0,-3.008,-0.854,1.54,3.008,0.854,2.154
marker:0,0.0,0.0,0.0,-2.187,-0.045,1.5,2.187,0.045,2.142
marker:0,0.0,0.0,0.0,-2.744,-0.636,1.38,2.744,0.636,2.108
marker:0,0.0,0.0,0.0,-2.813,-0.743,1.25,2.813,0.743,2.0700000000000003
marker:0,0.0,0.0,0.0,-2.791,-0.766,1.09,2.791,0.766,2.025
marker:0,0.0,0.0,0.0,-2.74,-0.779,0.87,2.74,0.779,1.9610000000000003
marker:0,0.0,0.0,0.0,-2.601,-0.666,0.78,2.601,0.666,1.935
marker:0,0.0,0.0,0.0,-2.602,-0.672,0.76,2.602,0.672,1.9299999999999997
marker:0,0.0,0.0,0.0,-2.621,-0.662,0.86,2.621,0.662,1.959
marker:0,0.0,0.0,0.0,-2.777,-0.789,0.96,2.777,0.789,1.988
marker:0,0.0,0.0,0.0,-2.852,-0.848,1.02,2.852,0.848,2.004
marker:0,0.0,0.0,0.0,-2.93,-0.908,1.08,2.93,0.908,2.0220000000000002
marker:0,0.0,0.0,0.0,-3.057,-1.027,1.11,3.057,1.027,2.0300000000000002
marker:0,0.0,0.0,0.0,-3.18,-1.166,1.05,3.18,1.166,2.0140000000000002
marker:0,0.0,0.0,0.0,-3.379,-1.409,0.9,3.379,1.409,1.97
marker:0,0.0,0.0,0.0,-3.414,-1.492,0.73,3.414,1.492,1.9220000000000002
marker:0,0.0,0.0,0.0,-3.471,-1.606,0.53,3.471,1.606,1.865
marker:0,0.0,0.0,0.0,-3.539,-1.683,0.48,3.539,1.683,1.856
marker:0,0.0,0.0,0.0,-3.442,-1.601,0.45,3.442,1.601,1.8410000000000002
marker:0,0.0,0.0,0.0,-3.319,-1.429,0.62,3.319,1.429,1.89
marker:0,0.0,0.0,0.0,-3.408,-1.484,0.74,3.408,1.484,1.924
marker:0,0.0,0.0,0.0,-3.34,-1.376,0.88,3.34,1.376,1.964
marker:0,0.0,0.0,0.0,-3.516,-1.54,0.97,3.516,1.54,1.976
marker:0,0.0,0.0,0.0,-3.502,-1.489,1.05,3.502,1.489,2.013
marker:0,0.0,0.0,0.0,-3.436,-1.405,1.11,3.436,1.405,2.0309999999999997
marker:0,0.0,0.0,0.0,-3.49,-1.457,1.12,3.49,1.457,2.0330000000000004
marker:0,0.0,0.0,0.0,-3.612,-1.596,1.06,3.612,1.596,2.016
marker:0,0.0,0.0,0.0,-3.775,-1.741,1.12,3.775,1.741,2.034
marker:0,0.0,0.0,0.0,-3.96,-1.924,1.13,3.96,1.924,2.036
marker:0,0.0,0.0,0.0,-4.237,-2.144,1.33,4.237,2.144,2.093
marker:0,0.0,0.0,0.0,-4.248,-2.123,1.44,4.248,2.123,2.125
marker:0,0.0,0.0,0.0,-4.263,-2.092,1.6,4.263,2.092,2.171
marker:0,0.0,0.0,0.0,-4.288,-2.08,1.73,4.288,2.08,2.208
marker:0,0.0,0.0,0.0,-4.476,-2.259,1.76,4.476,2.259,2.217
marker:0,0.0,0.0,0.0,-4.486,-2.303,1.64,4.486,2.303,2.183
marker:0,0.0,0.0,0.0,-4.602,-2.462,1.49,4.602,2.462,2.14
marker:0,0.0,0.0,0.0,-4.732,-2.639,1.17,4.732,2.639,2.0930000000000004
marker:0,0.0,0.0,0.0,-4.653,-2.671,0.94,4.653,2.671,1.9819999999999998
marker:0,0.0,0.0,0.0,-4.529,-2.63,0.58,4.529,2.63,1.899
marker:0,0.0,0.0,0.0,-4.476,-2.629,0.47,4.476,2.629,1.847
marker:0,0.0,0.0,0.0,-5.143,-3.431,0.0,5.143,3.431,1.7119999999999997
marker:0,0.0,0.0,0.0,-5.313,-3.603,-0.04,5.313,3.603,1.7099999999999995
marker:0,0.0,0.0,0.0,-5.343,-0.925,61.32,5.343,0.925,4.418
marker:0,0.0,0.0,0.0,-6.481,-2.063,61.32,6.481,2.063,4.417999999999999
marker:0,0.0,0.0,0.0,-12.331,-7.913,61.32,12.331,7.913,4.417999999999999
marker:0,0.0,0.0,0.0,-12.545,-8.127,61.32,12.545,8.127,4.417999999999999
marker:0,0.0,0.0,0.0,-12.213,-7.783,60.45,12.213,7.783,4.429999999999999
marker:0,0.0,0.0,0.0,-11.407,-6.979,60.58,11.407,6.979,4.428
marker:0,0.0,0.0,0.0,-12.203,-7.774,60.48,12.203,7.774,4.428999999999999
marker:0,0.0,0.0,0.0,-11.461,-7.029,60.3,11.461,7.029,4.432
marker:0,0.0,0.0,0.0,-11.521,-7.083,59.88,11.521,7.083,4.438000000000001
marker:0,0.0,0.0,0.0,-11.008,-6.566,59.53,11.008,6.566,4.441999999999999
marker:0,0.0,0.0,0.0,-10.432,-5.984,59.0,10.432,5.984,4.448
marker:0,0.0,0.0,0.0,-10.147,-5.696,58.84,10.147,5.696,4.4510000000000005
marker:0,0.0,0.0,0.0,-9.72,-5.268,58.84,9.72,5.268,4.452000000000001
marker:0,0.0,0.0,0.0,-9.643,-5.191,58.84,9.643,5.191,4.452000000000001
marker:0,0.0,0.0,0.0,-14.889,-10.441,59.08,14.889,10.441,4.447999999999999
marker:0,0.0,0.0,0.0,-14.218,-9.778,59.69,14.218,9.778,4.4399999999999995
marker:0,0.0,0.0,0.0,-14.087,-9.657,60.45,14.087,9.657,4.43
marker:0,0.0,0.0,0.0,-13.507,-9.083,60.94,13.507,9.083,4.4239999999999995
marker:0,0.0,0.0,0.0,-13.669,-9.245,60.87,13.669,9.245,4.424000000000001
marker:0,0.0,0.0,0.0,-13.626,-9.197,60.54,13.626,9.197,4.429
marker:0,0.0,0.0,0.0,-13.102,-8.669,60.21,13.102,8.669,4.433
marker:0,0.0,0.0,0.0,-13.939,-9.501,59.78,13.939,9.501,4.438000000000001
marker:0,0.0,0.0,0.0,-13.604,-9.162,59.61,13.604,9.162,4.441999999999998
marker:0,0.0,0.0,0.0,-12.943,-8.501,59.56,12.943,8.501,4.442
marker:0,0.0,0.0,0.0,-12.46,-8.018,59.53,12.46,8.018,4.442
marker:0,0.0,0.0,0.0,-12.163,-7.721,59.5,12.163,7.721,4.442
marker:0,0.0,0.0,0.0,-12.575,-8.132,59.52,12.575,8.132,4.443
marker:0,0.0,0.0,0.0,-12.116,-7.666,58.99,12.116,7.666,4.449999999999999
marker:0,0.0,0.0,0.0,-12.027,-7.57,58.41,12.027,7.57,4.456999999999999
marker:0,0.0,0.0,0.0,-11.246,-6.783,57.98,11.246,6.783,4.463
marker:0,0.0,0.0,0.0,-10.937,-6.463,57.23,10.937,6.463,4.473999999999999
marker:0,0.0,0.0,0.0,-10.53,-6.043,56.26,10.53,6.043,4.486999999999999
marker:0,0.0,0.0,0.0,-8.675,-4.181,55.51,8.675,4.181,4.494000000000001
marker:0,0.0,0.0,0.0,-7.451,-2.943,54.71,7.451,2.943,4.507999999999999
marker:0,0.0,0.0,0.0,-6.488,-1.835,53.86,6.488,1.835,4.6530000000000005
marker:0,0.0,0.0,0.0,-4.956,0.244,50.79,4.956,0.244,4.712000000000001
marker:0,0.0,0.0,0.0,-5.52,-0.111,49.26,5.52,0.111,5.409
marker:0,0.0,0.0,0.0,-6.481,-0.82,47.83,6.481,0.82,5.661
marker:0,0.0,0.0,0.0,-4.53,1.625,45.43,4.53,1.625,2.9050000000000002
marker:0,0.0,0.0,0.0,-3.39,3.214,42.84,3.39,3.214,0.17600000000000016
marker:0,0.0,0.0,0.0,-3.394,3.243,42.72,3.394,3.243,0.15100000000000025
marker:0,0.0,0.0,0.0,-6.683,-0.036,42.65,6.683,0.036,6.647
marker:0,0.0,0.0,0.0,-6.756,-0.102,42.48,6.756,0.102,6.654
marker:0,0.0,0.0,0.0,-5.903,0.763,42.24,5.903,0.763,5.14
marker:0,0.0,0.0,0.0,-5.446,1.222,42.18,5.446,1.222,4.224
marker:0,0.0,0.0,0.0,-6.662,0.012,42.04,6.662,0.012,6.65
marker:0,0.0,0.0,0.0,-6.677,-0.161,41.85,6.677,0.161,6.516
marker:0,0.0,0.0,0.0,-7.071,-0.38,41.65,7.071,0.38,6.691
marker:0,0.0,0.0,0.0,-6.908,-0.21,41.51,6.908,0.21,6.698
marker:0,0.0,0.0,0.0,-6.742,-0.012,40.82,6.742,0.012,6.73
marker:0,0.0,0.0,0.0,-8.19,-1.442,40.42,8.19,1.442,6.747999999999999
marker:0,0.0,0.0,0.0,-7.487,-0.7,39.58,7.487,0.7,6.787
marker:0,0.0,0.0,0.0,-7.91,-1.108,39.19,7.91,1.108,6.802
marker:0,0.0,0.0,0.0,-7.716,-0.901,38.95,7.716,0.901,6.815
marker:0,0.0,0.0,0.0,-6.633,0.185,38.77,6.633,0.185,6.448
marker:0,0.0,0.0,0.0,-7.056,-0.21,38.26,7.056,0.21,6.846
marker:0,0.0,0.0,0.0,-6.521,0.348,37.75,6.521,0.348,6.173
marker:0,0.0,0.0,0.0,-6.504,0.383,37.37,6.504,0.383,6.1209999999999996
marker:0,0.0,0.0,0.0,-7.682,-0.769,36.78,7.682,0.769,6.913
marker:0,0.0,0.0,0.0,-7.202,-0.259,36.13,7.202,0.259,6.943
marker:0,0.0,0.0,0.0,-6.531,0.422,35.91,6.531,0.422,6.109
marker:0,0.0,0.0,0.0,-6.805,0.151,35.84,6.805,0.151,6.654
marker:0,0.0,0.0,0.0,-5.969,0.987,35.86,5.969,0.987,4.982
marker:0,0.0,0.0,0.0,-6.853,0.092,36.09,6.853,0.092,6.761
marker:0,0.0,0.0,0.0,-6.238,0.702,36.21,6.238,0.702,5.5360000000000005
marker:0,0.0,0.0,0.0,-6.073,0.868,36.17,6.073,0.868,5.205
marker:0,0.0,0.0,0.0,-4.336,2.616,35.95,4.336,2.616,1.7200000000000002
marker:0,0.0,0.0,0.0,-3.898,3.062,35.75,3.898,3.062,0.8360000000000003
marker:0,0.0,0.0,0.0,-3.302,3.667,35.56,3.302,3.667,-0.36499999999999977
marker:0,0.0,0.0,0.0,-4.673,2.315,35.14,4.673,2.315,2.358
marker:0,0.0,0.0,0.0,-6.063,0.96,34.38,6.063,0.96,5.103
marker:0,0.0,0.0,0.0,-5.685,1.36,33.89,5.685,1.36,4.324999999999999
marker:0,0.0,0.0,0.0,-6.911,0.142,33.73,6.911,0.142,6.768999999999999
marker:0,0.0,0.0,0.0,-6.396,0.659,33.68,6.396,0.659,5.737
marker:0,0.0,0.0,0.0,-6.143,0.919,33.5,6.143,0.919,5.224
marker:0,0.0,0.0,0.0,-5.893,1.177,33.35,5.893,1.177,4.715999999999999
marker:0,0.0,0.0,0.0,-4.632,2.438,33.35,4.632,2.438,2.1939999999999995
marker:0,0.0,0.0,0.0,-4.621,2.448,33.41,4.621,2.448,2.1730000000000005
marker:0,0.0,0.0,0.0,-4.327,2.733,33.55,4.327,2.733,1.5939999999999999
marker:0,0.0,0.0,0.0,-4.13,2.925,33.66,4.13,2.925,1.205
marker:0,0.0,0.0,0.0,-4.171,2.882,33.74,4.171,2.882,1.2890000000000001
marker:0,0.0,0.0,0.0,-4.213,2.836,33.77,4.213,2.836,1.3770000000000002
marker:0,0.0,0.0,0.0,-4.188,2.855,34.0,4.188,2.855,1.3329999999999997
marker:0,0.0,0.0,0.0,-3.866,3.162,34.26,3.866,3.162,0.7040000000000002
marker:0,0.0,0.0,0.0,-3.326,3.702,34.26,3.326,3.702,-0.3759999999999999
marker:0,0.0,0.0,0.0,-4.418,2.633,33.61,4.418,2.633,1.7850000000000001
marker:0,0.0,0.0,0.0,-4.543,2.536,33.14,4.543,2.536,2.007
marker:0,0.0,0.0,0.0,-4.358,2.757,32.16,4.358,2.757,1.6009999999999995
marker:0,0.0,0.0,0.0,-4.363,2.684,31.61,4.363,2.684,1.6790000000000003
marker:0,0.0,0.0,0.0,-3.886,3.139,31.39,3.886,3.139,0.7470000000000003
marker:0,0.0,0.0,0.0,-3.506,3.531,31.51,3.506,3.531,-0.025000000000000355
marker:0,0.0,0.0,0.0,-2.917,4.183,32.16,2.917,4.183,-1.266
marker:0,0.0,0.0,0.0,-1.958,5.118,33.4,1.958,5.118,-3.16
marker:0,0.0,0.0,0.0,-1.28,5.669,36.01,1.28,5.669,-4.388999999999999
marker:0,0.0,0.0,0.0,-2.184,4.71,37.2,2.184,4.71,-2.526
marker:0,0.0,0.0,0.0,-0.96,5.868,38.66,0.96,5.868,-4.908
marker:0,0.0,0.0,0.0,1.01,7.67,42.37,1.01,7.67,-6.66
marker:0,0.0,0.0,0.0,1.365,7.931,43.07,1.365,7.931,-6.566
marker:0,0.0,0.0,0.0,-1.225,5.127,44.32,1.225,5.127,-3.9019999999999997
marker:0,0.0,0.0,0.0,-2.078,4.303,44.16,2.078,4.303,-2.225
marker:0,0.0,0.0,0.0,-5.381,1.148,43.16,5.381,1.148,4.2330000000000005
marker:0,0.0,0.0,0.0,-5.448,1.199,42.65,5.448,1.199,4.2490000000000006
marker:0,0.0,0.0,0.0,-5.951,0.717,42.19,5.951,0.717,5.234
marker:0,0.0,0.0,0.0,-6.326,0.339,42.3,6.326,0.339,5.986999999999999
marker:0,0.0,0.0,0.0,-8.128,-1.521,42.89,8.128,1.521,6.607
marker:0,0.0,0.0,0.0,-8.46,-2.135,44.47,8.46,2.135,6.325000000000001
marker:0,0.0,0.0,0.0,-8.856,-2.825,46.62,8.856,2.825,6.031
marker:0,0.0,0.0,0.0,-10.42,-4.631,47.9,10.42,4.631,5.789
marker:0,0.0,0.0,0.0,-9.758,-4.379,49.78,9.758,4.379,5.379
marker:0,0.0,0.0,0.0,-9.661,-4.833,52.88,9.661,4.833,4.827999999999999
marker:0,0.0,0.0,0.0,-6.39,-1.89,55.27,6.39,1.89,4.5
marker:0,0.0,0.0,0.0,-4.923,-0.468,58.58,4.923,0.468,4.455
marker:0,0.0,0.0,0.0,-4.649,-0.22,60.51,4.649,0.22,4.429
marker:0,0.0,0.0,0.0,-5.256,-0.841,61.6,5.256,0.841,4.415
marker:0,0.0,0.0,0.0,-5.505,-1.111,63.05,5.505,1.111,4.394
marker:0,0.0,0.0,0.0,-6.073,-1.687,63.66,6.073,1.687,4.386
marker:0,0.0,0.0,0.0,-5.934,-1.549,63.69,5.934,1.549,4.385
marker:0,0.0,0.0,0.0,-13.321,-8.939,64.0,13.321,8.939,4.382
marker:0,0.0,0.0,0.0,-13.739,-9.363,64.5,13.739,9.363,4.376000000000001
marker:0,0.0,0.0,0.0,-13.514,-9.012,65.38,13.514,9.012,4.501999999999999
marker:0,0.0,0.0,0.0,-13.042,-8.399,66.15,13.042,8.399,4.643000000000001
marker:0,0.0,0.0,0.0,-12.908,-8.149,66.78,12.908,8.149,4.759
marker:0,0.0,0.0,0.0,-12.174,-7.244,67.71,12.174,7.244,4.93
marker:0,0.0,0.0,0.0,-8.666,-3.589,68.51,8.666,3.589,5.077
marker:0,0.0,0.0,0.0,-7.933,-2.687,69.43,7.933,2.687,5.246
marker:0,0.0,0.0,0.0,-9.738,-4.282,70.84,9.738,4.282,5.4559999999999995
marker:0,0.0,0.0,0.0,-12.846,-7.184,71.7,12.846,7.184,5.662
marker:0,0.0,0.0,0.0,-16.273,-10.488,72.37,16.273,10.488,5.785
marker:0,0.0,0.0,0.0,-16.461,-10.6,72.78,16.461,10.6,5.860999999999999
marker:0,0.0,0.0,0.0,-13.383,-7.459,73.24,13.383,7.459,5.9239999999999995
marker:0,0.0,0.0,0.0,-13.283,-7.329,73.55,13.283,7.329,5.954
marker:0,0.0,0.0,0.0,-13.042,-7.07,73.78,13.042,7.07,5.9719999999999995
marker:0,0.0,0.0,0.0,-12.298,-6.313,73.9,12.298,6.313,5.985
marker:0,0.0,0.0,0.0,-12.002,-6.022,73.83,12.002,6.022,5.98
marker:0,0.0,0.0,0.0,-12.879,-6.934,73.46,12.879,6.934,5.944999999999999
marker:0,0.0,0.0,0.0,-12.056,-6.126,73.3,12.056,6.126,5.929999999999999
marker:0,0.0,0.0,0.0,-11.849,-5.931,73.18,11.849,5.931,5.918
marker:0,0.0,0.0,0.0,-12.124,-6.209,73.14,12.124,6.209,5.915000000000001
marker:0,0.0,0.0,0.0,-11.437,-5.517,73.2,11.437,5.517,5.919999999999999
marker:0,0.0,0.0,0.0,-10.987,-5.053,73.34,10.987,5.053,5.934
marker:0,0.0,0.0,0.0,-10.855,-4.909,73.47,10.855,4.909,5.946000000000001
marker:0,0.0,0.0,0.0,-10.381,-4.409,73.75,10.381,4.409,5.972
marker:0,0.0,0.0,0.0,-10.155,-4.155,74.03,10.155,4.155,5.999999999999999
marker:0,0.0,0.0,0.0,-10.076,-4.049,74.41,10.076,4.049,6.027
marker:0,0.0,0.0,0.0,-10.221,-4.141,74.86,10.221,4.141,6.08
marker:0,0.0,0.0,0.0,-10.549,-4.429,75.29,10.549,4.429,6.119999999999999
marker:0,0.0,0.0,0.0,-10.388,-4.25,75.48,10.388,4.25,6.138
marker:0,0.0,0.0,0.0,-12.292,-6.128,75.74,12.292,6.128,6.164
marker:0,0.0,0.0,0.0,-11.8,-5.63,75.81,11.8,5.63,6.170000000000001
marker:0,0.0,0.0,0.0,-11.771,-5.604,75.77,11.771,5.604,6.167000000000001
marker:0,0.0,0.0,0.0,-11.7,-5.544,75.65,11.7,5.544,6.156
marker:0,0.0,0.0,0.0,-11.019,-4.886,75.37,11.019,4.886,6.133
marker:0,0.0,0.0,0.0,-12.525,-6.453,75.19,12.525,6.453,6.072
marker:0,0.0,0.0,0.0,-11.307,-5.229,74.85,11.307,5.229,6.078
marker:0,0.0,0.0,0.0,-10.795,-4.73,74.66,10.795,4.73,6.0649999999999995
marker:0,0.0,0.0,0.0,-12.568,-6.519,74.55,12.568,6.519,6.0489999999999995
marker:0,0.0,0.0,0.0,-10.362,-4.332,74.35,10.362,4.332,6.03
marker:0,0.0,0.0,0.0,-10.0,-3.995,74.08,10.0,3.995,6.005
marker:0,0.0,0.0,0.0,-10.228,-4.24,73.91,10.228,4.24,5.9879999999999995
marker:0,0.0,0.0,0.0,-9.856,-3.869,73.87,9.856,3.869,5.987
marker:0,0.0,0.0,0.0,-10.339,-4.348,73.94,10.339,4.348,5.9910000000000005
marker:0,0.0,0.0,0.0,-10.007,-4.018,73.92,10.007,4.018,5.989
marker:0,0.0,0.0,0.0,-9.946,-3.958,73.91,9.946,3.958,5.9879999999999995
marker:0,0.0,0.0,0.0,-9.668,-3.676,73.95,9.668,3.676,5.991999999999999
marker:0,0.0,0.0,0.0,-9.498,-3.502,73.99,9.498,3.502,5.9959999999999996
marker:0,0.0,0.0,0.0,-9.708,-3.714,73.99,9.708,3.714,5.994
marker:0,0.0,0.0,0.0,-9.513,-3.525,73.91,9.513,3.525,5.9879999999999995
marker:0,0.0,0.0,0.0,-9.277,-3.301,73.78,9.277,3.301,5.975999999999999
marker:0,0.0,0.0,0.0,-9.173,-3.224,73.5,9.173,3.224,5.949
marker:0,0.0,0.0,0.0,-10.131,-4.203,73.24,10.131,4.203,5.928
marker:0,0.0,0.0,0.0,-10.162,-4.257,73.04,10.162,4.257,5.905000000000001
marker:0,0.0,0.0,0.0,-10.111,-4.258,72.74,10.111,4.258,5.853000000000001
marker:0,0.0,0.0,0.0,-10.084,-4.312,72.3,10.084,4.312,5.771999999999999
marker:0,0.0,0.0,0.0,-9.86,-4.183,71.78,9.86,4.183,5.677
marker:0,0.0,0.0,0.0,-10.298,-4.66,71.45,10.298,4.66,5.638
marker:0,0.0,0.0,0.0,-10.165,-4.602,71.16,10.165,4.602,5.562999999999999
marker:0,0.0,0.0,0.0,-9.882,-4.385,70.8,9.882,4.385,5.497
marker:0,0.0,0.0,0.0,-10.497,-5.075,70.29,10.497,5.075,5.422
marker:0,0.0,0.0,0.0,-10.339,-5.002,69.93,10.339,5.002,5.337000000000001
marker:0,0.0,0.0,0.0,-10.269,-5.0,69.52,10.269,5.0,5.269
marker:0,0.0,0.0,0.0,-9.927,-4.662,69.54,9.927,4.662,5.265
marker:0,0.0,0.0,0.0,-9.773,-4.452,69.84,9.773,4.452,5.321
marker:0,0.0,0.0,0.0,-11.442,-6.059,70.18,11.442,6.059,5.383
marker:0,0.0,0.0,0.0,-11.239,-5.81,70.43,11.239,5.81,5.429000000000001
marker:0,0.0,0.0,0.0,-11.035,-5.587,70.53,11.035,5.587,5.448
marker:0,0.0,0.0,0.0,-10.679,-5.224,70.48,10.679,5.224,5.455
marker:0,0.0,0.0,0.0,-10.614,-5.24,70.13,10.614,5.24,5.3740000000000006
marker:0,0.0,0.0,0.0,-10.705,-5.412,69.69,10.705,5.412,5.293
marker:0,0.0,0.0,0.0,-10.785,-5.58,69.07,10.785,5.58,5.205
marker:0,0.0,0.0,0.0,-10.866,-5.738,68.67,10.866,5.738,5.127999999999999
marker:0,0.0,0.0,0.0,-11.094,-6.02,68.49,11.094,6.02,5.074
marker:0,0.0,0.0,0.0,-10.772,-5.772,68.09,10.772,5.772,5.0
marker:0,0.0,0.0,0.0,-10.234,-5.271,67.89,10.234,5.271,4.963
marker:0,0.0,0.0,0.0,-9.739,-4.805,67.73,9.739,4.805,4.934000000000001
marker:0,0.0,0.0,0.0,-9.459,-4.553,67.58,9.459,4.553,4.906
marker:0,0.0,0.0,0.0,-9.0,-4.123,67.42,9.0,4.123,4.877
marker:0,0.0,0.0,0.0,-8.407,-3.589,67.1,8.407,3.589,4.818
marker:0,0.0,0.0,0.0,-8.293,-3.515,66.88,8.293,3.515,4.777999999999999
marker:0,0.0,0.0,0.0,-7.945,-3.199,66.66,7.945,3.199,4.746
marker:0,0.0,0.0,0.0,-7.757,-3.038,66.56,7.757,3.038,4.718999999999999
marker:0,0.0,0.0,0.0,-7.732,-3.023,66.47,7.732,3.023,4.709
marker:0,0.0,0.0,0.0,-7.621,-2.915,66.49,7.621,2.915,4.706
marker:0,0.0,0.0,0.0,-7.535,-2.816,66.56,7.535,2.816,4.719
marker:0,0.0,0.0,0.0,-7.663,-2.926,66.66,7.663,2.926,4.737
marker:0,0.0,0.0,0.0,-7.689,-2.948,66.68,7.689,2.948,4.741
marker:0,0.0,0.0,0.0,-7.644,-2.914,66.62,7.644,2.914,4.73
marker:0,0.0,0.0,0.0,-7.43,-2.722,66.5,7.43,2.722,4.708
marker:0,0.0,0.0,0.0,-7.261,-2.606,66.21,7.261,2.606,4.655
marker:0,0.0,0.0,0.0,-12.361,-7.75,65.9,12.361,7.75,4.611000000000001
marker:0,0.0,0.0,0.0,-12.211,-7.685,65.51,12.211,7.685,4.526000000000001
marker:0,0.0,0.0,0.0,-12.131,-7.721,64.88,12.131,7.721,4.41
marker:0,0.0,0.0,0.0,-11.651,-7.274,64.31,11.651,7.274,4.377
marker:0,0.0,0.0,0.0,-12.541,-8.151,63.13,12.541,8.151,4.390000000000001
marker:0,0.0,0.0,0.0,-13.101,-8.697,62.36,13.101,8.697,4.404000000000002
marker:0,0.0,0.0,0.0,-13.058,-8.651,62.05,13.058,8.651,4.407
marker:0,0.0,0.0,0.0,-12.607,-8.199,61.94,12.607,8.199,4.4079999999999995
marker:0,0.0,0.0,0.0,-11.959,-7.551,62.03,11.959,7.551,4.4079999999999995
marker:0,0.0,0.0,0.0,-11.447,-7.041,62.16,11.447,7.041,4.405999999999999
marker:0,0.0,0.0,0.0,-11.767,-7.363,62.33,11.767,7.363,4.403999999999999
marker:0,0.0,0.0,0.0,-10.356,-5.952,62.36,10.356,5.952,4.404
marker:0,0.0,0.0,0.0,-9.844,-5.437,62.07,9.844,5.437,4.406999999999999
marker:0,0.0,0.0,0.0,-10.864,-6.451,61.73,10.864,6.451,4.413000000000001
marker:0,0.0,0.0,0.0,-10.597,-6.175,60.99,10.597,6.175,4.422
marker:0,0.0,0.0,0.0,-10.509,-6.077,60.32,10.509,6.077,4.432
marker:0,0.0,0.0,0.0,-10.351,-5.912,59.74,10.351,5.912,4.439000000000001
marker:0,0.0,0.0,0.0,-10.298,-5.852,59.27,10.298,5.852,4.446
marker:0,0.0,0.0,0.0,-11.961,-7.513,59.12,11.961,7.513,4.448
marker:0,0.0,0.0,0.0,-12.047,-7.597,58.87,12.047,7.597,4.45
marker:0,0.0,0.0,0.0,-11.818,-7.363,58.6,11.818,7.363,4.454999999999999
marker:0,0.0,0.0,0.0,-11.218,-6.758,58.22,11.218,6.758,4.46
marker:0,0.0,0.0,0.0,-10.765,-6.301,57.91,10.765,6.301,4.464
marker:0,0.0,0.0,0.0,-11.968,-7.499,57.59,11.968,7.499,4.469
marker:0,0.0,0.0,0.0,-11.601,-7.123,56.92,11.601,7.123,4.478000000000001
marker:0,0.0,0.0,0.0,-11.109,-6.623,56.4,11.109,6.623,4.486
marker:0,0.0,0.0,0.0,-10.85,-6.358,55.9,10.85,6.358,4.492
marker:0,0.0,0.0,0.0,-11.564,-7.056,54.77,11.564,7.056,4.508
marker:0,0.0,0.0,0.0,-11.229,-6.692,54.51,11.229,6.692,4.536999999999999
marker:0,0.0,0.0,0.0,-10.897,-6.345,54.43,10.897,6.345,4.5520000000000005
marker:0,0.0,0.0,0.0,-10.644,-6.083,54.38,10.644,6.083,4.561
marker:0,0.0,0.0,0.0,-10.782,-6.216,54.35,10.782,6.216,4.566
marker:0,0.0,0.0,0.0,-10.373,-5.82,54.42,10.373,5.82,4.552999999999999
marker:0,0.0,0.0,0.0,-10.072,-5.514,54.4,10.072,5.514,4.557999999999999
marker:0,0.0,0.0,0.0,-10.025,-5.418,54.12,10.025,5.418,4.607
marker:0,0.0,0.0,0.0,-10.403,-5.749,53.86,10.403,5.749,4.654000000000001
marker:0,0.0,0.0,0.0,-10.108,-5.375,53.41,10.108,5.375,4.7330000000000005
marker:0,0.0,0.0,0.0,-10.212,-5.342,52.64,10.212,5.342,4.87
marker:0,0.0,0.0,0.0,-10.023,-5.038,52.0,10.023,5.038,4.984999999999999
marker:0,0.0,0.0,0.0,-9.894,-4.765,51.05,9.894,4.765,5.1290000000000004
marker:0,0.0,0.0,0.0,-9.802,-4.524,50.35,9.802,4.524,5.278
marker:0,0.0,0.0,0.0,-10.285,-4.943,49.99,10.285,4.943,5.3420000000000005
marker:0,0.0,0.0,0.0,-9.849,-4.375,49.25,9.849,4.375,5.474
marker:0,0.0,0.0,0.0,-9.576,-4.04,48.9,9.576,4.04,5.5360000000000005
marker:0,0.0,0.0,0.0,-9.267,-3.659,48.5,9.267,3.659,5.608
marker:0,0.0,0.0,0.0,-8.979,-3.31,48.16,8.979,3.31,5.668999999999999
marker:0,0.0,0.0,0.0,-8.758,-3.016,47.75,8.758,3.016,5.741999999999999
marker:0,0.0,0.0,0.0,-8.318,-2.504,47.34,8.318,2.504,5.814
marker:0,0.0,0.0,0.0,-7.916,-2.011,46.69,7.916,2.011,5.905
marker:0,0.0,0.0,0.0,-7.895,-1.89,46.27,7.895,1.89,6.005
marker:0,0.0,0.0,0.0,-9.078,-2.942,45.53,9.078,2.942,6.135999999999999
marker:0,0.0,0.0,0.0,-9.033,-2.849,45.26,9.033,2.849,6.183999999999999
marker:0,0.0,0.0,0.0,-8.557,-2.239,44.51,8.557,2.239,6.3180000000000005
marker:0,0.0,0.0,0.0,-8.743,-2.32,43.92,8.743,2.32,6.423
marker:0,0.0,0.0,0.0,-8.272,-1.736,43.29,8.272,1.736,6.5360000000000005
marker:0,0.0,0.0,0.0,-7.814,-1.168,42.67,7.814,1.168,6.646
marker:0,0.0,0.0,0.0,-7.116,-0.424,41.47,7.116,0.424,6.691999999999999
marker:0,0.0,0.0,0.0,-6.851,-0.138,41.21,6.851,0.138,6.713
marker:0,0.0,0.0,0.0,-6.5,0.23,40.81,6.5,0.23,6.27
marker:0,0.0,0.0,0.0,-5.9,0.852,40.33,5.9,0.852,5.048
marker:0,0.0,0.0,0.0,-5.693,1.069,40.1,5.693,1.069,4.624
marker:0,0.0,0.0,0.0,-5.483,1.285,39.93,5.483,1.285,4.1979999999999995
marker:0,0.0,0.0,0.0,-5.019,1.749,39.97,5.019,1.749,3.27
marker:0,0.0,0.0,0.0,-4.77,1.999,39.94,4.77,1.999,2.7709999999999995
marker:0,0.0,0.0,0.0,-5.66,1.156,29.0,5.66,1.156,4.5040000000000004
marker:0,0.0,0.0,0.0,-5.049,1.648,27.84,5.049,1.648,3.4010000000000007
marker:0,0.0,0.0,0.0,-4.274,2.365,27.36,4.274,2.365,1.9089999999999998
marker:0,0.0,0.0,0.0,-4.745,1.861,27.02,4.745,1.861,2.8840000000000003
marker:0,0.0,0.0,0.0,-4.654,1.916,26.53,4.654,1.916,2.738
marker:0,0.0,0.0,0.0,-4.203,2.333,26.28,4.203,2.333,1.87
marker:0,0.0,0.0,0.0,-3.734,2.749,25.73,3.734,2.749,0.9849999999999999
marker:0,0.0,0.0,0.0,-3.563,2.901,25.53,3.563,2.901,0.6620000000000004
marker:0,0.0,0.0,0.0,-3.169,3.272,25.25,3.169,3.272,-0.10299999999999976
marker:0,0.0,0.0,0.0,-3.012,3.407,24.98,3.012,3.407,-0.395
marker:0,0.0,0.0,0.0,-3.633,2.756,24.74,3.633,2.756,0.8770000000000002
marker:0,0.0,0.0,0.0,-3.096,3.284,24.65,3.096,3.284,-0.18799999999999972
marker:0,0.0,0.0,0.0,-2.765,3.574,24.23,2.765,3.574,-0.8089999999999997
marker:0,0.0,0.0,0.0,-3.235,3.056,23.54,3.235,3.056,0.17899999999999983
marker:0,0.0,0.0,0.0,-2.962,3.217,22.93,2.962,3.217,-0.2549999999999999
marker:0,0.0,0.0,0.0,-2.504,3.477,21.85,2.504,3.477,-0.9729999999999999
marker:0,0.0,0.0,0.0,-1.741,4.101,21.09,1.741,4.101,-2.36
marker:0,0.0,0.0,0.0,-1.558,4.192,20.59,1.558,4.192,-2.6340000000000003
marker:0,0.0,0.0,0.0,-1.175,4.499,20.07,1.175,4.499,-3.324
marker:0,0.0,0.0,0.0,-0.461,5.147,19.82,0.461,5.147,-4.686
marker:0,0.0,0.0,0.0,-0.294,5.27,19.58,0.294,5.27,-4.976
marker:0,0.0,0.0,0.0,-1.884,3.662,19.48,1.884,3.662,-1.778
marker:0,0.0,0.0,0.0,-1.917,3.57,19.16,1.917,3.57,-1.6529999999999998
marker:0,0.0,0.0,0.0,-1.366,4.075,18.91,1.366,4.075,-2.709
marker:0,0.0,0.0,0.0,-1.174,4.234,18.73,1.174,4.234,-3.06
marker:0,0.0,0.0,0.0,-1.311,4.042,18.43,1.311,4.042,-2.731
marker:0,0.0,0.0,0.0,-0.971,4.313,18.05,0.971,4.313,-3.3419999999999996
marker:0,0.0,0.0,0.0,-0.852,4.279,17.22,0.852,4.279,-3.427
marker:0,0.0,0.0,0.0,-1.197,3.829,16.65,1.197,3.829,-2.632
marker:0,0.0,0.0,0.0,-1.002,3.969,16.28,1.002,3.969,-2.9669999999999996
marker:0,0.0,0.0,0.0,-0.925,4.014,16.14,0.925,4.014,-3.0890000000000004
marker:0,0.0,0.0,0.0,-1.603,3.313,16.05,1.603,3.313,-1.7100000000000002
marker:0,0.0,0.0,0.0,-1.386,3.473,15.69,1.386,3.473,-2.0869999999999997
marker:0,0.0,0.0,0.0,-0.985,3.844,15.58,0.985,3.844,-2.859
marker:0,0.0,0.0,0.0,-1.734,3.044,15.3,1.734,3.044,-1.31
marker:0,0.0,0.0,0.0,-1.521,3.224,15.07,1.521,3.224,-1.7030000000000003
marker:0,0.0,0.0,0.0,-1.273,3.432,14.77,1.273,3.432,-2.159
marker:0,0.0,0.0,0.0,-0.892,3.745,14.38,0.892,3.745,-2.853
marker:0,0.0,0.0,0.0,-0.755,3.854,14.12,0.755,3.854,-3.099
marker:0,0.0,0.0,0.0,-0.422,4.152,13.92,0.422,4.152,-3.73
marker:0,0.0,0.0,0.0,-0.225,4.298,13.55,0.225,4.298,-4.073
marker:0,0.0,0.0,0.0,-0.631,3.809,12.95,0.631,3.809,-3.178
marker:0,0.0,0.0,0.0,-0.46,3.909,12.44,0.46,3.909,-3.449
marker:0,0.0,0.0,0.0,-0.494,3.804,11.92,0.494,3.804,-3.3099999999999996
marker:0,0.0,0.0,0.0,-0.859,3.396,11.61,0.859,3.396,-2.537
marker:0,0.0,0.0,0.0,-0.637,3.599,11.47,0.637,3.599,-2.962
marker:0,0.0,0.0,0.0,-0.287,3.943,11.41,0.287,3.943,-3.656
marker:0,0.0,0.0,0.0,-0.365,3.866,11.43,0.365,3.866,-3.5010000000000003
marker:0,0.0,0.0,0.0,-0.519,3.705,11.38,0.519,3.705,-3.186
marker:0,0.0,0.0,0.0,-0.761,3.392,10.87,0.761,3.392,-2.631
marker:0,0.0,0.0,0.0,-0.408,3.642,10.12,0.408,3.642,-3.234
marker:0,0.0,0.0,0.0,-0.163,3.841,9.79,0.163,3.841,-3.6780000000000004
marker:0,0.0,0.0,0.0,-0.013,3.965,9.5,0.013,3.965,-3.952
marker:0,0.0,0.0,0.0,0.539,4.468,9.12,0.539,4.468,-3.929
marker:0,0.0,0.0,0.0,1.047,4.912,8.78,1.047,4.912,-3.865
marker:0,0.0,0.0,0.0,1.326,5.127,8.31,1.326,5.127,-3.8009999999999997
marker:0,0.0,0.0,0.0,0.211,3.964,7.97,0.211,3.964,-3.753
marker:0,0.0,0.0,0.0,0.583,4.296,7.55,0.583,4.296,-3.713
marker:0,0.0,0.0,0.0,0.777,4.429,7.24,0.777,4.429,-3.652
marker:0,0.0,0.0,0.0,1.025,4.636,6.94,1.025,4.636,-3.611
marker:0,0.0,0.0,0.0,0.964,4.523,6.56,0.964,4.523,-3.5589999999999997
marker:0,0.0,0.0,0.0,1.361,4.865,6.25,1.361,4.865,-3.5040000000000004
marker:0,0.0,0.0,0.0,1.975,5.37,5.87,1.975,5.37,-3.395
marker:0,0.0,0.0,0.0,2.319,5.663,5.69,2.319,5.663,-3.3440000000000003
marker:0,0.0,0.0,0.0,2.58,5.878,5.53,2.58,5.878,-3.298
marker:0,0.0,0.0,0.0,2.584,5.948,5.34,2.584,5.948,-3.3640000000000003
marker:0,0.0,0.0,0.0,2.703,5.843,4.98,2.703,5.843,-3.14
marker:0,0.0,0.0,0.0,2.816,5.87,4.68,2.816,5.87,-3.0540000000000003
marker:0,0.0,0.0,0.0,2.819,5.822,4.41,2.819,5.822,-3.003
marker:0,0.0,0.0,0.0,3.002,5.916,4.19,3.002,5.916,-2.9140000000000006
marker:0,0.0,0.0,0.0,2.993,5.809,3.85,2.993,5.809,-2.8160000000000003
marker:0,0.0,0.0,0.0,0.511,3.174,3.59,0.511,3.174,-2.663
marker:0,0.0,0.0,0.0,0.416,3.111,3.43,0.416,3.111,-2.6950000000000003
marker:0,0.0,0.0,0.0,0.514,3.129,3.05,0.514,3.129,-2.615
marker:0,0.0,0.0,0.0,0.782,3.291,2.73,0.782,3.291,-2.509
marker:0,0.0,0.0,0.0,0.336,2.728,2.37,0.336,2.728,-2.3920000000000003
marker:0,0.0,0.0,0.0,0.398,2.704,2.07,0.398,2.704,-2.306
marker:0,0.0,0.0,0.0,0.62,2.846,1.67,0.62,2.846,-2.226
marker:0,0.0,0.0,0.0,0.738,2.791,1.1,0.738,2.791,-2.053
marker:0,0.0,0.0,0.0,0.663,2.608,0.81,0.663,2.608,-1.945
marker:0,0.0,0.0,0.0,0.935,2.785,0.48,0.935,2.785,-1.85
marker:0,0.0,0.0,0.0,1.019,2.768,0.13,1.019,2.768,-1.7489999999999999
marker:0,0.0,0.0,0.0,0.974,2.646,-0.14,0.974,2.646,-1.672
marker:0,0.0,0.0,0.0,0.84,2.392,-0.56,0.84,2.392,-1.552
marker:0,0.0,0.0,0.0,-1.053,0.453,-0.72,1.053,0.453,0.5999999999999999
marker:0,0.0,0.0,0.0,-0.995,0.473,-0.85,0.995,0.473,0.522
marker:0,0.0,0.0,0.0,-1.105,0.298,-1.08,1.105,0.298,0.8069999999999999
marker:0,0.0,0.0,0.0,-0.875,0.504,-1.16,0.875,0.504,0.371
marker:0,0.0,0.0,0.0,-0.761,0.604,-1.21,0.761,0.604,0.15700000000000003
marker:0,0.0,0.0,0.0,-0.7,0.665,-1.25,0.7,0.665,0.03499999999999992
marker:0,0.0,0.0,0.0,-0.435,0.916,-1.26,0.435,0.916,-0.48100000000000004
marker:0,0.0,0.0,0.0,-0.193,1.155,-1.31,0.193,1.155,-0.962
marker:0,0.0,0.0,0.0,-0.112,1.217,-1.43,0.112,1.217,-1.105
marker:0,0.0,0.0,0.0,-0.094,1.23,-1.7,0.094,1.23,-1.136
marker:0,0.0,0.0,0.0,-0.039,1.275,-2.14,0.039,1.275,-1.236
marker:0,0.0,0.0,0.0,-2.007,-0.697,-2.35,2.007,0.697,1.31
marker:0,0.0,0.0,0.0,-1.806,-0.509,-3.11,1.806,0.509,1.2970000000000002
marker:0,0.0,0.0,0.0,-1.624,-0.335,-3.38,1.624,0.335,1.2890000000000001
marker:0,0.0,0.0,0.0,-0.606,0.681,-3.49,0.606,0.681,-0.07500000000000007
marker:0,0.0,0.0,0.0,-2.496,-1.212,-3.65,2.496,1.212,1.284
marker:0,0.0,0.0,0.0,-2.218,-0.937,-3.78,2.218,0.937,1.281
marker:0,0.0,0.0,0.0,-1.97,-0.692,-4.02,1.97,0.692,1.278
marker:0,0.0,0.0,0.0,-1.614,-0.347,-4.5,1.614,0.347,1.2670000000000001
marker:0,0.0,0.0,0.0,-1.116,0.141,-5.01,1.116,0.141,0.9750000000000001
marker:0,0.0,0.0,0.0,-0.596,0.655,-5.25,0.596,0.655,-0.05900000000000005
marker:0,0.0,0.0,0.0,-0.374,0.871,-5.59,0.374,0.871,-0.497
marker:0,0.0,0.0,0.0,-1.523,-0.285,-5.91,1.523,0.285,1.238
marker:0,0.0,0.0,0.0,-1.14,0.082,-6.65,1.14,0.082,1.0579999999999998
marker:0,0.0,0.0,0.0,-0.73,0.487,-6.95,0.73,0.487,0.243
marker:0,0.0,0.0,0.0,-1.524,-0.316,-7.39,1.524,0.316,1.208
marker:0,0.0,0.0,0.0,-1.177,0.023,-7.87,1.177,0.023,1.1540000000000001
marker:0,0.0,0.0,0.0,-1.331,-0.137,-8.05,1.331,0.137,1.194
marker:0,0.0,0.0,0.0,-1.087,0.098,-8.49,1.087,0.098,0.989
marker:0,0.0,0.0,0.0,-1.253,-0.072,-8.69,1.253,0.072,1.1809999999999998
marker:0,0.0,0.0,0.0,-1.092,0.082,-9.02,1.092,0.082,1.01
marker:0,0.0,0.0,0.0,-1.037,0.128,-9.44,1.037,0.128,0.9089999999999999
marker:0,0.0,0.0,0.0,-1.157,-0.002,-9.97,1.157,0.002,1.155
marker:0,0.0,0.0,0.0,-0.958,0.188,-10.44,0.958,0.188,0.77
marker:0,0.0,0.0,0.0,-0.934,0.203,-10.85,0.934,0.203,0.7310000000000001
marker:0,0.0,0.0,0.0,-0.804,0.39,-11.3,0.804,0.39,0.41400000000000003
marker:0,0.0,0.0,0.0,-0.871,0.405,-11.78,0.871,0.405,0.46599999999999997
marker:0,0.0,0.0,0.0,-0.421,0.984,-12.35,0.421,0.984,-0.563
marker:0,0.0,0.0,0.0,-0.184,1.284,-12.67,0.184,1.284,-1.1
marker:0,0.0,0.0,0.0,0.023,1.578,-13.18,0.023,1.578,-1.5550000000000002
marker:0,0.0,0.0,0.0,0.143,1.767,-13.45,0.143,1.767,-1.6239999999999999
marker:0,0.0,0.0,0.0,0.297,2.006,-13.87,0.297,2.006,-1.7089999999999999
marker:0,0.0,0.0,0.0,0.394,2.169,-14.2,0.394,2.169,-1.775
marker:0,0.0,0.0,0.0,0.523,2.348,-14.45,0.523,2.348,-1.8249999999999997
marker:0,0.0,0.0,0.0,0.571,2.458,-14.76,0.571,2.458,-1.8870000000000002
marker:0,0.0,0.0,0.0,0.614,2.575,-15.13,0.614,2.575,-1.9610000000000003
marker:0,0.0,0.0,0.0,0.474,2.513,-15.52,0.474,2.513,-2.0389999999999997
marker:0,0.0,0.0,0.0,0.76,2.84,-15.79,0.76,2.84,-2.08
marker:0,0.0,0.0,0.0,0.96,3.109,-16.07,0.96,3.109,-2.149
marker:0,0.0,0.0,0.0,0.942,3.14,-16.42,0.942,3.14,-2.1980000000000004
marker:0,0.0,0.0,0.0,1.008,3.267,-16.62,1.008,3.267,-2.259
marker:0,0.0,0.0,0.0,0.909,3.209,-16.87,0.909,3.209,-2.3
marker:0,0.0,0.0,0.0,-2.221,0.121,-17.03,2.221,0.121,2.1
marker:0,0.0,0.0,0.0,-2.369,0.013,-17.28,2.369,0.013,2.3560000000000003
marker:0,0.0,0.0,0.0,-2.338,0.111,-17.56,2.338,0.111,2.227
marker:0,0.0,0.0,0.0,-2.656,-0.148,-17.86,2.656,0.148,2.508
marker:0,0.0,0.0,0.0,-2.522,0.053,-18.19,2.522,0.053,2.469
marker:0,0.0,0.0,0.0,-2.972,-0.315,-18.6,2.972,0.315,2.657
marker:0,0.0,0.0,0.0,-3.13,-0.381,-19.06,3.13,0.381,2.7489999999999997
marker:0,0.0,0.0,0.0,-2.935,-0.134,-19.32,2.935,0.134,2.801
marker:0,0.0,0.0,0.0,-2.683,0.157,-19.52,2.683,0.157,2.526
marker:0,0.0,0.0,0.0,-2.459,0.397,-19.6,2.459,0.397,2.0620000000000003
marker:0,0.0,0.0,0.0,-2.324,0.527,-19.57,2.324,0.527,1.7969999999999997
marker:0,0.0,0.0,0.0,-2.475,0.368,-19.53,2.475,0.368,2.107
marker:0,0.0,0.0,0.0,-2.481,0.368,-19.56,2.481,0.368,2.113
marker:0,0.0,0.0,0.0,-2.394,0.461,-19.63,2.394,0.461,1.933
marker:0,0.0,0.0,0.0,-2.521,0.36,-19.72,2.521,0.36,2.161
marker:0,0.0,0.0,0.0,-4.002,-1.087,-19.89,4.002,1.087,2.915
marker:0,0.0,0.0,0.0,-3.88,-0.921,-20.11,3.88,0.921,2.9589999999999996
marker:0,0.0,0.0,0.0,-3.791,-0.79,-20.32,3.791,0.79,3.001
marker:0,0.0,0.0,0.0,-3.64,-0.607,-20.48,3.64,0.607,3.0330000000000004
marker:0,0.0,0.0,0.0,-3.65,-0.561,-20.76,3.65,0.561,3.089
marker:0,0.0,0.0,0.0,-3.386,-0.267,-20.91,3.386,0.267,3.119
marker:0,0.0,0.0,0.0,-3.272,-0.117,-21.14,3.272,0.117,3.155
marker:0,0.0,0.0,0.0,-3.111,0.082,-21.28,3.111,0.082,3.0290000000000004
marker:0,0.0,0.0,0.0,-2.993,0.297,-21.76,2.993,0.297,2.6959999999999997
marker:0,0.0,0.0,0.0,-4.523,-1.156,-22.15,4.523,1.156,3.367
marker:0,0.0,0.0,0.0,-4.518,-1.028,-22.76,4.518,1.028,3.4899999999999998
marker:0,0.0,0.0,0.0,-4.262,-0.686,-23.19,4.262,0.686,3.5759999999999996
marker:0,0.0,0.0,0.0,-5.323,-1.669,-23.51,5.323,1.669,3.6540000000000004
marker:0,0.0,0.0,0.0,-5.109,-1.425,-23.65,5.109,1.425,3.684
marker:0,0.0,0.0,0.0,-4.01,-0.331,-23.6,4.01,0.331,3.679
marker:0,0.0,0.0,0.0,-4.227,-0.548,-23.6,4.227,0.548,3.6790000000000003
marker:0,0.0,0.0,0.0,-4.172,-0.507,-23.55,4.172,0.507,3.6649999999999996
marker:0,0.0,0.0,0.0,-4.766,-1.045,-23.75,4.766,1.045,3.721
marker:0,0.0,0.0,0.0,-4.65,-0.882,-23.92,4.65,0.882,3.7680000000000002
marker:0,0.0,0.0,0.0,-4.68,-0.812,-24.28,4.68,0.812,3.8679999999999994
marker:0,0.0,0.0,0.0,-4.469,-0.512,-24.6,4.469,0.512,3.9570000000000003
marker:0,0.0,0.0,0.0,-4.127,-0.116,-24.85,4.127,0.116,4.011
marker:0,0.0,0.0,0.0,-3.883,0.208,-25.08,3.883,0.208,3.675
marker:0,0.0,0.0,0.0,-3.48,0.753,-25.67,3.48,0.753,2.727
marker:0,0.0,0.0,0.0,-3.223,1.121,-25.99,3.223,1.121,2.102
marker:0,0.0,0.0,0.0,-3.221,1.248,-26.57,3.221,1.248,1.973
marker:0,0.0,0.0,0.0,-2.89,1.75,-27.05,2.89,1.75,1.1400000000000001
marker:0,0.0,0.0,0.0,-2.891,1.84,-27.38,2.891,1.84,1.051
marker:0,0.0,0.0,0.0,-2.634,2.191,-27.81,2.634,2.191,0.44300000000000006
marker:0,0.0,0.0,0.0,-2.646,2.266,-28.03,2.646,2.266,0.3799999999999999
marker:0,0.0,0.0,0.0,-2.465,2.536,-28.35,2.465,2.536,-0.07100000000000017
marker:0,0.0,0.0,0.0,-2.129,2.942,-28.6,2.129,2.942,-0.8130000000000002
marker:0,0.0,0.0,0.0,-2.067,3.04,-28.84,2.067,3.04,-0.9729999999999999
marker:0,0.0,0.0,0.0,-1.99,3.172,-29.03,1.99,3.172,-1.1820000000000002
marker:0,0.0,0.0,0.0,-1.914,3.326,-29.21,1.914,3.326,-1.4120000000000001
marker:0,0.0,0.0,0.0,-1.513,3.763,-29.35,1.513,3.763,-2.25
marker:0,0.0,0.0,0.0,-1.317,3.976,-29.4,1.317,3.976,-2.659
marker:0,0.0,0.0,0.0,-1.301,4.017,-29.49,1.301,4.017,-2.716
marker:0,0.0,0.0,0.0,-1.126,4.34,-30.08,1.126,4.34,-3.214
marker:0,0.0,0.0,0.0,-0.944,4.635,-30.43,0.944,4.635,-3.691
marker:0,0.0,0.0,0.0,-0.727,4.956,-30.8,0.727,4.956,-4.229
marker:0,0.0,0.0,0.0,-0.569,5.267,-31.35,0.569,5.267,-4.698
marker:0,0.0,0.0,0.0,-0.762,5.238,-31.94,0.762,5.238,-4.476000000000001
marker:0,0.0,0.0,0.0,-5.201,0.983,-32.6,5.201,0.983,4.218
marker:0,0.0,0.0,0.0,-5.122,1.237,-33.34,5.122,1.237,3.885
marker:0,0.0,0.0,0.0,-5.265,1.255,-33.81,5.265,1.255,4.01
marker:0,0.0,0.0,0.0,-5.25,1.353,-34.11,5.25,1.353,3.8970000000000002
marker:0,0.0,0.0,0.0,-5.073,1.606,-34.38,5.073,1.606,3.4670000000000005
marker:0,0.0,0.0,0.0,-5.018,1.717,-34.61,5.018,1.717,3.3009999999999997
marker:0,0.0,0.0,0.0,-4.58,2.194,-34.72,4.58,2.194,2.386
marker:0,0.0,0.0,0.0,-4.47,2.354,-34.9,4.47,2.354,2.1159999999999997
marker:0,0.0,0.0,0.0,-5.54,1.331,-35.14,5.54,1.331,4.209
marker:0,0.0,0.0,0.0,-5.319,1.647,-35.52,5.319,1.647,3.6719999999999997
marker:0,0.0,0.0,0.0,-5.23,1.838,-35.78,5.23,1.838,3.3920000000000003
marker:0,0.0,0.0,0.0,-4.809,2.312,-35.97,4.809,2.312,2.4970000000000003
marker:0,0.0,0.0,0.0,-5.29,1.909,-36.25,5.29,1.909,3.3810000000000002
marker:0,0.0,0.0,0.0,-5.231,2.083,-36.66,5.231,2.083,3.1479999999999997
marker:0,0.0,0.0,0.0,-5.618,1.833,-37.24,5.618,1.833,3.785
marker:0,0.0,0.0,0.0,-5.323,2.172,-37.49,5.323,2.172,3.1510000000000002
marker:0,0.0,0.0,0.0,-5.185,2.362,-37.81,5.185,2.362,2.8229999999999995
marker:0,0.0,0.0,0.0,-5.235,2.337,-37.92,5.235,2.337,2.898
marker:0,0.0,0.0,0.0,-5.025,2.572,-38.06,5.025,2.572,2.4530000000000003
marker:0,0.0,0.0,0.0,-4.912,2.721,-38.26,4.912,2.721,2.191
marker:0,0.0,0.0,0.0,-4.799,2.878,-38.51,4.799,2.878,1.9210000000000003
marker:0,0.0,0.0,0.0,-4.713,3.074,-39.13,4.713,3.074,1.6390000000000002
marker:0,0.0,0.0,0.0,-4.595,3.274,-39.59,4.595,3.274,1.3209999999999997
marker:0,0.0,0.0,0.0,-4.379,3.574,-40.13,4.379,3.574,0.8049999999999997
marker:0,0.0,0.0,0.0,-4.113,3.881,-40.33,4.113,3.881,0.23200000000000065
marker:0,0.0,0.0,0.0,-3.92,4.087,-40.36,3.92,4.087,-0.16699999999999982
marker:0,0.0,0.0,0.0,-3.755,4.256,-40.39,3.755,4.256,-0.5010000000000003
marker:0,0.0,0.0,0.0,-3.604,4.438,-40.56,3.604,4.438,-0.8339999999999996
marker:0,0.0,0.0,0.0,-4.245,3.836,-40.89,4.245,3.836,0.40900000000000025
marker:0,0.0,0.0,0.0,-4.24,3.932,-41.29,4.24,3.932,0.3080000000000003
marker:0,0.0,0.0,0.0,-4.214,4.084,-42.0,4.214,4.084,0.13000000000000078
marker:0,0.0,0.0,0.0,-4.955,3.447,-42.58,4.955,3.447,1.508
marker:0,0.0,0.0,0.0,-4.837,3.659,-43.23,4.837,3.659,1.178
marker:0,0.0,0.0,0.0,-4.543,4.04,-43.6,4.543,4.04,0.5030000000000001
marker:0,0.0,0.0,0.0,-3.024,6.2,-47.2,3.024,6.2,-3.176
marker:0,0.0,0.0,0.0,-3.052,6.286,-47.84,3.052,6.286,-3.2339999999999995
marker:0,0.0,0.0,0.0,-3.777,5.652,-48.35,3.777,5.652,-1.875
marker:0,0.0,0.0,0.0,-3.668,5.852,-48.86,3.668,5.852,-2.184
marker:0,0.0,0.0,0.0,-3.835,5.758,-49.31,3.835,5.758,-1.923
marker:0,0.0,0.0,0.0,-3.82,5.829,-49.67,3.82,5.829,-2.009
marker:0,0.0,0.0,0.0,-4.981,4.728,-50.06,4.981,4.728,0.2530000000000001
marker:0,0.0,0.0,0.0,-4.937,4.833,-50.56,4.937,4.833,0.10400000000000009
marker:0,0.0,0.0,0.0,-4.675,5.224,-51.29,4.675,5.224,-0.5490000000000004
marker:0,0.0,0.0,0.0,-3.342,6.658,-51.94,3.342,6.658,-3.3160000000000003
marker:0,0.0,0.0,0.0,-3.16,6.889,-52.35,3.16,6.889,-3.729
marker:0,0.0,0.0,0.0,-3.423,6.682,-52.62,3.423,6.682,-3.2590000000000003
marker:0,0.0,0.0,0.0,-3.312,6.831,-52.87,3.312,6.831,-3.5190000000000006
marker:0,0.0,0.0,0.0,-3.358,6.866,-53.39,3.358,6.866,-3.5079999999999996
marker:0,0.0,0.0,0.0,-3.16,7.073,-53.45,3.16,7.073,-3.9130000000000003
marker:0,0.0,0.0,0.0,-2.93,7.239,-53.48,2.93,7.239,-4.308999999999999
marker:0,0.0,0.0,0.0,-2.257,8.074,-54.26,2.257,8.074,-5.817
marker:0,0.0,0.0,0.0,-2.693,7.712,-54.56,2.693,7.712,-5.019
marker:0,0.0,0.0,0.0,-2.725,7.766,-55.12,2.725,7.766,-5.041
marker:0,0.0,0.0,0.0,-2.572,7.993,-55.6,2.572,7.993,-5.421
marker:0,0.0,0.0,0.0,-2.494,8.127,-56.03,2.494,8.127,-5.633000000000001
marker:0,0.0,0.0,0.0,-2.864,7.808,-56.29,2.864,7.808,-4.944
marker:0,0.0,0.0,0.0,-2.81,7.91,-56.6,2.81,7.91,-5.1
marker:0,0.0,0.0,0.0,-2.555,8.216,-56.93,2.555,8.216,-5.661
marker:0,0.0,0.0,0.0,-2.442,8.398,-57.38,2.442,8.398,-5.9559999999999995
marker:0,0.0,0.0,0.0,-2.153,8.649,-57.69,2.153,8.649,-6.495999999999999
marker:0,0.0,0.0,0.0,-2.563,8.367,-57.96,2.563,8.367,-5.804
marker:0,0.0,0.0,0.0,-2.548,8.399,-58.07,2.548,8.399,-5.850999999999999
marker:0,0.0,0.0,0.0,-2.275,8.684,-58.15,2.275,8.684,-6.408999999999999
marker:0,0.0,0.0,0.0,-2.185,8.774,-58.15,2.185,8.774,-6.588999999999999
marker:0,0.0,0.0,0.0,-2.12,8.834,-58.11,2.12,8.834,-6.7139999999999995
marker:0,0.0,0.0,0.0,-1.45,9.497,-58.07,1.45,9.497,-8.047
marker:0,0.0,0.0,0.0,-1.534,9.394,-57.95,1.534,9.394,-7.86
marker:0,0.0,0.0,0.0,-1.535,9.384,-57.89,1.535,9.384,-7.849
marker:0,0.0,0.0,0.0,-1.655,9.251,-57.8,1.655,9.251,-7.595999999999999
marker:0,0.0,0.0,0.0,-1.896,9.01,-57.79,1.896,9.01,-7.114
marker:0,0.0,0.0,0.0,-1.995,8.924,-57.89,1.995,8.924,-6.928999999999999
marker:0,0.0,0.0,0.0,-2.073,8.871,-58.05,2.073,8.871,-6.798
marker:0,0.0,0.0,0.0,-3.118,7.872,-58.35,3.118,7.872,-4.754
marker:0,0.0,0.0,0.0,-3.153,7.882,-58.64,3.153,7.882,-4.728999999999999
marker:0,0.0,0.0,0.0,-1.732,9.352,-58.96,1.732,9.352,-7.62
marker:0,0.0,0.0,0.0,-1.78,9.296,-58.91,1.78,9.296,-7.515999999999999
marker:0,0.0,0.0,0.0,-1.843,9.217,-58.8,1.843,9.217,-7.3740000000000006
marker:0,0.0,0.0,0.0,-1.192,9.828,-58.54,1.192,9.828,-8.636
marker:0,0.0,0.0,0.0,-1.784,9.236,-58.54,1.784,9.236,-7.452000000000001
marker:0,0.0,0.0,0.0,-2.36,8.672,-58.62,2.36,8.672,-6.312000000000001
marker:0,0.0,0.0,0.0,-2.314,8.751,-58.83,2.314,8.751,-6.436999999999999
marker:0,0.0,0.0,0.0,-2.255,8.866,-59.28,2.255,8.866,-6.611
marker:0,0.0,0.0,0.0,-1.985,9.208,-59.7,1.985,9.208,-7.223
marker:0,0.0,0.0,0.0,-2.007,9.198,-59.74,2.007,9.198,-7.191000000000001
marker:0,0.0,0.0,0.0,-1.958,9.233,-59.65,1.958,9.233,-7.275
marker:0,0.0,0.0,0.0,-1.512,9.656,-59.5,1.512,9.656,-8.144
marker:0,0.0,0.0,0.0,-1.476,9.65,-59.23,1.476,9.65,-8.174
marker:0,0.0,0.0,0.0,-1.518,9.58,-59.05,1.518,9.58,-8.062
marker:0,0.0,0.0,0.0,-2.543,8.546,-58.99,2.543,8.546,-6.002999999999999
marker:0,0.0,0.0,0.0,-1.692,9.408,-59.11,1.692,9.408,-7.715999999999999
marker:0,0.0,0.0,0.0,-1.817,9.312,-59.25,1.817,9.312,-7.494999999999999
marker:0,0.0,0.0,0.0,-1.834,9.323,-59.43,1.834,9.323,-7.489000000000001
marker:0,0.0,0.0,0.0,-1.903,9.284,-59.62,1.903,9.284,-7.381
marker:0,0.0,0.0,0.0,-2.333,8.866,-59.7,2.333,8.866,-6.5329999999999995
marker:0,0.0,0.0,0.0,-1.862,9.329,-59.65,1.862,9.329,-7.4670000000000005
marker:0,0.0,0.0,0.0,-1.835,9.336,-59.52,1.835,9.336,-7.501
marker:0,0.0,0.0,0.0,-2.027,9.099,-59.23,2.027,9.099,-7.072
marker:0,0.0,0.0,0.0,-1.435,9.639,-58.89,1.435,9.639,-8.203999999999999
marker:0,0.0,0.0,0.0,-2.396,8.625,-58.55,2.396,8.625,-6.229
marker:0,0.0,0.0,0.0,-2.211,8.761,-58.23,2.211,8.761,-6.549999999999999
marker:0,0.0,0.0,0.0,-1.284,9.697,-58.29,1.284,9.697,-8.412999999999998
marker:0,0.0,0.0,0.0,-1.476,9.522,-58.43,1.476,9.522,-8.046
marker:0,0.0,0.0,0.0,-1.601,9.411,-58.49,1.601,9.411,-7.81
marker:0,0.0,0.0,0.0,-1.703,9.326,-58.6,1.703,9.326,-7.623
marker:0,0.0,0.0,0.0,-1.722,9.313,-58.64,1.722,9.313,-7.591000000000001
marker:0,0.0,0.0,0.0,-1.847,9.171,-58.53,1.847,9.171,-7.324
marker:0,0.0,0.0,0.0,-1.857,9.134,-58.35,1.857,9.134,-7.277
marker:0,0.0,0.0,0.0,-1.986,8.938,-57.92,1.986,8.938,-6.952000000000001
marker:0,0.0,0.0,0.0,-2.455,8.43,-57.58,2.455,8.43,-5.975
marker:0,0.0,0.0,0.0,-2.66,8.176,-57.35,2.66,8.176,-5.516
marker:0,0.0,0.0,0.0,-2.206,8.605,-57.19,2.206,8.605,-6.399000000000001
marker:0,0.0,0.0,0.0,-2.329,8.442,-56.93,2.329,8.442,-6.1129999999999995
marker:0,0.0,0.0,0.0,-2.452,8.305,-56.84,2.452,8.305,-5.853
marker:0,0.0,0.0,0.0,-2.368,8.376,-56.76,2.368,8.376,-6.007999999999999
marker:0,0.0,0.0,0.0,-2.998,7.744,-56.74,2.998,7.744,-4.7459999999999996
marker:0,0.0,0.0,0.0,-2.68,8.071,-56.8,2.68,8.071,-5.391
marker:0,0.0,0.0,0.0,-2.563,8.2,-56.88,2.563,8.2,-5.636999999999999
marker:0,0.0,0.0,0.0,-2.477,8.286,-56.88,2.477,8.286,-5.808999999999999
marker:0,0.0,0.0,0.0,-2.594,8.157,-56.8,2.594,8.157,-5.563000000000001
marker:0,0.0,0.0,0.0,-2.543,8.192,-56.63,2.543,8.192,-5.649
marker:0,0.0,0.0,0.0,-2.208,8.424,-56.03,2.208,8.424,-6.215999999999999
marker:0,0.0,0.0,0.0,-2.368,8.211,-55.58,2.368,8.211,-5.843
marker:0,0.0,0.0,0.0,-1.465,9.068,-55.28,1.465,9.068,-7.603
marker:0,0.0,0.0,0.0,-2.882,7.54,-54.67,2.882,7.54,-4.6579999999999995
marker:0,0.0,0.0,0.0,-2.436,8.013,-54.85,2.436,8.013,-5.577
marker:0,0.0,0.0,0.0,-2.825,7.667,-55.11,2.825,7.667,-4.842
marker:0,0.0,0.0,0.0,-3.094,7.356,-54.85,3.094,7.356,-4.2620000000000005
marker:0,0.0,0.0,0.0,-3.205,7.155,-54.27,3.205,7.155,-3.95
marker:0,0.0,0.0,0.0,-3.372,6.923,-53.85,3.372,6.923,-3.551
marker:0,0.0,0.0,0.0,-3.512,6.666,-53.1,3.512,6.666,-3.1540000000000004
marker:0,0.0,0.0,0.0,-3.434,6.677,-52.55,3.434,6.677,-3.2429999999999994
marker:0,0.0,0.0,0.0,-3.848,6.181,-52.13,3.848,6.181,-2.333
marker:0,0.0,0.0,0.0,-3.501,6.488,-51.84,3.501,6.488,-2.9870000000000005
marker:0,0.0,0.0,0.0,-4.045,5.931,-51.79,4.045,5.931,-1.8860000000000001
marker:0,0.0,0.0,0.0,-4.232,5.746,-51.8,4.232,5.746,-1.5140000000000002
marker:0,0.0,0.0,0.0,-4.325,5.591,-51.4,4.325,5.591,-1.266
marker:0,0.0,0.0,0.0,-4.428,5.43,-51.02,4.428,5.43,-1.0019999999999998
marker:0,0.0,0.0,0.0,-4.109,5.562,-49.82,4.109,5.562,-1.4530000000000003
marker:0,0.0,0.0,0.0,-4.149,5.521,-49.81,4.149,5.521,-1.3719999999999999
marker:0,0.0,0.0,0.0,-4.3,5.367,-49.79,4.3,5.367,-1.0670000000000002
marker:0,0.0,0.0,0.0,-4.335,5.328,-49.76,4.335,5.328,-0.9930000000000003
marker:0,0.0,0.0,0.0,-4.52,5.144,-49.77,4.52,5.144,-0.6240000000000006
marker:0,0.0,0.0,0.0,-4.642,5.008,-49.68,4.642,5.008,-0.36599999999999966
marker:0,0.0,0.0,0.0,-4.781,4.866,-49.66,4.781,4.866,-0.08499999999999996
marker:0,0.0,0.0,0.0,-4.817,4.826,-49.64,4.817,4.826,-0.008999999999999453
marker:0,0.0,0.0,0.0,-4.607,5.042,-49.67,4.607,5.042,-0.4349999999999996
marker:0,0.0,0.0,0.0,-4.668,4.976,-49.64,4.668,4.976,-0.30799999999999983
marker:0,0.0,0.0,0.0,-4.967,4.669,-49.59,4.967,4.669,0.29800000000000004
marker:0,0.0,0.0,0.0,-4.287,5.323,-49.42,4.287,5.323,-1.0360000000000005
marker:0,0.0,0.0,0.0,-4.141,5.404,-49.0,4.141,5.404,-1.263
marker:0,0.0,0.0,0.0,-3.708,5.737,-48.44,3.708,5.737,-2.029
marker:0,0.0,0.0,0.0,-3.981,5.395,-48.05,3.981,5.395,-1.4139999999999997
marker:0,0.0,0.0,0.0,-5.006,4.298,-47.65,5.006,4.298,0.7080000000000002
marker:0,0.0,0.0,0.0,-5.233,4.031,-47.42,5.233,4.031,1.202
marker:0,0.0,0.0,0.0,-5.452,3.769,-47.18,5.452,3.769,1.6829999999999998
marker:0,0.0,0.0,0.0,-4.794,4.393,-46.99,4.794,4.393,0.4009999999999998
marker:0,0.0,0.0,0.0,-5.031,4.139,-46.89,5.031,4.139,0.8919999999999995
marker:0,0.0,0.0,0.0,-5.068,4.085,-46.8,5.068,4.085,0.9829999999999997
marker:0,0.0,0.0,0.0,-5.012,4.129,-46.71,5.012,4.129,0.883
marker:0,0.0,0.0,0.0,-5.007,4.128,-46.7,5.007,4.128,0.8789999999999996
marker:0,0.0,0.0,0.0,-4.984,4.155,-46.7,4.984,4.155,0.8289999999999997
marker:0,0.0,0.0,0.0,-4.664,4.471,-46.7,4.664,4.471,0.19299999999999962
marker:0,0.0,0.0,0.0,-5.029,4.11,-46.72,5.029,4.11,0.9189999999999996
marker:0,0.0,0.0,0.0,-5.251,3.888,-46.72,5.251,3.888,1.3630000000000004
marker:0,0.0,0.0,0.0,-5.133,3.997,-46.67,5.133,3.997,1.1360000000000001
marker:0,0.0,0.0,0.0,-5.379,3.728,-46.54,5.379,3.728,1.6509999999999994
marker:0,0.0,0.0,0.0,-5.309,3.793,-46.51,5.309,3.793,1.516
marker:0,0.0,0.0,0.0,-5.415,3.644,-46.27,5.415,3.644,1.771
marker:0,0.0,0.0,0.0,-5.614,3.398,-46.01,5.614,3.398,2.2159999999999997
marker:0,0.0,0.0,0.0,-5.793,3.182,-45.8,5.793,3.182,2.611
marker:0,0.0,0.0,0.0,-5.954,2.998,-45.58,5.954,2.998,2.9559999999999995
marker:0,0.0,0.0,0.0,-6.07,2.845,-45.43,6.07,2.845,3.225
marker:0,0.0,0.0,0.0,-5.474,3.403,-45.19,5.474,3.403,2.071
marker:0,0.0,0.0,0.0,-5.64,3.198,-45.03,5.64,3.198,2.4419999999999997
marker:0,0.0,0.0,0.0,-5.821,2.992,-44.89,5.821,2.992,2.8289999999999997
marker:0,0.0,0.0,0.0,-5.955,2.98,-44.67,5.955,2.98,2.975
marker:0,0.0,0.0,0.0,-5.854,2.883,-44.46,5.854,2.883,2.971
marker:0,0.0,0.0,0.0,-5.652,3.062,-44.27,5.652,3.062,2.5900000000000003
marker:0,0.0,0.0,0.0,-5.849,2.829,-44.13,5.849,2.829,3.02
marker:0,0.0,0.0,0.0,-5.932,2.719,-43.98,5.932,2.719,3.2130000000000005
marker:0,0.0,0.0,0.0,-5.997,2.654,-43.98,5.997,2.654,3.343
marker:0,0.0,0.0,0.0,-6.026,2.641,-44.07,6.026,2.641,3.385
marker:0,0.0,0.0,0.0,-6.106,2.586,-44.31,6.106,2.586,3.52
marker:0,0.0,0.0,0.0,-5.868,2.872,-44.51,5.868,2.872,2.9960000000000004
marker:0,0.0,0.0,0.0,-5.957,2.801,-44.58,5.957,2.801,3.1559999999999997
marker:0,0.0,0.0,0.0,-6.412,2.337,-44.53,6.412,2.337,4.074999999999999
marker:0,0.0,0.0,0.0,-5.756,2.968,-44.39,5.756,2.968,2.7880000000000003
marker:0,0.0,0.0,0.0,-6.057,2.645,-44.27,6.057,2.645,3.4120000000000004
marker:0,0.0,0.0,0.0,-6.278,2.405,-44.12,6.278,2.405,3.8729999999999998
marker:0,0.0,0.0,0.0,-6.372,2.295,-44.06,6.372,2.295,4.077
marker:0,0.0,0.0,0.0,-6.481,2.178,-44.03,6.481,2.178,4.303
marker:0,0.0,0.0,0.0,-6.569,2.081,-43.97,6.569,2.081,4.4879999999999995
marker:0,0.0,0.0,0.0,-6.589,2.053,-43.93,6.589,2.053,4.5360000000000005
marker:0,0.0,0.0,0.0,-6.762,1.878,-43.92,6.762,1.878,4.8839999999999995
marker:0,0.0,0.0,0.0,-6.701,1.943,-43.94,6.701,1.943,4.757999999999999
marker:0,0.0,0.0,0.0,-6.946,1.707,-43.99,6.946,1.707,5.239
marker:0,0.0,0.0,0.0,-7.097,1.561,-44.02,7.097,1.561,5.5360000000000005
marker:0,0.0,0.0,0.0,-6.746,1.916,-44.04,6.746,1.916,4.83
marker:0,0.0,0.0,0.0,-5.773,2.89,-44.04,5.773,2.89,2.8829999999999996
marker:0,0.0,0.0,0.0,-6.47,2.183,-43.99,6.47,2.183,4.287
marker:0,0.0,0.0,0.0,-5.511,3.129,-43.92,5.511,3.129,2.382
marker:0,0.0,0.0,0.0,-5.596,3.028,-43.83,5.596,3.028,2.568
marker:0,0.0,0.0,0.0,-5.419,3.178,-43.68,5.419,3.178,2.2409999999999997
marker:0,0.0,0.0,0.0,-5.563,3.011,-43.55,5.563,3.011,2.5519999999999996
marker:0,0.0,0.0,0.0,-5.492,3.065,-43.45,5.492,3.065,2.427
marker:0,0.0,0.0,0.0,-5.65,2.899,-43.41,5.65,2.899,2.7510000000000003
marker:0,0.0,0.0,0.0,-5.174,3.376,-43.42,5.174,3.376,1.7980000000000005
marker:0,0.0,0.0,0.0,-5.301,3.257,-43.46,5.301,3.257,2.044
marker:0,0.0,0.0,0.0,-6.144,2.43,-43.55,6.144,2.43,3.714
marker:0,0.0,0.0,0.0,-6.254,2.352,-43.73,6.254,2.352,3.9019999999999997
marker:0,0.0,0.0,0.0,-6.345,2.286,-43.87,6.345,2.286,4.058999999999999
marker:0,0.0,0.0,0.0,-6.099,2.543,-43.93,6.099,2.543,3.556
marker:0,0.0,0.0,0.0,-6.019,2.644,-44.05,6.019,2.644,3.375
marker:0,0.0,0.0,0.0,-5.918,2.758,-44.12,5.918,2.758,3.16
marker:0,0.0,0.0,0.0,-5.68,3.001,-44.15,5.68,3.001,2.679
marker:0,0.0,0.0,0.0,-5.713,2.966,-44.14,5.713,2.966,2.747
marker:0,0.0,0.0,0.0,-5.704,2.962,-44.06,5.704,2.962,2.7419999999999995
marker:0,0.0,0.0,0.0,-5.313,3.304,-43.74,5.313,3.304,2.009
marker:0,0.0,0.0,0.0,-5.9,2.696,-43.67,5.9,2.696,3.204
marker:0,0.0,0.0,0.0,-6.091,2.536,-43.88,6.091,2.536,3.555
marker:0,0.0,0.0,0.0,-6.055,2.589,-43.95,6.055,2.589,3.4659999999999997
marker:0,0.0,0.0,0.0,-5.94,2.737,-44.13,5.94,2.737,3.2030000000000003
marker:0,0.0,0.0,0.0,-6.285,2.461,-44.43,6.285,2.461,3.8240000000000003
marker:0,0.0,0.0,0.0,-6.369,2.359,-44.41,6.369,2.359,4.01
marker:0,0.0,0.0,0.0,-6.307,2.401,-44.3,6.307,2.401,3.9060000000000006
marker:0,0.0,0.0,0.0,-6.526,2.143,-44.08,6.526,2.143,4.383
marker:0,0.0,0.0,0.0,-6.171,2.433,-43.56,6.171,2.433,3.7380000000000004
marker:0,0.0,0.0,0.0,-5.968,2.58,-43.4,5.968,2.58,3.388
marker:0,0.0,0.0,0.0,-6.214,2.291,-43.15,6.214,2.291,3.9230000000000005
marker:0,0.0,0.0,0.0,-6.445,2.096,-43.37,6.445,2.096,4.349
marker:0,0.0,0.0,0.0,-6.537,1.997,-43.32,6.537,1.997,4.54
marker:0,0.0,0.0,0.0,-6.555,1.951,-43.17,6.555,1.951,4.603999999999999
marker:0,0.0,0.0,0.0,-6.795,1.689,-43.04,6.795,1.689,5.106
marker:0,0.0,0.0,0.0,-5.735,2.781,-43.22,5.735,2.781,2.954
marker:0,0.0,0.0,0.0,-5.779,2.783,-43.48,5.779,2.783,2.996
marker:0,0.0,0.0,0.0,-5.471,3.143,-43.77,5.471,3.143,2.3280000000000003
marker:0,0.0,0.0,0.0,-5.291,3.364,-44.0,5.291,3.364,1.9270000000000005
marker:0,0.0,0.0,0.0,-7.109,1.649,-44.58,7.109,1.649,5.46
marker:0,0.0,0.0,0.0,-5.27,3.509,-44.7,5.27,3.509,1.7609999999999997
marker:0,0.0,0.0,0.0,-5.717,3.194,-44.76,5.717,3.194,2.5229999999999997
marker:0,0.0,0.0,0.0,-5.875,2.92,-44.79,5.875,2.92,2.955
marker:0,0.0,0.0,0.0,-5.615,3.177,-44.75,5.615,3.177,2.438
marker:0,0.0,0.0,0.0,-5.675,3.099,-44.6,5.675,3.099,2.5759999999999996
marker:0,0.0,0.0,0.0,-5.774,2.959,-44.44,5.774,2.959,2.815
marker:0,0.0,0.0,0.0,-5.802,2.915,-44.35,5.802,2.915,2.8869999999999996
marker:0,0.0,0.0,0.0,-5.865,2.836,-44.25,5.865,2.836,3.0290000000000004
marker:0,0.0,0.0,0.0,-5.887,2.617,-44.29,5.887,2.617,3.2699999999999996
marker:0,0.0,0.0,0.0,-6.002,2.726,-44.41,6.002,2.726,3.276
marker:0,0.0,0.0,0.0,-6.06,2.675,-44.45,6.06,2.675,3.385
marker:0,0.0,0.0,0.0,-4.89,3.861,-44.54,4.89,3.861,1.0289999999999995
marker:0,0.0,0.0,0.0,-4.914,3.83,-44.47,4.914,3.83,1.0839999999999996
marker:0,0.0,0.0,0.0,-4.755,3.971,-44.4,4.755,3.971,0.7839999999999998
marker:0,0.0,0.0,0.0,-5.38,3.339,-44.36,5.38,3.339,2.041
marker:0,0.0,0.0,0.0,-5.515,3.2,-44.34,5.515,3.2,2.3149999999999995
marker:0,0.0,0.0,0.0,-5.436,3.295,-44.43,5.436,3.295,2.141
marker:0,0.0,0.0,0.0,-5.268,3.481,-44.53,5.268,3.481,1.787
marker:0,0.0,0.0,0.0,-5.314,3.483,-44.8,5.314,3.483,1.831
marker:0,0.0,0.0,0.0,-5.305,3.544,-45.09,5.305,3.544,1.7609999999999997
marker:0,0.0,0.0,0.0,-4.61,4.282,-45.33,4.61,4.282,0.3280000000000003
marker:0,0.0,0.0,0.0,-4.613,4.31,-45.51,4.613,4.31,0.3030000000000008
marker:0,0.0,0.0,0.0,-5.172,3.773,-45.63,5.172,3.773,1.3989999999999996
marker:0,0.0,0.0,0.0,-5.267,3.709,-45.8,5.267,3.709,1.5580000000000003
marker:0,0.0,0.0,0.0,-5.7,3.27,-45.79,5.7,3.27,2.43
marker:0,0.0,0.0,0.0,-4.367,4.6,-45.75,4.367,4.6,-0.23299999999999965
marker:0,0.0,0.0,0.0,-4.5,4.463,-45.76,4.5,4.463,0.03699999999999992
marker:0,0.0,0.0,0.0,-4.669,4.299,-45.8,4.669,4.299,0.3699999999999992
marker:0,0.0,0.0,0.0,-4.907,4.077,-45.85,4.907,4.077,0.8300000000000001
marker:0,0.0,0.0,0.0,-4.961,4.04,-45.98,4.961,4.04,0.9210000000000003
marker:0,0.0,0.0,0.0,-5.09,3.929,-46.05,5.09,3.929,1.161
marker:0,0.0,0.0,0.0,-5.087,3.946,-46.12,5.087,3.946,1.1409999999999996
marker:0,0.0,0.0,0.0,-5.088,3.944,-46.12,5.088,3.944,1.1440000000000001
marker:0,0.0,0.0,0.0,-5.191,3.837,-46.1,5.191,3.837,1.3539999999999996
marker:0,0.0,0.0,0.0,-5.309,3.709,-46.04,5.309,3.709,1.6
marker:0,0.0,0.0,0.0,-5.556,3.437,-45.86,5.556,3.437,2.119
marker:0,0.0,0.0,0.0,-5.662,3.315,-45.81,5.662,3.315,2.347
marker:0,0.0,0.0,0.0,-5.647,3.301,-45.65,5.647,3.301,2.346
marker:0,0.0,0.0,0.0,-5.877,3.057,-45.57,5.877,3.057,2.82
marker:0,0.0,0.0,0.0,-5.234,3.633,-45.48,5.234,3.633,1.601
marker:0,0.0,0.0,0.0,-5.434,3.456,-45.32,5.434,3.456,1.9780000000000002
marker:0,0.0,0.0,0.0,-5.582,3.284,-45.19,5.582,3.284,2.298
marker:0,0.0,0.0,0.0,-5.646,3.215,-45.16,5.646,3.215,2.431
marker:0,0.0,0.0,0.0,-5.274,3.566,-45.04,5.274,3.566,1.7080000000000002
marker:0,0.0,0.0,0.0,-5.558,3.266,-44.95,5.558,3.266,2.292
marker:0,0.0,0.0,0.0,-5.702,3.115,-44.91,5.702,3.115,2.5869999999999997
marker:0,0.0,0.0,0.0,-5.959,2.871,-44.98,5.959,2.871,3.0879999999999996
marker:0,0.0,0.0,0.0,-5.207,3.651,-45.14,5.207,3.651,1.556
marker:0,0.0,0.0,0.0,-5.251,3.628,-45.29,5.251,3.628,1.6230000000000002
marker:0,0.0,0.0,0.0,-5.262,3.637,-45.37,5.262,3.637,1.6249999999999996
marker:0,0.0,0.0,0.0,-5.349,3.565,-45.46,5.349,3.565,1.7840000000000003
marker:0,0.0,0.0,0.0,-5.406,3.514,-45.52,5.406,3.514,1.892
marker:0,0.0,0.0,0.0,-5.537,3.395,-45.56,5.537,3.395,2.142
marker:0,0.0,0.0,0.0,-5.567,3.369,-45.58,5.567,3.369,2.198
marker:0,0.0,0.0,0.0,-5.721,3.21,-45.55,5.721,3.21,2.511
marker:0,0.0,0.0,0.0,-5.869,3.04,-45.43,5.869,3.04,2.8289999999999997
marker:0,0.0,0.0,0.0,-6.253,2.631,-45.22,6.253,2.631,3.6220000000000003
marker:0,0.0,0.0,0.0,-6.283,2.553,-45.02,6.283,2.553,3.7300000000000004
marker:0,0.0,0.0,0.0,-6.384,2.415,-44.81,6.384,2.415,3.9690000000000003
marker:0,0.0,0.0,0.0,-6.706,2.065,-44.59,6.706,2.065,4.641
marker:0,0.0,0.0,0.0,-5.037,3.689,-44.4,5.037,3.689,1.3479999999999999
marker:0,0.0,0.0,0.0,-5.076,3.583,-43.92,5.076,3.583,1.4929999999999994
marker:0,0.0,0.0,0.0,-6.524,2.074,-43.68,6.524,2.074,4.45
marker:0,0.0,0.0,0.0,-6.449,2.088,-43.34,6.449,2.088,4.361
marker:0,0.0,0.0,0.0,-5.457,3.037,-43.1,5.457,3.037,2.42
marker:0,0.0,0.0,0.0,-6.021,2.427,-42.84,6.021,2.427,3.594
marker:0,0.0,0.0,0.0,-6.176,2.26,-42.77,6.176,2.26,3.9160000000000004
marker:0,0.0,0.0,0.0,-6.151,2.288,-42.79,6.151,2.288,3.863
marker:0,0.0,0.0,0.0,-4.917,3.35,-41.82,4.917,3.35,1.5669999999999997
marker:0,0.0,0.0,0.0,-4.739,3.531,-41.84,4.739,3.531,1.2079999999999997
marker:0,0.0,0.0,0.0,-5.571,2.66,-41.62,5.571,2.66,2.9109999999999996
marker:0,0.0,0.0,0.0,-5.891,2.234,-41.03,5.891,2.234,3.657
marker:0,0.0,0.0,0.0,-5.73,2.312,-40.56,5.73,2.312,3.4180000000000006
marker:0,0.0,0.0,0.0,-6.184,1.819,-40.31,6.184,1.819,4.365
marker:0,0.0,0.0,0.0,-6.115,1.83,-40.02,6.115,1.83,4.285
marker:0,0.0,0.0,0.0,-6.387,1.498,-39.68,6.387,1.498,4.888999999999999
marker:0,0.0,0.0,0.0,-6.83,0.984,-39.28,6.83,0.984,5.846
marker:0,0.0,0.0,0.0,-7.264,0.407,-38.48,7.264,0.407,6.857
marker:0,0.0,0.0,0.0,-7.887,-0.307,-37.77,7.887,0.307,7.579999999999999
marker:0,0.0,0.0,0.0,-8.105,-0.641,-37.32,8.105,0.641,7.464
marker:0,0.0,0.0,0.0,-8.333,-0.923,-36.91,8.333,0.923,7.41
marker:0,0.0,0.0,0.0,-9.094,-1.786,-36.64,9.094,1.786,7.308
marker:0,0.0,0.0,0.0,-9.064,-1.828,-36.38,9.064,1.828,7.236
marker:0,0.0,0.0,0.0,-9.495,-2.329,-36.13,9.495,2.329,7.165999999999999
marker:0,0.0,0.0,0.0,-9.926,-2.802,-35.98,9.926,2.802,7.1240000000000006
marker:0,0.0,0.0,0.0,-7.781,-0.687,-35.87,7.781,0.687,7.093999999999999
marker:0,0.0,0.0,0.0,-7.752,-0.705,-35.7,7.752,0.705,7.047
marker:0,0.0,0.0,0.0,-8.759,-1.783,-35.45,8.759,1.783,6.976000000000001
marker:0,0.0,0.0,0.0,-8.964,-2.085,-35.1,8.964,2.085,6.8790000000000004
marker:0,0.0,0.0,0.0,-7.678,-0.872,-34.84,7.678,0.872,6.806
marker:0,0.0,0.0,0.0,-7.635,-0.906,-34.56,7.635,0.906,6.729
marker:0,0.0,0.0,0.0,-7.294,-0.659,-34.22,7.294,0.659,6.635
marker:0,0.0,0.0,0.0,-7.418,-0.834,-34.04,7.418,0.834,6.5840000000000005
marker:0,0.0,0.0,0.0,-6.545,0.034,-34.02,6.545,0.034,6.511
marker:0,0.0,0.0,0.0,-6.322,0.257,-34.02,6.322,0.257,6.065
marker:0,0.0,0.0,0.0,-6.071,0.496,-33.98,6.071,0.496,5.574999999999999
marker:0,0.0,0.0,0.0,-6.167,0.373,-33.88,6.167,0.373,5.794
marker:0,0.0,0.0,0.0,-5.731,0.737,-33.62,5.731,0.737,4.994
marker:0,0.0,0.0,0.0,-5.857,0.575,-33.49,5.857,0.575,5.282
marker:0,0.0,0.0,0.0,-6.524,-0.137,-33.33,6.524,0.137,6.3870000000000005
marker:0,0.0,0.0,0.0,-5.913,0.438,-33.19,5.913,0.438,5.4750000000000005
marker:0,0.0,0.0,0.0,-6.072,0.251,-33.06,6.072,0.251,5.821
marker:0,0.0,0.0,0.0,-6.829,-0.637,-32.63,6.829,0.637,6.192
marker:0,0.0,0.0,0.0,-6.277,-0.118,-32.51,6.277,0.118,6.159
marker:0,0.0,0.0,0.0,-6.459,-0.314,-32.46,6.459,0.314,6.145
marker:0,0.0,0.0,0.0,-7.504,-1.331,-32.59,7.504,1.331,6.173
marker:0,0.0,0.0,0.0,-7.666,-1.479,-32.55,7.666,1.479,6.187
marker:0,0.0,0.0,0.0,-7.447,-1.367,-32.17,7.447,1.367,6.08
marker:0,0.0,0.0,0.0,-7.708,-1.564,-31.82,7.708,1.564,6.144
marker:0,0.0,0.0,0.0,-7.291,-1.183,-32.33,7.291,1.183,6.1080000000000005
marker:0,0.0,0.0,0.0,-7.799,-1.79,-31.97,7.799,1.79,6.009
marker:0,0.0,0.0,0.0,-8.118,-2.149,-31.79,8.118,2.149,5.969
marker:0,0.0,0.0,0.0,-8.359,-2.432,-31.68,8.359,2.432,5.927
marker:0,0.0,0.0,0.0,-7.786,-1.975,-31.26,7.786,1.975,5.811
marker:0,0.0,0.0,0.0,-8.008,-2.367,-30.69,8.008,2.367,5.640999999999999
marker:0,0.0,0.0,0.0,-7.501,-1.949,-30.33,7.501,1.949,5.5520000000000005
marker:0,0.0,0.0,0.0,-7.621,-2.063,-30.35,7.621,2.063,5.558
marker:0,0.0,0.0,0.0,-7.878,-2.295,-30.44,7.878,2.295,5.583
marker:0,0.0,0.0,0.0,-7.815,-2.26,-30.34,7.815,2.26,5.555000000000001
marker:0,0.0,0.0,0.0,-7.284,-2.116,-28.95,7.284,2.116,5.167999999999999
marker:0,0.0,0.0,0.0,-6.896,-1.695,-29.07,6.896,1.695,5.201
marker:0,0.0,0.0,0.0,-6.958,-1.723,-29.19,6.958,1.723,5.235
marker:0,0.0,0.0,0.0,-6.291,-1.068,-29.15,6.291,1.068,5.223000000000001
marker:0,0.0,0.0,0.0,-7.527,-2.315,-29.11,7.527,2.315,5.212
marker:0,0.0,0.0,0.0,-7.073,-1.911,-28.93,7.073,1.911,5.162000000000001
marker:0,0.0,0.0,0.0,-7.584,-2.469,-28.76,7.584,2.469,5.115
marker:0,0.0,0.0,0.0,-8.519,-3.488,-28.46,8.519,3.488,5.031000000000001
marker:0,0.0,0.0,0.0,-8.14,-3.286,-27.82,8.14,3.286,4.854000000000001
marker:0,0.0,0.0,0.0,-8.014,-3.252,-27.49,8.014,3.252,4.762
marker:0,0.0,0.0,0.0,-8.063,-3.435,-27.01,8.063,3.435,4.628
marker:0,0.0,0.0,0.0,-8.744,-4.175,-26.8,8.744,4.175,4.569
marker:0,0.0,0.0,0.0,-8.185,-3.644,-26.69,8.185,3.644,4.541
marker:0,0.0,0.0,0.0,-8.264,-3.716,-26.72,8.264,3.716,4.547999999999999
marker:0,0.0,0.0,0.0,-7.84,-3.296,-26.71,7.84,3.296,4.5440000000000005
marker:0,0.0,0.0,0.0,-8.386,-3.849,-26.68,8.386,3.849,4.536999999999999
marker:0,0.0,0.0,0.0,-8.445,-3.918,-26.65,8.445,3.918,4.527
marker:0,0.0,0.0,0.0,-7.67,-3.148,-26.63,7.67,3.148,4.522
marker:0,0.0,0.0,0.0,-7.65,-3.13,-26.59,7.65,3.13,4.5200000000000005
marker:0,0.0,0.0,0.0,-7.675,-3.175,-26.55,7.675,3.175,4.5
marker:0,0.0,0.0,0.0,-7.389,-2.903,-26.5,7.389,2.903,4.486000000000001
marker:0,0.0,0.0,0.0,-7.404,-2.959,-26.35,7.404,2.959,4.445
marker:0,0.0,0.0,0.0,-7.283,-2.85,-26.26,7.283,2.85,4.433
marker:0,0.0,0.0,0.0,-7.304,-2.912,-26.14,7.304,2.912,4.392
marker:0,0.0,0.0,0.0,-6.991,-2.657,-25.95,6.991,2.657,4.334
marker:0,0.0,0.0,0.0,-6.033,-1.725,-25.86,6.033,1.725,4.308
marker:0,0.0,0.0,0.0,-6.057,-1.788,-25.72,6.057,1.788,4.269
marker:0,0.0,0.0,0.0,-6.79,-2.543,-25.64,6.79,2.543,4.247
marker:0,0.0,0.0,0.0,-6.462,-2.24,-25.55,6.462,2.24,4.2219999999999995
marker:0,0.0,0.0,0.0,-7.364,-3.156,-25.48,7.364,3.156,4.208
marker:0,0.0,0.0,0.0,-7.408,-3.203,-25.49,7.408,3.203,4.205
marker:0,0.0,0.0,0.0,-6.167,-1.948,-25.54,6.167,1.948,4.218999999999999
marker:0,0.0,0.0,0.0,-6.167,-1.937,-25.58,6.167,1.937,4.2299999999999995
marker:0,0.0,0.0,0.0,-6.309,-2.085,-25.56,6.309,2.085,4.224
marker:0,0.0,0.0,0.0,-6.289,-2.081,-25.5,6.289,2.081,4.208
marker:0,0.0,0.0,0.0,-6.231,-2.074,-25.32,6.231,2.074,4.157
marker:0,0.0,0.0,0.0,-6.271,-2.185,-25.06,6.271,2.185,4.086
marker:0,0.0,0.0,0.0,-6.393,-2.335,-24.93,6.393,2.335,4.058
marker:0,0.0,0.0,0.0,-5.789,-1.757,-24.87,5.789,1.757,4.032
marker:0,0.0,0.0,0.0,-6.059,-2.012,-24.92,6.059,2.012,4.047000000000001
marker:0,0.0,0.0,0.0,-6.661,-2.52,-25.26,6.661,2.52,4.141
marker:0,0.0,0.0,0.0,-6.336,-2.156,-25.44,6.336,2.156,4.18
marker:0,0.0,0.0,0.0,-6.535,-2.304,-25.58,6.535,2.304,4.231
marker:0,0.0,0.0,0.0,-6.277,-2.017,-25.69,6.277,2.017,4.26
marker:0,0.0,0.0,0.0,-7.347,-3.059,-25.79,7.347,3.059,4.288
marker:0,0.0,0.0,0.0,-7.49,-3.196,-25.82,7.49,3.196,4.2940000000000005
marker:0,0.0,0.0,0.0,-6.423,-2.14,-25.77,6.423,2.14,4.2829999999999995
marker:0,0.0,0.0,0.0,-6.409,-2.171,-25.57,6.409,2.171,4.2379999999999995
marker:0,0.0,0.0,0.0,-6.403,-2.268,-25.15,6.403,2.268,4.135
marker:0,0.0,0.0,0.0,-6.495,-2.457,-24.89,6.495,2.457,4.038
marker:0,0.0,0.0,0.0,-5.861,-1.898,-24.56,5.861,1.898,3.963
marker:0,0.0,0.0,0.0,-5.877,-1.958,-24.46,5.877,1.958,3.9189999999999996
marker:0,0.0,0.0,0.0,-5.533,-1.612,-24.47,5.533,1.612,3.9210000000000003
marker:0,0.0,0.0,0.0,-6.551,-2.633,-24.46,6.551,2.633,3.918
marker:0,0.0,0.0,0.0,-6.652,-2.725,-24.47,6.652,2.725,3.927
marker:0,0.0,0.0,0.0,-6.245,-2.321,-24.48,6.245,2.321,3.924
marker:0,0.0,0.0,0.0,-6.812,-2.902,-24.43,6.812,2.902,3.91
marker:0,0.0,0.0,0.0,-6.934,-3.049,-24.34,6.934,3.049,3.8850000000000002
marker:0,0.0,0.0,0.0,-6.913,-3.07,-24.14,6.913,3.07,3.8430000000000004
marker:0,0.0,0.0,0.0,-7.099,-3.3,-23.96,7.099,3.3,3.7990000000000004
marker:0,0.0,0.0,0.0,-6.089,-2.329,-23.89,6.089,2.329,3.7600000000000002
marker:0,0.0,0.0,0.0,-5.897,-2.224,-23.58,5.897,2.224,3.673
marker:0,0.0,0.0,0.0,-5.97,-2.388,-23.22,5.97,2.388,3.582
marker:0,0.0,0.0,0.0,-7.104,-3.632,-22.67,7.104,3.632,3.472
marker:0,0.0,0.0,0.0,-5.695,-2.266,-22.46,5.695,2.266,3.4290000000000003
marker:0,0.0,0.0,0.0,-6.525,-3.106,-22.41,6.525,3.106,3.4190000000000005
marker:0,0.0,0.0,0.0,-6.176,-2.736,-22.51,6.176,2.736,3.44
marker:0,0.0,0.0,0.0,-6.48,-3.002,-22.7,6.48,3.002,3.4780000000000006
marker:0,0.0,0.0,0.0,-6.323,-2.837,-22.74,6.323,2.837,3.486
marker:0,0.0,0.0,0.0,-6.421,-2.919,-22.82,6.421,2.919,3.5020000000000002
marker:0,0.0,0.0,0.0,-5.844,-2.367,-22.87,5.844,2.367,3.4770000000000003
marker:0,0.0,0.0,0.0,-5.79,-2.679,-22.82,5.79,2.679,3.111
marker:0,0.0,0.0,0.0,-6.209,-2.727,-22.72,6.209,2.727,3.4819999999999998
marker:0,0.0,0.0,0.0,-5.978,-2.537,-22.48,5.978,2.537,3.441
marker:0,0.0,0.0,0.0,-5.417,-2.023,-22.21,5.417,2.023,3.3939999999999997
marker:0,0.0,0.0,0.0,-5.306,-1.97,-21.99,5.306,1.97,3.3360000000000003
marker:0,0.0,0.0,0.0,-5.431,-2.116,-21.89,5.431,2.116,3.315
marker:0,0.0,0.0,0.0,-5.191,-1.875,-21.89,5.191,1.875,3.316
marker:0,0.0,0.0,0.0,-5.383,-2.055,-21.95,5.383,2.055,3.328
marker:0,0.0,0.0,0.0,-5.477,-2.131,-22.1,5.477,2.131,3.3460000000000005
marker:0,0.0,0.0,0.0,-5.39,-2.026,-22.13,5.39,2.026,3.364
marker:0,0.0,0.0,0.0,-5.47,-2.112,-22.1,5.47,2.112,3.3579999999999997
marker:0,0.0,0.0,0.0,-5.565,-2.235,-21.96,5.565,2.235,3.3300000000000005
marker:0,0.0,0.0,0.0,-5.25,-1.981,-21.66,5.25,1.981,3.269
marker:0,0.0,0.0,0.0,-5.61,-2.403,-21.35,5.61,2.403,3.2070000000000003
marker:0,0.0,0.0,0.0,-5.378,-2.229,-20.99,5.378,2.229,3.149
marker:0,0.0,0.0,0.0,-5.551,-2.439,-20.82,5.551,2.439,3.112
marker:0,0.0,0.0,0.0,-5.162,-2.096,-20.64,5.162,2.096,3.066
marker:0,0.0,0.0,0.0,-5.507,-2.46,-20.55,5.507,2.46,3.0469999999999997
marker:0,0.0,0.0,0.0,-5.291,-2.26,-20.47,5.291,2.26,3.0310000000000006
marker:0,0.0,0.0,0.0,-6.339,-3.338,-20.32,6.339,3.338,3.0010000000000003
marker:0,0.0,0.0,0.0,-6.293,-3.314,-20.18,6.293,3.314,2.979
marker:0,0.0,0.0,0.0,-5.092,-2.173,-19.88,5.092,2.173,2.9189999999999996
marker:0,0.0,0.0,0.0,-5.997,-3.108,-19.76,5.997,3.108,2.889
marker:0,0.0,0.0,0.0,-6.21,-3.321,-19.71,6.21,3.321,2.889
marker:0,0.0,0.0,0.0,-5.956,-3.091,-19.64,5.956,3.091,2.865
marker:0,0.0,0.0,0.0,-5.575,-2.756,-19.41,5.575,2.756,2.8190000000000004
marker:0,0.0,0.0,0.0,-6.298,-3.489,-19.36,6.298,3.489,2.809
marker:0,0.0,0.0,0.0,-6.71,-3.917,-19.28,6.71,3.917,2.793
marker:0,0.0,0.0,0.0,-5.764,-2.989,-19.19,5.764,2.989,2.7750000000000004
marker:0,0.0,0.0,0.0,-5.157,-2.438,-18.91,5.157,2.438,2.719
marker:0,0.0,0.0,0.0,-5.197,-2.51,-18.75,5.197,2.51,2.6870000000000003
marker:0,0.0,0.0,0.0,-5.015,-2.401,-18.39,5.015,2.401,2.614
marker:0,0.0,0.0,0.0,-4.866,-2.297,-18.16,4.866,2.297,2.5689999999999995
marker:0,0.0,0.0,0.0,-4.969,-2.435,-17.99,4.969,2.435,2.5340000000000003
marker:0,0.0,0.0,0.0,-4.969,-2.469,-17.82,4.969,2.469,2.5000000000000004
marker:0,0.0,0.0,0.0,-4.886,-2.407,-17.71,4.886,2.407,2.479
marker:0,0.0,0.0,0.0,-4.65,-2.194,-17.6,4.65,2.194,2.4560000000000004
marker:0,0.0,0.0,0.0,-4.999,-2.567,-17.48,4.999,2.567,2.4319999999999995
marker:0,0.0,0.0,0.0,-5.378,-2.948,-17.48,5.378,2.948,2.43
marker:0,0.0,0.0,0.0,-5.951,-3.535,-17.4,5.951,3.535,2.4159999999999995
marker:0,0.0,0.0,0.0,-6.187,-3.791,-17.3,6.187,3.791,2.3960000000000004
marker:0,0.0,0.0,0.0,-5.803,-3.417,-17.22,5.803,3.417,2.386
marker:0,0.0,0.0,0.0,-5.327,-2.981,-17.05,5.327,2.981,2.346
marker:0,0.0,0.0,0.0,-5.5,-3.217,-16.74,5.5,3.217,2.283
marker:0,0.0,0.0,0.0,-5.596,-3.388,-16.36,5.596,3.388,2.208
marker:0,0.0,0.0,0.0,-5.687,-3.485,-16.33,5.687,3.485,2.2020000000000004
marker:0,0.0,0.0,0.0,-5.646,-3.434,-16.38,5.646,3.434,2.2119999999999997
marker:0,0.0,0.0,0.0,-5.594,-3.374,-16.44,5.594,3.374,2.22
marker:0,0.0,0.0,0.0,-4.906,-2.699,-16.36,4.906,2.699,2.207
marker:0,0.0,0.0,0.0,-4.292,-2.098,-16.26,4.292,2.098,2.194
marker:0,0.0,0.0,0.0,-4.707,-2.564,-16.04,4.707,2.564,2.143
marker:0,0.0,0.0,0.0,-4.837,-2.728,-15.87,4.837,2.728,2.1089999999999995
marker:0,0.0,0.0,0.0,-5.264,-3.195,-15.67,5.264,3.195,2.0690000000000004
marker:0,0.0,0.0,0.0,-5.388,-3.332,-15.6,5.388,3.332,2.056
marker:0,0.0,0.0,0.0,-5.632,-3.591,-15.53,5.632,3.591,2.0409999999999995
marker:0,0.0,0.0,0.0,-4.806,-2.799,-15.36,4.806,2.799,2.007
marker:0,0.0,0.0,0.0,-5.777,-3.802,-15.2,5.777,3.802,1.975
marker:0,0.0,0.0,0.0,-5.363,-3.484,-14.72,5.363,3.484,1.8790000000000004
marker:0,0.0,0.0,0.0,-5.231,-3.403,-14.46,5.231,3.403,1.8279999999999998
marker:0,0.0,0.0,0.0,-4.687,-2.904,-14.24,4.687,2.904,1.7830000000000004
marker:0,0.0,0.0,0.0,-5.231,-3.48,-14.08,5.231,3.48,1.751
marker:0,0.0,0.0,0.0,-5.43,-3.721,-13.87,5.43,3.721,1.7089999999999996
marker:0,0.0,0.0,0.0,-4.618,-2.945,-13.69,4.618,2.945,1.6730000000000005
marker:0,0.0,0.0,0.0,-5.47,-3.829,-13.53,5.47,3.829,1.6409999999999996
marker:0,0.0,0.0,0.0,-5.518,-3.94,-13.22,5.518,3.94,1.5779999999999998
marker:0,0.0,0.0,0.0,-3.973,-2.419,-13.09,3.973,2.419,1.5539999999999998
marker:0,0.0,0.0,0.0,-4.611,-3.079,-12.99,4.611,3.079,1.5319999999999996
marker:0,0.0,0.0,0.0,-4.555,-3.048,-12.86,4.555,3.048,1.5069999999999997
marker:0,0.0,0.0,0.0,-3.961,-2.476,-12.75,3.961,2.476,1.4849999999999999
marker:0,0.0,0.0,0.0,-4.212,-2.723,-12.8,4.212,2.723,1.4889999999999999
marker:0,0.0,0.0,0.0,-4.223,-2.696,-12.96,4.223,2.696,1.5269999999999997
marker:0,0.0,0.0,0.0,-4.292,-2.745,-13.06,4.292,2.745,1.5469999999999997
marker:0,0.0,0.0,0.0,-4.366,-2.777,-13.27,4.366,2.777,1.5889999999999995
marker:0,0.0,0.0,0.0,-3.426,-1.845,-13.23,3.426,1.845,1.5810000000000002
marker:0,0.0,0.0,0.0,-4.695,-3.148,-13.06,4.695,3.148,1.5470000000000002
marker:0,0.0,0.0,0.0,-4.373,-2.88,-12.79,4.373,2.88,1.4930000000000003
marker:0,0.0,0.0,0.0,-4.576,-3.121,-12.53,4.576,3.121,1.4549999999999996
marker:0,0.0,0.0,0.0,-4.947,-3.526,-12.43,4.947,3.526,1.4210000000000003
marker:0,0.0,0.0,0.0,-4.943,-3.559,-12.2,4.943,3.559,1.3839999999999995
marker:0,0.0,0.0,0.0,-4.712,-3.428,-11.75,4.712,3.428,1.2839999999999998
marker:0,0.0,0.0,0.0,-4.789,-3.53,-11.61,4.789,3.53,1.259
marker:0,0.0,0.0,0.0,-5.014,-3.8,-11.28,5.014,3.8,1.2140000000000004
marker:0,0.0,0.0,0.0,-5.074,-3.938,-10.89,5.074,3.938,1.1359999999999997
marker:0,0.0,0.0,0.0,-5.172,-4.029,-10.55,5.172,4.029,1.1429999999999998
marker:0,0.0,0.0,0.0,-4.97,-3.816,-10.03,4.97,3.816,1.154
marker:0,0.0,0.0,0.0,-4.681,-3.517,-9.55,4.681,3.517,1.1640000000000001
marker:0,0.0,0.0,0.0,-4.693,-3.525,-9.32,4.693,3.525,1.1679999999999997
marker:0,0.0,0.0,0.0,-4.952,-3.781,-9.17,4.952,3.781,1.1709999999999998
marker:0,0.0,0.0,0.0,-4.971,-3.797,-9.01,4.971,3.797,1.174
marker:0,0.0,0.0,0.0,-3.962,-2.788,-9.06,3.962,2.788,1.1740000000000004
marker:0,0.0,0.0,0.0,-4.437,-3.262,-9.0,4.437,3.262,1.1750000000000003
marker:0,0.0,0.0,0.0,-4.671,-3.494,-8.92,4.671,3.494,1.177
marker:0,0.0,0.0,0.0,-4.702,-3.522,-8.73,4.702,3.522,1.1800000000000002
marker:0,0.0,0.0,0.0,-3.766,-2.583,-8.56,3.766,2.583,1.1829999999999998
marker:0,0.0,0.0,0.0,-3.406,-2.211,-8.03,3.406,2.211,1.1950000000000003
marker:0,0.0,0.0,0.0,-3.607,-2.41,-7.86,3.607,2.41,1.197
marker:0,0.0,0.0,0.0,-3.822,-2.621,-7.62,3.822,2.621,1.201
marker:0,0.0,0.0,0.0,-3.817,-2.611,-7.47,3.817,2.611,1.206
marker:0,0.0,0.0,0.0,-4.036,-2.826,-7.29,4.036,2.826,1.2099999999999995
marker:0,0.0,0.0,0.0,-3.589,-2.373,-6.95,3.589,2.373,1.2159999999999997
marker:0,0.0,0.0,0.0,-3.661,-2.442,-6.73,3.661,2.442,1.2189999999999999
marker:0,0.0,0.0,0.0,-3.61,-2.377,-6.12,3.61,2.377,1.233
marker:0,0.0,0.0,0.0,-3.993,-2.748,-5.57,3.993,2.748,1.2449999999999997
marker:0,0.0,0.0,0.0,-3.314,-2.063,-5.07,3.314,2.063,1.251
marker:0,0.0,0.0,0.0,-3.274,-2.017,-4.96,3.274,2.017,1.2570000000000001
marker:0,0.0,0.0,0.0,-3.368,-2.106,-4.74,3.368,2.106,1.262
marker:0,0.0,0.0,0.0,-2.934,-1.661,-4.2,2.934,1.661,1.2730000000000001
marker:0,0.0,0.0,0.0,-2.469,-1.192,-3.99,2.469,1.192,1.277
marker:0,0.0,0.0,0.0,-3.951,-2.647,-2.64,3.951,2.647,1.3040000000000003
marker:0,0.0,0.0,0.0,-4.122,-2.814,-2.46,4.122,2.814,1.3079999999999998
marker:0,0.0,0.0,0.0,-2.712,-1.401,-2.29,2.712,1.401,1.3110000000000002
marker:0,0.0,0.0,0.0,-2.753,-1.44,-2.24,2.753,1.44,1.3130000000000002
marker:0,0.0,0.0,0.0,-2.789,-1.476,-2.18,2.789,1.476,1.3130000000000002
marker:0,0.0,0.0,0.0,-2.557,-1.244,-2.24,2.557,1.244,1.313
marker:0,0.0,0.0,0.0,-2.196,-0.885,-2.28,2.196,0.885,1.3110000000000002
marker:0,0.0,0.0,0.0,-2.752,-1.439,-2.17,2.752,1.439,1.3129999999999997
marker:0,0.0,0.0,0.0,-2.795,-1.476,-1.92,2.795,1.476,1.319
marker:0,0.0,0.0,0.0,-2.86,-1.533,-1.56,2.86,1.533,1.327
marker:0,0.0,0.0,0.0,-2.213,-0.859,-1.13,2.213,0.859,1.354
marker:0,0.0,0.0,0.0,-2.185,-0.714,-0.84,2.185,0.714,1.471
marker:0,0.0,0.0,0.0,-1.798,-0.244,-0.55,1.798,0.244,1.554
marker:0,0.0,0.0,0.0,-1.939,-0.379,-0.5,1.939,0.379,1.56
marker:0,0.0,0.0,0.0,-1.916,-0.404,-0.7,1.916,0.404,1.512
marker:0,0.0,0.0,0.0,-1.943,-0.446,-0.75,1.943,0.446,1.497
marker:0,0.0,0.0,0.0,-1.932,-0.28,-0.21,1.932,0.28,1.652
marker:0,0.0,0.0,0.0,-1.527,0.401,0.75,1.527,0.401,1.126
marker:0,0.0,0.0,0.0,-2.37,-0.32,1.18,2.37,0.32,2.0500000000000003
marker:0,0.0,0.0,0.0,-2.656,-0.511,1.51,2.656,0.511,2.145
marker:0,0.0,0.0,0.0,-2.704,-0.505,1.7,2.704,0.505,2.1990000000000003
marker:0,0.0,0.0,0.0,-2.61,-0.394,1.74,2.61,0.394,2.2159999999999997
marker:0,0.0,0.0,0.0,-2.871,-0.7,1.54,2.871,0.7,2.1710000000000003
marker:0,0.0,0.0,0.0,-2.913,-0.851,1.22,2.913,0.851,2.062
marker:0,0.0,0.0,0.0,-2.85,-0.834,1.06,2.85,0.834,2.016
marker:0,0.0,0.0,0.0,-2.704,-0.725,0.93,2.704,0.725,1.979
marker:0,0.0,0.0,0.0,-2.497,-0.546,0.83,2.497,0.546,1.9509999999999998
marker:0,0.0,0.0,0.0,-2.492,-0.541,0.83,2.492,0.541,1.951
marker:0,0.0,0.0,0.0,-2.46,-0.498,0.87,2.46,0.498,1.962
marker:0,0.0,0.0,0.0,-2.485,-0.446,1.14,2.485,0.446,2.0389999999999997
marker:0,0.0,0.0,0.0,-2.624,-0.539,1.3,2.624,0.539,2.085
marker:0,0.0,0.0,0.0,-2.679,-0.525,1.54,2.679,0.525,2.154
marker:0,0.0,0.0,0.0,-1.205,0.963,1.59,1.205,0.963,0.2420000000000001
marker:0,0.0,0.0,0.0,-1.293,0.876,1.59,1.293,0.876,0.4169999999999999
marker:0,0.0,0.0,0.0,-1.302,0.866,1.59,1.302,0.866,0.43600000000000005
marker:0,0.0,0.0,0.0,-1.516,0.652,1.59,1.516,0.652,0.864
marker:0,0.0,0.0,0.0,-1.454,0.969,2.48,1.454,0.969,0.485
marker:0,0.0,0.0,0.0,-1.504,0.936,2.54,1.504,0.936,0.568
marker:0,0.0,0.0,0.0,-1.665,0.787,2.58,1.665,0.787,0.878
marker:0,0.0,0.0,0.0,-2.015,0.437,2.58,2.015,0.437,1.578
marker:0,0.0,0.0,0.0,-2.089,0.32,2.58,2.089,0.32,1.769
marker:0,0.0,0.0,0.0,-2.248,0.181,2.5,2.248,0.181,2.067
marker:0,0.0,0.0,0.0,-2.279,0.124,2.41,2.279,0.124,2.155
marker:0,0.0,0.0,0.0,-1.979,0.398,2.32,1.979,0.398,1.581
marker:0,0.0,0.0,0.0,-2.074,0.269,2.2,2.074,0.269,1.8049999999999997
marker:0,0.0,0.0,0.0,-2.128,0.2,2.15,2.128,0.2,1.9280000000000002
marker:0,0.0,0.0,0.0,-2.202,0.106,2.08,2.202,0.106,2.096
marker:0,0.0,0.0,0.0,-2.211,0.089,2.05,2.211,0.089,2.122
marker:0,0.0,0.0,0.0,-2.215,0.079,2.03,2.215,0.079,2.1359999999999997
marker:0,0.0,0.0,0.0,-2.265,0.032,2.05,2.265,0.032,2.233
marker:0,0.0,0.0,0.0,-2.321,-0.024,2.05,2.321,0.024,2.297
marker:0,0.0,0.0,0.0,-2.359,-0.053,2.07,2.359,0.053,2.306
marker:0,0.0,0.0,0.0,-2.342,-0.037,2.07,2.342,0.037,2.305
marker:0,0.0,0.0,0.0,-2.303,0.006,2.08,2.303,0.006,2.297
marker:0,0.0,0.0,0.0,-2.278,0.022,2.05,2.278,0.022,2.2560000000000002
marker:0,0.0,0.0,0.0,-2.278,-0.006,1.94,2.278,0.006,2.2720000000000002
marker:0,0.0,0.0,0.0,-2.232,0.037,1.93,2.232,0.037,2.1950000000000003
marker:0,0.0,0.0,0.0,-2.282,-0.045,1.78,2.282,0.045,2.237
marker:0,0.0,0.0,0.0,-2.329,-0.146,1.64,2.329,0.146,2.1830000000000003
marker:0,0.0,0.0,0.0,-2.368,-0.217,1.53,2.368,0.217,2.151
marker:0,0.0,0.0,0.0,-1.534,0.619,1.54,1.534,0.619,0.915
marker:0,0.0,0.0,0.0,-1.526,0.677,1.71,1.526,0.677,0.849
marker:0,0.0,0.0,0.0,-1.923,0.488,2.01,1.923,0.488,1.435
marker:0,0.0,0.0,0.0,-1.849,0.477,2.14,1.849,0.477,1.3719999999999999
marker:0,0.0,0.0,0.0,-1.828,0.507,2.17,1.828,0.507,1.3210000000000002
marker:0,0.0,0.0,0.0,-1.933,0.367,2.05,1.933,0.367,1.566
marker:0,0.0,0.0,0.0,-1.915,0.325,1.8,1.915,0.325,1.59
marker:0,0.0,0.0,0.0,-1.951,0.214,1.58,1.951,0.214,1.737
marker:0,0.0,0.0,0.0,-1.968,0.117,1.3,1.968,0.117,1.851
marker:0,0.0,0.0,0.0,-1.961,0.112,1.26,1.961,0.112,1.849
marker:0,0.0,0.0,0.0,-2.066,-0.004,1.22,2.066,0.004,2.062
marker:0,0.0,0.0,0.0,-1.854,0.196,1.18,1.854,0.196,1.6580000000000001
marker:0,0.0,0.0,0.0,-1.879,0.148,1.1,1.879,0.148,1.731
marker:0,0.0,0.0,0.0,-1.875,0.144,1.07,1.875,0.144,1.731
marker:0,0.0,0.0,0.0,-1.859,0.108,0.89,1.859,0.108,1.751
marker:0,0.0,0.0,0.0,-1.798,0.127,0.74,1.798,0.127,1.671
marker:0,0.0,0.0,0.0,-1.738,0.154,0.56,1.738,0.154,1.584
marker:0,0.0,0.0,0.0,-1.657,0.19,0.45,1.657,0.19,1.467
marker:0,0.0,0.0,0.0,-1.586,0.224,0.34,1.586,0.224,1.362
marker:0,0.0,0.0,0.0,-2.573,-0.769,0.32,2.573,0.769,1.8039999999999998
marker:0,0.0,0.0,0.0,-2.646,-0.836,0.34,2.646,0.836,1.81
marker:0,0.0,0.0,0.0,-2.845,-1.027,0.37,2.845,1.027,1.8180000000000003
marker:0,0.0,0.0,0.0,-3.007,-1.183,0.39,3.007,1.183,1.824
marker:0,0.0,0.0,0.0,-3.103,-1.279,0.39,3.103,1.279,1.8240000000000003
marker:0,0.0,0.0,0.0,-3.224,-1.4,0.39,3.224,1.4,1.8240000000000003
marker:0,0.0,0.0,0.0,-3.208,-1.378,0.42,3.208,1.378,1.8300000000000003
marker:0,0.0,0.0,0.0,-3.188,-1.346,0.51,3.188,1.346,1.842
marker:0,0.0,0.0,0.0,-3.109,-1.227,0.62,3.109,1.227,1.882
marker:0,0.0,0.0,0.0,-3.105,-1.18,0.74,3.105,1.18,1.925
marker:0,0.0,0.0,0.0,-2.553,-0.594,0.86,2.553,0.594,1.959
marker:0,0.0,0.0,0.0,-2.501,-0.522,0.93,2.501,0.522,1.9789999999999999
marker:0,0.0,0.0,0.0,-2.579,-0.606,0.91,2.579,0.606,1.9730000000000003
marker:0,0.0,0.0,0.0,-2.732,-0.813,0.72,2.732,0.813,1.9190000000000003
marker:0,0.0,0.0,0.0,-2.8,-0.936,0.53,2.8,0.936,1.8639999999999999
marker:0,0.0,0.0,0.0,-2.782,-0.953,0.41,2.782,0.953,1.8290000000000002
marker:0,0.0,0.0,0.0,-2.771,-0.964,0.35,2.771,0.964,1.807
marker:0,0.0,0.0,0.0,-2.723,-0.867,0.5,2.723,0.867,1.8559999999999999
marker:0,0.0,0.0,0.0,-2.664,-0.789,0.57,2.664,0.789,1.875
marker:0,0.0,0.0,0.0,-2.551,-0.641,0.69,2.551,0.641,1.9100000000000001
marker:0,0.0,0.0,0.0,-2.494,-0.575,0.72,2.494,0.575,1.9190000000000003
marker:0,0.0,0.0,0.0,-2.405,-0.515,0.61,2.405,0.515,1.8899999999999997
marker:0,0.0,0.0,0.0,-2.317,-0.459,0.51,2.317,0.459,1.858
marker:0,0.0,0.0,0.0,-2.322,-0.509,0.35,2.322,0.509,1.8130000000000002
marker:0,0.0,0.0,0.0,-2.465,-0.73,0.08,2.465,0.73,1.7349999999999999
marker:0,0.0,0.0,0.0,-2.394,-0.713,-0.11,2.394,0.713,1.681
marker:0,0.0,0.0,0.0,-2.336,-0.672,-0.17,2.336,0.672,1.6639999999999997
marker:0,0.0,0.0,0.0,-2.394,-0.728,-0.16,2.394,0.728,1.6660000000000001
marker:0,0.0,0.0,0.0,-2.329,-0.597,0.2,2.329,0.597,1.7320000000000002
marker:0,0.0,0.0,0.0,-2.35,-0.526,0.39,2.35,0.526,1.824
marker:0,0.0,0.0,0.0,-2.331,-0.4,0.76,2.331,0.4,1.931
marker:0,0.0,0.0,0.0,-2.41,-0.425,0.95,2.41,0.425,1.985
marker:0,0.0,0.0,0.0,-2.445,-0.446,1.0,2.445,0.446,1.9989999999999999
marker:0,0.0,0.0,0.0,-2.443,-0.435,1.02,2.443,0.435,2.008
marker:0,0.0,0.0,0.0,-2.568,-0.572,0.99,2.568,0.572,1.996
marker:0,0.0,0.0,0.0,-2.293,-0.352,0.8,2.293,0.352,1.9410000000000003
marker:0,0.0,0.0,0.0,-2.269,-0.373,0.64,2.269,0.373,1.8960000000000001
marker:0,0.0,0.0,0.0,-2.297,-0.435,0.52,2.297,0.435,1.862
marker:0,0.0,0.0,0.0,-2.253,-0.426,0.39,2.253,0.426,1.8270000000000002
marker:0,0.0,0.0,0.0,-1.848,-0.009,0.44,1.848,0.009,1.8390000000000002
marker:0,0.0,0.0,0.0,-1.772,0.098,0.55,1.772,0.098,1.674
marker:0,0.0,0.0,0.0,-1.791,0.105,0.7,1.791,0.105,1.686
marker:0,0.0,0.0,0.0,-1.704,0.249,0.88,1.704,0.249,1.455
marker:0,0.0,0.0,0.0,-1.571,0.431,1.04,1.571,0.431,1.14
marker:0,0.0,0.0,0.0,-1.649,0.355,1.02,1.649,0.355,1.294
marker:0,0.0,0.0,0.0,-1.609,0.35,0.86,1.609,0.35,1.259
marker:0,0.0,0.0,0.0,-1.735,0.155,0.62,1.735,0.155,1.58
marker:0,0.0,0.0,0.0,-1.95,-0.117,0.42,1.95,0.117,1.833
marker:0,0.0,0.0,0.0,-1.848,-0.053,0.28,1.848,0.053,1.7950000000000002
marker:0,0.0,0.0,0.0,-1.841,-0.02,0.38,1.841,0.02,1.821
marker:0,0.0,0.0,0.0,-2.495,-0.553,0.8,2.495,0.553,1.9420000000000002
marker:0,0.0,0.0,0.0,-2.502,-0.508,0.98,2.502,0.508,1.9939999999999998
marker:0,0.0,0.0,0.0,-2.542,-0.474,1.24,2.542,0.474,2.0679999999999996
marker:0,0.0,0.0,0.0,-2.531,-0.515,1.06,2.531,0.515,2.016
marker:0,0.0,0.0,0.0,-2.222,-0.277,0.81,2.222,0.277,1.9449999999999998
marker:0,0.0,0.0,0.0,-2.155,-0.25,0.63,2.155,0.25,1.9049999999999998
marker:0,0.0,0.0,0.0,-2.164,-0.282,0.59,2.164,0.282,1.8820000000000001
marker:0,0.0,0.0,0.0,-2.13,-0.226,0.67,2.13,0.226,1.904
marker:0,0.0,0.0,0.0,-2.18,-0.204,0.92,2.18,0.204,1.9760000000000002
marker:0,0.0,0.0,0.0,-2.321,-0.261,1.21,2.321,0.261,2.06
marker:0,0.0,0.0,0.0,-1.545,0.514,1.21,1.545,0.514,1.031
marker:0,0.0,0.0,0.0,-1.737,0.299,1.13,1.737,0.299,1.4380000000000002
marker:0,0.0,0.0,0.0,-1.811,0.185,0.99,1.811,0.185,1.626
marker:0,0.0,0.0,0.0,-1.988,0.177,0.59,1.988,0.177,1.811
marker:0,0.0,0.0,0.0,-1.797,0.162,0.86,1.797,0.162,1.635
marker:0,0.0,0.0,0.0,-2.492,-0.461,1.11,2.492,0.461,2.031
marker:0,0.0,0.0,0.0,-2.549,-0.478,1.27,2.549,0.478,2.0709999999999997
marker:0,0.0,0.0,0.0,-2.835,-0.767,1.24,2.835,0.767,2.068
marker:0,0.0,0.0,0.0,-2.723,-0.681,1.15,2.723,0.681,2.042
marker:0,0.0,0.0,0.0,-2.713,-0.731,0.94,2.713,0.731,1.9820000000000002
marker:0,0.0,0.0,0.0,-2.687,-0.797,0.62,2.687,0.797,1.8899999999999997
marker:0,0.0,0.0,0.0,-2.551,-0.675,0.57,2.551,0.675,1.8760000000000001
marker:0,0.0,0.0,0.0,-2.41,-0.532,0.58,2.41,0.532,1.8780000000000001
marker:0,0.0,0.0,0.0,-2.409,-0.501,0.73,2.409,0.501,1.908
marker:0,0.0,0.0,0.0,-1.302,0.665,0.95,1.302,0.665,0.637
marker:0,0.0,0.0,0.0,-1.396,0.643,1.18,1.396,0.643,0.7529999999999999
marker:0,0.0,0.0,0.0,-2.449,-0.33,1.42,2.449,0.33,2.1189999999999998
marker:0,0.0,0.0,0.0,-2.511,-0.38,1.46,2.511,0.38,2.1310000000000002
marker:0,0.0,0.0,0.0,-2.626,-0.521,1.37,2.626,0.521,2.105
marker:0,0.0,0.0,0.0,-2.923,-0.869,1.19,2.923,0.869,2.0540000000000003
marker:0,0.0,0.0,0.0,-2.93,-0.968,0.87,2.93,0.968,1.9620000000000002
marker:0,0.0,0.0,0.0,-2.848,-0.929,0.72,2.848,0.929,1.9189999999999998
marker:0,0.0,0.0,0.0,-2.863,-1.005,0.51,2.863,1.005,1.858
marker:0,0.0,0.0,0.0,-2.847,-1.011,0.41,2.847,1.011,1.836
marker:0,0.0,0.0,0.0,-2.861,-1.025,0.43,2.861,1.025,1.8360000000000003
marker:0,0.0,0.0,0.0,-2.743,-0.899,0.46,2.743,0.899,1.8439999999999999
marker:0,0.0,0.0,0.0,-2.671,-0.804,0.54,2.671,0.804,1.8669999999999998
marker:0,0.0,0.0,0.0,-2.595,-0.708,0.61,2.595,0.708,1.8870000000000002
marker:0,0.0,0.0,0.0,-1.148,0.785,0.77,1.148,0.785,0.3629999999999999
marker:0,0.0,0.0,0.0,-1.273,0.66,0.77,1.273,0.66,0.6129999999999999
marker:0,0.0,0.0,0.0,-1.256,0.657,0.65,1.256,0.657,0.599
marker:0,0.0,0.0,0.0,-1.341,0.495,0.43,1.341,0.495,0.846
marker:0,0.0,0.0,0.0,-1.784,-0.003,0.24,1.784,0.003,1.7810000000000001
marker:0,0.0,0.0,0.0,-1.787,-0.037,0.13,1.787,0.037,1.75
marker:0,0.0,0.0,0.0,-2.634,-0.899,0.08,2.634,0.899,1.7349999999999999
marker:0,0.0,0.0,0.0,-2.593,-0.826,0.22,2.593,0.826,1.767
marker:0,0.0,0.0,0.0,-2.528,-0.721,0.33,2.528,0.721,1.807
marker:0,0.0,0.0,0.0,-2.439,-0.572,0.6,2.439,0.572,1.867
marker:0,0.0,0.0,0.0,-2.32,-0.427,0.63,2.32,0.427,1.8929999999999998
marker:0,0.0,0.0,0.0,-2.245,-0.309,0.78,2.245,0.309,1.9360000000000002
marker:0,0.0,0.0,0.0,-2.189,-0.227,0.87,2.189,0.227,1.962
marker:0,0.0,0.0,0.0,-2.222,-0.241,0.94,2.222,0.241,1.9809999999999999
marker:0,0.0,0.0,0.0,-2.311,-0.298,1.05,2.311,0.298,2.013
marker:0,0.0,0.0,0.0,-2.057,-0.02,1.13,2.057,0.02,2.037
marker:0,0.0,0.0,0.0,-2.252,-0.213,1.14,2.252,0.213,2.0389999999999997
marker:0,0.0,0.0,0.0,-2.748,-0.704,1.16,2.748,0.704,2.0440000000000005
marker:0,0.0,0.0,0.0,-2.852,-0.808,1.16,2.852,0.808,2.0439999999999996
marker:0,0.0,0.0,0.0,-2.71,-0.677,1.12,2.71,0.677,2.033
marker:0,0.0,0.0,0.0,-2.701,-0.676,1.09,2.701,0.676,2.025
marker:0,0.0,0.0,0.0,-2.116,-0.111,1.02,2.116,0.111,2.005
marker:0,0.0,0.0,0.0,-2.269,-0.279,0.96,2.269,0.279,1.9900000000000002
marker:0,0.0,0.0,0.0,-1.856,0.135,0.96,1.856,0.135,1.721
marker:0,0.0,0.0,0.0,-1.734,0.257,0.97,1.734,0.257,1.4769999999999999
marker:0,0.0,0.0,0.0,-2.122,-0.123,1.0,2.122,0.123,1.9989999999999999
marker:0,0.0,0.0,0.0,-1.2,0.813,1.05,1.2,0.813,0.387
marker:0,0.0,0.0,0.0,-1.173,0.808,0.94,1.173,0.808,0.365
marker:0,0.0,0.0,0.0,-1.162,0.797,0.86,1.162,0.797,0.3649999999999999
marker:0,0.0,0.0,0.0,-1.983,-0.047,0.78,1.983,0.047,1.9360000000000002
marker:0,0.0,0.0,0.0,-2.426,-0.539,0.61,2.426,0.539,1.887
marker:0,0.0,0.0,0.0,-2.168,-0.301,0.54,2.168,0.301,1.8670000000000002
marker:0,0.0,0.0,0.0,-2.08,-0.227,0.51,2.08,0.227,1.853
marker:0,0.0,0.0,0.0,-1.578,0.295,0.56,1.578,0.295,1.2830000000000001
marker:0,0.0,0.0,0.0,-1.973,-0.051,0.73,1.973,0.051,1.9220000000000002
marker:0,0.0,0.0,0.0,-2.006,-0.03,0.92,2.006,0.03,1.9759999999999998
marker:0,0.0,0.0,0.0,-1.712,0.353,1.23,1.712,0.353,1.359
marker:0,0.0,0.0,0.0,-2.364,-0.242,1.48,2.364,0.242,2.122
marker:0,0.0,0.0,0.0,-2.388,-0.22,1.59,2.388,0.22,2.1679999999999997
marker:0,0.0,0.0,0.0,-1.669,0.516,1.67,1.669,0.516,1.153
marker:0,0.0,0.0,0.0,-1.493,0.698,1.67,1.493,0.698,0.7950000000000002
marker:0,0.0,0.0,0.0,-1.579,0.618,1.69,1.579,0.618,0.961
marker:0,0.0,0.0,0.0,-1.657,0.536,1.7,1.657,0.536,1.121
marker:0,0.0,0.0,0.0,-1.819,0.407,1.79,1.819,0.407,1.412
marker:0,0.0,0.0,0.0,-2.084,0.156,1.84,2.084,0.156,1.9280000000000002
marker:0,0.0,0.0,0.0,-2.712,-0.438,1.96,2.712,0.438,2.274
marker:0,0.0,0.0,0.0,-1.843,0.44,1.99,1.843,0.44,1.403
marker:0,0.0,0.0,0.0,-1.827,0.459,1.95,1.827,0.459,1.3679999999999999
marker:0,0.0,0.0,0.0,-2.324,-0.056,1.89,2.324,0.056,2.268
marker:0,0.0,0.0,0.0,-2.395,-0.19,1.69,2.395,0.19,2.205
marker:0,0.0,0.0,0.0,-2.253,-0.096,1.51,2.253,0.096,2.157
marker:0,0.0,0.0,0.0,-2.113,-0.011,1.36,2.113,0.011,2.102
marker:0,0.0,0.0,0.0,-2.516,-0.428,1.28,2.516,0.428,2.088
marker:0,0.0,0.0,0.0,-2.758,-0.719,1.14,2.758,0.719,2.039
marker:0,0.0,0.0,0.0,-2.709,-0.696,1.05,2.709,0.696,2.013
marker:0,0.0,0.0,0.0,-1.492,0.513,0.98,1.492,0.513,0.979
marker:0,0.0,0.0,0.0,-1.402,0.586,0.96,1.402,0.586,0.816
marker:0,0.0,0.0,0.0,-1.299,0.7,1.04,1.299,0.7,0.599
marker:0,0.0,0.0,0.0,-1.275,0.732,1.07,1.275,0.732,0.5429999999999999
marker:0,0.0,0.0,0.0,-1.313,0.769,1.29,1.313,0.769,0.5439999999999999
marker:0,0.0,0.0,0.0,-1.296,0.844,1.49,1.296,0.844,0.45200000000000007
marker:0,0.0,0.0,0.0,-1.541,0.598,1.47,1.541,0.598,0.943
marker:0,0.0,0.0,0.0,-1.605,0.518,1.43,1.605,0.518,1.087
marker:0,0.0,0.0,0.0,-1.539,0.563,1.36,1.539,0.563,0.976
marker:0,0.0,0.0,0.0,-1.536,0.543,1.28,1.536,0.543,0.993
marker:0,0.0,0.0,0.0,-2.025,0.088,1.4,2.025,0.088,1.9369999999999998
marker:0,0.0,0.0,0.0,-2.223,-0.055,1.59,2.223,0.055,2.1679999999999997
marker:0,0.0,0.0,0.0,-1.167,1.09,1.9,1.167,1.09,0.07699999999999996
marker:0,0.0,0.0,0.0,-1.258,1.02,1.97,1.258,1.02,0.238
marker:0,0.0,0.0,0.0,-1.199,1.075,1.96,1.199,1.075,0.12400000000000011
marker:0,0.0,0.0,0.0,-1.13,1.13,1.91,1.13,1.13,0.0
marker:0,0.0,0.0,0.0,-1.586,0.616,1.71,1.586,0.616,0.9700000000000001
marker:0,0.0,0.0,0.0,-1.289,0.853,1.5,1.289,0.853,0.43599999999999994
marker:0,0.0,0.0,0.0,-1.29,0.807,1.34,1.29,0.807,0.483
marker:0,0.0,0.0,0.0,-2.424,-0.374,1.18,2.424,0.374,2.05
marker:0,0.0,0.0,0.0,-2.336,-0.334,1.01,2.336,0.334,2.002
marker:0,0.0,0.0,0.0,-2.273,-0.28,0.98,2.273,0.28,1.993
marker:0,0.0,0.0,0.0,-2.09,-0.082,1.03,2.09,0.082,2.008
marker:0,0.0,0.0,0.0,-1.619,0.391,1.04,1.619,0.391,1.228
marker:0,0.0,0.0,0.0,-2.27,-0.226,1.16,2.27,0.226,2.044
marker:0,0.0,0.0,0.0,-1.389,0.661,1.2,1.389,0.661,0.728
marker:0,0.0,0.0,0.0,-1.42,0.637,1.2,1.42,0.637,0.7829999999999999
marker:0,0.0,0.0,0.0,-1.401,0.635,1.13,1.401,0.635,0.766
marker:0,0.0,0.0,0.0,-1.902,0.102,1.02,1.902,0.102,1.7999999999999998
marker:0,0.0,0.0,0.0,-2.164,-0.191,0.91,2.164,0.191,1.973
marker:0,0.0,0.0,0.0,-2.154,-0.195,0.85,2.154,0.195,1.9589999999999999
marker:0,0.0,0.0,0.0,-2.154,-0.19,0.88,2.154,0.19,1.964
marker:0,0.0,0.0,0.0,-1.123,0.882,1.02,1.123,0.882,0.241
marker:0,0.0,0.0,0.0,-1.631,0.434,1.23,1.631,0.434,1.197
marker:0,0.0,0.0,0.0,-2.458,-0.353,1.37,2.458,0.353,2.1050000000000004
marker:0,0.0,0.0,0.0,-2.428,-0.308,1.42,2.428,0.308,2.12
marker:0,0.0,0.0,0.0,-1.466,0.691,1.55,1.466,0.691,0.775
marker:0,0.0,0.0,0.0,-1.278,0.921,1.7,1.278,0.921,0.357
marker:0,0.0,0.0,0.0,-2.383,-0.152,1.81,2.383,0.152,2.231
marker:0,0.0,0.0,0.0,-2.394,-0.151,1.85,2.394,0.151,2.2430000000000003
marker:0,0.0,0.0,0.0,-2.584,-0.375,1.73,2.584,0.375,2.209
marker:0,0.0,0.0,0.0,-2.041,0.121,1.57,2.041,0.121,1.92
marker:0,0.0,0.0,0.0,-2.075,0.048,1.43,2.075,0.048,2.027
marker:0,0.0,0.0,0.0,-1.412,0.662,1.26,1.412,0.662,0.7499999999999999
marker:0,0.0,0.0,0.0,-2.206,-0.161,1.16,2.206,0.161,2.045
marker:0,0.0,0.0,0.0,-2.665,-0.632,1.12,2.665,0.632,2.033
marker:0,0.0,0.0,0.0,-2.534,-0.492,1.15,2.534,0.492,2.042
marker:0,0.0,0.0,0.0,-1.503,0.559,1.22,1.503,0.559,0.9439999999999998
marker:0,0.0,0.0,0.0,-2.337,-0.261,1.27,2.337,0.261,2.076
marker:0,0.0,0.0,0.0,-2.263,-0.161,1.36,2.263,0.161,2.102
marker:0,0.0,0.0,0.0,-0.937,1.168,1.37,0.937,1.168,-0.23099999999999987
marker:0,0.0,0.0,0.0,-2.399,-0.332,1.21,2.399,0.332,2.067
marker:0,0.0,0.0,0.0,-2.38,-0.367,1.05,2.38,0.367,2.013
marker:0,0.0,0.0,0.0,-2.25,-0.311,0.79,2.25,0.311,1.939
marker:0,0.0,0.0,0.0,-2.396,-0.501,0.57,2.396,0.501,1.895
marker:0,0.0,0.0,0.0,-2.465,-0.601,0.52,2.465,0.601,1.8639999999999999
marker:0,0.0,0.0,0.0,-2.488,-0.61,0.58,2.488,0.61,1.8780000000000001
marker:0,0.0,0.0,0.0,-1.51,0.406,0.71,1.51,0.406,1.104
marker:0,0.0,0.0,0.0,-1.444,0.555,1.0,1.444,0.555,0.8889999999999999
marker:0,0.0,0.0,0.0,-2.155,-0.059,1.34,2.155,0.059,2.0959999999999996
marker:0,0.0,0.0,0.0,-2.288,-0.137,1.53,2.288,0.137,2.151
marker:0,0.0,0.0,0.0,-2.34,-0.137,1.71,2.34,0.137,2.203
marker:0,0.0,0.0,0.0,-1.533,0.693,1.79,1.533,0.693,0.84
marker:0,0.0,0.0,0.0,-2.567,-0.405,1.57,2.567,0.405,2.162
marker:0,0.0,0.0,0.0,-2.192,-0.101,1.32,2.192,0.101,2.091
marker:0,0.0,0.0,0.0,-2.226,-0.155,1.25,2.226,0.155,2.071
marker:0,0.0,0.0,0.0,-2.75,-0.708,1.15,2.75,0.708,2.042
marker:0,0.0,0.0,0.0,-2.684,-0.636,1.22,2.684,0.636,2.048
marker:0,0.0,0.0,0.0,-2.595,-0.512,1.29,2.595,0.512,2.083
marker:0,0.0,0.0,0.0,-2.695,-0.573,1.43,2.695,0.573,2.122
marker:0,0.0,0.0,0.0,-2.319,-0.168,1.53,2.319,0.168,2.151
marker:0,0.0,0.0,0.0,-2.425,-0.277,1.52,2.425,0.277,2.1479999999999997
marker:0,0.0,0.0,0.0,-2.559,-0.434,1.44,2.559,0.434,2.125
marker:0,0.0,0.0,0.0,-2.519,-0.445,1.26,2.519,0.445,2.0740000000000003
marker:0,0.0,0.0,0.0,-2.622,-0.586,1.08,2.622,0.586,2.036
marker:0,0.0,0.0,0.0,-2.565,-0.603,0.87,2.565,0.603,1.962
marker:0,0.0,0.0,0.0,-2.341,-0.4,0.76,2.341,0.4,1.9410000000000003
marker:0,0.0,0.0,0.0,-2.308,-0.398,0.68,2.308,0.398,1.9099999999999997
marker:0,0.0,0.0,0.0,-2.153,-0.252,0.66,2.153,0.252,1.901
marker:0,0.0,0.0,0.0,-2.335,-0.431,0.67,2.335,0.431,1.904
marker:0,0.0,0.0,0.0,-2.296,-0.386,0.69,2.296,0.386,1.9099999999999997
marker:0,0.0,0.0,0.0,-2.278,-0.354,0.74,2.278,0.354,1.924
marker:0,0.0,0.0,0.0,-2.222,-0.292,0.76,2.222,0.292,1.93
marker:0,0.0,0.0,0.0,-2.363,-0.419,0.81,2.363,0.419,1.944
marker:0,0.0,0.0,0.0,-2.393,-0.434,0.86,2.393,0.434,1.9589999999999999
marker:0,0.0,0.0,0.0,-2.448,-0.481,0.89,2.448,0.481,1.967
marker:0,0.0,0.0,0.0,-2.68,-0.704,0.92,2.68,0.704,1.9760000000000002
marker:0,0.0,0.0,0.0,-2.735,-0.742,0.98,2.735,0.742,1.9929999999999999
marker:0,0.0,0.0,0.0,-2.467,-0.445,1.08,2.467,0.445,2.0220000000000002
marker:0,0.0,0.0,0.0,-2.262,-0.235,1.11,2.262,0.235,2.027
marker:0,0.0,0.0,0.0,-2.499,-0.471,1.1,2.499,0.471,2.028
marker:0,0.0,0.0,0.0,-2.388,-0.372,1.06,2.388,0.372,2.016
marker:0,0.0,0.0,0.0,-1.883,0.125,1.03,1.883,0.125,1.758
marker:0,0.0,0.0,0.0,-1.912,0.101,1.05,1.912,0.101,1.811
marker:0,0.0,0.0,0.0,-1.926,0.087,1.05,1.926,0.087,1.839
marker:0,0.0,0.0,0.0,-2.531,-0.512,1.1,2.531,0.512,2.019
marker:0,0.0,0.0,0.0,-2.59,-0.557,1.12,2.59,0.557,2.033
marker:0,0.0,0.0,0.0,-2.623,-0.567,1.2,2.623,0.567,2.056
marker:0,0.0,0.0,0.0,-2.295,-0.227,1.24,2.295,0.227,2.068
marker:0,0.0,0.0,0.0,-2.687,-0.625,1.22,2.687,0.625,2.062
marker:0,0.0,0.0,0.0,-2.834,-0.795,1.14,2.834,0.795,2.039
marker:0,0.0,0.0,0.0,-2.77,-0.748,1.08,2.77,0.748,2.0220000000000002
marker:0,0.0,0.0,0.0,-2.456,-0.472,0.95,2.456,0.472,1.984
marker:0,0.0,0.0,0.0,-2.314,-0.375,0.76,2.314,0.375,1.939
marker:0,0.0,0.0,0.0,-2.311,-0.407,0.67,2.311,0.407,1.904
marker:0,0.0,0.0,0.0,-2.273,-0.367,0.62,2.273,0.367,1.9060000000000001
marker:0,0.0,0.0,0.0,-2.269,-0.39,0.59,2.269,0.39,1.879
marker:0,0.0,0.0,0.0,-2.41,-0.534,0.57,2.41,0.534,1.8760000000000001
marker:0,0.0,0.0,0.0,-2.354,-0.481,0.57,2.354,0.481,1.8730000000000002
marker:0,0.0,0.0,0.0,-1.934,-0.052,0.59,1.934,0.052,1.882
marker:0,0.0,0.0,0.0,-2.475,-0.556,0.76,2.475,0.556,1.919
marker:0,0.0,0.0,0.0,-2.44,-0.486,0.84,2.44,0.486,1.954
marker:0,0.0,0.0,0.0,-2.496,-0.514,0.94,2.496,0.514,1.982
marker:0,0.0,0.0,0.0,-2.404,-0.422,0.94,2.404,0.422,1.982
marker:0,0.0,0.0,0.0,-2.487,-0.516,0.9,2.487,0.516,1.971
marker:0,0.0,0.0,0.0,-2.477,-0.516,0.86,2.477,0.516,1.9609999999999999
marker:0,0.0,0.0,0.0,-2.339,-0.406,0.75,2.339,0.406,1.9329999999999998
marker:0,0.0,0.0,0.0,-2.622,-0.687,0.77,2.622,0.687,1.9349999999999998
marker:0,0.0,0.0,0.0,-2.578,-0.628,0.83,2.578,0.628,1.9499999999999997
marker:0,0.0,0.0,0.0,-1.875,0.142,1.06,1.875,0.142,1.733
marker:0,0.0,0.0,0.0,-2.287,-0.228,1.21,2.287,0.228,2.0589999999999997
marker:0,0.0,0.0,0.0,-2.371,-0.248,1.5,2.371,0.248,2.123
marker:0,0.0,0.0,0.0,-2.526,-0.372,1.54,2.526,0.372,2.154
marker:0,0.0,0.0,0.0,-2.866,-0.696,1.6,2.866,0.696,2.17
marker:0,0.0,0.0,0.0,-2.664,-0.542,1.43,2.664,0.542,2.122
marker:0,0.0,0.0,0.0,-2.897,-0.841,1.2,2.897,0.841,2.056
marker:0,0.0,0.0,0.0,-2.628,-0.692,0.78,2.628,0.692,1.9360000000000002
marker:0,0.0,0.0,0.0,-2.841,-1.023,0.34,2.841,1.023,1.8180000000000003
marker:0,0.0,0.0,0.0,-2.476,-0.677,0.28,2.476,0.677,1.799
marker:0,0.0,0.0,0.0,-2.533,-0.749,0.3,2.533,0.749,1.7839999999999998
marker:0,0.0,0.0,0.0,-2.643,-0.816,0.44,2.643,0.816,1.827
marker:0,0.0,0.0,0.0,-2.417,-0.518,0.65,2.417,0.518,1.8989999999999998
marker:0,0.0,0.0,0.0,-2.416,-0.526,0.62,2.416,0.526,1.89
marker:0,0.0,0.0,0.0,-2.969,-1.105,0.53,2.969,1.105,1.8639999999999999
marker:0,0.0,0.0,0.0,-2.291,-0.447,0.38,2.291,0.447,1.8439999999999999
marker:0,0.0,0.0,0.0,-2.425,-0.675,0.13,2.425,0.675,1.7499999999999998
marker:0,0.0,0.0,0.0,-2.349,-0.674,-0.13,2.349,0.674,1.6750000000000003
marker:0,0.0,0.0,0.0,-2.294,-0.634,-0.18,2.294,0.634,1.6600000000000001
marker:0,0.0,0.0,0.0,-2.321,-0.611,-0.01,2.321,0.611,1.7100000000000002
marker:0,0.0,0.0,0.0,-2.372,-0.614,0.2,2.372,0.614,1.758
marker:0,0.0,0.0,0.0,-2.31,-0.461,0.58,2.31,0.461,1.849
marker:0,0.0,0.0,0.0,-2.054,-0.129,0.74,2.054,0.129,1.9249999999999998
marker:0,0.0,0.0,0.0,-2.131,-0.109,1.08,2.131,0.109,2.022
marker:0,0.0,0.0,0.0,-2.294,-0.192,1.36,2.294,0.192,2.102
marker:0,0.0,0.0,0.0,-2.615,-0.504,1.39,2.615,0.504,2.111
marker:0,0.0,0.0,0.0,-2.818,-0.739,1.28,2.818,0.739,2.079
marker:0,0.0,0.0,0.0,-2.547,-0.505,1.15,2.547,0.505,2.0420000000000003
marker:0,0.0,0.0,0.0,-2.505,-0.52,0.9,2.505,0.52,1.9849999999999999
marker:0,0.0,0.0,0.0,-2.45,-0.497,0.84,2.45,0.497,1.9530000000000003
marker:0,0.0,0.0,0.0,-2.435,-0.505,0.75,2.435,0.505,1.9300000000000002
marker:0,0.0,0.0,0.0,-2.686,-0.779,0.69,2.686,0.779,1.907
marker:0,0.0,0.0,0.0,-2.482,-0.589,0.63,2.482,0.589,1.8930000000000002
marker:0,0.0,0.0,0.0,-2.409,-0.556,0.49,2.409,0.556,1.8529999999999998
marker:0,0.0,0.0,0.0,-2.603,-0.787,0.31,2.603,0.787,1.8160000000000003
marker:0,0.0,0.0,0.0,-2.521,-0.743,0.23,2.521,0.743,1.778
marker:0,0.0,0.0,0.0,-2.485,-0.758,0.05,2.485,0.758,1.7269999999999999
marker:0,0.0,0.0,0.0,-2.435,-0.742,-0.07,2.435,0.742,1.693
marker:0,0.0,0.0,0.0,-2.326,-0.645,-0.11,2.326,0.645,1.681
marker:0,0.0,0.0,0.0,-2.351,-0.638,0.0,2.351,0.638,1.713
marker:0,0.0,0.0,0.0,-2.328,-0.57,0.16,2.328,0.57,1.758
marker:0,0.0,0.0,0.0,-2.062,-0.243,0.37,2.062,0.243,1.819
marker:0,0.0,0.0,0.0,-2.405,-0.558,0.47,2.405,0.558,1.8469999999999998
marker:0,0.0,0.0,0.0,-2.524,-0.662,0.52,2.524,0.662,1.862
marker:0,0.0,0.0,0.0,-2.672,-0.819,0.5,2.672,0.819,1.8530000000000002
marker:0,0.0,0.0,0.0,-2.801,-0.954,0.47,2.801,0.954,1.8470000000000002
marker:0,0.0,0.0,0.0,-2.777,-0.95,0.4,2.777,0.95,1.8270000000000002
marker:0,0.0,0.0,0.0,-2.73,-0.906,0.39,2.73,0.906,1.8239999999999998
marker:0,0.0,0.0,0.0,-2.416,-0.604,0.35,2.416,0.604,1.8119999999999998
marker:0,0.0,0.0,0.0,-2.349,-0.542,0.33,2.349,0.542,1.8070000000000002
marker:0,0.0,0.0,0.0,-2.351,-0.553,0.3,2.351,0.553,1.798
marker:0,0.0,0.0,0.0,-2.224,-0.44,0.25,2.224,0.44,1.7840000000000003
marker:0,0.0,0.0,0.0,-2.195,-0.423,0.21,2.195,0.423,1.7719999999999998
marker:0,0.0,0.0,0.0,-2.256,-0.501,0.15,2.256,0.501,1.755
marker:0,0.0,0.0,0.0,-2.591,-0.862,0.06,2.591,0.862,1.729
marker:0,0.0,0.0,0.0,-2.306,-0.588,0.02,2.306,0.588,1.718
marker:0,0.0,0.0,0.0,-2.183,-0.465,0.02,2.183,0.465,1.7179999999999997
marker:0,0.0,0.0,0.0,-2.108,-0.367,0.1,2.108,0.367,1.741
marker:0,0.0,0.0,0.0,-2.392,-0.608,0.25,2.392,0.608,1.7839999999999998
marker:0,0.0,0.0,0.0,-2.533,-0.686,0.47,2.533,0.686,1.847
marker:0,0.0,0.0,0.0,-1.999,-0.117,0.62,1.999,0.117,1.8820000000000001
marker:0,0.0,0.0,0.0,-2.261,-0.29,0.9,2.261,0.29,1.971
marker:0,0.0,0.0,0.0,-2.716,-0.763,0.84,2.716,0.763,1.9530000000000003
marker:0,0.0,0.0,0.0,-2.868,-0.972,0.69,2.868,0.972,1.896
marker:0,0.0,0.0,0.0,-2.882,-0.989,0.64,2.882,0.989,1.8930000000000002
marker:0,0.0,0.0,0.0,-2.932,-1.014,0.72,2.932,1.014,1.918
marker:0,0.0,0.0,0.0,-3.054,-1.072,1.0,3.054,1.072,1.9819999999999998
marker:0,0.0,0.0,0.0,-2.994,-0.96,1.15,2.994,0.96,2.0340000000000003
marker:0,0.0,0.0,0.0,-2.943,-0.884,1.18,2.943,0.884,2.059
marker:0,0.0,0.0,0.0,-2.925,-0.926,1.0,2.925,0.926,1.9989999999999997
marker:0,0.0,0.0,0.0,-2.812,-0.876,0.78,2.812,0.876,1.936
marker:0,0.0,0.0,0.0,-2.565,-0.634,0.76,2.565,0.634,1.931
marker:0,0.0,0.0,0.0,-2.561,-0.596,0.88,2.561,0.596,1.9649999999999999
marker:0,0.0,0.0,0.0,-2.56,-0.523,1.13,2.56,0.523,2.037
marker:0,0.0,0.0,0.0,-2.457,-0.2,1.9,2.457,0.2,2.2569999999999997
marker:0,0.0,0.0,0.0,-2.557,-0.246,2.09,2.557,0.246,2.311
marker:0,0.0,0.0,0.0,-2.783,-0.432,2.26,2.783,0.432,2.351
marker:0,0.0,0.0,0.0,-2.749,-0.389,2.25,2.749,0.389,2.3600000000000003
marker:0,0.0,0.0,0.0,-2.617,-0.172,2.2,2.617,0.172,2.445
marker:0,0.0,0.0,0.0,-2.669,-0.338,2.16,2.669,0.338,2.331
marker:0,0.0,0.0,0.0,-2.807,-0.513,2.03,2.807,0.513,2.294
marker:0,0.0,0.0,0.0,-2.904,-0.621,1.99,2.904,0.621,2.283
marker:0,0.0,0.0,0.0,-2.925,-0.637,2.01,2.925,0.637,2.288
marker:0,0.0,0.0,0.0,-4.465,-2.171,2.05,4.465,2.171,2.294
marker:0,0.0,0.0,0.0,-2.98,-0.68,2.05,2.98,0.68,2.3
marker:0,0.0,0.0,0.0,-2.904,-0.604,2.05,2.904,0.604,2.3
marker:0,0.0,0.0,0.0,-2.899,-0.493,2.42,2.899,0.493,2.406
marker:0,0.0,0.0,0.0,-2.48,-0.048,2.51,2.48,0.048,2.432
marker:0,0.0,0.0,0.0,-2.478,-0.055,2.48,2.478,0.055,2.423
marker:0,0.0,0.0,0.0,-2.525,-0.136,2.27,2.525,0.136,2.389
marker:0,0.0,0.0,0.0,-2.636,-0.321,2.1,2.636,0.321,2.315
marker:0,0.0,0.0,0.0,-2.741,-0.455,1.85,2.741,0.455,2.286
marker:0,0.0,0.0,0.0,-2.758,-0.538,1.77,2.758,0.538,2.2199999999999998
marker:0,0.0,0.0,0.0,-2.688,-0.452,1.83,2.688,0.452,2.236
marker:0,0.0,0.0,0.0,-2.544,-0.23,2.1,2.544,0.23,2.314
marker:0,0.0,0.0,0.0,-2.329,0.094,2.48,2.329,0.094,2.2350000000000003
marker:0,0.0,0.0,0.0,-1.8,0.715,2.8,1.8,0.715,1.085
marker:0,0.0,0.0,0.0,-2.406,0.195,3.1,2.406,0.195,2.2110000000000003
marker:0,0.0,0.0,0.0,-2.454,0.204,3.3,2.454,0.204,2.25
marker:0,0.0,0.0,0.0,-2.597,0.065,3.31,2.597,0.065,2.532
marker:0,0.0,0.0,0.0,-2.602,0.068,3.34,2.602,0.068,2.534
marker:0,0.0,0.0,0.0,-1.786,0.895,3.38,1.786,0.895,0.891
marker:0,0.0,0.0,0.0,-1.966,0.712,3.37,1.966,0.712,1.254
marker:0,0.0,0.0,0.0,-3.101,-0.394,3.47,3.101,0.394,2.707
marker:0,0.0,0.0,0.0,-3.181,-0.431,3.62,3.181,0.431,2.75
marker:0,0.0,0.0,0.0,-2.997,-0.166,3.9,2.997,0.166,2.831
marker:0,0.0,0.0,0.0,-2.988,-0.129,4.0,2.988,0.129,2.859
marker:0,0.0,0.0,0.0,-2.953,-0.042,4.17,2.953,0.042,2.911
marker:0,0.0,0.0,0.0,-2.348,0.58,4.24,2.348,0.58,1.7679999999999998
marker:0,0.0,0.0,0.0,-2.285,0.654,4.28,2.285,0.654,1.6310000000000002
marker:0,0.0,0.0,0.0,-3.223,-0.278,4.3,3.223,0.278,2.945
marker:0,0.0,0.0,0.0,-3.204,-0.282,4.22,3.204,0.282,2.922
marker:0,0.0,0.0,0.0,-1.779,1.112,4.11,1.779,1.112,0.6669999999999998
marker:0,0.0,0.0,0.0,-2.78,0.059,3.93,2.78,0.059,2.7209999999999996
marker:0,0.0,0.0,0.0,-2.856,-0.049,3.82,2.856,0.049,2.807
marker:0,0.0,0.0,0.0,-2.797,0.025,3.87,2.797,0.025,2.7720000000000002
marker:0,0.0,0.0,0.0,-2.545,0.326,4.04,2.545,0.326,2.219
marker:0,0.0,0.0,0.0,-2.475,0.439,4.19,2.475,0.439,2.036
marker:0,0.0,0.0,0.0,-1.72,1.268,4.45,1.72,1.268,0.45199999999999996
marker:0,0.0,0.0,0.0,-1.77,1.246,4.55,1.77,1.246,0.524
marker:0,0.0,0.0,0.0,-1.821,1.239,4.7,1.821,1.239,0.5819999999999999
marker:0,0.0,0.0,0.0,-2.269,0.81,4.77,2.269,0.81,1.459
marker:0,0.0,0.0,0.0,-1.785,1.3,4.79,1.785,1.3,0.4849999999999999
marker:0,0.0,0.0,0.0,-1.936,1.161,4.83,1.936,1.161,0.7749999999999999
marker:0,0.0,0.0,0.0,-0.075,3.048,4.92,0.075,3.048,-2.973
marker:0,0.0,0.0,0.0,-2.184,0.97,5.03,2.184,0.97,1.2140000000000002
marker:0,0.0,0.0,0.0,-2.938,0.253,5.16,2.938,0.253,2.685
marker:0,0.0,0.0,0.0,-2.037,1.186,5.27,2.037,1.186,0.851
marker:0,0.0,0.0,0.0,-2.042,1.213,5.38,2.042,1.213,0.8289999999999997
marker:0,0.0,0.0,0.0,-2.655,0.629,5.48,2.655,0.629,2.026
marker:0,0.0,0.0,0.0,-2.327,0.964,5.51,2.327,0.964,1.363
marker:0,0.0,0.0,0.0,-2.307,0.985,5.51,2.307,0.985,1.322
marker:0,0.0,0.0,0.0,-3.03,0.268,5.52,3.03,0.268,2.7619999999999996
marker:0,0.0,0.0,0.0,-2.738,0.548,5.49,2.738,0.548,2.19
marker:0,0.0,0.0,0.0,-2.806,0.474,5.47,2.806,0.474,2.332
marker:0,0.0,0.0,0.0,-2.934,0.332,5.39,2.934,0.332,2.6020000000000003
marker:0,0.0,0.0,0.0,-3.028,0.232,5.38,3.028,0.232,2.796
marker:0,0.0,0.0,0.0,-3.978,-0.726,5.37,3.978,0.726,3.2520000000000002
marker:0,0.0,0.0,0.0,-3.257,-0.017,5.34,3.257,0.017,3.24
marker:0,0.0,0.0,0.0,-3.499,-0.251,5.41,3.499,0.251,3.248
marker:0,0.0,0.0,0.0,-2.954,0.315,5.46,2.954,0.315,2.6390000000000002
marker:0,0.0,0.0,0.0,-3.057,0.252,5.57,3.057,0.252,2.8049999999999997
marker:0,0.0,0.0,0.0,0.03,3.379,5.71,0.03,3.379,-3.349
marker:0,0.0,0.0,0.0,-0.032,3.338,5.78,0.032,3.338,-3.306
marker:0,0.0,0.0,0.0,-3.265,0.127,5.84,3.265,0.127,3.138
marker:0,0.0,0.0,0.0,-5.267,-1.884,5.83,5.267,1.884,3.3830000000000005
marker:0,0.0,0.0,0.0,-3.439,-0.064,5.8,3.439,0.064,3.375
marker:0,0.0,0.0,0.0,-4.697,-1.345,5.72,4.697,1.345,3.3520000000000003
marker:0,0.0,0.0,0.0,-2.899,0.439,5.67,2.899,0.439,2.46
marker:0,0.0,0.0,0.0,-3.1,0.244,5.69,3.1,0.244,2.856
marker:0,0.0,0.0,0.0,-2.911,0.436,5.69,2.911,0.436,2.475
marker:0,0.0,0.0,0.0,-3.468,-0.118,5.71,3.468,0.118,3.35
marker:0,0.0,0.0,0.0,-3.318,0.011,5.64,3.318,0.011,3.307
marker:0,0.0,0.0,0.0,-3.43,-0.115,5.59,3.43,0.115,3.315
marker:0,0.0,0.0,0.0,-3.606,-0.319,5.49,3.606,0.319,3.287
marker:0,0.0,0.0,0.0,-4.203,-0.943,5.4,4.203,0.943,3.2600000000000002
marker:0,0.0,0.0,0.0,-4.255,-1.006,5.36,4.255,1.006,3.2489999999999997
marker:0,0.0,0.0,0.0,-4.037,-0.774,5.41,4.037,0.774,3.263
marker:0,0.0,0.0,0.0,-2.94,0.351,5.54,2.94,0.351,2.589
marker:0,0.0,0.0,0.0,-3.688,-0.336,5.72,3.688,0.336,3.3520000000000003
marker:0,0.0,0.0,0.0,-4.397,-0.967,5.99,4.397,0.967,3.43
marker:0,0.0,0.0,0.0,-4.512,-1.051,6.1,4.512,1.051,3.4609999999999994
marker:0,0.0,0.0,0.0,-4.476,-1.03,6.05,4.476,1.03,3.4459999999999997
marker:0,0.0,0.0,0.0,-4.956,-1.529,5.98,4.956,1.529,3.4270000000000005
marker:0,0.0,0.0,0.0,-5.163,-1.754,5.92,5.163,1.754,3.4090000000000003
marker:0,0.0,0.0,0.0,-4.963,-1.545,5.95,4.963,1.545,3.418
marker:0,0.0,0.0,0.0,-4.949,-1.516,6.0,4.949,1.516,3.433
marker:0,0.0,0.0,0.0,-4.998,-1.51,6.1,4.998,1.51,3.4880000000000004
marker:0,0.0,0.0,0.0,-4.889,-1.402,6.19,4.889,1.402,3.487
marker:0,0.0,0.0,0.0,-4.974,-1.479,6.22,4.974,1.479,3.495
marker:0,0.0,0.0,0.0,-4.8,-1.33,6.13,4.8,1.33,3.4699999999999998
marker:0,0.0,0.0,0.0,-4.854,-1.433,5.96,4.854,1.433,3.4210000000000003
marker:0,0.0,0.0,0.0,-4.915,-1.528,5.84,4.915,1.528,3.387
marker:0,0.0,0.0,0.0,-4.7,-1.334,5.77,4.7,1.334,3.366
marker:0,0.0,0.0,0.0,-4.352,-0.991,5.75,4.352,0.991,3.361
marker:0,0.0,0.0,0.0,-4.453,-1.081,5.79,4.453,1.081,3.3720000000000003
marker:0,0.0,0.0,0.0,-5.111,-1.687,5.97,5.111,1.687,3.4239999999999995
marker:0,0.0,0.0,0.0,-5.209,-1.702,6.26,5.209,1.702,3.5069999999999997
marker:0,0.0,0.0,0.0,-5.923,-2.368,6.53,5.923,2.368,3.555
marker:0,0.0,0.0,0.0,-6.105,-2.53,6.67,6.105,2.53,3.5750000000000006
marker:0,0.0,0.0,0.0,-5.959,-2.385,6.64,5.959,2.385,3.574
marker:0,0.0,0.0,0.0,-5.762,-2.207,6.52,5.762,2.207,3.5549999999999997
marker:0,0.0,0.0,0.0,-6.905,-3.367,6.38,6.905,3.367,3.5380000000000003
marker:0,0.0,0.0,0.0,-6.252,-2.717,6.4,6.252,2.717,3.5349999999999997
marker:0,0.0,0.0,0.0,-7.746,-4.168,6.7,7.746,4.168,3.5780000000000003
marker:0,0.0,0.0,0.0,-6.315,-2.707,6.95,6.315,2.707,3.6080000000000005
marker:0,0.0,0.0,0.0,-6.56,-2.933,7.05,6.56,2.933,3.627
marker:0,0.0,0.0,0.0,-5.758,-2.122,7.12,5.758,2.122,3.636
marker:0,0.0,0.0,0.0,-5.895,-2.256,7.16,5.895,2.256,3.639
marker:0,0.0,0.0,0.0,-5.852,-2.219,7.13,5.852,2.219,3.6330000000000005
marker:0,0.0,0.0,0.0,-5.794,-2.147,7.2,5.794,2.147,3.647
marker:0,0.0,0.0,0.0,-5.846,-2.188,7.32,5.846,2.188,3.658
marker:0,0.0,0.0,0.0,-5.86,-2.161,7.58,5.86,2.161,3.6990000000000003
marker:0,0.0,0.0,0.0,-5.939,-2.225,7.71,5.939,2.225,3.714
marker:0,0.0,0.0,0.0,-6.14,-2.411,7.87,6.14,2.411,3.7289999999999996
marker:0,0.0,0.0,0.0,-6.071,-2.324,7.93,6.071,2.324,3.747
marker:0,0.0,0.0,0.0,-6.024,-2.252,8.11,6.024,2.252,3.7720000000000002
marker:0,0.0,0.0,0.0,-6.033,-2.248,8.2,6.033,2.248,3.785
marker:0,0.0,0.0,0.0,-5.833,-2.026,8.36,5.833,2.026,3.8070000000000004
marker:0,0.0,0.0,0.0,-5.737,-1.921,8.43,5.737,1.921,3.816
marker:0,0.0,0.0,0.0,-5.605,-1.794,8.3,5.605,1.794,3.8110000000000004
marker:0,0.0,0.0,0.0,-5.546,-1.768,8.15,5.546,1.768,3.7780000000000005
marker:0,0.0,0.0,0.0,-5.623,-1.896,7.78,5.623,1.896,3.7270000000000003
marker:0,0.0,0.0,0.0,-5.368,-1.651,7.69,5.368,1.651,3.7170000000000005
marker:0,0.0,0.0,0.0,-5.272,-1.551,7.74,5.272,1.551,3.721
marker:0,0.0,0.0,0.0,-5.213,-1.44,8.11,5.213,1.44,3.773
marker:0,0.0,0.0,0.0,-5.158,-1.329,8.52,5.158,1.329,3.8290000000000006
marker:0,0.0,0.0,0.0,-4.916,-1.038,8.88,4.916,1.038,3.878
marker:0,0.0,0.0,0.0,-4.975,-1.096,8.88,4.975,1.096,3.8789999999999996
marker:0,0.0,0.0,0.0,-5.21,-1.359,8.68,5.21,1.359,3.851
marker:0,0.0,0.0,0.0,-5.134,-1.313,8.42,5.134,1.313,3.8210000000000006
marker:0,0.0,0.0,0.0,-5.209,-1.37,8.59,5.209,1.37,3.8389999999999995
marker:0,0.0,0.0,0.0,-5.25,-1.368,9.17,5.25,1.368,3.8819999999999997
marker:0,0.0,0.0,0.0,-5.117,-1.164,9.42,5.117,1.164,3.9530000000000003
marker:0,0.0,0.0,0.0,-5.382,-1.352,9.98,5.382,1.352,4.029999999999999
marker:0,0.0,0.0,0.0,-5.45,-1.396,10.15,5.45,1.396,4.054
marker:0,0.0,0.0,0.0,-5.512,-1.462,10.12,5.512,1.462,4.05
marker:0,0.0,0.0,0.0,-5.669,-1.635,9.89,5.669,1.635,4.034
marker:0,0.0,0.0,0.0,-5.557,-1.571,9.66,5.557,1.571,3.9860000000000007
marker:0,0.0,0.0,0.0,-5.441,-1.489,9.41,5.441,1.489,3.952
marker:0,0.0,0.0,0.0,-5.475,-1.538,9.3,5.475,1.538,3.9369999999999994
marker:0,0.0,0.0,0.0,-5.176,-1.244,9.27,5.176,1.244,3.9320000000000004
marker:0,0.0,0.0,0.0,-5.089,-1.149,9.32,5.089,1.149,3.9400000000000004
marker:0,0.0,0.0,0.0,-4.885,-0.924,9.56,4.885,0.924,3.961
marker:0,0.0,0.0,0.0,-4.76,-0.768,9.75,4.76,0.768,3.992
marker:0,0.0,0.0,0.0,-4.662,-0.667,9.72,4.662,0.667,3.995
marker:0,0.0,0.0,0.0,-4.415,-0.42,9.72,4.415,0.42,3.995
marker:0,0.0,0.0,0.0,-4.264,-0.262,9.77,4.264,0.262,4.002000000000001
marker:0,0.0,0.0,0.0,-22.855,-18.766,10.37,22.855,18.766,4.089000000000002
marker:0,0.0,0.0,0.0,-22.923,-18.85,10.29,22.923,18.85,4.072999999999997
marker:0,0.0,0.0,0.0,-20.873,-16.837,10.02,20.873,16.837,4.036000000000001
marker:0,0.0,0.0,0.0,-19.628,-15.622,9.8,19.628,15.622,4.006
marker:0,0.0,0.0,0.0,-19.753,-15.731,9.92,19.753,15.731,4.022
marker:0,0.0,0.0,0.0,-20.772,-16.754,9.84,20.772,16.754,4.017999999999997
marker:0,0.0,0.0,0.0,-20.796,-16.794,9.78,20.796,16.794,4.001999999999999
marker:0,0.0,0.0,0.0,-19.84,-15.822,9.89,19.84,15.822,4.018000000000001
marker:0,0.0,0.0,0.0,-24.993,-20.933,10.23,24.993,20.933,4.059999999999999
marker:0,0.0,0.0,0.0,-26.651,-22.569,10.35,26.651,22.569,4.082000000000001
marker:0,0.0,0.0,0.0,-26.33,-22.256,10.29,26.33,22.256,4.073999999999998
marker:0,0.0,0.0,0.0,-20.895,-16.803,10.42,20.895,16.803,4.091999999999999
marker:0,0.0,0.0,0.0,-17.003,-12.86,10.8,17.003,12.86,4.143000000000001
marker:0,0.0,0.0,0.0,-16.812,-12.694,10.61,16.812,12.694,4.118
marker:0,0.0,0.0,0.0,-16.58,-12.461,10.62,16.58,12.461,4.118999999999998
marker:0,0.0,0.0,0.0,-16.46,-12.303,10.94,16.46,12.303,4.157
marker:0,0.0,0.0,0.0,-16.45,-12.246,11.24,16.45,12.246,4.203999999999999
marker:0,0.0,0.0,0.0,-16.394,-12.178,11.32,16.394,12.178,4.2159999999999975
marker:0,0.0,0.0,0.0,-16.228,-12.016,11.29,16.228,12.016,4.2120000000000015
marker:0,0.0,0.0,0.0,-16.096,-11.883,11.3,16.096,11.883,4.213000000000001
marker:0,0.0,0.0,0.0,-15.932,-11.726,11.27,15.932,11.726,4.2059999999999995
marker:0,0.0,0.0,0.0,-15.753,-11.53,11.37,15.753,11.53,4.223000000000001
marker:0,0.0,0.0,0.0,-15.614,-11.375,11.49,15.614,11.375,4.239000000000001
marker:0,0.0,0.0,0.0,-15.577,-11.322,11.61,15.577,11.322,4.255000000000001
marker:0,0.0,0.0,0.0,-15.434,-11.155,11.78,15.434,11.155,4.279
marker:0,0.0,0.0,0.0,-15.291,-10.992,11.93,15.291,10.992,4.2989999999999995
marker:0,0.0,0.0,0.0,-15.308,-11.128,11.06,15.308,11.128,4.18
marker:0,0.0,0.0,0.0,-12.137,-8.705,6.0,12.137,8.705,3.4320000000000004
marker:0,0.0,0.0,0.0,-9.099,-5.496,6.88,9.099,5.496,3.6029999999999998
marker:0,0.0,0.0,0.0,-9.582,-5.868,7.69,9.582,5.868,3.7140000000000004
marker:0,0.0,0.0,0.0,-10.329,-6.622,7.63,10.329,6.622,3.7070000000000007
marker:0,0.0,0.0,0.0,-10.242,-6.537,7.62,10.242,6.537,3.705000000000001
marker:0,0.0,0.0,0.0,-9.84,-6.132,7.64,9.84,6.132,3.708
marker:0,0.0,0.0,0.0,-9.548,-5.826,7.74,9.548,5.826,3.7220000000000004
marker:0,0.0,0.0,0.0,-9.231,-5.48,7.96,9.231,5.48,3.7509999999999994
marker:0,0.0,0.0,0.0,-11.36,-7.55,8.44,11.36,7.55,3.8099999999999996
marker:0,0.0,0.0,0.0,-9.364,-5.509,8.71,9.364,5.509,3.8550000000000004
marker:0,0.0,0.0,0.0,-9.121,-5.265,8.71,9.121,5.265,3.8560000000000008
marker:0,0.0,0.0,0.0,-9.736,-5.821,9.14,9.736,5.821,3.915000000000001
marker:0,0.0,0.0,0.0,-10.095,-6.209,8.93,10.095,6.209,3.886000000000001
marker:0,0.0,0.0,0.0,-8.373,-4.387,9.66,8.373,4.387,3.9859999999999998
marker:0,0.0,0.0,0.0,-7.874,-3.799,10.34,7.874,3.799,4.074999999999999
marker:0,0.0,0.0,0.0,-8.618,-3.965,14.49,8.618,3.965,4.6530000000000005
marker:0,0.0,0.0,0.0,-8.366,-3.742,14.8,8.366,3.742,4.624
marker:0,0.0,0.0,0.0,-8.254,-3.522,15.05,8.254,3.522,4.731999999999999
marker:0,0.0,0.0,0.0,-8.025,-3.27,15.17,8.025,3.27,4.755000000000001
marker:0,0.0,0.0,0.0,-9.131,-4.362,15.25,9.131,4.362,4.769
marker:0,0.0,0.0,0.0,-9.169,-4.393,15.32,9.169,4.393,4.776000000000001
marker:0,0.0,0.0,0.0,-8.843,-4.051,15.38,8.843,4.051,4.792
marker:0,0.0,0.0,0.0,-0.965,4.547,19.3,0.965,4.547,-3.582
marker:0,0.0,0.0,0.0,-0.281,1.592,0.52,0.281,1.592,-1.311
marker:0,0.0,0.0,0.0,-0.339,1.523,0.5,0.339,1.523,-1.184
marker:0,0.0,0.0,0.0,-0.407,1.449,0.56,0.407,1.449,-1.042
marker:0,0.0,0.0,0.0,-0.552,1.321,0.61,0.552,1.321,-0.7689999999999999
marker:0,0.0,0.0,0.0,-0.263,1.664,0.75,0.263,1.664,-1.4009999999999998
marker:0,0.0,0.0,0.0,-0.405,1.568,0.91,0.405,1.568,-1.163
marker:0,0.0,0.0,0.0,-0.641,1.34,0.93,0.641,1.34,-0.6990000000000001
marker:0,0.0,0.0,0.0,-0.75,1.169,0.7,0.75,1.169,-0.41900000000000004
marker:0,0.0,0.0,0.0,-0.86,1.039,0.51,0.86,1.039,-0.17899999999999994
marker:0,0.0,0.0,0.0,-0.837,1.002,0.37,0.837,1.002,-0.16500000000000004
marker:0,0.0,0.0,0.0,-0.832,0.909,0.1,0.832,0.909,-0.07700000000000007
marker:0,0.0,0.0,0.0,-0.739,0.982,-0.03,0.739,0.982,-0.243
marker:0,0.0,0.0,0.0,-0.705,0.993,-0.05,0.705,0.993,-0.28800000000000003
marker:0,0.0,0.0,0.0,-0.677,1.029,-0.01,0.677,1.029,-0.35199999999999987
marker:0,0.0,0.0,0.0,-0.239,1.467,-0.02,0.239,1.467,-1.2280000000000002
marker:0,0.0,0.0,0.0,9.809,15.193,18.54,9.809,15.193,-5.384
marker:0,0.0,0.0,0.0,9.893,15.244,18.4,9.893,15.244,-5.350999999999999
marker:0,0.0,0.0,0.0,-0.202,1.691,0.58,0.202,1.691,-1.489
marker:0,0.0,0.0,0.0,-0.838,4.715,19.52,0.838,4.715,-3.877
