group,t_raw,t_corrected,time_difference_s,angle_error_deg_raw,angle_error_deg_corrected,gimbal_yaw_deg,abs_error_raw_deg,abs_error_corrected_deg,improvement_deg
marker:0,0.0,0.0,0.0,-0.645,-5.064,-0.05,0.645,5.064,-4.4190000000000005
marker:0,0.0,0.0,0.0,-0.682,-5.119,-0.14,0.682,5.119,-4.436999999999999
marker:0,0.0,0.0,0.0,-0.735,-5.194,-0.22,0.735,5.194,-4.459
marker:0,0.0,0.0,0.0,-0.763,-5.256,-0.3,0.763,5.256,-4.493
marker:0,0.0,0.0,0.0,-0.738,-5.221,-0.26,0.738,5.221,-4.4830000000000005
marker:0,0.0,0.0,0.0,-0.494,-4.939,-0.13,0.494,4.939,-4.445
marker:0,0.0,0.0,0.0,-0.578,-4.998,-0.04,0.578,4.998,-4.42
marker:0,0.0,0.0,0.0,-0.606,-5.002,0.04,0.606,5.002,-4.396
marker:0,0.0,0.0,0.0,-0.699,-5.069,0.13,0.699,5.069,-4.37
marker:0,0.0,0.0,0.0,-0.53,-4.903,0.12,0.53,4.903,-4.372999999999999
marker:0,0.0,0.0,0.0,-0.661,-5.063,0.02,0.661,5.063,-4.401999999999999
marker:0,0.0,0.0,0.0,-0.656,-5.098,-0.12,0.656,5.098,-4.442
marker:0,0.0,0.0,0.0,-0.61,-5.078,-0.21,0.61,5.078,-4.468
marker:0,0.0,0.0,0.0,-0.618,-5.126,-0.35,0.618,5.126,-4.508
marker:0,0.0,0.0,0.0,-0.573,-5.078,-0.34,0.573,5.078,-4.505000000000001
marker:0,0.0,0.0,0.0,-0.491,-4.984,-0.3,0.491,4.984,-4.493
marker:0,0.0,0.0,0.0,-7.352,-8.622,15.69,7.352,8.622,-1.2699999999999996
marker:0,0.0,0.0,0.0,4.264,3.064,16.07,4.264,3.064,1.2000000000000002
marker:0,0.0,0.0,0.0,4.561,3.454,16.7,4.561,3.454,1.1069999999999998
marker:0,0.0,0.0,0.0,4.459,3.471,17.23,4.459,3.471,0.9879999999999995
marker:0,0.0,0.0,0.0,3.005,2.082,17.58,3.005,2.082,0.923
marker:0,0.0,0.0,0.0,3.208,2.375,18.07,3.208,2.375,0.8330000000000002
marker:0,0.0,0.0,0.0,3.257,2.433,18.12,3.257,2.433,0.8240000000000003
marker:0,0.0,0.0,0.0,4.445,3.614,18.06,4.445,3.614,0.8310000000000004
marker:0,0.0,0.0,0.0,4.524,3.658,17.89,4.524,3.658,0.8660000000000001
marker:0,0.0,0.0,0.0,5.026,4.151,17.84,5.026,4.151,0.875
marker:0,0.0,0.0,0.0,4.188,3.214,18.06,4.188,3.214,0.9739999999999998
marker:0,0.0,0.0,0.0,4.477,3.741,18.6,4.477,3.741,0.7360000000000002
marker:0,0.0,0.0,0.0,2.317,1.64,18.92,2.317,1.64,0.6770000000000003
marker:0,0.0,0.0,0.0,2.558,1.958,19.34,2.558,1.958,0.5999999999999999
marker:0,0.0,0.0,0.0,2.715,2.148,19.52,2.715,2.148,0.5669999999999997
marker:0,0.0,0.0,0.0,7.726,6.99,18.54,7.726,6.99,0.7359999999999998
marker:0,0.0,0.0,0.0,-0.367,-4.841,-0.19,0.367,4.841,-4.474
marker:0,0.0,0.0,0.0,-0.44,-4.871,-0.08,0.44,4.871,-4.431
marker:0,0.0,0.0,0.0,-0.544,-4.966,-0.01,0.544,4.966,-4.422000000000001
marker:0,0.0,0.0,0.0,-0.583,-4.982,0.03,0.583,4.982,-4.399
marker:0,0.0,0.0,0.0,-0.438,-4.857,-0.04,0.438,4.857,-4.4190000000000005
marker:0,0.0,0.0,0.0,-0.585,-5.036,-0.15,0.585,5.036,-4.451
marker:0,0.0,0.0,0.0,-0.635,-5.166,-0.43,0.635,5.166,-4.531000000000001
marker:0,0.0,0.0,0.0,-1.238,-5.809,-0.57,1.238,5.809,-4.571
marker:0,0.0,0.0,0.0,-1.251,-5.833,-0.61,1.251,5.833,-4.582000000000001
marker:0,0.0,0.0,0.0,-1.205,-5.788,-0.61,1.205,5.788,-4.583
marker:0,0.0,0.0,0.0,-1.222,-5.781,-0.53,1.222,5.781,-4.558999999999999
marker:0,0.0,0.0,0.0,-0.653,-5.19,-0.45,0.653,5.19,-4.537000000000001
marker:0,0.0,0.0,0.0,-0.724,-5.243,-0.39,0.724,5.243,-4.519
marker:0,0.0,0.0,0.0,-0.76,-5.268,-0.35,0.76,5.268,-4.508
marker:0,0.0,0.0,0.0,-0.612,-5.102,-0.29,0.612,5.102,-4.49
marker:0,0.0,0.0,0.0,-0.659,-5.147,-0.28,0.659,5.147,-4.488
marker:0,0.0,0.0,0.0,-0.696,-5.187,-0.29,0.696,5.187,-4.4910000000000005
marker:0,0.0,0.0,0.0,-0.859,-5.341,-0.26,0.859,5.341,-4.482
marker:0,0.0,0.0,0.0,-0.895,-5.369,-0.23,0.895,5.369,-4.474
marker:0,0.0,0.0,0.0,-0.956,-5.41,-0.16,0.956,5.41,-4.454000000000001
marker:0,0.0,0.0,0.0,-1.099,-5.547,-0.14,1.099,5.547,-4.4479999999999995
marker:0,0.0,0.0,0.0,-0.753,-5.213,-0.18,0.753,5.213,-4.46
marker:0,0.0,0.0,0.0,-0.826,-5.326,-0.32,0.826,5.326,-4.5
marker:0,0.0,0.0,0.0,-0.851,-5.373,-0.44,0.851,5.373,-4.522
marker:0,0.0,0.0,0.0,-0.821,-5.381,-0.54,0.821,5.381,-4.5600000000000005
marker:0,0.0,0.0,0.0,-0.815,-5.392,-0.59,0.815,5.392,-4.577
marker:0,0.0,0.0,0.0,-0.687,-5.25,-0.54,0.687,5.25,-4.563
marker:0,0.0,0.0,0.0,-0.758,-5.283,-0.41,0.758,5.283,-4.525
marker:0,0.0,0.0,0.0,-0.946,-5.437,-0.29,0.946,5.437,-4.4910000000000005
marker:0,0.0,0.0,0.0,-0.553,-4.958,0.01,0.553,4.958,-4.405
marker:0,0.0,0.0,0.0,-0.305,-4.667,0.16,0.305,4.667,-4.362
marker:0,0.0,0.0,0.0,-0.436,-4.795,0.17,0.436,4.795,-4.359
marker:0,0.0,0.0,0.0,-0.396,-4.775,0.1,0.396,4.775,-4.3790000000000004
marker:0,0.0,0.0,0.0,-0.4,-4.811,-0.01,0.4,4.811,-4.411
marker:0,0.0,0.0,0.0,-0.451,-4.89,-0.11,0.451,4.89,-4.439
marker:0,0.0,0.0,0.0,-0.497,-4.954,-0.18,0.497,4.954,-4.457
marker:0,0.0,0.0,0.0,-0.557,-5.016,-0.18,0.557,5.016,-4.459
marker:0,0.0,0.0,0.0,-0.6,-5.065,-0.18,0.6,5.065,-4.465000000000001
marker:0,0.0,0.0,0.0,-0.6,-5.031,-0.08,0.6,5.031,-4.431
marker:0,0.0,0.0,0.0,-0.683,-5.088,0.01,0.683,5.088,-4.405
marker:0,0.0,0.0,0.0,-0.756,-5.132,0.11,0.756,5.132,-4.3759999999999994
marker:0,0.0,0.0,0.0,-0.804,-5.181,0.11,0.804,5.181,-4.377
marker:0,0.0,0.0,0.0,-0.895,-5.277,0.09,0.895,5.277,-4.382
marker:0,0.0,0.0,0.0,-0.944,-5.355,-0.01,0.944,5.355,-4.4110000000000005
marker:0,0.0,0.0,0.0,-0.953,-5.407,-0.16,0.953,5.407,-4.454
marker:0,0.0,0.0,0.0,-0.985,-5.482,-0.31,0.985,5.482,-4.497
marker:0,0.0,0.0,0.0,-1.014,-5.531,-0.4,1.014,5.531,-4.5169999999999995
marker:0,0.0,0.0,0.0,-0.986,-5.512,-0.41,0.986,5.512,-4.526
marker:0,0.0,0.0,0.0,-0.959,-5.467,-0.35,0.959,5.467,-4.508
marker:0,0.0,0.0,0.0,-1.087,-5.549,-0.15,1.087,5.549,-4.462000000000001
marker:0,0.0,0.0,0.0,-1.19,-5.604,-0.02,1.19,5.604,-4.414
marker:0,0.0,0.0,0.0,-1.302,-5.646,0.22,1.302,5.646,-4.343999999999999
marker:0,0.0,0.0,0.0,-1.454,-5.747,0.4,1.454,5.747,-4.293
marker:0,0.0,0.0,0.0,-1.635,-5.908,0.47,1.635,5.908,-4.273000000000001
marker:0,0.0,0.0,0.0,-1.675,-5.956,0.41,1.675,5.956,-4.281000000000001
marker:0,0.0,0.0,0.0,-1.797,-6.115,0.26,1.797,6.115,-4.3180000000000005
marker:0,0.0,0.0,0.0,-1.788,-6.161,0.12,1.788,6.161,-4.372999999999999
marker:0,0.0,0.0,0.0,-1.714,-6.107,0.05,1.714,6.107,-4.393000000000001
marker:0,0.0,0.0,0.0,-1.778,-6.217,-0.11,1.778,6.217,-4.439
marker:0,0.0,0.0,0.0,-1.835,-6.3,-0.2,1.835,6.3,-4.465
marker:0,0.0,0.0,0.0,-1.968,-6.448,-0.25,1.968,6.448,-4.48
marker:0,0.0,0.0,0.0,-2.11,-6.589,-0.25,2.11,6.589,-4.479000000000001
marker:0,0.0,0.0,0.0,-2.159,-6.624,-0.2,2.159,6.624,-4.465
marker:0,0.0,0.0,0.0,-2.269,-6.729,-0.18,2.269,6.729,-4.46
marker:0,0.0,0.0,0.0,-0.525,-4.944,-0.04,0.525,4.944,-4.419
marker:0,0.0,0.0,0.0,-0.607,-5.006,0.07,0.607,5.006,-4.399
marker:0,0.0,0.0,0.0,-0.75,-5.118,0.14,0.75,5.118,-4.368
marker:0,0.0,0.0,0.0,-0.948,-5.318,0.13,0.948,5.318,-4.369999999999999
marker:0,0.0,0.0,0.0,-0.926,-5.314,0.07,0.926,5.314,-4.388
marker:0,0.0,0.0,0.0,-1.049,-5.457,0.0,1.049,5.457,-4.4079999999999995
marker:0,0.0,0.0,0.0,-1.147,-5.604,-0.17,1.147,5.604,-4.457
marker:0,0.0,0.0,0.0,-1.22,-5.731,-0.36,1.22,5.731,-4.511
marker:0,0.0,0.0,0.0,-1.221,-5.767,-0.48,1.221,5.767,-4.546
marker:0,0.0,0.0,0.0,-1.207,-5.764,-0.52,1.207,5.764,-4.557
marker:0,0.0,0.0,0.0,-1.15,-5.687,-0.45,1.15,5.687,-4.537000000000001
marker:0,0.0,0.0,0.0,-1.216,-5.712,-0.31,1.216,5.712,-4.4959999999999996
marker:0,0.0,0.0,0.0,-1.201,-5.629,-0.07,1.201,5.629,-4.427999999999999
marker:0,0.0,0.0,0.0,-1.294,-5.619,0.29,1.294,5.619,-4.324999999999999
marker:0,0.0,0.0,0.0,-0.413,-4.697,0.44,0.413,4.697,-4.284
marker:0,0.0,0.0,0.0,-0.484,-4.757,0.47,0.484,4.757,-4.273
marker:0,0.0,0.0,0.0,-0.649,-4.959,0.3,0.649,4.959,-4.31
marker:0,0.0,0.0,0.0,-1.036,-5.43,0.05,1.036,5.43,-4.394
marker:0,0.0,0.0,0.0,-1.008,-5.461,-0.16,1.008,5.461,-4.453
marker:0,0.0,0.0,0.0,-1.256,-5.773,-0.38,1.256,5.773,-4.5169999999999995
marker:0,0.0,0.0,0.0,-1.155,-5.723,-0.56,1.155,5.723,-4.568
marker:0,0.0,0.0,0.0,-1.122,-5.67,-0.47,1.122,5.67,-4.548
marker:0,0.0,0.0,0.0,-1.275,-5.795,-0.39,1.275,5.795,-4.52
marker:0,0.0,0.0,0.0,-1.244,-5.664,-0.04,1.244,5.664,-4.42
marker:0,0.0,0.0,0.0,-0.235,-4.488,0.42,0.235,4.488,-4.253
marker:0,0.0,0.0,0.0,-0.39,-4.64,0.6,0.39,4.64,-4.25
marker:0,0.0,0.0,0.0,-0.478,-4.702,0.64,0.478,4.702,-4.224
marker:0,0.0,0.0,0.0,-0.705,-4.947,0.53,0.705,4.947,-4.242
marker:0,0.0,0.0,0.0,-0.873,-5.194,0.3,0.873,5.194,-4.321
marker:0,0.0,0.0,0.0,-0.953,-5.326,0.03,0.953,5.326,-4.372999999999999
marker:0,0.0,0.0,0.0,-1.558,-6.052,-0.3,1.558,6.052,-4.494
marker:0,0.0,0.0,0.0,-1.637,-6.219,-0.61,1.637,6.219,-4.582000000000001
marker:0,0.0,0.0,0.0,-1.608,-6.242,-0.79,1.608,6.242,-4.634
marker:0,0.0,0.0,0.0,-1.718,-6.341,-0.75,1.718,6.341,-4.623
marker:0,0.0,0.0,0.0,-1.685,-6.25,-0.55,1.685,6.25,-4.5649999999999995
marker:0,0.0,0.0,0.0,-0.897,-5.353,-0.11,0.897,5.353,-4.4559999999999995
marker:0,0.0,0.0,0.0,-1.084,-5.474,0.15,1.084,5.474,-4.390000000000001
marker:0,0.0,0.0,0.0,-0.853,-5.143,0.47,0.853,5.143,-4.29
marker:0,0.0,0.0,0.0,-0.607,-4.863,0.53,0.607,4.863,-4.256
marker:0,0.0,0.0,0.0,-0.94,-5.207,0.49,0.94,5.207,-4.2669999999999995
marker:0,0.0,0.0,0.0,-1.086,-5.407,0.3,1.086,5.407,-4.321
marker:0,0.0,0.0,0.0,-1.433,-5.875,-0.12,1.433,5.875,-4.442
marker:0,0.0,0.0,0.0,-1.439,-5.979,-0.46,1.439,5.979,-4.54
marker:0,0.0,0.0,0.0,-1.337,-5.879,-0.47,1.337,5.879,-4.542
marker:0,0.0,0.0,0.0,-1.364,-5.866,-0.28,1.364,5.866,-4.502
marker:0,0.0,0.0,0.0,-1.555,-5.983,-0.07,1.555,5.983,-4.428
marker:0,0.0,0.0,0.0,-0.896,-5.217,0.3,0.896,5.217,-4.321
marker:0,0.0,0.0,0.0,-1.14,-5.416,0.46,1.14,5.416,-4.276000000000001
marker:0,0.0,0.0,0.0,-1.409,-5.691,0.44,1.409,5.691,-4.282
marker:0,0.0,0.0,0.0,-1.516,-5.861,0.22,1.516,5.861,-4.345
marker:0,0.0,0.0,0.0,-1.595,-5.994,0.03,1.595,5.994,-4.399
marker:0,0.0,0.0,0.0,-1.732,-6.203,-0.22,1.732,6.203,-4.471
marker:0,0.0,0.0,0.0,-1.815,-6.34,-0.41,1.815,6.34,-4.525
marker:0,0.0,0.0,0.0,-1.773,-6.304,-0.43,1.773,6.304,-4.531000000000001
marker:0,0.0,0.0,0.0,-1.737,-6.262,-0.41,1.737,6.262,-4.5249999999999995
marker:0,0.0,0.0,0.0,-1.412,-5.912,-0.32,1.412,5.912,-4.5
marker:0,0.0,0.0,0.0,-1.356,-5.818,-0.16,1.356,5.818,-4.462
marker:0,0.0,0.0,0.0,-1.467,-5.875,0.0,1.467,5.875,-4.4079999999999995
marker:0,0.0,0.0,0.0,-1.549,-5.951,0.02,1.549,5.951,-4.401999999999999
marker:0,0.0,0.0,0.0,-1.669,-6.077,0.0,1.669,6.077,-4.4079999999999995
marker:0,0.0,0.0,0.0,-1.263,-5.686,-0.05,1.263,5.686,-4.423
marker:0,0.0,0.0,0.0,-1.281,-5.726,-0.15,1.281,5.726,-4.445
marker:0,0.0,0.0,0.0,-1.353,-5.807,-0.16,1.353,5.807,-4.454000000000001
marker:0,0.0,0.0,0.0,-1.385,-5.821,-0.1,1.385,5.821,-4.436
marker:0,0.0,0.0,0.0,-1.454,-5.861,0.0,1.454,5.861,-4.407
marker:0,0.0,0.0,0.0,-1.439,-5.81,0.13,1.439,5.81,-4.3709999999999996
marker:0,0.0,0.0,0.0,-1.48,-5.824,0.29,1.48,5.824,-4.343999999999999
marker:0,0.0,0.0,0.0,-1.219,-5.523,0.36,1.219,5.523,-4.303999999999999
marker:0,0.0,0.0,0.0,-1.324,-5.617,0.4,1.324,5.617,-4.293
marker:0,0.0,0.0,0.0,-1.424,-5.726,0.37,1.424,5.726,-4.302
marker:0,0.0,0.0,0.0,-1.452,-5.8,0.2,1.452,5.8,-4.348
marker:0,0.0,0.0,0.0,-1.488,-5.867,0.1,1.488,5.867,-4.379
marker:0,0.0,0.0,0.0,-1.5,-5.902,0.02,1.5,5.902,-4.402
marker:0,0.0,0.0,0.0,-1.56,-5.945,0.08,1.56,5.945,-4.385
marker:0,0.0,0.0,0.0,-1.68,-6.045,0.17,1.68,6.045,-4.365
marker:0,0.0,0.0,0.0,-1.754,-6.067,0.33,1.754,6.067,-4.313000000000001
marker:0,0.0,0.0,0.0,-1.762,-6.041,0.51,1.762,6.041,-4.279
marker:0,0.0,0.0,0.0,-1.958,-6.179,0.61,1.958,6.179,-4.221
marker:0,0.0,0.0,0.0,-2.047,-6.249,0.72,2.047,6.249,-4.202
marker:0,0.0,0.0,0.0,-2.198,-6.393,0.72,2.198,6.393,-4.195
marker:0,0.0,0.0,0.0,-2.315,-6.522,0.7,2.315,6.522,-4.207000000000001
marker:0,0.0,0.0,0.0,-2.382,-6.624,0.58,2.382,6.624,-4.241999999999999
marker:0,0.0,0.0,0.0,-2.407,-6.677,0.48,2.407,6.677,-4.27
marker:0,0.0,0.0,0.0,-2.374,-6.698,0.29,2.374,6.698,-4.324
marker:0,0.0,0.0,0.0,-2.331,-6.69,0.14,2.331,6.69,-4.359
marker:0,0.0,0.0,0.0,-2.41,-6.781,0.13,2.41,6.781,-4.3709999999999996
marker:0,0.0,0.0,0.0,-2.441,-6.792,0.2,2.441,6.792,-4.351
marker:0,0.0,0.0,0.0,-2.451,-6.758,0.35,2.451,6.758,-4.307
marker:0,0.0,0.0,0.0,-2.543,-6.844,0.39,2.543,6.844,-4.301
marker:0,0.0,0.0,0.0,-2.753,-7.038,0.43,2.753,7.038,-4.285
marker:0,0.0,0.0,0.0,-2.871,-7.133,0.52,2.871,7.133,-4.2620000000000005
marker:0,0.0,0.0,0.0,-3.07,-7.315,0.57,3.07,7.315,-4.245000000000001
marker:0,0.0,0.0,0.0,-3.192,-7.427,0.6,3.192,7.427,-4.234999999999999
marker:0,0.0,0.0,0.0,-1.488,-5.718,0.62,1.488,5.718,-4.23
marker:0,0.0,0.0,0.0,-1.522,-5.761,0.59,1.522,5.761,-4.239
marker:0,0.0,0.0,0.0,-1.557,-5.81,0.54,1.557,5.81,-4.253
marker:0,0.0,0.0,0.0,-1.534,-5.793,0.52,1.534,5.793,-4.259
marker:0,0.0,0.0,0.0,-1.695,-5.959,0.5,1.695,5.959,-4.263999999999999
marker:0,0.0,0.0,0.0,-1.725,-5.989,0.5,1.725,5.989,-4.263999999999999
marker:0,0.0,0.0,0.0,-0.617,-4.882,0.5,0.617,4.882,-4.265
marker:0,0.0,0.0,0.0,-0.673,-4.923,0.55,0.673,4.923,-4.25
marker:0,0.0,0.0,0.0,-1.572,-5.805,0.61,1.572,5.805,-4.233
marker:0,0.0,0.0,0.0,-1.449,-5.673,0.69,1.449,5.673,-4.224
marker:0,0.0,0.0,0.0,-1.553,-5.743,0.76,1.553,5.743,-4.19
marker:0,0.0,0.0,0.0,-1.618,-5.785,0.84,1.618,5.785,-4.167
marker:0,0.0,0.0,0.0,-1.657,-5.813,0.88,1.657,5.813,-4.156
marker:0,0.0,0.0,0.0,-1.646,-5.784,0.94,1.646,5.784,-4.138
marker:0,0.0,0.0,0.0,-1.688,-5.809,1.0,1.688,5.809,-4.121
marker:0,0.0,0.0,0.0,-1.747,-5.845,1.11,1.747,5.845,-4.098
marker:0,0.0,0.0,0.0,-1.914,-6.009,1.09,1.914,6.009,-4.095000000000001
marker:0,0.0,0.0,0.0,-2.024,-6.125,1.03,2.024,6.125,-4.101
marker:0,0.0,0.0,0.0,-2.064,-6.202,0.94,2.064,6.202,-4.138
marker:0,0.0,0.0,0.0,-2.031,-6.233,0.72,2.031,6.233,-4.202
marker:0,0.0,0.0,0.0,-1.987,-6.229,0.58,1.987,6.229,-4.242
marker:0,0.0,0.0,0.0,-1.962,-6.402,0.44,1.962,6.402,-4.44
marker:0,0.0,0.0,0.0,-2.132,-6.416,0.43,2.132,6.416,-4.284000000000001
marker:0,0.0,0.0,0.0,-2.009,-6.282,0.47,2.009,6.282,-4.273
marker:0,0.0,0.0,0.0,-1.994,-6.227,0.61,1.994,6.227,-4.2330000000000005
marker:0,0.0,0.0,0.0,-2.118,-6.296,0.84,2.118,6.296,-4.178000000000001
marker:0,0.0,0.0,0.0,-2.14,-6.263,0.99,2.14,6.263,-4.122999999999999
marker:0,0.0,0.0,0.0,-2.243,-6.322,1.15,2.243,6.322,-4.079000000000001
marker:0,0.0,0.0,0.0,-2.504,-6.571,1.18,2.504,6.571,-4.067
marker:0,0.0,0.0,0.0,-2.638,-6.722,1.13,2.638,6.722,-4.0840000000000005
marker:0,0.0,0.0,0.0,-2.846,-6.956,1.01,2.846,6.956,-4.11
marker:0,0.0,0.0,0.0,-2.845,-7.021,0.81,2.845,7.021,-4.176
marker:0,0.0,0.0,0.0,-2.694,-6.913,0.66,2.694,6.913,-4.219
marker:0,0.0,0.0,0.0,-2.801,-7.028,0.63,2.801,7.028,-4.226999999999999
marker:0,0.0,0.0,0.0,-2.864,-7.102,0.59,2.864,7.102,-4.238
marker:0,0.0,0.0,0.0,-2.895,-7.122,0.63,2.895,7.122,-4.227
marker:0,0.0,0.0,0.0,-2.904,-7.102,0.73,2.904,7.102,-4.198
marker:0,0.0,0.0,0.0,-2.858,-7.011,0.89,2.858,7.011,-4.1530000000000005
marker:0,0.0,0.0,0.0,-2.828,-6.92,1.1,2.828,6.92,-4.0920000000000005
marker:0,0.0,0.0,0.0,-2.854,-6.924,1.18,2.854,6.924,-4.07
marker:0,0.0,0.0,0.0,-2.974,-7.041,1.19,2.974,7.041,-4.067
marker:0,0.0,0.0,0.0,-2.991,-7.063,1.17,2.991,7.063,-4.071999999999999
marker:0,0.0,0.0,0.0,-2.918,-7.071,0.89,2.918,7.071,-4.153
marker:0,0.0,0.0,0.0,-2.968,-7.146,0.8,2.968,7.146,-4.178
marker:0,0.0,0.0,0.0,-3.077,-7.238,0.86,3.077,7.238,-4.1610000000000005
marker:0,0.0,0.0,0.0,-3.445,-7.554,1.04,3.445,7.554,-4.109
marker:0,0.0,0.0,0.0,-3.521,-7.542,1.35,3.521,7.542,-4.021
marker:0,0.0,0.0,0.0,-2.204,-6.167,1.54,2.204,6.167,-3.9629999999999996
marker:0,0.0,0.0,0.0,-2.351,-6.326,1.51,2.351,6.326,-3.9749999999999996
marker:0,0.0,0.0,0.0,-1.995,-6.17,0.81,1.995,6.17,-4.175
marker:0,0.0,0.0,0.0,-2.141,-6.354,0.59,2.141,6.354,-4.213
marker:0,0.0,0.0,0.0,-2.037,-6.307,0.48,2.037,6.307,-4.2700000000000005
marker:0,0.0,0.0,0.0,-1.911,-6.127,0.67,1.911,6.127,-4.215999999999999
marker:0,0.0,0.0,0.0,-2.415,-6.576,0.86,2.415,6.576,-4.161
marker:0,0.0,0.0,0.0,-2.195,-6.336,0.99,2.195,6.336,-4.141
marker:0,0.0,0.0,0.0,-2.318,-6.436,1.02,2.318,6.436,-4.118
marker:0,0.0,0.0,0.0,-2.344,-6.456,1.03,2.344,6.456,-4.112
marker:0,0.0,0.0,0.0,-2.401,-6.528,0.98,2.401,6.528,-4.127
marker:0,0.0,0.0,0.0,-2.512,-6.633,1.0,2.512,6.633,-4.121
marker:0,0.0,0.0,0.0,-2.506,-6.599,1.13,2.506,6.599,-4.093
marker:0,0.0,0.0,0.0,-2.545,-6.755,0.69,2.545,6.755,-4.21
marker:0,0.0,0.0,0.0,-2.602,-6.8,0.73,2.602,6.8,-4.198
marker:0,0.0,0.0,0.0,-2.702,-6.906,0.71,2.702,6.906,-4.204
marker:0,0.0,0.0,0.0,-2.721,-6.911,0.76,2.721,6.911,-4.1899999999999995
marker:0,0.0,0.0,0.0,-2.832,-7.016,0.78,2.832,7.016,-4.184
marker:0,0.0,0.0,0.0,-2.907,-7.086,0.8,2.907,7.086,-4.179
marker:0,0.0,0.0,0.0,-2.895,-7.059,0.85,2.895,7.059,-4.164
marker:0,0.0,0.0,0.0,-3.038,-7.165,0.98,3.038,7.165,-4.127000000000001
marker:0,0.0,0.0,0.0,-3.185,-7.298,1.03,3.185,7.298,-4.1129999999999995
marker:0,0.0,0.0,0.0,-3.239,-7.328,1.11,3.239,7.328,-4.089
marker:0,0.0,0.0,0.0,-3.422,-7.505,1.13,3.422,7.505,-4.083
marker:0,0.0,0.0,0.0,-3.497,-7.57,1.17,3.497,7.57,-4.073
marker:0,0.0,0.0,0.0,-3.609,-7.667,1.22,3.609,7.667,-4.058
marker:0,0.0,0.0,0.0,-4.291,-8.682,0.06,4.291,8.682,-4.391
marker:0,0.0,0.0,0.0,-4.209,-8.571,0.16,4.209,8.571,-4.362
marker:0,0.0,0.0,0.0,-4.394,-8.719,0.29,4.394,8.719,-4.324999999999999
marker:0,0.0,0.0,0.0,-4.275,-8.586,0.37,4.275,8.586,-4.311
marker:0,0.0,0.0,0.0,-4.07,-8.366,0.39,4.07,8.366,-4.295999999999999
marker:0,0.0,0.0,0.0,-4.871,-9.147,0.46,4.871,9.147,-4.276
marker:0,0.0,0.0,0.0,-4.65,-8.895,0.57,4.65,8.895,-4.244999999999999
marker:0,0.0,0.0,0.0,-4.423,-8.63,0.7,4.423,8.63,-4.207000000000001
marker:0,0.0,0.0,0.0,-4.266,-8.467,0.74,4.266,8.467,-4.2010000000000005
marker:0,0.0,0.0,0.0,-4.196,-8.395,0.68,4.196,8.395,-4.199
marker:0,0.0,0.0,0.0,-5.107,-9.403,0.39,5.107,9.403,-4.296
marker:0,0.0,0.0,0.0,-4.979,-9.289,0.34,4.979,9.289,-4.31
marker:0,0.0,0.0,0.0,-5.12,-9.44,0.33,5.12,9.44,-4.319999999999999
marker:0,0.0,0.0,0.0,-4.42,-8.69,0.48,4.42,8.69,-4.27
marker:0,0.0,0.0,0.0,-3.992,-8.228,0.6,3.992,8.228,-4.236
marker:0,0.0,0.0,0.0,-4.071,-8.284,0.68,4.071,8.284,-4.213000000000001
marker:0,0.0,0.0,0.0,-3.784,-7.999,0.67,3.784,7.999,-4.215
marker:0,0.0,0.0,0.0,-3.638,-7.877,0.56,3.638,7.877,-4.239
marker:0,0.0,0.0,0.0,-4.945,-9.249,0.36,4.945,9.249,-4.304
marker:0,0.0,0.0,0.0,-4.615,-8.96,0.22,4.615,8.96,-4.345000000000001
marker:0,0.0,0.0,0.0,-4.411,-8.802,0.06,4.411,8.802,-4.391
marker:0,0.0,0.0,0.0,-3.997,-8.405,0.01,3.997,8.405,-4.4079999999999995
marker:0,0.0,0.0,0.0,-3.697,-8.096,0.05,3.697,8.096,-4.399
marker:0,0.0,0.0,0.0,-4.207,-8.575,0.14,4.207,8.575,-4.367999999999999
marker:0,0.0,0.0,0.0,-4.051,-8.378,0.28,4.051,8.378,-4.327
marker:0,0.0,0.0,0.0,-3.877,-8.147,0.48,3.877,8.147,-4.2700000000000005
marker:0,0.0,0.0,0.0,-4.348,-8.564,0.67,4.348,8.564,-4.216
marker:0,0.0,0.0,0.0,-4.207,-8.4,0.75,4.207,8.4,-4.1930000000000005
marker:0,0.0,0.0,0.0,-4.094,-8.292,0.73,4.094,8.292,-4.1979999999999995
marker:0,0.0,0.0,0.0,-4.227,-8.44,0.68,4.227,8.44,-4.212999999999999
marker:0,0.0,0.0,0.0,-3.81,-8.037,0.63,3.81,8.037,-4.227
marker:0,0.0,0.0,0.0,-3.478,-7.708,0.62,3.478,7.708,-4.23
marker:0,0.0,0.0,0.0,-3.21,-7.449,0.59,3.21,7.449,-4.239
marker:0,0.0,0.0,0.0,-3.977,-8.198,0.65,3.977,8.198,-4.221
marker:0,0.0,0.0,0.0,-3.853,-8.066,0.68,3.853,8.066,-4.213000000000001
marker:0,0.0,0.0,0.0,-3.688,-7.878,0.76,3.688,7.878,-4.1899999999999995
marker:0,0.0,0.0,0.0,-3.382,-7.572,0.76,3.382,7.572,-4.1899999999999995
marker:0,0.0,0.0,0.0,-4.068,-8.255,0.77,4.068,8.255,-4.187000000000001
marker:0,0.0,0.0,0.0,-3.826,-8.007,0.79,3.826,8.007,-4.180999999999999
marker:0,0.0,0.0,0.0,-3.587,-7.78,0.75,3.587,7.78,-4.193
marker:0,0.0,0.0,0.0,-3.295,-7.499,0.72,3.295,7.499,-4.204
marker:0,0.0,0.0,0.0,-4.005,-8.223,0.66,4.005,8.223,-4.218000000000001
marker:0,0.0,0.0,0.0,-3.819,-8.057,0.59,3.819,8.057,-4.238
marker:0,0.0,0.0,0.0,-3.672,-7.927,0.53,3.672,7.927,-4.254999999999999
marker:0,0.0,0.0,0.0,-3.671,-7.949,0.45,3.671,7.949,-4.2780000000000005
marker:0,0.0,0.0,0.0,-3.639,-7.903,0.5,3.639,7.903,-4.263999999999999
marker:0,0.0,0.0,0.0,-3.419,-7.658,0.59,3.419,7.658,-4.239000000000001
marker:0,0.0,0.0,0.0,-3.745,-7.946,0.72,3.745,7.946,-4.201
marker:0,0.0,0.0,0.0,-3.546,-7.678,0.84,3.546,7.678,-4.132
marker:0,0.0,0.0,0.0,-3.285,-7.429,0.92,3.285,7.429,-4.144
marker:0,0.0,0.0,0.0,-2.987,-7.113,0.98,2.987,7.113,-4.126
marker:0,0.0,0.0,0.0,-2.676,-6.791,1.02,2.676,6.791,-4.115
marker:0,0.0,0.0,0.0,-2.364,-6.499,0.95,2.364,6.499,-4.135
marker:0,0.0,0.0,0.0,-2.046,-6.181,0.94,2.046,6.181,-4.135
marker:0,0.0,0.0,0.0,-1.785,-5.983,0.86,1.785,5.983,-4.1979999999999995
marker:0,0.0,0.0,0.0,-1.59,-5.768,0.8,1.59,5.768,-4.178
marker:0,0.0,0.0,0.0,-1.334,-5.518,0.78,1.334,5.518,-4.183999999999999
marker:0,0.0,0.0,0.0,-1.126,-5.316,0.76,1.126,5.316,-4.1899999999999995
marker:0,0.0,0.0,0.0,-1.008,-5.187,0.8,1.008,5.187,-4.179
marker:0,0.0,0.0,0.0,-0.818,-4.934,1.02,0.818,4.934,-4.1160000000000005
marker:0,0.0,0.0,0.0,-0.682,-4.766,1.13,0.682,4.766,-4.084
marker:0,0.0,0.0,0.0,-0.607,-4.654,1.26,0.607,4.654,-4.047
marker:0,0.0,0.0,0.0,-0.45,-4.505,1.23,0.45,4.505,-4.055
marker:0,0.0,0.0,0.0,-0.136,-4.219,1.13,0.136,4.219,-4.083
marker:0,0.0,0.0,0.0,0.216,-3.934,0.83,0.216,3.934,-3.718
marker:0,0.0,0.0,0.0,0.433,-3.782,0.67,0.433,3.782,-3.349
marker:0,0.0,0.0,0.0,0.894,-3.37,0.46,0.894,3.37,-2.476
marker:0,0.0,0.0,0.0,1.312,-2.981,0.4,1.312,2.981,-1.6689999999999998
marker:0,0.0,0.0,0.0,1.491,-2.799,0.41,1.491,2.799,-1.3079999999999998
marker:0,0.0,0.0,0.0,1.785,-2.485,0.51,1.785,2.485,-0.7
marker:0,0.0,0.0,0.0,1.994,-2.247,0.63,1.994,2.247,-0.2529999999999999
marker:0,0.0,0.0,0.0,2.061,-2.129,0.76,2.061,2.129,-0.06800000000000006
marker:0,0.0,0.0,0.0,2.188,-1.956,0.97,2.188,1.956,0.2320000000000002
marker:0,0.0,0.0,0.0,2.355,-1.726,1.14,2.355,1.726,0.629
marker:0,0.0,0.0,0.0,2.412,-1.646,1.22,2.412,1.646,0.766
marker:0,0.0,0.0,0.0,2.523,-1.549,1.22,2.523,1.549,0.9740000000000002
marker:0,0.0,0.0,0.0,2.672,-1.386,1.18,2.672,1.386,1.2860000000000003
marker:0,0.0,0.0,0.0,2.858,-1.214,1.17,2.858,1.214,1.6440000000000001
marker:0,0.0,0.0,0.0,3.071,-1.007,1.15,3.071,1.007,2.064
marker:0,0.0,0.0,0.0,3.493,-0.59,1.12,3.493,0.59,2.903
marker:0,0.0,0.0,0.0,3.684,-0.4,1.13,3.684,0.4,3.2840000000000003
marker:0,0.0,0.0,0.0,4.344,0.277,1.19,4.344,0.277,4.067
marker:0,0.0,0.0,0.0,4.381,0.32,1.21,4.381,0.32,4.061
marker:0,0.0,0.0,0.0,4.654,0.588,1.19,4.654,0.588,4.066
marker:0,0.0,0.0,0.0,4.786,0.7,1.12,4.786,0.7,4.085999999999999
marker:0,0.0,0.0,0.0,5.0,0.822,0.99,5.0,0.822,4.178
marker:0,0.0,0.0,0.0,5.126,0.959,0.84,5.126,0.959,4.167000000000001
marker:0,0.0,0.0,0.0,5.261,1.031,0.62,5.261,1.031,4.23
marker:0,0.0,0.0,0.0,5.862,1.563,0.38,5.862,1.563,4.299
marker:0,0.0,0.0,0.0,6.229,1.902,0.28,6.229,1.902,4.327
marker:0,0.0,0.0,0.0,6.323,1.996,0.28,6.323,1.996,4.327
marker:0,0.0,0.0,0.0,6.444,2.122,0.3,6.444,2.122,4.322
marker:0,0.0,0.0,0.0,6.573,2.263,0.34,6.573,2.263,4.3100000000000005
marker:0,0.0,0.0,0.0,6.803,2.481,0.28,6.803,2.481,4.322
marker:0,0.0,0.0,0.0,7.007,2.685,0.32,7.007,2.685,4.321999999999999
marker:0,0.0,0.0,0.0,7.118,2.805,0.34,7.118,2.805,4.313000000000001
marker:0,0.0,0.0,0.0,7.339,3.043,0.39,7.339,3.043,4.296
marker:0,0.0,0.0,0.0,-1.459,-5.861,0.01,1.459,5.861,-4.401999999999999
marker:0,0.0,0.0,0.0,-1.409,-5.808,0.03,1.409,5.808,-4.399
marker:0,0.0,0.0,0.0,-1.316,-5.723,0.0,1.316,5.723,-4.407
marker:0,0.0,0.0,0.0,-1.414,-5.752,0.0,1.414,5.752,-4.338
marker:0,0.0,0.0,0.0,-3.457,-7.873,-0.03,3.457,7.873,-4.416
marker:0,0.0,0.0,0.0,-3.334,-7.741,0.0,3.334,7.741,-4.407
marker:0,0.0,0.0,0.0,-3.119,-7.527,0.0,3.119,7.527,-4.4079999999999995
marker:0,0.0,0.0,0.0,-3.052,-7.459,0.0,3.052,7.459,-4.407
marker:0,0.0,0.0,0.0,-2.917,-7.307,0.06,2.917,7.307,-4.390000000000001
marker:0,0.0,0.0,0.0,-2.86,-7.244,0.08,2.86,7.244,-4.384
marker:0,0.0,0.0,0.0,-2.883,-7.262,0.11,2.883,7.262,-4.379
marker:0,0.0,0.0,0.0,-3.374,-7.753,0.09,3.374,7.753,-4.379
marker:0,0.0,0.0,0.0,-3.417,-7.804,0.07,3.417,7.804,-4.3870000000000005
marker:0,0.0,0.0,0.0,-3.281,-7.68,0.03,3.281,7.68,-4.398999999999999
marker:0,0.0,0.0,0.0,-3.149,-7.563,-0.02,3.149,7.563,-4.414
marker:0,0.0,0.0,0.0,-3.434,-7.864,-0.15,3.434,7.864,-4.43
marker:0,0.0,0.0,0.0,-3.409,-7.894,-0.27,3.409,7.894,-4.485
marker:0,0.0,0.0,0.0,-3.118,-7.643,-0.41,3.118,7.643,-4.525
marker:0,0.0,0.0,0.0,-3.409,-8.0,-0.64,3.409,8.0,-4.591
marker:0,0.0,0.0,0.0,-3.051,-7.659,-0.7,3.051,7.659,-4.608
marker:0,0.0,0.0,0.0,-2.931,-7.548,-0.73,2.931,7.548,-4.617
marker:0,0.0,0.0,0.0,-2.802,-7.419,-0.73,2.802,7.419,-4.616999999999999
marker:0,0.0,0.0,0.0,-3.076,-7.687,-0.71,3.076,7.687,-4.611000000000001
marker:0,0.0,0.0,0.0,-3.128,-7.722,-0.65,3.128,7.722,-4.594
marker:0,0.0,0.0,0.0,-3.19,-7.781,-0.64,3.19,7.781,-4.590999999999999
marker:0,0.0,0.0,0.0,-3.359,-7.942,-0.61,3.359,7.942,-4.583
marker:0,0.0,0.0,0.0,-3.327,-7.904,-0.59,3.327,7.904,-4.577
marker:0,0.0,0.0,0.0,-3.346,-7.928,-0.61,3.346,7.928,-4.582
marker:0,0.0,0.0,0.0,-3.288,-7.882,-0.65,3.288,7.882,-4.593999999999999
marker:0,0.0,0.0,0.0,-2.492,-7.083,-0.64,2.492,7.083,-4.591
marker:0,0.0,0.0,0.0,-2.399,-7.016,-0.57,2.399,7.016,-4.617
marker:0,0.0,0.0,0.0,-2.192,-6.748,-0.47,2.192,6.748,-4.556
marker:0,0.0,0.0,0.0,-3.174,-7.631,-0.17,3.174,7.631,-4.457000000000001
marker:0,0.0,0.0,0.0,-3.137,-7.544,0.0,3.137,7.544,-4.407
marker:0,0.0,0.0,0.0,-3.002,-7.306,0.19,3.002,7.306,-4.304
marker:0,0.0,0.0,0.0,-2.862,-7.203,0.23,2.862,7.203,-4.341
marker:0,0.0,0.0,0.0,-2.926,-7.268,0.23,2.926,7.268,-4.342
marker:0,0.0,0.0,0.0,-2.811,-7.199,0.07,2.811,7.199,-4.388
marker:0,0.0,0.0,0.0,-2.509,-6.919,-0.01,2.509,6.919,-4.41
marker:0,0.0,0.0,0.0,-2.346,-6.788,-0.12,2.346,6.788,-4.442
marker:0,0.0,0.0,0.0,-2.786,-7.24,-0.16,2.786,7.24,-4.454000000000001
marker:0,0.0,0.0,0.0,-2.54,-6.968,-0.07,2.54,6.968,-4.428
marker:0,0.0,0.0,0.0,-2.685,-7.084,0.03,2.685,7.084,-4.398999999999999
marker:0,0.0,0.0,0.0,-2.578,-6.955,0.11,2.578,6.955,-4.377000000000001
marker:0,0.0,0.0,0.0,-2.616,-6.981,0.15,2.616,6.981,-4.365
marker:0,0.0,0.0,0.0,-2.699,-7.072,0.08,2.699,7.072,-4.373
marker:0,0.0,0.0,0.0,-2.585,-6.981,0.04,2.585,6.981,-4.396
marker:0,0.0,0.0,0.0,-1.91,-6.32,-0.04,1.91,6.32,-4.41
marker:0,0.0,0.0,0.0,-2.294,-6.733,-0.11,2.294,6.733,-4.439
marker:0,0.0,0.0,0.0,-2.152,-6.591,-0.11,2.152,6.591,-4.439
marker:0,0.0,0.0,0.0,-1.157,-5.562,0.01,1.157,5.562,-4.405
marker:0,0.0,0.0,0.0,-0.667,-5.035,0.14,0.667,5.035,-4.368
marker:0,0.0,0.0,0.0,-1.329,-5.637,0.35,1.329,5.637,-4.308
marker:0,0.0,0.0,0.0,-1.201,-5.488,0.42,1.201,5.488,-4.287000000000001
marker:0,0.0,0.0,0.0,-2.253,-6.52,0.49,2.253,6.52,-4.2669999999999995
marker:0,0.0,0.0,0.0,-2.14,-6.404,0.5,2.14,6.404,-4.263999999999999
marker:0,0.0,0.0,0.0,-0.974,-5.224,0.55,0.974,5.224,-4.25
marker:0,0.0,0.0,0.0,-0.96,-5.21,0.55,0.96,5.21,-4.25
marker:0,0.0,0.0,0.0,-2.025,-6.266,0.58,2.025,6.266,-4.241
marker:0,0.0,0.0,0.0,-1.352,-5.593,0.58,1.352,5.593,-4.241
marker:0,0.0,0.0,0.0,-1.325,-5.584,0.52,1.325,5.584,-4.2589999999999995
marker:0,0.0,0.0,0.0,-1.372,-5.662,0.41,1.372,5.662,-4.29
marker:0,0.0,0.0,0.0,-1.268,-5.57,0.37,1.268,5.57,-4.3020000000000005
marker:0,0.0,0.0,0.0,-1.187,-5.498,0.32,1.187,5.498,-4.311
marker:0,0.0,0.0,0.0,-1.967,-6.263,0.39,1.967,6.263,-4.295999999999999
marker:0,0.0,0.0,0.0,-0.963,-5.231,0.49,0.963,5.231,-4.268
marker:0,0.0,0.0,0.0,-0.819,-5.037,0.66,0.819,5.037,-4.218
marker:0,0.0,0.0,0.0,-0.389,-4.562,0.82,0.389,4.562,-4.173
marker:0,0.0,0.0,0.0,-0.848,-4.989,0.93,0.848,4.989,-4.141
marker:0,0.0,0.0,0.0,-0.825,-4.978,0.89,0.825,4.978,-4.153
marker:0,0.0,0.0,0.0,0.084,-4.114,0.73,0.084,4.114,-4.03
marker:0,0.0,0.0,0.0,-1.859,-6.1,0.58,1.859,6.1,-4.241
marker:0,0.0,0.0,0.0,-1.935,-6.208,0.42,1.935,6.208,-4.273
marker:0,0.0,0.0,0.0,-1.892,-6.188,0.39,1.892,6.188,-4.295999999999999
marker:0,0.0,0.0,0.0,-0.639,-4.92,0.44,0.639,4.92,-4.281
marker:0,0.0,0.0,0.0,-0.523,-4.768,0.57,0.523,4.768,-4.245
marker:0,0.0,0.0,0.0,-1.194,-5.367,0.82,1.194,5.367,-4.173
marker:0,0.0,0.0,0.0,-1.16,-5.287,0.98,1.16,5.287,-4.127
marker:0,0.0,0.0,0.0,-1.213,-5.331,1.01,1.213,5.331,-4.118
marker:0,0.0,0.0,0.0,-1.675,-5.811,0.95,1.675,5.811,-4.136
marker:0,0.0,0.0,0.0,-2.155,-6.342,0.73,2.155,6.342,-4.186999999999999
marker:0,0.0,0.0,0.0,-2.082,-6.306,0.58,2.082,6.306,-4.224
marker:0,0.0,0.0,0.0,-0.75,-4.991,0.53,0.75,4.991,-4.241
marker:0,0.0,0.0,0.0,-0.928,-5.216,0.42,0.928,5.216,-4.288
marker:0,0.0,0.0,0.0,-0.894,-5.19,0.39,0.894,5.19,-4.296
marker:0,0.0,0.0,0.0,-0.744,-5.028,0.43,0.744,5.028,-4.284
marker:0,0.0,0.0,0.0,0.591,-3.662,0.54,0.591,3.662,-3.0709999999999997
marker:0,0.0,0.0,0.0,-1.686,-5.922,0.6,1.686,5.922,-4.236
marker:0,0.0,0.0,0.0,-1.696,-5.952,0.53,1.696,5.952,-4.256
marker:0,0.0,0.0,0.0,0.384,-3.92,0.36,0.384,3.92,-3.536
marker:0,0.0,0.0,0.0,0.124,-4.226,0.2,0.124,4.226,-4.102
marker:0,0.0,0.0,0.0,0.194,-4.22,-0.02,0.194,4.22,-4.026
marker:0,0.0,0.0,0.0,-1.274,-5.727,-0.16,1.274,5.727,-4.453
marker:0,0.0,0.0,0.0,-0.799,-5.255,-0.17,0.799,5.255,-4.4559999999999995
marker:0,0.0,0.0,0.0,-1.751,-6.187,-0.1,1.751,6.187,-4.436
marker:0,0.0,0.0,0.0,0.53,-3.887,-0.03,0.53,3.887,-3.357
marker:0,0.0,0.0,0.0,0.556,-3.855,-0.01,0.556,3.855,-3.299
marker:0,0.0,0.0,0.0,-0.836,-5.252,-0.03,0.836,5.252,-4.4159999999999995
marker:0,0.0,0.0,0.0,-0.215,-4.652,-0.12,0.215,4.652,-4.437
marker:0,0.0,0.0,0.0,-0.247,-4.698,-0.15,0.247,4.698,-4.4510000000000005
marker:0,0.0,0.0,0.0,-0.146,-4.585,-0.11,0.146,4.585,-4.439
marker:0,0.0,0.0,0.0,-0.118,-4.523,0.0,0.118,4.523,-4.404999999999999
marker:0,0.0,0.0,0.0,-1.045,-5.43,0.08,1.045,5.43,-4.385
marker:0,0.0,0.0,0.0,-0.036,-4.412,0.11,0.036,4.412,-4.376
marker:0,0.0,0.0,0.0,-0.254,-4.661,0.0,0.254,4.661,-4.407
marker:0,0.0,0.0,0.0,-0.111,-4.564,-0.2,0.111,4.564,-4.453
marker:0,0.0,0.0,0.0,-0.108,-4.332,-0.21,0.108,4.332,-4.224
marker:0,0.0,0.0,0.0,-0.112,-4.534,-0.02,0.112,4.534,-4.422
marker:0,0.0,0.0,0.0,-0.242,-4.572,0.27,0.242,4.572,-4.33
marker:0,0.0,0.0,0.0,-0.263,-4.608,0.22,0.263,4.608,-4.345
marker:0,0.0,0.0,0.0,-0.436,-4.827,0.06,0.436,4.827,-4.391
marker:0,0.0,0.0,0.0,-0.663,-5.114,-0.15,0.663,5.114,-4.451
marker:0,0.0,0.0,0.0,-0.621,-5.138,-0.46,0.621,5.138,-4.5169999999999995
marker:0,0.0,0.0,0.0,-1.124,-5.718,-0.69,1.124,5.718,-4.593999999999999
marker:0,0.0,0.0,0.0,-0.883,-5.5,-0.73,0.883,5.5,-4.617
marker:0,0.0,0.0,0.0,-0.559,-5.139,-0.6,0.559,5.139,-4.58
marker:0,0.0,0.0,0.0,-0.55,-5.072,-0.4,0.55,5.072,-4.522
marker:0,0.0,0.0,0.0,-1.255,-5.898,-0.82,1.255,5.898,-4.643
marker:0,0.0,0.0,0.0,-0.759,-5.55,-1.43,0.759,5.55,-4.7909999999999995
marker:0,0.0,0.0,0.0,-0.705,-5.5,-1.64,0.705,5.5,-4.795
marker:0,0.0,0.0,0.0,-1.206,-6.001,-1.63,1.206,6.001,-4.795
marker:0,0.0,0.0,0.0,-1.271,-6.064,-1.51,1.271,6.064,-4.793
marker:0,0.0,0.0,0.0,-1.456,-6.246,-1.36,1.456,6.246,-4.790000000000001
marker:0,0.0,0.0,0.0,-1.411,-6.148,-1.15,1.411,6.148,-4.737
marker:0,0.0,0.0,0.0,-1.337,-6.057,-1.09,1.337,6.057,-4.720000000000001
marker:0,0.0,0.0,0.0,-1.396,-6.124,-1.12,1.396,6.124,-4.728
marker:0,0.0,0.0,0.0,-2.166,-6.94,-1.28,2.166,6.94,-4.774000000000001
marker:0,0.0,0.0,0.0,-2.489,-7.29,-1.9,2.489,7.29,-4.801
marker:0,0.0,0.0,0.0,-2.483,-7.274,-1.39,2.483,7.274,-4.791
marker:0,0.0,0.0,0.0,-2.318,-7.078,-1.23,2.318,7.078,-4.76
marker:0,0.0,0.0,0.0,-2.613,-7.403,-1.39,2.613,7.403,-4.789999999999999
marker:0,0.0,0.0,0.0,-2.183,-6.979,-1.65,2.183,6.979,-4.796
marker:0,0.0,0.0,0.0,-1.348,-6.091,-1.17,1.348,6.091,-4.743
marker:0,0.0,0.0,0.0,-1.55,-6.192,-0.82,1.55,6.192,-4.642
marker:0,0.0,0.0,0.0,-1.579,-6.182,-0.68,1.579,6.182,-4.603000000000001
marker:0,0.0,0.0,0.0,-0.942,-5.533,-0.65,0.942,5.533,-4.591
marker:0,0.0,0.0,0.0,-0.902,-5.588,-0.97,0.902,5.588,-4.686
marker:0,0.0,0.0,0.0,-0.974,-5.768,-1.57,0.974,5.768,-4.794
marker:0,0.0,0.0,0.0,-0.618,-5.41,-1.47,0.618,5.41,-4.792
marker:0,0.0,0.0,0.0,-0.603,-5.358,-1.21,0.603,5.358,-4.755
marker:0,0.0,0.0,0.0,-0.561,-5.272,-1.01,0.561,5.272,-4.711
marker:0,0.0,0.0,0.0,-0.07,-4.761,-0.99,0.07,4.761,-4.691
marker:0,0.0,0.0,0.0,-0.204,-4.93,-1.11,0.204,4.93,-4.726
marker:0,0.0,0.0,0.0,-0.838,-5.429,-1.29,0.838,5.429,-4.591
marker:0,0.0,0.0,0.0,-0.524,-5.315,-1.45,0.524,5.315,-4.791
marker:0,0.0,0.0,0.0,-0.79,-5.583,-1.52,0.79,5.583,-4.793
marker:0,0.0,0.0,0.0,-0.58,-5.372,-1.48,0.58,5.372,-4.792
marker:0,0.0,0.0,0.0,-0.336,-5.125,-1.35,0.336,5.125,-4.789
marker:0,0.0,0.0,0.0,0.059,-4.704,-1.24,0.059,4.704,-4.645
marker:0,0.0,0.0,0.0,0.059,-4.601,-0.88,0.059,4.601,-4.542
marker:0,0.0,0.0,0.0,-0.036,-4.608,-0.7,0.036,4.608,-4.572
marker:0,0.0,0.0,0.0,0.073,-4.521,-0.65,0.073,4.521,-4.4479999999999995
marker:0,0.0,0.0,0.0,0.537,-4.068,-0.76,0.537,4.068,-3.5309999999999997
marker:0,0.0,0.0,0.0,0.331,-4.335,-0.9,0.331,4.335,-4.004
marker:0,0.0,0.0,0.0,0.293,-4.425,-1.08,0.293,4.425,-4.132
marker:0,0.0,0.0,0.0,0.158,-4.633,-1.44,0.158,4.633,-4.475
marker:0,0.0,0.0,0.0,0.177,-4.615,-1.44,0.177,4.615,-4.438000000000001
marker:0,0.0,0.0,0.0,0.338,-4.452,-1.38,0.338,4.452,-4.114
marker:0,0.0,0.0,0.0,0.05,-4.736,-1.32,0.05,4.736,-4.686
marker:0,0.0,0.0,0.0,-0.065,-4.762,-1.28,0.065,4.762,-4.696999999999999
marker:0,0.0,0.0,0.0,15.352,10.783,-13.08,15.352,10.783,4.569000000000001
marker:0,0.0,0.0,0.0,16.14,11.597,-13.2,16.14,11.597,4.543000000000001
marker:0,0.0,0.0,0.0,16.535,12.004,-13.27,16.535,12.004,4.531000000000001
marker:0,0.0,0.0,0.0,-0.109,-4.528,-13.83,0.109,4.528,-4.419
marker:0,0.0,0.0,0.0,0.018,-4.369,-13.99,0.018,4.369,-4.351
marker:0,0.0,0.0,0.0,0.288,-4.055,-14.21,0.288,4.055,-3.767
marker:0,0.0,0.0,0.0,-0.653,-4.966,-14.39,0.653,4.966,-4.313000000000001
marker:0,0.0,0.0,0.0,-0.643,-5.032,-13.98,0.643,5.032,-4.389
marker:0,0.0,0.0,0.0,-1.294,-5.659,-14.1,1.294,5.659,-4.365
marker:0,0.0,0.0,0.0,-1.81,-6.167,-14.14,1.81,6.167,-4.356999999999999
marker:0,0.0,0.0,0.0,-2.282,-6.663,-14.02,2.282,6.663,-4.381
marker:0,0.0,0.0,0.0,-1.467,-5.832,-14.1,1.467,5.832,-4.365
marker:0,0.0,0.0,0.0,-2.023,-6.268,-14.7,2.023,6.268,-4.244999999999999
marker:0,0.0,0.0,0.0,-1.353,-5.64,-14.49,1.353,5.64,-4.287
marker:0,0.0,0.0,0.0,-2.104,-6.443,-14.23,2.104,6.443,-4.3389999999999995
marker:0,0.0,0.0,0.0,-1.792,-6.147,-14.15,1.792,6.147,-4.355
marker:0,0.0,0.0,0.0,-1.992,-6.343,-14.17,1.992,6.343,-4.351
marker:0,0.0,0.0,0.0,-2.115,-6.44,-14.34,2.115,6.44,-4.325
marker:0,0.0,0.0,0.0,-2.17,-6.462,-14.46,2.17,6.462,-4.292
marker:0,0.0,0.0,0.0,-2.217,-6.484,-14.59,2.217,6.484,-4.2669999999999995
marker:0,0.0,0.0,0.0,-2.514,-6.779,-14.6,2.514,6.779,-4.265000000000001
marker:0,0.0,0.0,0.0,-2.55,-6.829,-14.52,2.55,6.829,-4.279
marker:0,0.0,0.0,0.0,-2.534,-6.833,-14.43,2.534,6.833,-4.299
marker:0,0.0,0.0,0.0,-2.682,-7.033,-14.17,2.682,7.033,-4.351000000000001
marker:0,0.0,0.0,0.0,-1.835,-6.21,-14.05,1.835,6.21,-4.375
marker:0,0.0,0.0,0.0,-1.931,-6.304,-14.06,1.931,6.304,-4.373
marker:0,0.0,0.0,0.0,-2.41,-6.769,-14.13,2.41,6.769,-4.359
marker:0,0.0,0.0,0.0,-3.117,-7.464,-14.24,3.117,7.464,-4.347
marker:0,0.0,0.0,0.0,-3.204,-7.519,-14.35,3.204,7.519,-4.3149999999999995
marker:0,0.0,0.0,0.0,-2.281,-6.564,-14.51,2.281,6.564,-4.2829999999999995
marker:0,0.0,0.0,0.0,-2.421,-6.667,-14.69,2.421,6.667,-4.246
marker:0,0.0,0.0,0.0,-2.504,-6.745,-14.72,2.504,6.745,-4.241
marker:0,0.0,0.0,0.0,-2.304,-6.539,-14.75,2.304,6.539,-4.234999999999999
marker:0,0.0,0.0,0.0,-2.627,-6.886,-14.63,2.627,6.886,-4.259
marker:0,0.0,0.0,0.0,-6.888,-11.141,0.54,6.888,11.141,-4.253
marker:0,0.0,0.0,0.0,-13.573,-16.298,6.76,13.573,16.298,-2.724999999999998
marker:0,0.0,0.0,0.0,-23.968,-26.301,8.22,23.968,26.301,-2.3329999999999984
marker:0,0.0,0.0,0.0,-26.02,-28.292,8.66,26.02,28.292,-2.272000000000002
marker:0,0.0,0.0,0.0,-26.534,-28.794,8.74,26.534,28.794,-2.2600000000000016
marker:0,0.0,0.0,0.0,-26.134,-28.397,8.72,26.134,28.397,-2.262999999999998
marker:0,0.0,0.0,0.0,-26.34,-28.605,8.75,26.34,28.605,-2.2650000000000006
marker:0,0.0,0.0,0.0,4.406,0.368,1.29,4.406,0.368,4.037999999999999
marker:0,0.0,0.0,0.0,3.005,-1.093,1.03,3.005,1.093,1.912
marker:0,0.0,0.0,0.0,2.915,-1.241,0.88,2.915,1.241,1.674
marker:0,0.0,0.0,0.0,2.354,-1.885,0.59,2.354,1.885,0.4690000000000001
marker:0,0.0,0.0,0.0,2.052,-2.23,0.44,2.052,2.23,-0.17799999999999994
marker:0,0.0,0.0,0.0,1.978,-2.335,0.33,1.978,2.335,-0.357
marker:0,0.0,0.0,0.0,1.559,-2.688,0.56,1.559,2.688,-1.1290000000000002
marker:0,0.0,0.0,0.0,1.649,-2.538,0.77,1.649,2.538,-0.8889999999999998
marker:0,0.0,0.0,0.0,1.182,-2.942,0.99,1.182,2.942,-1.7600000000000002
marker:0,0.0,0.0,0.0,1.128,-2.99,1.06,1.128,2.99,-1.8620000000000003
marker:0,0.0,0.0,0.0,1.538,-2.565,1.06,1.538,2.565,-1.027
marker:0,0.0,0.0,0.0,1.47,-2.665,0.95,1.47,2.665,-1.195
marker:0,0.0,0.0,0.0,1.051,-3.145,0.74,1.051,3.145,-2.0940000000000003
marker:0,0.0,0.0,0.0,0.65,-3.657,0.2,0.65,3.657,-3.007
marker:0,0.0,0.0,0.0,0.681,-3.756,-0.21,0.681,3.756,-3.0749999999999997
marker:0,0.0,0.0,0.0,0.535,-3.996,-0.48,0.535,3.996,-3.461
marker:0,0.0,0.0,0.0,0.623,-3.959,-0.61,0.623,3.959,-3.3360000000000003
marker:0,0.0,0.0,0.0,0.219,-4.355,-0.58,0.219,4.355,-4.136
marker:0,0.0,0.0,0.0,0.07,-4.453,-0.32,0.07,4.453,-4.383
marker:0,0.0,0.0,0.0,-0.039,-4.369,0.27,0.039,4.369,-4.33
marker:0,0.0,0.0,0.0,2.405,-1.834,0.59,2.405,1.834,0.5709999999999997
marker:0,0.0,0.0,0.0,2.16,-1.978,0.94,2.16,1.978,0.18200000000000016
marker:0,0.0,0.0,0.0,0.992,-3.1,1.11,0.992,3.1,-2.108
marker:0,0.0,0.0,0.0,0.789,-3.318,1.05,0.789,3.318,-2.529
marker:0,0.0,0.0,0.0,0.508,-3.685,0.63,0.508,3.685,-3.177
marker:0,0.0,0.0,0.0,0.522,-3.759,0.44,0.522,3.759,-3.237
marker:0,0.0,0.0,0.0,0.498,-3.918,-0.03,0.498,3.918,-3.42
marker:0,0.0,0.0,0.0,0.643,-3.813,-0.17,0.643,3.813,-3.17
marker:0,0.0,0.0,0.0,0.031,-4.477,-0.35,0.031,4.477,-4.446000000000001
marker:0,0.0,0.0,0.0,-0.121,-4.612,-0.29,0.121,4.612,-4.491
marker:0,0.0,0.0,0.0,-0.109,-4.536,-0.07,0.109,4.536,-4.427
marker:0,0.0,0.0,0.0,0.021,-4.344,0.15,0.021,4.344,-4.323
marker:0,0.0,0.0,0.0,0.886,-3.427,0.33,0.886,3.427,-2.541
marker:0,0.0,0.0,0.0,0.917,-3.503,-0.04,0.917,3.503,-2.5860000000000003
marker:0,0.0,0.0,0.0,0.097,-4.434,-0.43,0.097,4.434,-4.337
marker:0,0.0,0.0,0.0,-0.222,-4.882,-0.88,0.222,4.882,-4.659999999999999
marker:0,0.0,0.0,0.0,-0.303,-5.017,-1.11,0.303,5.017,-4.714
marker:0,0.0,0.0,0.0,0.417,-4.32,-1.15,0.417,4.32,-3.9030000000000005
marker:0,0.0,0.0,0.0,-0.048,-4.788,-1.12,0.048,4.788,-4.74
marker:0,0.0,0.0,0.0,-0.092,-4.711,-0.86,0.092,4.711,-4.619000000000001
marker:0,0.0,0.0,0.0,0.324,-4.227,-0.5,0.324,4.227,-3.9030000000000005
marker:0,0.0,0.0,0.0,0.201,-4.272,-0.23,0.201,4.272,-4.071000000000001
marker:0,0.0,0.0,0.0,0.685,-3.734,-0.04,0.685,3.734,-3.049
marker:0,0.0,0.0,0.0,0.657,-3.747,0.01,0.657,3.747,-3.09
marker:0,0.0,0.0,0.0,0.457,-3.979,-0.1,0.457,3.979,-3.5220000000000002
marker:0,0.0,0.0,0.0,-0.322,-4.813,-0.29,0.322,4.813,-4.491
marker:0,0.0,0.0,0.0,-0.446,-5.02,-0.58,0.446,5.02,-4.574
marker:0,0.0,0.0,0.0,-0.457,-5.062,-0.69,0.457,5.062,-4.605
marker:0,0.0,0.0,0.0,-0.444,-5.051,-0.8,0.444,5.051,-4.607
marker:0,0.0,0.0,0.0,0.885,-3.738,-0.75,0.885,3.738,-2.8529999999999998
marker:0,0.0,0.0,0.0,1.002,-3.52,-0.4,1.002,3.52,-2.518
marker:0,0.0,0.0,0.0,0.993,-3.452,-0.13,0.993,3.452,-2.459
marker:0,0.0,0.0,0.0,0.923,-3.491,-0.02,0.923,3.491,-2.568
marker:0,0.0,0.0,0.0,0.788,-3.543,0.27,0.788,3.543,-2.755
marker:0,0.0,0.0,0.0,0.855,-3.447,0.37,0.855,3.447,-2.592
marker:0,0.0,0.0,0.0,0.677,-3.613,0.41,0.677,3.613,-2.936
marker:0,0.0,0.0,0.0,0.427,-3.898,0.29,0.427,3.898,-3.471
marker:0,0.0,0.0,0.0,0.569,-3.81,0.1,0.569,3.81,-3.241
marker:0,0.0,0.0,0.0,-0.32,-4.756,-0.16,0.32,4.756,-4.436
marker:0,0.0,0.0,0.0,-0.258,-4.755,-0.31,0.258,4.755,-4.497
marker:0,0.0,0.0,0.0,0.634,-3.903,-0.45,0.634,3.903,-3.269
marker:0,0.0,0.0,0.0,0.583,-3.994,-0.59,0.583,3.994,-3.4110000000000005
marker:0,0.0,0.0,0.0,0.571,-4.023,-0.65,0.571,4.023,-3.452
marker:0,0.0,0.0,0.0,0.527,-4.108,-0.79,0.527,4.108,-3.5809999999999995
marker:0,0.0,0.0,0.0,0.518,-4.134,-0.89,0.518,4.134,-3.6160000000000005
marker:0,0.0,0.0,0.0,0.365,-4.329,-1.0,0.365,4.329,-3.9639999999999995
marker:0,0.0,0.0,0.0,0.301,-4.422,-1.1,0.301,4.422,-4.1209999999999996
marker:0,0.0,0.0,0.0,0.488,-4.253,-1.16,0.488,4.253,-3.765
marker:0,0.0,0.0,0.0,0.353,-4.401,-1.21,0.353,4.401,-4.048
marker:0,0.0,0.0,0.0,0.312,-4.431,-1.17,0.312,4.431,-4.119
marker:0,0.0,0.0,0.0,0.282,-4.452,-1.14,0.282,4.452,-4.17
marker:0,0.0,0.0,0.0,0.488,-4.215,-1.03,0.488,4.215,-3.727
marker:0,0.0,0.0,0.0,0.449,-4.211,-0.88,0.449,4.211,-3.7620000000000005
marker:0,0.0,0.0,0.0,0.424,-4.164,-0.63,0.424,4.164,-3.7399999999999998
marker:0,0.0,0.0,0.0,0.354,-4.183,-0.45,0.354,4.183,-3.8289999999999997
marker:0,0.0,0.0,0.0,0.257,-4.182,-0.11,0.257,4.182,-3.9250000000000003
marker:0,0.0,0.0,0.0,0.191,-4.182,0.12,0.191,4.182,-3.9910000000000005
marker:0,0.0,0.0,0.0,1.088,-3.22,0.35,1.088,3.22,-2.132
marker:0,0.0,0.0,0.0,0.962,-3.323,0.43,0.962,3.323,-2.3609999999999998
marker:0,0.0,0.0,0.0,0.884,-3.406,0.41,0.884,3.406,-2.5220000000000002
marker:0,0.0,0.0,0.0,0.854,-3.492,0.33,0.854,3.492,-2.638
marker:0,0.0,0.0,0.0,0.992,-3.387,0.1,0.992,3.387,-2.395
marker:0,0.0,0.0,0.0,0.914,-3.496,-0.01,0.914,3.496,-2.582
marker:0,0.0,0.0,0.0,0.96,-3.554,-0.43,0.96,3.554,-2.594
marker:0,0.0,0.0,0.0,0.768,-3.817,-0.62,0.768,3.817,-3.0490000000000004
marker:0,0.0,0.0,0.0,0.712,-3.899,-0.71,0.712,3.899,-3.1870000000000003
marker:0,0.0,0.0,0.0,0.694,-3.906,-0.67,0.694,3.906,-3.212
marker:0,0.0,0.0,0.0,0.531,-3.945,-0.24,0.531,3.945,-3.4139999999999997
marker:0,0.0,0.0,0.0,0.351,-4.039,0.06,0.351,4.039,-3.6879999999999997
marker:0,0.0,0.0,0.0,1.02,-3.336,0.18,1.02,3.336,-2.316
marker:0,0.0,0.0,0.0,0.873,-3.486,0.17,0.873,3.486,-2.6130000000000004
marker:0,0.0,0.0,0.0,1.446,-2.908,0.19,1.446,2.908,-1.462
marker:0,0.0,0.0,0.0,1.385,-2.946,0.27,1.385,2.946,-1.5610000000000002
marker:0,0.0,0.0,0.0,1.092,-3.203,0.39,1.092,3.203,-2.1109999999999998
marker:0,0.0,0.0,0.0,0.444,-3.826,0.48,0.444,3.826,-3.382
marker:0,0.0,0.0,0.0,0.322,-3.94,0.51,0.322,3.94,-3.618
marker:0,0.0,0.0,0.0,0.949,-3.324,0.46,0.949,3.324,-2.375
marker:0,0.0,0.0,0.0,0.903,-3.441,0.22,0.903,3.441,-2.538
marker:0,0.0,0.0,0.0,0.977,-3.436,-0.02,0.977,3.436,-2.459
marker:0,0.0,0.0,0.0,0.974,-3.517,-0.29,0.974,3.517,-2.543
marker:0,0.0,0.0,0.0,0.774,-3.771,-0.48,0.774,3.771,-2.997
marker:0,0.0,0.0,0.0,0.67,-3.907,-0.59,0.67,3.907,-3.237
marker:0,0.0,0.0,0.0,0.59,-4.001,-0.64,0.59,4.001,-3.4110000000000005
marker:0,0.0,0.0,0.0,0.518,-4.079,-0.66,0.518,4.079,-3.561
marker:0,0.0,0.0,0.0,0.435,-4.148,-0.61,0.435,4.148,-3.7129999999999996
marker:0,0.0,0.0,0.0,0.75,-3.81,-0.53,0.75,3.81,-3.06
marker:0,0.0,0.0,0.0,0.574,-3.946,-0.39,0.574,3.946,-3.3720000000000003
marker:0,0.0,0.0,0.0,0.34,-4.114,-0.06,0.34,4.114,-3.774
marker:0,0.0,0.0,0.0,1.488,-2.871,0.17,1.488,2.871,-1.383
marker:0,0.0,0.0,0.0,1.482,-2.834,0.32,1.482,2.834,-1.352
marker:0,0.0,0.0,0.0,0.765,-3.494,0.52,0.765,3.494,-2.729
marker:0,0.0,0.0,0.0,0.252,-3.952,0.71,0.252,3.952,-3.7
marker:0,0.0,0.0,0.0,0.064,-4.131,0.74,0.064,4.131,-4.067
marker:0,0.0,0.0,0.0,0.705,-3.476,0.79,0.705,3.476,-2.771
marker:0,0.0,0.0,0.0,0.939,-3.295,0.63,0.939,3.295,-2.356
marker:0,0.0,0.0,0.0,0.175,-4.106,0.38,0.175,4.106,-3.931
marker:0,0.0,0.0,0.0,0.192,-4.141,0.26,0.192,4.141,-3.949
marker:0,0.0,0.0,0.0,0.092,-4.293,0.08,0.092,4.293,-4.2010000000000005
marker:0,0.0,0.0,0.0,0.129,-4.278,0.0,0.129,4.278,-4.148999999999999
marker:0,0.0,0.0,0.0,0.242,-4.194,-0.1,0.242,4.194,-3.952
marker:0,0.0,0.0,0.0,0.52,-3.922,-0.11,0.52,3.922,-3.402
marker:0,0.0,0.0,0.0,0.323,-4.125,-0.14,0.323,4.125,-3.802
marker:0,0.0,0.0,0.0,0.243,-4.208,-0.15,0.243,4.208,-3.9650000000000003
marker:0,0.0,0.0,0.0,0.18,-4.291,-0.22,0.18,4.291,-4.111000000000001
marker:0,0.0,0.0,0.0,0.054,-4.428,-0.29,0.054,4.428,-4.374
marker:0,0.0,0.0,0.0,-0.044,-4.538,-0.3,0.044,4.538,-4.494000000000001
marker:0,0.0,0.0,0.0,-0.075,-4.578,-0.33,0.075,4.578,-4.503
marker:0,0.0,0.0,0.0,0.183,-4.314,-0.31,0.183,4.314,-4.131
marker:0,0.0,0.0,0.0,0.074,-4.4,-0.23,0.074,4.4,-4.3260000000000005
marker:0,0.0,0.0,0.0,-0.185,-4.63,-0.13,0.185,4.63,-4.445
marker:0,0.0,0.0,0.0,-0.309,-4.686,-0.09,0.309,4.686,-4.377
marker:0,0.0,0.0,0.0,-0.324,-4.741,-0.03,0.324,4.741,-4.417
marker:0,0.0,0.0,0.0,-0.457,-4.879,-0.05,0.457,4.879,-4.422
marker:0,0.0,0.0,0.0,-0.548,-4.984,-0.1,0.548,4.984,-4.436
marker:0,0.0,0.0,0.0,-0.618,-5.069,-0.2,0.618,5.069,-4.451
marker:0,0.0,0.0,0.0,-0.654,-5.156,-0.35,0.654,5.156,-4.502
marker:0,0.0,0.0,0.0,-0.207,-4.784,-0.59,0.207,4.784,-4.577
marker:0,0.0,0.0,0.0,-0.297,-4.896,-0.67,0.297,4.896,-4.599
marker:0,0.0,0.0,0.0,-0.354,-4.988,-0.79,0.354,4.988,-4.634
marker:0,0.0,0.0,0.0,-0.45,-5.087,-0.8,0.45,5.087,-4.637
marker:0,0.0,0.0,0.0,-0.819,-5.442,-0.75,0.819,5.442,-4.623
marker:0,0.0,0.0,0.0,-1.023,-5.634,-0.71,1.023,5.634,-4.611000000000001
marker:0,0.0,0.0,0.0,-1.132,-5.741,-0.7,1.132,5.741,-4.609
marker:0,0.0,0.0,0.0,-0.333,-4.933,-0.63,0.333,4.933,-4.6
marker:0,0.0,0.0,0.0,-0.157,-4.737,-0.6,0.157,4.737,-4.58
marker:0,0.0,0.0,0.0,-0.398,-4.967,-0.57,0.398,4.967,-4.569
marker:0,0.0,0.0,0.0,-0.467,-5.035,-0.55,0.467,5.035,-4.5680000000000005
marker:0,0.0,0.0,0.0,-0.279,-4.821,-0.47,0.279,4.821,-4.542
marker:0,0.0,0.0,0.0,-0.953,-5.484,-0.43,0.953,5.484,-4.531
marker:0,0.0,0.0,0.0,-0.861,-5.349,-0.28,0.861,5.349,-4.488
marker:0,0.0,0.0,0.0,-0.866,-5.343,-0.24,0.866,5.343,-4.477
marker:0,0.0,0.0,0.0,0.13,-4.329,-0.18,0.13,4.329,-4.199
marker:0,0.0,0.0,0.0,0.109,-4.325,-0.09,0.109,4.325,-4.216
marker:0,0.0,0.0,0.0,-0.316,-4.732,-0.03,0.316,4.732,-4.416
marker:0,0.0,0.0,0.0,-0.059,-4.469,-0.01,0.059,4.469,-4.41
marker:0,0.0,0.0,0.0,0.119,-4.303,-0.05,0.119,4.303,-4.184
marker:0,0.0,0.0,0.0,-0.362,-4.824,-0.19,0.362,4.824,-4.462
marker:0,0.0,0.0,0.0,-0.368,-4.859,-0.33,0.368,4.859,-4.491
marker:0,0.0,0.0,0.0,-0.617,-5.173,-0.52,0.617,5.173,-4.556
marker:0,0.0,0.0,0.0,-0.792,-5.391,-0.67,0.792,5.391,-4.599
marker:0,0.0,0.0,0.0,0.161,-4.462,-0.75,0.161,4.462,-4.301
marker:0,0.0,0.0,0.0,0.125,-4.497,-0.75,0.125,4.497,-4.372
marker:0,0.0,0.0,0.0,-0.107,-4.722,-0.72,0.107,4.722,-4.615
marker:0,0.0,0.0,0.0,-0.065,-4.651,-0.62,0.065,4.651,-4.585999999999999
marker:0,0.0,0.0,0.0,-0.142,-4.713,-0.57,0.142,4.713,-4.571
marker:0,0.0,0.0,0.0,-0.228,-4.782,-0.51,0.228,4.782,-4.554
marker:0,0.0,0.0,0.0,0.453,-4.084,-0.45,0.453,4.084,-3.631
marker:0,0.0,0.0,0.0,0.302,-4.226,-0.42,0.302,4.226,-3.924
marker:0,0.0,0.0,0.0,0.265,-4.243,-0.35,0.265,4.243,-3.978
marker:0,0.0,0.0,0.0,0.266,-4.22,-0.23,0.266,4.22,-3.9539999999999997
marker:0,0.0,0.0,0.0,0.252,-4.202,-0.16,0.252,4.202,-3.95
marker:0,0.0,0.0,0.0,0.738,-3.687,-0.01,0.738,3.687,-2.949
marker:0,0.0,0.0,0.0,0.644,-3.747,0.06,0.644,3.747,-3.1029999999999998
marker:0,0.0,0.0,0.0,0.674,-3.702,0.11,0.674,3.702,-3.028
marker:0,0.0,0.0,0.0,0.868,-3.494,0.16,0.868,3.494,-2.6260000000000003
marker:0,0.0,0.0,0.0,0.679,-3.695,0.12,0.679,3.695,-3.016
marker:0,0.0,0.0,0.0,-0.356,-4.692,0.06,0.356,4.692,-4.336
marker:0,0.0,0.0,0.0,-0.503,-4.917,0.01,0.503,4.917,-4.414
marker:0,0.0,0.0,0.0,0.23,-4.192,-0.05,0.23,4.192,-3.962
marker:0,0.0,0.0,0.0,0.209,-4.224,-0.09,0.209,4.224,-4.015000000000001
marker:0,0.0,0.0,0.0,0.341,-4.09,-0.08,0.341,4.09,-3.7489999999999997
marker:0,0.0,0.0,0.0,-0.089,-4.52,-0.08,0.089,4.52,-4.430999999999999
marker:0,0.0,0.0,0.0,-0.036,-4.469,-0.09,0.036,4.469,-4.433000000000001
marker:0,0.0,0.0,0.0,-0.018,-4.457,-0.11,0.018,4.457,-4.439
marker:0,0.0,0.0,0.0,-0.004,-4.461,-0.19,0.004,4.461,-4.457000000000001
marker:0,0.0,0.0,0.0,0.562,-3.915,-0.23,0.562,3.915,-3.3529999999999998
marker:0,0.0,0.0,0.0,0.536,-3.948,-0.27,0.536,3.948,-3.412
marker:0,0.0,0.0,0.0,0.4,-4.088,-0.28,0.4,4.088,-3.688
marker:0,0.0,0.0,0.0,-0.09,-4.575,-0.26,0.09,4.575,-4.485
marker:0,0.0,0.0,0.0,-0.101,-4.574,-0.23,0.101,4.574,-4.473
marker:0,0.0,0.0,0.0,-0.151,-4.604,-0.15,0.151,4.604,-4.453
marker:0,0.0,0.0,0.0,-0.216,-4.646,-0.05,0.216,4.646,-4.43
marker:0,0.0,0.0,0.0,0.82,-3.588,0.0,0.82,3.588,-2.7680000000000002
marker:0,0.0,0.0,0.0,0.206,-4.165,0.13,0.206,4.165,-3.959
marker:0,0.0,0.0,0.0,0.14,-4.207,0.21,0.14,4.207,-4.067
marker:0,0.0,0.0,0.0,0.243,-4.079,0.3,0.243,4.079,-3.836
marker:0,0.0,0.0,0.0,0.166,-4.121,0.42,0.166,4.121,-3.9550000000000005
marker:0,0.0,0.0,0.0,0.347,-3.906,0.54,0.347,3.906,-3.559
marker:0,0.0,0.0,0.0,0.286,-3.913,0.73,0.286,3.913,-3.627
marker:0,0.0,0.0,0.0,0.159,-4.019,0.8,0.159,4.019,-3.8600000000000003
marker:0,0.0,0.0,0.0,0.328,-3.833,0.86,0.328,3.833,-3.5050000000000003
marker:0,0.0,0.0,0.0,0.218,-3.955,0.82,0.218,3.955,-3.737
marker:0,0.0,0.0,0.0,0.241,-4.045,0.65,0.241,4.045,-3.804
marker:0,0.0,0.0,0.0,0.807,-3.443,0.51,0.807,3.443,-2.636
marker:0,0.0,0.0,0.0,0.851,-3.482,0.19,0.851,3.482,-2.6310000000000002
marker:0,0.0,0.0,0.0,0.714,-3.671,0.08,0.714,3.671,-2.957
marker:0,0.0,0.0,0.0,0.762,-3.649,-0.01,0.762,3.649,-2.887
marker:0,0.0,0.0,0.0,0.779,-3.638,-0.03,0.779,3.638,-2.859
marker:0,0.0,0.0,0.0,1.536,-2.872,0.0,1.536,2.872,-1.3359999999999999
marker:0,0.0,0.0,0.0,1.651,-2.697,0.23,1.651,2.697,-1.046
marker:0,0.0,0.0,0.0,1.543,-2.767,0.34,1.543,2.767,-1.224
marker:0,0.0,0.0,0.0,1.019,-3.271,0.41,1.019,3.271,-2.252
marker:0,0.0,0.0,0.0,0.892,-3.399,0.41,0.892,3.399,-2.507
marker:0,0.0,0.0,0.0,0.521,-3.766,0.42,0.521,3.766,-3.245
marker:0,0.0,0.0,0.0,0.499,-3.811,0.31,0.499,3.811,-3.312
marker:0,0.0,0.0,0.0,0.462,-3.883,0.22,0.462,3.883,-3.421
marker:0,0.0,0.0,0.0,0.278,-4.075,0.19,0.278,4.075,-3.797
marker:0,0.0,0.0,0.0,0.22,-4.153,0.12,0.22,4.153,-3.9329999999999994
marker:0,0.0,0.0,0.0,0.177,-4.216,0.05,0.177,4.216,-4.039000000000001
marker:0,0.0,0.0,0.0,0.203,-4.182,0.08,0.203,4.182,-3.9790000000000005
marker:0,0.0,0.0,0.0,0.248,-4.128,0.11,0.248,4.128,-3.88
marker:0,0.0,0.0,0.0,0.814,-3.533,0.21,0.814,3.533,-2.719
marker:0,0.0,0.0,0.0,0.735,-3.589,0.29,0.735,3.589,-2.854
marker:0,0.0,0.0,0.0,0.669,-3.63,0.4,0.669,3.63,-2.961
marker:0,0.0,0.0,0.0,1.063,-3.196,0.52,1.063,3.196,-2.133
marker:0,0.0,0.0,0.0,0.93,-3.295,0.64,0.93,3.295,-2.3649999999999998
marker:0,0.0,0.0,0.0,0.476,-3.746,0.65,0.476,3.746,-3.27
marker:0,0.0,0.0,0.0,1.065,-3.151,0.65,1.065,3.151,-2.086
marker:0,0.0,0.0,0.0,1.012,-3.232,0.57,1.012,3.232,-2.22
marker:0,0.0,0.0,0.0,0.258,-4.021,0.46,0.258,4.021,-3.763
marker:0,0.0,0.0,0.0,-0.012,-4.311,0.38,0.012,4.311,-4.299
marker:0,0.0,0.0,0.0,-0.036,-4.343,0.35,0.036,4.343,-4.307
marker:0,0.0,0.0,0.0,0.168,-4.125,0.4,0.168,4.125,-3.957
marker:0,0.0,0.0,0.0,0.719,-3.551,0.48,0.719,3.551,-2.8320000000000003
marker:0,0.0,0.0,0.0,0.068,-4.173,0.58,0.068,4.173,-4.105
marker:0,0.0,0.0,0.0,0.017,-4.236,0.54,0.017,4.236,-4.218999999999999
marker:0,0.0,0.0,0.0,0.886,-3.401,0.37,0.886,3.401,-2.5149999999999997
marker:0,0.0,0.0,0.0,0.827,-3.52,0.13,0.827,3.52,-2.693
marker:0,0.0,0.0,0.0,-0.147,-4.589,-0.23,0.147,4.589,-4.442
marker:0,0.0,0.0,0.0,-0.189,-4.723,-0.44,0.189,4.723,-4.534
marker:0,0.0,0.0,0.0,-0.121,-4.724,-0.68,0.121,4.724,-4.603
marker:0,0.0,0.0,0.0,0.351,-4.229,-0.57,0.351,4.229,-3.878
marker:0,0.0,0.0,0.0,0.179,-4.329,-0.35,0.179,4.329,-4.1499999999999995
marker:0,0.0,0.0,0.0,0.136,-4.271,0.0,0.136,4.271,-4.135
marker:0,0.0,0.0,0.0,0.124,-4.22,0.32,0.124,4.22,-4.096
marker:0,0.0,0.0,0.0,0.753,-3.52,0.47,0.753,3.52,-2.767
marker:0,0.0,0.0,0.0,0.729,-3.515,0.57,0.729,3.515,-2.786
marker:0,0.0,0.0,0.0,0.061,-4.192,0.54,0.061,4.192,-4.131
marker:0,0.0,0.0,0.0,-0.076,-4.369,0.4,0.076,4.369,-4.293
marker:0,0.0,0.0,0.0,-0.035,-4.402,0.08,0.035,4.402,-4.367
marker:0,0.0,0.0,0.0,-0.508,-4.941,-0.09,0.508,4.941,-4.433
marker:0,0.0,0.0,0.0,0.469,-4.005,-0.23,0.469,4.005,-3.536
marker:0,0.0,0.0,0.0,0.501,-3.941,-0.12,0.501,3.941,-3.44
marker:0,0.0,0.0,0.0,1.207,-3.195,0.02,1.207,3.195,-1.9879999999999998
marker:0,0.0,0.0,0.0,1.223,-3.113,0.25,1.223,3.113,-1.89
marker:0,0.0,0.0,0.0,1.176,-3.037,0.68,1.176,3.037,-1.861
marker:0,0.0,0.0,0.0,1.162,-2.961,0.99,1.162,2.961,-1.799
marker:0,0.0,0.0,0.0,0.951,-3.133,1.13,0.951,3.133,-2.182
marker:0,0.0,0.0,0.0,0.81,-3.282,1.1,0.81,3.282,-2.472
marker:0,0.0,0.0,0.0,0.153,-3.971,0.99,0.153,3.971,-3.818
marker:0,0.0,0.0,0.0,-0.199,-4.389,0.69,0.199,4.389,-4.19
marker:0,0.0,0.0,0.0,0.777,-3.507,0.36,0.777,3.507,-2.73
marker:0,0.0,0.0,0.0,0.951,-3.391,0.23,0.951,3.391,-2.44
marker:0,0.0,0.0,0.0,0.418,-3.999,-0.03,0.418,3.999,-3.581
marker:0,0.0,0.0,0.0,0.508,-3.949,-0.17,0.508,3.949,-3.441
marker:0,0.0,0.0,0.0,0.617,-3.856,-0.23,0.617,3.856,-3.239
marker:0,0.0,0.0,0.0,-0.04,-4.507,-0.19,0.04,4.507,-4.467
marker:0,0.0,0.0,0.0,0.338,-4.09,-0.07,0.338,4.09,-3.752
marker:0,0.0,0.0,0.0,0.396,-4.0,0.04,0.396,4.0,-3.604
marker:0,0.0,0.0,0.0,-0.171,-4.535,0.15,0.171,4.535,-4.364
marker:0,0.0,0.0,0.0,0.062,-4.291,0.19,0.062,4.291,-4.229
marker:0,0.0,0.0,0.0,1.822,-2.537,0.17,1.822,2.537,-0.7149999999999999
marker:0,0.0,0.0,0.0,1.798,-2.598,0.04,1.798,2.598,-0.7999999999999998
marker:0,0.0,0.0,0.0,0.861,-3.593,-0.16,0.861,3.593,-2.732
marker:0,0.0,0.0,0.0,0.525,-3.957,-0.26,0.525,3.957,-3.432
marker:0,0.0,0.0,0.0,-0.585,-5.041,-0.14,0.585,5.041,-4.456
marker:0,0.0,0.0,0.0,-0.799,-5.222,-0.05,0.799,5.222,-4.423
marker:0,0.0,0.0,0.0,-0.876,-5.278,0.02,0.876,5.278,-4.401999999999999
marker:0,0.0,0.0,0.0,-0.258,-4.609,0.2,0.258,4.609,-4.351
marker:0,0.0,0.0,0.0,-0.241,-4.582,0.23,0.241,4.582,-4.341
marker:0,0.0,0.0,0.0,-1.017,-4.713,0.24,1.017,4.713,-3.696
marker:0,0.0,0.0,0.0,-1.078,-5.431,0.19,1.078,5.431,-4.353
marker:0,0.0,0.0,0.0,-0.708,-5.099,0.06,0.708,5.099,-4.391
marker:0,0.0,0.0,0.0,0.018,-4.43,-0.14,0.018,4.43,-4.412
marker:0,0.0,0.0,0.0,-0.843,-5.371,-0.42,0.843,5.371,-4.5280000000000005
marker:0,0.0,0.0,0.0,0.178,-4.361,-0.46,0.178,4.361,-4.183
marker:0,0.0,0.0,0.0,-0.398,-4.891,-0.3,0.398,4.891,-4.493
marker:0,0.0,0.0,0.0,-0.726,-5.174,-0.14,0.726,5.174,-4.448
marker:0,0.0,0.0,0.0,-0.902,-5.313,-0.01,0.902,5.313,-4.411
marker:0,0.0,0.0,0.0,0.082,-4.309,0.08,0.082,4.309,-4.227
marker:0,0.0,0.0,0.0,-0.07,-4.452,0.1,0.07,4.452,-4.382
marker:0,0.0,0.0,0.0,-0.21,-4.601,0.04,0.21,4.601,-4.391
marker:0,0.0,0.0,0.0,-0.615,-5.043,-0.07,0.615,5.043,-4.428
marker:0,0.0,0.0,0.0,-0.608,-5.076,-0.24,0.608,5.076,-4.468
marker:0,0.0,0.0,0.0,-0.908,-5.471,-0.54,0.908,5.471,-4.563
marker:0,0.0,0.0,0.0,-0.925,-5.508,-0.61,0.925,5.508,-4.583
marker:0,0.0,0.0,0.0,-0.431,-5.025,-0.65,0.431,5.025,-4.594
marker:0,0.0,0.0,0.0,-0.845,-5.445,-0.67,0.845,5.445,-4.6000000000000005
marker:0,0.0,0.0,0.0,-0.034,-4.628,-0.65,0.034,4.628,-4.594
marker:0,0.0,0.0,0.0,-0.142,-4.733,-0.64,0.142,4.733,-4.590999999999999
marker:0,0.0,0.0,0.0,-0.525,-5.117,-0.64,0.525,5.117,-4.592
marker:0,0.0,0.0,0.0,-0.606,-5.203,-0.66,0.606,5.203,-4.597
marker:0,0.0,0.0,0.0,-1.193,-5.813,-0.76,1.193,5.813,-4.619999999999999
marker:0,0.0,0.0,0.0,0.228,-4.435,-0.89,0.228,4.435,-4.207
marker:0,0.0,0.0,0.0,0.163,-4.526,-0.98,0.163,4.526,-4.3629999999999995
marker:0,0.0,0.0,0.0,-0.639,-5.351,-1.06,0.639,5.351,-4.712
marker:0,0.0,0.0,0.0,-0.915,-5.614,-1.05,0.915,5.614,-4.699
marker:0,0.0,0.0,0.0,-1.024,-5.716,-0.89,1.024,5.716,-4.692
marker:0,0.0,0.0,0.0,-0.858,-5.484,-0.72,0.858,5.484,-4.626
marker:0,0.0,0.0,0.0,-1.057,-5.64,-0.61,1.057,5.64,-4.583
marker:0,0.0,0.0,0.0,-0.228,-4.765,-0.45,0.228,4.765,-4.537
marker:0,0.0,0.0,0.0,-0.617,-5.137,-0.39,0.617,5.137,-4.52
marker:0,0.0,0.0,0.0,-0.761,-5.283,-0.4,0.761,5.283,-4.522
marker:0,0.0,0.0,0.0,-1.157,-5.702,-0.48,1.157,5.702,-4.545
marker:0,0.0,0.0,0.0,-0.259,-4.83,-0.57,0.259,4.83,-4.571
marker:0,0.0,0.0,0.0,-0.213,-4.81,-0.73,0.213,4.81,-4.5969999999999995
marker:0,0.0,0.0,0.0,-0.824,-5.478,-0.86,0.824,5.478,-4.654
marker:0,0.0,0.0,0.0,-0.445,-5.145,-1.02,0.445,5.145,-4.699999999999999
marker:0,0.0,0.0,0.0,-0.267,-4.982,-1.07,0.267,4.982,-4.715
marker:0,0.0,0.0,0.0,-0.465,-5.188,-1.1,0.465,5.188,-4.723
marker:0,0.0,0.0,0.0,-1.97,-6.693,-1.1,1.97,6.693,-4.723
marker:0,0.0,0.0,0.0,-2.142,-6.859,-1.08,2.142,6.859,-4.7170000000000005
marker:0,0.0,0.0,0.0,-0.578,-5.281,-1.03,0.578,5.281,-4.702999999999999
marker:0,0.0,0.0,0.0,-1.141,-5.815,-0.89,1.141,5.815,-4.674
marker:0,0.0,0.0,0.0,-0.965,-5.6,-0.79,0.965,5.6,-4.635
marker:0,0.0,0.0,0.0,-1.059,-5.642,-0.61,1.059,5.642,-4.583
marker:0,0.0,0.0,0.0,-0.629,-5.186,-0.52,0.629,5.186,-4.557
marker:0,0.0,0.0,0.0,-1.36,-5.885,-0.41,1.36,5.885,-4.5249999999999995
marker:0,0.0,0.0,0.0,-1.354,-5.89,-0.45,1.354,5.89,-4.536
marker:0,0.0,0.0,0.0,-0.796,-5.356,-0.55,0.796,5.356,-4.56
marker:0,0.0,0.0,0.0,-0.649,-5.234,-0.62,0.649,5.234,-4.585
marker:0,0.0,0.0,0.0,-0.527,-5.118,-0.64,0.527,5.118,-4.591
marker:0,0.0,0.0,0.0,-0.574,-5.159,-0.62,0.574,5.159,-4.585
marker:0,0.0,0.0,0.0,-1.188,-5.771,-0.61,1.188,5.771,-4.583
marker:0,0.0,0.0,0.0,-0.929,-5.483,-0.6,0.929,5.483,-4.553999999999999
marker:0,0.0,0.0,0.0,-0.952,-5.526,-0.58,0.952,5.526,-4.574
marker:0,0.0,0.0,0.0,-0.62,-5.208,-0.63,0.62,5.208,-4.588
marker:0,0.0,0.0,0.0,-1.126,-5.717,-0.64,1.126,5.717,-4.590999999999999
marker:0,0.0,0.0,0.0,-1.156,-5.77,-0.72,1.156,5.77,-4.614
marker:0,0.0,0.0,0.0,-1.168,-5.791,-0.75,1.168,5.791,-4.623
marker:0,0.0,0.0,0.0,-0.323,-4.96,-0.8,0.323,4.96,-4.637
marker:0,0.0,0.0,0.0,-0.308,-4.948,-0.81,0.308,4.948,-4.640000000000001
marker:0,0.0,0.0,0.0,-0.394,-4.989,-0.79,0.394,4.989,-4.595
marker:0,0.0,0.0,0.0,-0.398,-5.032,-0.79,0.398,5.032,-4.634
marker:0,0.0,0.0,0.0,-0.367,-4.984,-0.73,0.367,4.984,-4.617
marker:0,0.0,0.0,0.0,-0.408,-4.996,-0.62,0.408,4.996,-4.588
marker:0,0.0,0.0,0.0,-0.49,-5.058,-0.53,0.49,5.058,-4.568
marker:0,0.0,0.0,0.0,-0.517,-5.063,-0.48,0.517,5.063,-4.545999999999999
marker:0,0.0,0.0,0.0,0.234,-4.291,-0.41,0.234,4.291,-4.057
marker:0,0.0,0.0,0.0,-1.016,-5.544,-0.42,1.016,5.544,-4.528
marker:0,0.0,0.0,0.0,-1.099,-5.613,-0.37,1.099,5.613,-4.514
marker:0,0.0,0.0,0.0,-0.793,-5.316,-0.4,0.793,5.316,-4.523
marker:0,0.0,0.0,0.0,-0.745,-5.265,-0.39,0.745,5.265,-4.52
marker:0,0.0,0.0,0.0,-1.343,-5.871,-0.42,1.343,5.871,-4.5280000000000005
marker:0,0.0,0.0,0.0,-1.383,-5.9,-0.38,1.383,5.9,-4.517
marker:0,0.0,0.0,0.0,-1.39,-5.929,-0.46,1.39,5.929,-4.539000000000001
marker:0,0.0,0.0,0.0,-1.422,-5.97,-0.5,1.422,5.97,-4.548
marker:0,0.0,0.0,0.0,-1.531,-6.115,-0.64,1.531,6.115,-4.5840000000000005
marker:0,0.0,0.0,0.0,-1.64,-6.257,-0.75,1.64,6.257,-4.617
marker:0,0.0,0.0,0.0,-1.649,-6.295,-0.83,1.649,6.295,-4.646
marker:0,0.0,0.0,0.0,-1.631,-6.285,-0.9,1.631,6.285,-4.654
marker:0,0.0,0.0,0.0,-1.738,-6.389,-0.85,1.738,6.389,-4.651
marker:0,0.0,0.0,0.0,-1.857,-6.454,-0.66,1.857,6.454,-4.5969999999999995
marker:0,0.0,0.0,0.0,-1.964,-6.513,-0.49,1.964,6.513,-4.5489999999999995
marker:0,0.0,0.0,0.0,-2.149,-6.651,-0.33,2.149,6.651,-4.502
marker:0,0.0,0.0,0.0,-0.725,-5.185,-0.18,0.725,5.185,-4.46
marker:0,0.0,0.0,0.0,-0.785,-5.244,-0.18,0.785,5.244,-4.459
marker:0,0.0,0.0,0.0,-0.987,-5.487,-0.32,0.987,5.487,-4.5
marker:0,0.0,0.0,0.0,-0.833,-5.413,-0.6,0.833,5.413,-4.58
marker:0,0.0,0.0,0.0,-0.549,-5.203,-0.86,0.549,5.203,-4.654
marker:0,0.0,0.0,0.0,-0.305,-5.04,-0.95,0.305,5.04,-4.735
marker:0,0.0,0.0,0.0,0.026,-4.661,-0.97,0.026,4.661,-4.635
marker:0,0.0,0.0,0.0,-0.723,-5.409,-0.99,0.723,5.409,-4.686
marker:0,0.0,0.0,0.0,-0.81,-5.49,-0.95,0.81,5.49,-4.68
marker:0,0.0,0.0,0.0,-0.497,-5.18,-0.96,0.497,5.18,-4.683
marker:0,0.0,0.0,0.0,-1.024,-5.707,-0.96,1.024,5.707,-4.683
marker:0,0.0,0.0,0.0,-1.125,-5.811,-0.97,1.125,5.811,-4.686
marker:0,0.0,0.0,0.0,-1.59,-6.259,-0.91,1.59,6.259,-4.6690000000000005
marker:0,0.0,0.0,0.0,-1.738,-6.387,-0.84,1.738,6.387,-4.648999999999999
marker:0,0.0,0.0,0.0,-0.996,-5.61,-0.72,0.996,5.61,-4.614000000000001
marker:0,0.0,0.0,0.0,-1.302,-5.881,-0.6,1.302,5.881,-4.579000000000001
marker:0,0.0,0.0,0.0,-1.373,-5.915,-0.47,1.373,5.915,-4.542
marker:0,0.0,0.0,0.0,-1.468,-5.991,-0.4,1.468,5.991,-4.523
marker:0,0.0,0.0,0.0,-1.117,-5.607,-0.27,1.117,5.607,-4.49
marker:0,0.0,0.0,0.0,-1.223,-5.705,-0.26,1.223,5.705,-4.482
marker:0,0.0,0.0,0.0,-1.525,-6.022,-0.31,1.525,6.022,-4.497
marker:0,0.0,0.0,0.0,-1.787,-6.32,-0.5,1.787,6.32,-4.533
marker:0,0.0,0.0,0.0,-1.757,-6.334,-0.59,1.757,6.334,-4.577
marker:0,0.0,0.0,0.0,-1.408,-6.04,-0.78,1.408,6.04,-4.632
marker:0,0.0,0.0,0.0,-2.083,-6.76,-0.94,2.083,6.76,-4.677
marker:0,0.0,0.0,0.0,-2.094,-6.809,-1.07,2.094,6.809,-4.715
marker:0,0.0,0.0,0.0,-1.85,-6.568,-1.1,1.85,6.568,-4.718
marker:0,0.0,0.0,0.0,-1.819,-6.533,-1.07,1.819,6.533,-4.714
marker:0,0.0,0.0,0.0,-1.863,-6.555,-0.99,1.863,6.555,-4.692
marker:0,0.0,0.0,0.0,-1.823,-6.495,-0.86,1.823,6.495,-4.672000000000001
marker:0,0.0,0.0,0.0,-1.832,-6.451,-0.74,1.832,6.451,-4.619
marker:0,0.0,0.0,0.0,-1.868,-6.462,-0.65,1.868,6.462,-4.593999999999999
marker:0,0.0,0.0,0.0,-1.966,-6.487,-0.54,1.966,6.487,-4.521
marker:0,0.0,0.0,0.0,-0.322,-4.89,-0.56,0.322,4.89,-4.568
marker:0,0.0,0.0,0.0,-0.416,-5.03,-0.72,0.416,5.03,-4.614
marker:0,0.0,0.0,0.0,-0.557,-5.239,-0.99,0.557,5.239,-4.6819999999999995
marker:0,0.0,0.0,0.0,-0.777,-5.497,-1.09,0.777,5.497,-4.72
marker:0,0.0,0.0,0.0,-0.954,-5.691,-1.14,0.954,5.691,-4.737
marker:0,0.0,0.0,0.0,-1.01,-5.748,-1.11,1.01,5.748,-4.738
marker:0,0.0,0.0,0.0,-1.174,-5.875,-1.02,1.174,5.875,-4.7010000000000005
marker:0,0.0,0.0,0.0,-1.213,-5.873,-0.88,1.213,5.873,-4.66
marker:0,0.0,0.0,0.0,-1.6,-6.202,-0.68,1.6,6.202,-4.602
marker:0,0.0,0.0,0.0,-1.113,-5.712,-0.67,1.113,5.712,-4.599
marker:0,0.0,0.0,0.0,-1.719,-6.359,-0.81,1.719,6.359,-4.64
marker:0,0.0,0.0,0.0,-1.144,-5.827,-0.96,1.144,5.827,-4.683
marker:0,0.0,0.0,0.0,-1.184,-5.93,-1.18,1.184,5.93,-4.7459999999999996
marker:0,0.0,0.0,0.0,-0.879,-5.636,-1.22,0.879,5.636,-4.757
marker:0,0.0,0.0,0.0,-0.59,-5.32,-1.19,0.59,5.32,-4.73
marker:0,0.0,0.0,0.0,-0.686,-5.412,-1.11,0.686,5.412,-4.726
marker:0,0.0,0.0,0.0,-1.251,-5.951,-1.02,1.251,5.951,-4.699999999999999
marker:0,0.0,0.0,0.0,-1.358,-6.024,-0.9,1.358,6.024,-4.666
marker:0,0.0,0.0,0.0,-0.815,-5.475,-0.86,0.815,5.475,-4.66
marker:0,0.0,0.0,0.0,-1.596,-6.239,-0.82,1.596,6.239,-4.643
marker:0,0.0,0.0,0.0,-1.756,-6.418,-0.89,1.756,6.418,-4.662
marker:0,0.0,0.0,0.0,-1.083,-5.768,-0.97,1.083,5.768,-4.685
marker:0,0.0,0.0,0.0,-1.973,-6.676,-1.04,1.973,6.676,-4.703
marker:0,0.0,0.0,0.0,-2.043,-6.763,-1.04,2.043,6.763,-4.72
marker:0,0.0,0.0,0.0,-0.975,-5.675,-1.02,0.975,5.675,-4.7
marker:0,0.0,0.0,0.0,-1.595,-6.249,-0.86,1.595,6.249,-4.654
marker:0,0.0,0.0,0.0,-1.774,-6.426,-0.85,1.774,6.426,-4.652
marker:0,0.0,0.0,0.0,-0.759,-5.414,-0.86,0.759,5.414,-4.654999999999999
marker:0,0.0,0.0,0.0,-0.73,-5.401,-0.92,0.73,5.401,-4.670999999999999
marker:0,0.0,0.0,0.0,-1.791,-6.503,-1.06,1.791,6.503,-4.712
marker:0,0.0,0.0,0.0,-1.87,-6.613,-1.17,1.87,6.613,-4.743
marker:0,0.0,0.0,0.0,-1.902,-6.668,-1.25,1.902,6.668,-4.766
marker:0,0.0,0.0,0.0,-1.99,-6.724,-1.14,1.99,6.724,-4.734
marker:0,0.0,0.0,0.0,-2.098,-6.786,-0.9,2.098,6.786,-4.688
marker:0,0.0,0.0,0.0,-2.216,-6.861,-0.83,2.216,6.861,-4.645
marker:0,0.0,0.0,0.0,-1.603,-6.195,-0.64,1.603,6.195,-4.5920000000000005
marker:0,0.0,0.0,0.0,-1.813,-6.393,-0.6,1.813,6.393,-4.58
marker:0,0.0,0.0,0.0,-1.928,-6.525,-0.66,1.928,6.525,-4.597
marker:0,0.0,0.0,0.0,-1.859,-6.496,-0.78,1.859,6.496,-4.6370000000000005
marker:0,0.0,0.0,0.0,-1.817,-6.497,-0.95,1.817,6.497,-4.68
marker:0,0.0,0.0,0.0,-1.83,-6.556,-1.13,1.83,6.556,-4.726
marker:0,0.0,0.0,0.0,-2.042,-6.791,-1.19,2.042,6.791,-4.7490000000000006
marker:0,0.0,0.0,0.0,-2.032,-6.798,-1.24,2.032,6.798,-4.766
marker:0,0.0,0.0,0.0,-2.087,-6.816,-1.12,2.087,6.816,-4.728999999999999
marker:0,0.0,0.0,0.0,-2.111,-6.789,-0.94,2.111,6.789,-4.677999999999999
marker:0,0.0,0.0,0.0,-0.737,-5.371,-0.79,0.737,5.371,-4.634
marker:0,0.0,0.0,0.0,-1.476,-6.042,-0.55,1.476,6.042,-4.566
marker:0,0.0,0.0,0.0,-0.137,-4.685,-0.49,0.137,4.685,-4.548
marker:0,0.0,0.0,0.0,-1.618,-6.212,-0.65,1.618,6.212,-4.593999999999999
marker:0,0.0,0.0,0.0,-1.724,-6.373,-0.84,1.724,6.373,-4.649
marker:0,0.0,0.0,0.0,-1.011,-5.729,-1.08,1.011,5.729,-4.718
marker:0,0.0,0.0,0.0,-1.059,-5.83,-1.27,1.059,5.83,-4.771
marker:0,0.0,0.0,0.0,-1.573,-6.363,-1.4,1.573,6.363,-4.790000000000001
marker:0,0.0,0.0,0.0,-1.572,-6.362,-1.4,1.572,6.362,-4.79
marker:0,0.0,0.0,0.0,-1.593,-6.347,-1.21,1.593,6.347,-4.7540000000000004
marker:0,0.0,0.0,0.0,-0.238,-4.955,-1.08,0.238,4.955,-4.7170000000000005
marker:0,0.0,0.0,0.0,-1.272,-5.835,-0.54,1.272,5.835,-4.563
marker:0,0.0,0.0,0.0,-1.334,-5.842,-0.27,1.334,5.842,-4.507999999999999
marker:0,0.0,0.0,0.0,-1.959,-6.381,-0.05,1.959,6.381,-4.422000000000001
marker:0,0.0,0.0,0.0,-0.853,-5.209,0.27,0.853,5.209,-4.356
marker:0,0.0,0.0,0.0,-1.022,-5.344,0.3,1.022,5.344,-4.322
marker:0,0.0,0.0,0.0,-1.364,-5.694,0.27,1.364,5.694,-4.33
marker:0,0.0,0.0,0.0,-1.784,-6.183,0.03,1.784,6.183,-4.399
marker:0,0.0,0.0,0.0,-1.831,-6.336,-0.34,1.831,6.336,-4.505000000000001
marker:0,0.0,0.0,0.0,-1.867,-6.489,-0.75,1.867,6.489,-4.622
marker:0,0.0,0.0,0.0,-0.858,-5.57,-1.06,0.858,5.57,-4.712000000000001
marker:0,0.0,0.0,0.0,-0.837,-5.603,-1.25,0.837,5.603,-4.766
marker:0,0.0,0.0,0.0,-1.004,-5.785,-1.3,1.004,5.785,-4.781000000000001
marker:0,0.0,0.0,0.0,-1.882,-6.64,-1.22,1.882,6.64,-4.758
marker:0,0.0,0.0,0.0,-0.893,-5.527,-0.77,0.893,5.527,-4.634
marker:0,0.0,0.0,0.0,-1.082,-5.659,-0.58,1.082,5.659,-4.577
marker:0,0.0,0.0,0.0,-1.168,-5.733,-0.55,1.168,5.733,-4.5649999999999995
marker:0,0.0,0.0,0.0,-1.365,-5.922,-0.52,1.365,5.922,-4.5569999999999995
marker:0,0.0,0.0,0.0,-1.679,-6.115,-0.7,1.679,6.115,-4.436
marker:0,0.0,0.0,0.0,-1.604,-6.238,-0.79,1.604,6.238,-4.634
marker:0,0.0,0.0,0.0,-2.194,-6.886,-0.99,2.194,6.886,-4.692
marker:0,0.0,0.0,0.0,-2.313,-7.022,-1.05,2.313,7.022,-4.709
marker:0,0.0,0.0,0.0,-2.414,-7.104,-1.08,2.414,7.104,-4.6899999999999995
marker:0,0.0,0.0,0.0,-1.997,-6.717,-1.09,1.997,6.717,-4.72
marker:0,0.0,0.0,0.0,-2.027,-6.748,-1.09,2.027,6.748,-4.721
marker:0,0.0,0.0,0.0,-2.063,-6.766,-1.03,2.063,6.766,-4.702999999999999
marker:0,0.0,0.0,0.0,-1.577,-6.251,-0.93,1.577,6.251,-4.674
marker:0,0.0,0.0,0.0,-1.545,-6.202,-0.87,1.545,6.202,-4.657
marker:0,0.0,0.0,0.0,-1.541,-6.186,-0.82,1.541,6.186,-4.645
marker:0,0.0,0.0,0.0,-1.561,-6.207,-0.83,1.561,6.207,-4.646
marker:0,0.0,0.0,0.0,-1.565,-6.212,-0.93,1.565,6.212,-4.647
marker:0,0.0,0.0,0.0,-1.69,-6.384,-1.0,1.69,6.384,-4.694000000000001
marker:0,0.0,0.0,0.0,-1.828,-6.609,-1.34,1.828,6.609,-4.781
marker:0,0.0,0.0,0.0,-1.9,-6.693,-1.54,1.9,6.693,-4.792999999999999
marker:0,0.0,0.0,0.0,-2.078,-6.872,-1.59,2.078,6.872,-4.7940000000000005
marker:0,0.0,0.0,0.0,-2.195,-6.988,-1.55,2.195,6.988,-4.793000000000001
marker:0,0.0,0.0,0.0,-2.208,-6.999,-1.44,2.208,6.999,-4.7909999999999995
marker:0,0.0,0.0,0.0,-2.343,-7.089,-1.11,2.343,7.089,-4.746
marker:0,0.0,0.0,0.0,-2.524,-7.178,-0.79,2.524,7.178,-4.654
marker:0,0.0,0.0,0.0,-2.499,-7.099,-0.59,2.499,7.099,-4.6
marker:0,0.0,0.0,0.0,-2.562,-7.093,-0.43,2.562,7.093,-4.531000000000001
marker:0,0.0,0.0,0.0,-1.868,-6.395,-0.4,1.868,6.395,-4.526999999999999
marker:0,0.0,0.0,0.0,-1.776,-6.325,-0.49,1.776,6.325,-4.549
marker:0,0.0,0.0,0.0,-1.793,-6.396,-0.68,1.793,6.396,-4.603
marker:0,0.0,0.0,0.0,-1.891,-6.588,-1.01,1.891,6.588,-4.697
marker:0,0.0,0.0,0.0,-1.896,-6.642,-1.18,1.896,6.642,-4.746
marker:0,0.0,0.0,0.0,-1.972,-6.753,-1.3,1.972,6.753,-4.781000000000001
marker:0,0.0,0.0,0.0,-2.017,-6.809,-1.44,2.017,6.809,-4.792
marker:0,0.0,0.0,0.0,-2.085,-6.877,-1.49,2.085,6.877,-4.792
marker:0,0.0,0.0,0.0,-2.187,-6.978,-1.45,2.187,6.978,-4.791
marker:0,0.0,0.0,0.0,-2.218,-7.002,-1.31,2.218,7.002,-4.784
marker:0,0.0,0.0,0.0,-2.283,-7.003,-1.09,2.283,7.003,-4.720000000000001
marker:0,0.0,0.0,0.0,-1.871,-6.508,-0.8,1.871,6.508,-4.6370000000000005
marker:0,0.0,0.0,0.0,-1.845,-6.419,-0.58,1.845,6.419,-4.574
marker:0,0.0,0.0,0.0,-1.805,-6.377,-0.57,1.805,6.377,-4.572
marker:0,0.0,0.0,0.0,-1.611,-6.191,-0.6,1.611,6.191,-4.58
marker:0,0.0,0.0,0.0,-1.729,-6.328,-0.67,1.729,6.328,-4.599
marker:0,0.0,0.0,0.0,-1.651,-6.268,-0.73,1.651,6.268,-4.617
marker:0,0.0,0.0,0.0,-1.707,-6.356,-0.84,1.707,6.356,-4.649
marker:0,0.0,0.0,0.0,-1.76,-6.434,-0.93,1.76,6.434,-4.674
marker:0,0.0,0.0,0.0,-1.783,-6.452,-0.9,1.783,6.452,-4.6690000000000005
marker:0,0.0,0.0,0.0,-1.828,-6.468,-0.81,1.828,6.468,-4.64
marker:0,0.0,0.0,0.0,-1.857,-6.406,-0.67,1.857,6.406,-4.5489999999999995
marker:0,0.0,0.0,0.0,-1.511,-6.059,-0.49,1.511,6.059,-4.548
marker:0,0.0,0.0,0.0,-1.689,-6.183,-0.3,1.689,6.183,-4.494
marker:0,0.0,0.0,0.0,-1.887,-6.349,-0.19,1.887,6.349,-4.462
marker:0,0.0,0.0,0.0,-1.962,-6.407,-0.13,1.962,6.407,-4.445
marker:0,0.0,0.0,0.0,-1.518,-5.957,-0.11,1.518,5.957,-4.439
marker:0,0.0,0.0,0.0,-1.681,-6.141,-0.3,1.681,6.141,-4.46
marker:0,0.0,0.0,0.0,-1.668,-6.224,-0.52,1.668,6.224,-4.556
marker:0,0.0,0.0,0.0,-1.826,-6.469,-0.82,1.826,6.469,-4.643000000000001
marker:0,0.0,0.0,0.0,-1.928,-6.631,-1.03,1.928,6.631,-4.703
marker:0,0.0,0.0,0.0,-1.825,-6.554,-1.12,1.825,6.554,-4.729
marker:0,0.0,0.0,0.0,-1.507,-6.231,-1.1,1.507,6.231,-4.724
marker:0,0.0,0.0,0.0,-1.578,-6.25,-0.92,1.578,6.25,-4.672
marker:0,0.0,0.0,0.0,-1.733,-6.356,-0.75,1.733,6.356,-4.622999999999999
marker:0,0.0,0.0,0.0,-0.9,-5.474,-0.58,0.9,5.474,-4.574
marker:0,0.0,0.0,0.0,-1.11,-5.658,-0.5,1.11,5.658,-4.548
marker:0,0.0,0.0,0.0,-1.261,-5.798,-0.45,1.261,5.798,-4.537
marker:0,0.0,0.0,0.0,-1.332,-5.866,-0.44,1.332,5.866,-4.534
marker:0,0.0,0.0,0.0,-1.332,-5.877,-0.48,1.332,5.877,-4.545
marker:0,0.0,0.0,0.0,-1.408,-5.971,-0.54,1.408,5.971,-4.563000000000001
marker:0,0.0,0.0,0.0,-1.554,-6.139,-0.62,1.554,6.139,-4.585
marker:0,0.0,0.0,0.0,-1.597,-6.188,-0.64,1.597,6.188,-4.590999999999999
marker:0,0.0,0.0,0.0,-1.385,-5.973,-0.62,1.385,5.973,-4.588
marker:0,0.0,0.0,0.0,-2.522,-7.081,-0.53,2.522,7.081,-4.559000000000001
marker:0,0.0,0.0,0.0,-2.57,-7.116,-0.47,2.57,7.116,-4.545999999999999
marker:0,0.0,0.0,0.0,-1.111,-5.636,-0.41,1.111,5.636,-4.525
marker:0,0.0,0.0,0.0,-1.194,-5.699,-0.34,1.194,5.699,-4.505
marker:0,0.0,0.0,0.0,-1.216,-5.707,-0.29,1.216,5.707,-4.491
marker:0,0.0,0.0,0.0,-1.398,-5.883,-0.27,1.398,5.883,-4.485
marker:0,0.0,0.0,0.0,-1.849,-6.36,-0.36,1.849,6.36,-4.511
marker:0,0.0,0.0,0.0,-1.416,-5.938,-0.4,1.416,5.938,-4.522
marker:0,0.0,0.0,0.0,-1.277,-5.82,-0.47,1.277,5.82,-4.543
marker:0,0.0,0.0,0.0,-1.812,-6.377,-0.55,1.812,6.377,-4.5649999999999995
marker:0,0.0,0.0,0.0,-2.047,-6.621,-0.58,2.047,6.621,-4.574
marker:0,0.0,0.0,0.0,-2.209,-6.797,-0.63,2.209,6.797,-4.587999999999999
marker:0,0.0,0.0,0.0,-2.41,-7.019,-0.7,2.41,7.019,-4.609
marker:0,0.0,0.0,0.0,-2.489,-7.131,-0.82,2.489,7.131,-4.642
marker:0,0.0,0.0,0.0,-1.723,-6.388,-0.91,1.723,6.388,-4.665
marker:0,0.0,0.0,0.0,-1.821,-6.504,-0.96,1.821,6.504,-4.683
marker:0,0.0,0.0,0.0,-1.805,-6.497,-0.99,1.805,6.497,-4.692
marker:0,0.0,0.0,0.0,-1.97,-6.661,-0.99,1.97,6.661,-4.691
marker:0,0.0,0.0,0.0,-2.061,-6.73,-0.91,2.061,6.73,-4.6690000000000005
marker:0,0.0,0.0,0.0,-1.447,-6.084,-0.8,1.447,6.084,-4.637
marker:0,0.0,0.0,0.0,-1.37,-5.999,-0.77,1.37,5.999,-4.629
marker:0,0.0,0.0,0.0,-1.49,-6.121,-0.77,1.49,6.121,-4.631
marker:0,0.0,0.0,0.0,-1.091,-5.676,-0.76,1.091,5.676,-4.585
marker:0,0.0,0.0,0.0,-1.215,-5.843,-0.78,1.215,5.843,-4.628
marker:0,0.0,0.0,0.0,-1.244,-5.866,-0.75,1.244,5.866,-4.622
marker:0,0.0,0.0,0.0,-1.372,-6.0,-0.77,1.372,6.0,-4.628
marker:0,0.0,0.0,0.0,-1.66,-6.26,-0.67,1.66,6.26,-4.6
marker:0,0.0,0.0,0.0,-1.875,-6.449,-0.52,1.875,6.449,-4.574
marker:0,0.0,0.0,0.0,-1.639,-6.156,-0.38,1.639,6.156,-4.5169999999999995
marker:0,0.0,0.0,0.0,-1.712,-6.177,-0.17,1.712,6.177,-4.465
marker:0,0.0,0.0,0.0,-1.819,-6.233,0.0,1.819,6.233,-4.414
marker:0,0.0,0.0,0.0,-1.793,-6.158,0.15,1.793,6.158,-4.365
marker:0,0.0,0.0,0.0,-1.448,-5.81,0.16,1.448,5.81,-4.362
marker:0,0.0,0.0,0.0,-1.582,-5.978,0.04,1.582,5.978,-4.396
marker:0,0.0,0.0,0.0,-1.671,-6.093,-0.05,1.671,6.093,-4.422
marker:0,0.0,0.0,0.0,-1.678,-6.151,-0.23,1.678,6.151,-4.473
marker:0,0.0,0.0,0.0,-1.602,-6.125,-0.4,1.602,6.125,-4.523
marker:0,0.0,0.0,0.0,-1.714,-6.277,-0.54,1.714,6.277,-4.563000000000001
marker:0,0.0,0.0,0.0,-1.702,-6.282,-0.6,1.702,6.282,-4.58
marker:0,0.0,0.0,0.0,-1.957,-6.54,-0.59,1.957,6.54,-4.583
marker:0,0.0,0.0,0.0,-2.168,-6.719,-0.5,2.168,6.719,-4.551
marker:0,0.0,0.0,0.0,-2.325,-6.827,-0.33,2.325,6.827,-4.502
marker:0,0.0,0.0,0.0,-2.764,-7.183,0.0,2.764,7.183,-4.4190000000000005
marker:0,0.0,0.0,0.0,-3.053,-7.421,0.14,3.053,7.421,-4.368
marker:0,0.0,0.0,0.0,-1.407,-5.772,0.13,1.407,5.772,-4.365
marker:0,0.0,0.0,0.0,-1.492,-5.949,-0.17,1.492,5.949,-4.457
marker:0,0.0,0.0,0.0,-1.692,-6.206,-0.38,1.692,6.206,-4.514
marker:0,0.0,0.0,0.0,-1.863,-6.374,-0.36,1.863,6.374,-4.510999999999999
marker:0,0.0,0.0,0.0,-1.91,-6.406,-0.31,1.91,6.406,-4.4959999999999996
marker:0,0.0,0.0,0.0,-2.119,-6.558,-0.11,2.119,6.558,-4.439
marker:0,0.0,0.0,0.0,-2.332,-6.725,0.05,2.332,6.725,-4.393
marker:0,0.0,0.0,0.0,-1.613,-5.995,0.1,1.613,5.995,-4.382
marker:0,0.0,0.0,0.0,-1.904,-6.271,0.14,1.904,6.271,-4.367
marker:0,0.0,0.0,0.0,-2.126,-6.52,0.05,2.126,6.52,-4.394
marker:0,0.0,0.0,0.0,-1.758,-6.18,-0.05,1.758,6.18,-4.422
marker:0,0.0,0.0,0.0,-1.856,-6.312,-0.17,1.856,6.312,-4.456
marker:0,0.0,0.0,0.0,-2.11,-6.584,-0.23,2.11,6.584,-4.474
marker:0,0.0,0.0,0.0,-2.275,-6.748,-0.23,2.275,6.748,-4.473000000000001
marker:0,0.0,0.0,0.0,-2.501,-6.972,-0.21,2.501,6.972,-4.471
marker:0,0.0,0.0,0.0,-2.538,-6.991,-0.14,2.538,6.991,-4.452999999999999
marker:0,0.0,0.0,0.0,-2.667,-7.103,-0.07,2.667,7.103,-4.436
marker:0,0.0,0.0,0.0,-2.778,-7.209,-0.07,2.778,7.209,-4.430999999999999
marker:0,0.0,0.0,0.0,-2.929,-7.354,-0.06,2.929,7.354,-4.425000000000001
marker:0,0.0,0.0,0.0,-3.019,-7.467,-0.14,3.019,7.467,-4.4479999999999995
marker:0,0.0,0.0,0.0,-3.145,-7.618,-0.23,3.145,7.618,-4.473000000000001
marker:0,0.0,0.0,0.0,-3.704,-8.2,-0.32,3.704,8.2,-4.495999999999999
marker:0,0.0,0.0,0.0,-4.195,-8.695,-0.32,4.195,8.695,-4.5
marker:0,0.0,0.0,0.0,-4.204,-8.695,-0.28,4.204,8.695,-4.4910000000000005
marker:0,0.0,0.0,0.0,-4.206,-8.676,-0.22,4.206,8.676,-4.47
marker:0,0.0,0.0,0.0,-4.263,-8.722,-0.18,4.263,8.722,-4.459
marker:0,0.0,0.0,0.0,-4.545,-8.97,-0.06,4.545,8.97,-4.425000000000001
marker:0,0.0,0.0,0.0,-4.88,-9.282,0.02,4.88,9.282,-4.402
marker:0,0.0,0.0,0.0,-5.223,-9.622,0.03,5.223,9.622,-4.399
marker:0,0.0,0.0,0.0,-5.441,-9.837,0.04,5.441,9.837,-4.396
marker:0,0.0,0.0,0.0,-5.635,-10.04,0.01,5.635,10.04,-4.404999999999999
marker:0,0.0,0.0,0.0,-2.182,-6.592,0.01,2.182,6.592,-4.41
marker:0,0.0,0.0,0.0,-2.176,-6.598,-0.05,2.176,6.598,-4.422
marker:0,0.0,0.0,0.0,-2.013,-6.401,0.07,2.013,6.401,-4.388
marker:0,0.0,0.0,0.0,-2.03,-6.366,0.25,2.03,6.366,-4.336
marker:0,0.0,0.0,0.0,-2.194,-6.499,0.36,2.194,6.499,-4.305
marker:0,0.0,0.0,0.0,-2.436,-6.712,0.49,2.436,6.712,-4.276
marker:0,0.0,0.0,0.0,-1.756,-6.014,0.52,1.756,6.014,-4.258
marker:0,0.0,0.0,0.0,-2.016,-6.286,0.48,2.016,6.286,-4.27
marker:0,0.0,0.0,0.0,-2.246,-6.533,0.42,2.246,6.533,-4.287000000000001
marker:0,0.0,0.0,0.0,-2.48,-6.799,0.31,2.48,6.799,-4.319000000000001
marker:0,0.0,0.0,0.0,-2.575,-6.919,0.22,2.575,6.919,-4.343999999999999
marker:0,0.0,0.0,0.0,-2.717,-7.053,0.25,2.717,7.053,-4.336
marker:0,0.0,0.0,0.0,-2.903,-7.228,0.33,2.903,7.228,-4.324999999999999
marker:0,0.0,0.0,0.0,-3.004,-7.277,0.47,3.004,7.277,-4.273
marker:0,0.0,0.0,0.0,-3.013,-7.263,0.66,3.013,7.263,-4.25
marker:0,0.0,0.0,0.0,-1.638,-5.836,0.73,1.638,5.836,-4.198
marker:0,0.0,0.0,0.0,-1.482,-5.643,0.86,1.482,5.643,-4.161
marker:0,0.0,0.0,0.0,-1.514,-5.672,0.92,1.514,5.672,-4.1579999999999995
marker:0,0.0,0.0,0.0,-0.994,-5.153,0.83,0.994,5.153,-4.159
marker:0,0.0,0.0,0.0,-1.026,-5.23,0.68,1.026,5.23,-4.204000000000001
marker:0,0.0,0.0,0.0,-1.208,-5.455,0.64,1.208,5.455,-4.247
marker:0,0.0,0.0,0.0,-1.418,-5.717,0.29,1.418,5.717,-4.2989999999999995
marker:0,0.0,0.0,0.0,-1.099,-5.435,0.23,1.099,5.435,-4.335999999999999
marker:0,0.0,0.0,0.0,-1.401,-5.8,0.03,1.401,5.8,-4.399
marker:0,0.0,0.0,0.0,-1.745,-6.13,0.15,1.745,6.13,-4.385
marker:0,0.0,0.0,0.0,-2.344,-6.649,0.44,2.344,6.649,-4.305
marker:0,0.0,0.0,0.0,-1.38,-5.535,0.94,1.38,5.535,-4.155
marker:0,0.0,0.0,0.0,-1.794,-5.89,1.12,1.794,5.89,-4.096
marker:0,0.0,0.0,0.0,-2.658,-7.068,-0.01,2.658,7.068,-4.41
marker:0,0.0,0.0,0.0,-1.721,-6.174,-0.16,1.721,6.174,-4.453
marker:0,0.0,0.0,0.0,-1.92,-6.388,-0.21,1.92,6.388,-4.468
marker:0,0.0,0.0,0.0,-2.378,-6.831,-0.16,2.378,6.831,-4.453
marker:0,0.0,0.0,0.0,-2.669,-7.096,-0.07,2.669,7.096,-4.427
marker:0,0.0,0.0,0.0,-1.942,-6.31,0.22,1.942,6.31,-4.367999999999999
marker:0,0.0,0.0,0.0,-3.354,-7.593,0.59,3.354,7.593,-4.239
marker:0,0.0,0.0,0.0,-4.002,-8.163,0.97,4.002,8.163,-4.1610000000000005
marker:0,0.0,0.0,0.0,-3.395,-7.425,1.32,3.395,7.425,-4.029999999999999
marker:0,0.0,0.0,0.0,-2.462,-6.428,1.54,2.462,6.428,-3.9659999999999997
marker:0,0.0,0.0,0.0,-2.187,-6.165,1.5,2.187,6.165,-3.978
marker:0,0.0,0.0,0.0,-2.744,-6.756,1.38,2.744,6.756,-4.0120000000000005
marker:0,0.0,0.0,0.0,-2.855,-7.003,1.25,2.855,7.003,-4.148
marker:0,0.0,0.0,0.0,-2.791,-6.886,1.09,2.791,6.886,-4.095000000000001
marker:0,0.0,0.0,0.0,-2.74,-7.195,0.87,2.74,7.195,-4.455
marker:0,0.0,0.0,0.0,-2.898,-7.082,0.78,2.898,7.082,-4.183999999999999
marker:0,0.0,0.0,0.0,-2.898,-7.088,0.76,2.898,7.088,-4.1899999999999995
marker:0,0.0,0.0,0.0,-2.918,-7.079,0.86,2.918,7.079,-4.161
marker:0,0.0,0.0,0.0,-3.074,-7.206,0.96,3.074,7.206,-4.132000000000001
marker:0,0.0,0.0,0.0,-3.15,-7.265,1.02,3.15,7.265,-4.115
marker:0,0.0,0.0,0.0,-3.227,-7.325,1.08,3.227,7.325,-4.098000000000001
marker:0,0.0,0.0,0.0,-3.355,-7.445,1.11,3.355,7.445,-4.09
marker:0,0.0,0.0,0.0,-3.481,-7.585,1.05,3.481,7.585,-4.104
marker:0,0.0,0.0,0.0,-3.678,-7.827,0.9,3.678,7.827,-4.149
marker:0,0.0,0.0,0.0,-3.713,-7.911,0.73,3.713,7.911,-4.1979999999999995
marker:0,0.0,0.0,0.0,-3.77,-8.025,0.53,3.77,8.025,-4.255000000000001
marker:0,0.0,0.0,0.0,-3.838,-8.102,0.48,3.838,8.102,-4.264
marker:0,0.0,0.0,0.0,-3.742,-8.02,0.45,3.742,8.02,-4.278
marker:0,0.0,0.0,0.0,-3.619,-7.849,0.62,3.619,7.849,-4.23
marker:0,0.0,0.0,0.0,-3.708,-7.904,0.74,3.708,7.904,-4.196
marker:0,0.0,0.0,0.0,-3.64,-7.796,0.88,3.64,7.796,-4.156000000000001
marker:0,0.0,0.0,0.0,0.655,-3.475,0.97,0.655,3.475,-2.8200000000000003
marker:0,0.0,0.0,0.0,0.671,-3.435,1.05,0.671,3.435,-2.7640000000000002
marker:0,0.0,0.0,0.0,0.745,-3.345,1.11,0.745,3.345,-2.6
marker:0,0.0,0.0,0.0,0.697,-3.39,1.12,0.697,3.39,-2.693
marker:0,0.0,0.0,0.0,0.583,-3.52,1.06,0.583,3.52,-2.9370000000000003
marker:0,0.0,0.0,0.0,0.426,-3.661,1.12,0.426,3.661,-3.235
marker:0,0.0,0.0,0.0,0.244,-3.839,1.13,0.244,3.839,-3.5949999999999998
marker:0,0.0,0.0,0.0,-0.025,-4.051,1.33,0.025,4.051,-4.026
marker:0,0.0,0.0,0.0,-0.033,-4.028,1.44,0.033,4.028,-3.9949999999999997
marker:0,0.0,0.0,0.0,-0.043,-4.078,1.6,0.043,4.078,-4.035
marker:0,0.0,0.0,0.0,-0.063,-3.975,1.73,0.063,3.975,-3.912
marker:0,0.0,0.0,0.0,-0.249,-4.152,1.76,0.249,4.152,-3.903
marker:0,0.0,0.0,0.0,-0.253,-4.191,1.64,0.253,4.191,-3.9379999999999997
marker:0,0.0,0.0,0.0,-0.365,-4.346,1.49,0.365,4.346,-3.981
marker:0,0.0,0.0,0.0,-0.494,-4.52,1.17,0.494,4.52,-4.026
marker:0,0.0,0.0,0.0,-0.408,-4.546,0.94,0.408,4.546,-4.138
marker:0,0.0,0.0,0.0,-0.277,-4.59,0.58,0.277,4.59,-4.313
marker:0,0.0,0.0,0.0,-0.218,-4.491,0.47,0.218,4.491,-4.273
marker:0,0.0,0.0,0.0,-0.862,-5.27,0.0,0.862,5.27,-4.4079999999999995
marker:0,0.0,0.0,0.0,4.82,0.41,-0.01,4.82,0.41,4.41
marker:0,0.0,0.0,0.0,-10.769,-12.491,61.32,10.769,12.491,-1.7219999999999995
marker:0,0.0,0.0,0.0,-11.909,-13.611,61.32,11.909,13.611,-1.702
marker:0,0.0,0.0,0.0,-12.354,-14.056,61.32,12.354,14.056,-1.702
marker:0,0.0,0.0,0.0,-12.746,-14.448,61.32,12.746,14.448,-1.702
marker:0,0.0,0.0,0.0,-12.414,-14.104,60.45,12.414,14.104,-1.6899999999999995
marker:0,0.0,0.0,0.0,-11.608,-13.3,60.58,11.608,13.3,-1.6920000000000002
marker:0,0.0,0.0,0.0,-11.143,-12.833,60.48,11.143,12.833,-1.6899999999999995
marker:0,0.0,0.0,0.0,-10.961,-12.649,60.3,10.961,12.649,-1.6879999999999988
marker:0,0.0,0.0,0.0,-11.77,-13.452,59.88,11.77,13.452,-1.6820000000000004
marker:0,0.0,0.0,0.0,-11.258,-12.935,59.53,11.258,12.935,-1.6770000000000014
marker:0,0.0,0.0,0.0,-10.681,-12.353,59.0,10.681,12.353,-1.6720000000000006
marker:0,0.0,0.0,0.0,-10.397,-12.065,58.84,10.397,12.065,-1.6679999999999993
marker:0,0.0,0.0,0.0,-9.969,-11.637,58.84,9.969,11.637,-1.668000000000001
marker:0,0.0,0.0,0.0,-15.275,-16.943,58.84,15.275,16.943,-1.668000000000001
marker:0,0.0,0.0,0.0,-13.341,-15.012,59.08,13.341,15.012,-1.6710000000000012
marker:0,0.0,0.0,0.0,-12.668,-14.347,59.69,12.668,14.347,-1.6790000000000003
marker:0,0.0,0.0,0.0,-12.534,-14.327,60.45,12.534,14.327,-1.7929999999999993
marker:0,0.0,0.0,0.0,-12.993,-14.69,60.94,12.993,14.69,-1.6969999999999992
marker:0,0.0,0.0,0.0,-13.158,-14.854,60.87,13.158,14.854,-1.6959999999999997
marker:0,0.0,0.0,0.0,-13.114,-14.805,60.54,13.114,14.805,-1.690999999999999
marker:0,0.0,0.0,0.0,-12.59,-14.277,60.21,12.59,14.277,-1.6869999999999994
marker:0,0.0,0.0,0.0,-12.144,-13.825,59.78,12.144,13.825,-1.6809999999999992
marker:0,0.0,0.0,0.0,-13.604,-15.282,59.61,13.604,15.282,-1.6780000000000008
marker:0,0.0,0.0,0.0,-12.943,-14.621,59.56,12.943,14.621,-1.6780000000000008
marker:0,0.0,0.0,0.0,-12.46,-14.138,59.53,12.46,14.138,-1.677999999999999
marker:0,0.0,0.0,0.0,-12.163,-13.841,59.5,12.163,13.841,-1.677999999999999
marker:0,0.0,0.0,0.0,-11.862,-13.539,59.52,11.862,13.539,-1.6769999999999996
marker:0,0.0,0.0,0.0,-12.738,-14.408,58.99,12.738,14.408,-1.67
marker:0,0.0,0.0,0.0,-12.246,-13.908,58.41,12.246,13.908,-1.661999999999999
marker:0,0.0,0.0,0.0,-11.668,-13.324,57.98,11.668,13.324,-1.6560000000000006
marker:0,0.0,0.0,0.0,-10.644,-12.29,57.23,10.644,12.29,-1.645999999999999
marker:0,0.0,0.0,0.0,-10.237,-11.87,56.26,10.237,11.87,-1.6329999999999991
marker:0,0.0,0.0,0.0,-8.381,-10.007,55.51,8.381,10.007,-1.6259999999999994
marker:0,0.0,0.0,0.0,-7.157,-8.769,54.71,7.157,8.769,-1.612
marker:0,0.0,0.0,0.0,-6.993,-9.263,53.86,6.993,9.263,-2.2699999999999996
marker:0,0.0,0.0,0.0,-4.276,-5.196,50.79,4.276,5.196,-0.9199999999999999
marker:0,0.0,0.0,0.0,-6.054,-6.766,49.26,6.054,6.766,-0.7119999999999997
marker:0,0.0,0.0,0.0,-5.945,-6.404,47.83,5.945,6.404,-0.45899999999999963
marker:0,0.0,0.0,0.0,-3.711,-3.676,45.43,3.711,3.676,0.0349999999999997
marker:0,0.0,0.0,0.0,-3.39,-2.906,42.84,3.39,2.906,0.484
marker:0,0.0,0.0,0.0,-3.394,-2.877,42.72,3.394,2.877,0.5170000000000003
marker:0,0.0,0.0,0.0,-6.683,-6.156,42.65,6.683,6.156,0.5270000000000001
marker:0,0.0,0.0,0.0,-6.756,-6.222,42.48,6.756,6.222,0.5339999999999998
marker:0,0.0,0.0,0.0,-5.903,-5.357,42.24,5.903,5.357,0.5459999999999994
marker:0,0.0,0.0,0.0,-5.446,-4.898,42.18,5.446,4.898,0.548
marker:0,0.0,0.0,0.0,-6.662,-6.108,42.04,6.662,6.108,0.5540000000000003
marker:0,0.0,0.0,0.0,-6.181,-5.623,41.85,6.181,5.623,0.5579999999999998
marker:0,0.0,0.0,0.0,-7.071,-6.499,41.65,7.071,6.499,0.5720000000000001
marker:0,0.0,0.0,0.0,-6.908,-6.403,41.51,6.908,6.403,0.5050000000000008
marker:0,0.0,0.0,0.0,-8.191,-7.581,40.82,8.191,7.581,0.6100000000000003
marker:0,0.0,0.0,0.0,-7.801,-7.173,40.42,7.801,7.173,0.6280000000000001
marker:0,0.0,0.0,0.0,-6.506,-5.84,39.58,6.506,5.84,0.6660000000000004
marker:0,0.0,0.0,0.0,-8.16,-7.478,39.19,8.16,7.478,0.6820000000000004
marker:0,0.0,0.0,0.0,-8.203,-7.508,38.95,8.203,7.508,0.6949999999999994
marker:0,0.0,0.0,0.0,-7.121,-6.423,38.77,7.121,6.423,0.6980000000000004
marker:0,0.0,0.0,0.0,-7.006,-6.28,38.26,7.006,6.28,0.726
marker:0,0.0,0.0,0.0,-6.471,-5.722,37.75,6.471,5.722,0.7489999999999997
marker:0,0.0,0.0,0.0,-8.015,-7.248,37.37,8.015,7.248,0.7670000000000003
marker:0,0.0,0.0,0.0,-7.682,-6.889,36.78,7.682,6.889,0.7930000000000001
marker:0,0.0,0.0,0.0,-7.08,-6.257,36.13,7.08,6.257,0.8230000000000004
marker:0,0.0,0.0,0.0,-6.769,-5.936,35.91,6.769,5.936,0.8330000000000002
marker:0,0.0,0.0,0.0,-6.784,-5.947,35.84,6.784,5.947,0.8369999999999997
marker:0,0.0,0.0,0.0,-6.616,-5.78,35.86,6.616,5.78,0.8359999999999994
marker:0,0.0,0.0,0.0,-5.41,-4.585,36.09,5.41,4.585,0.8250000000000002
marker:0,0.0,0.0,0.0,-6.071,-5.251,36.21,6.071,5.251,0.8199999999999994
marker:0,0.0,0.0,0.0,-6.073,-5.252,36.17,6.073,5.252,0.8210000000000006
marker:0,0.0,0.0,0.0,-4.336,-3.504,35.95,4.336,3.504,0.8320000000000003
marker:0,0.0,0.0,0.0,-3.898,-3.058,35.75,3.898,3.058,0.8400000000000003
marker:0,0.0,0.0,0.0,-3.302,-2.453,35.56,3.302,2.453,0.8490000000000002
marker:0,0.0,0.0,0.0,-4.678,-3.809,35.14,4.678,3.809,0.8689999999999998
marker:0,0.0,0.0,0.0,-6.119,-5.216,34.38,6.119,5.216,0.9029999999999996
marker:0,0.0,0.0,0.0,-6.035,-4.758,33.89,6.035,4.758,1.2770000000000001
marker:0,0.0,0.0,0.0,-5.138,-4.205,33.73,5.138,4.205,0.9329999999999998
marker:0,0.0,0.0,0.0,-6.136,-5.2,33.68,6.136,5.2,0.9359999999999999
marker:0,0.0,0.0,0.0,-5.883,-4.941,33.5,5.883,4.941,0.9420000000000002
marker:0,0.0,0.0,0.0,-5.632,-4.682,33.35,5.632,4.682,0.9499999999999993
marker:0,0.0,0.0,0.0,-4.666,-3.716,33.35,4.666,3.716,0.9500000000000002
marker:0,0.0,0.0,0.0,-4.103,-3.155,33.41,4.103,3.155,0.948
marker:0,0.0,0.0,0.0,-3.765,-2.824,33.55,3.765,2.824,0.9410000000000003
marker:0,0.0,0.0,0.0,-3.567,-2.632,33.66,3.567,2.632,0.935
marker:0,0.0,0.0,0.0,-3.046,-2.113,33.74,3.046,2.113,0.9329999999999998
marker:0,0.0,0.0,0.0,-3.088,-2.159,33.77,3.088,2.159,0.9290000000000003
marker:0,0.0,0.0,0.0,-2.517,-1.593,34.0,2.517,1.593,0.9239999999999999
marker:0,0.0,0.0,0.0,-2.193,-1.285,34.26,2.193,1.285,0.9080000000000001
marker:0,0.0,0.0,0.0,-2.471,-1.562,34.26,2.471,1.562,0.909
marker:0,0.0,0.0,0.0,-4.418,-3.487,33.76,4.418,3.487,0.931
marker:0,0.0,0.0,0.0,-4.543,-3.584,33.14,4.543,3.584,0.9590000000000001
marker:0,0.0,0.0,0.0,-4.358,-3.363,32.16,4.358,3.363,0.9949999999999997
marker:0,0.0,0.0,0.0,-6.626,-5.699,31.61,6.626,5.699,0.9270000000000005
marker:0,0.0,0.0,0.0,-6.151,-5.245,31.39,6.151,5.245,0.9059999999999997
marker:0,0.0,0.0,0.0,-5.791,-4.874,31.51,5.791,4.874,0.9170000000000007
marker:0,0.0,0.0,0.0,-5.333,-4.353,32.16,5.333,4.353,0.9800000000000004
marker:0,0.0,0.0,0.0,-4.376,-3.428,33.4,4.376,3.428,0.9480000000000004
marker:0,0.0,0.0,0.0,-3.23,-2.402,36.01,3.23,2.402,0.8279999999999998
marker:0,0.0,0.0,0.0,-2.184,-1.41,37.2,2.184,1.41,0.7740000000000002
marker:0,0.0,0.0,0.0,1.521,2.229,38.66,1.521,2.229,-0.7080000000000002
marker:0,0.0,0.0,0.0,2.143,2.682,42.37,2.143,2.682,-0.5390000000000001
marker:0,0.0,0.0,0.0,-1.114,-0.669,43.07,1.114,0.669,0.44500000000000006
marker:0,0.0,0.0,0.0,-1.225,-0.993,44.32,1.225,0.993,0.2320000000000001
marker:0,0.0,0.0,0.0,-2.078,-1.817,44.16,2.078,1.817,0.2609999999999999
marker:0,0.0,0.0,0.0,-4.347,-3.938,43.16,4.347,3.938,0.40900000000000025
marker:0,0.0,0.0,0.0,-4.412,-3.885,42.65,4.412,3.885,0.5270000000000001
marker:0,0.0,0.0,0.0,-6.341,-5.794,42.19,6.341,5.794,0.5470000000000006
marker:0,0.0,0.0,0.0,-6.717,-6.172,42.3,6.717,6.172,0.5449999999999999
marker:0,0.0,0.0,0.0,-7.511,-7.025,42.89,7.511,7.025,0.48599999999999977
marker:0,0.0,0.0,0.0,-7.843,-7.638,44.47,7.843,7.638,0.20500000000000007
marker:0,0.0,0.0,0.0,-8.238,-8.416,46.62,8.238,8.416,-0.17800000000000082
marker:0,0.0,0.0,0.0,-10.42,-10.751,47.9,10.42,10.751,-0.3309999999999995
marker:0,0.0,0.0,0.0,-9.758,-10.837,49.78,9.758,10.837,-1.0790000000000006
marker:0,0.0,0.0,0.0,-10.312,-11.604,52.88,10.312,11.604,-1.2919999999999998
marker:0,0.0,0.0,0.0,-9.889,-11.508,55.27,9.889,11.508,-1.6189999999999998
marker:0,0.0,0.0,0.0,-10.014,-11.678,58.58,10.014,11.678,-1.6640000000000015
marker:0,0.0,0.0,0.0,-9.742,-11.433,60.51,9.742,11.433,-1.690999999999999
marker:0,0.0,0.0,0.0,-10.353,-12.059,61.6,10.353,12.059,-1.7059999999999995
marker:0,0.0,0.0,0.0,-10.608,-12.334,63.05,10.608,12.334,-1.725999999999999
marker:0,0.0,0.0,0.0,-11.182,-12.916,63.66,11.182,12.916,-1.734
marker:0,0.0,0.0,0.0,-12.807,-14.542,63.69,12.807,14.542,-1.7349999999999994
marker:0,0.0,0.0,0.0,-13.584,-15.322,64.0,13.584,15.322,-1.7379999999999995
marker:0,0.0,0.0,0.0,-13.74,-15.483,64.5,13.74,15.483,-1.7430000000000003
marker:0,0.0,0.0,0.0,-13.514,-15.132,65.38,13.514,15.132,-1.6180000000000003
marker:0,0.0,0.0,0.0,-13.042,-14.519,66.15,13.042,14.519,-1.4770000000000003
marker:0,0.0,0.0,0.0,-12.908,-14.269,66.78,12.908,14.269,-1.3610000000000007
marker:0,0.0,0.0,0.0,-12.174,-13.364,67.71,12.174,13.364,-1.1900000000000013
marker:0,0.0,0.0,0.0,-8.666,-9.709,68.51,8.666,9.709,-1.0429999999999993
marker:0,0.0,0.0,0.0,-8.537,-9.411,69.43,8.537,9.411,-0.8739999999999988
marker:0,0.0,0.0,0.0,-12.987,-13.65,70.84,12.987,13.65,-0.6630000000000003
marker:0,0.0,0.0,0.0,-12.846,-13.304,71.7,12.846,13.304,-0.4580000000000002
marker:0,0.0,0.0,0.0,-14.755,-15.089,72.52,14.755,15.089,-0.33399999999999963
marker:0,0.0,0.0,0.0,-12.992,-13.251,72.78,12.992,13.251,-0.25899999999999856
marker:0,0.0,0.0,0.0,-12.737,-12.933,73.24,12.737,12.933,-0.19599999999999973
marker:0,0.0,0.0,0.0,-12.637,-12.803,73.55,12.637,12.803,-0.16600000000000037
marker:0,0.0,0.0,0.0,-12.396,-12.544,73.78,12.396,12.544,-0.1479999999999997
marker:0,0.0,0.0,0.0,-11.79,-11.926,73.9,11.79,11.926,-0.136000000000001
marker:0,0.0,0.0,0.0,-12.953,-13.092,73.83,12.953,13.092,-0.13900000000000112
marker:0,0.0,0.0,0.0,-12.796,-12.971,73.46,12.796,12.971,-0.1750000000000007
marker:0,0.0,0.0,0.0,-12.318,-12.508,73.3,12.318,12.508,-0.1899999999999995
marker:0,0.0,0.0,0.0,-12.053,-12.255,73.18,12.053,12.255,-0.20199999999999996
marker:0,0.0,0.0,0.0,-11.795,-12.0,73.14,11.795,12.0,-0.20500000000000007
marker:0,0.0,0.0,0.0,-11.437,-11.637,73.2,11.437,11.637,-0.20000000000000107
marker:0,0.0,0.0,0.0,-10.987,-11.173,73.34,10.987,11.173,-0.18599999999999994
marker:0,0.0,0.0,0.0,-10.695,-10.869,73.47,10.695,10.869,-0.1739999999999995
marker:0,0.0,0.0,0.0,-10.322,-10.469,73.75,10.322,10.469,-0.14700000000000024
marker:0,0.0,0.0,0.0,-10.368,-10.488,74.03,10.368,10.488,-0.11999999999999922
marker:0,0.0,0.0,0.0,-10.684,-10.768,74.41,10.684,10.768,-0.0840000000000014
marker:0,0.0,0.0,0.0,-10.221,-10.261,74.86,10.221,10.261,-0.03999999999999915
marker:0,0.0,0.0,0.0,-10.549,-10.549,75.29,10.549,10.549,0.0
marker:0,0.0,0.0,0.0,-10.388,-10.37,75.48,10.388,10.37,0.018000000000000682
marker:0,0.0,0.0,0.0,-12.292,-12.248,75.74,12.292,12.248,0.04400000000000048
marker:0,0.0,0.0,0.0,-11.293,-11.244,75.81,11.293,11.244,0.04899999999999949
marker:0,0.0,0.0,0.0,-11.265,-11.218,75.77,11.265,11.218,0.0470000000000006
marker:0,0.0,0.0,0.0,-11.193,-11.158,75.65,11.193,11.158,0.03500000000000014
marker:0,0.0,0.0,0.0,-11.019,-11.006,75.37,11.019,11.006,0.0129999999999999
marker:0,0.0,0.0,0.0,-12.525,-12.573,75.19,12.525,12.573,-0.04800000000000004
marker:0,0.0,0.0,0.0,-11.307,-11.349,74.85,11.307,11.349,-0.041999999999999815
marker:0,0.0,0.0,0.0,-10.795,-10.85,74.66,10.795,10.85,-0.054999999999999716
marker:0,0.0,0.0,0.0,-12.568,-12.639,74.55,12.568,12.639,-0.07099999999999973
marker:0,0.0,0.0,0.0,-10.403,-10.493,74.35,10.403,10.493,-0.08999999999999986
marker:0,0.0,0.0,0.0,-9.897,-10.012,74.08,9.897,10.012,-0.11500000000000021
marker:0,0.0,0.0,0.0,-10.217,-10.349,73.91,10.217,10.349,-0.13199999999999967
marker:0,0.0,0.0,0.0,-9.86,-9.993,73.87,9.86,9.993,-0.1330000000000009
marker:0,0.0,0.0,0.0,-9.692,-9.82,73.94,9.692,9.82,-0.1280000000000001
marker:0,0.0,0.0,0.0,-10.007,-10.138,73.92,10.007,10.138,-0.13100000000000023
marker:0,0.0,0.0,0.0,-9.689,-9.82,73.91,9.689,9.82,-0.13100000000000023
marker:0,0.0,0.0,0.0,-9.332,-9.46,73.95,9.332,9.46,-0.1280000000000001
marker:0,0.0,0.0,0.0,-9.162,-9.286,73.99,9.162,9.286,-0.12399999999999878
marker:0,0.0,0.0,0.0,-8.97,-9.096,73.99,8.97,9.096,-0.12599999999999945
marker:0,0.0,0.0,0.0,-8.775,-8.906,73.91,8.775,8.906,-0.13100000000000023
marker:0,0.0,0.0,0.0,-8.537,-8.682,73.78,8.537,8.682,-0.14499999999999957
marker:0,0.0,0.0,0.0,-9.775,-9.946,73.5,9.775,9.946,-0.17099999999999937
marker:0,0.0,0.0,0.0,-9.567,-9.76,73.24,9.567,9.76,-0.19299999999999962
marker:0,0.0,0.0,0.0,-9.599,-9.814,73.04,9.599,9.814,-0.21499999999999986
marker:0,0.0,0.0,0.0,-9.261,-9.528,72.62,9.261,9.528,-0.26700000000000124
marker:0,0.0,0.0,0.0,-10.631,-10.979,72.3,10.631,10.979,-0.347999999999999
marker:0,0.0,0.0,0.0,-10.46,-10.903,71.78,10.46,10.903,-0.4429999999999996
marker:0,0.0,0.0,0.0,-10.193,-10.674,71.45,10.193,10.674,-0.48099999999999987
marker:0,0.0,0.0,0.0,-10.701,-11.258,71.16,10.701,11.258,-0.5569999999999986
marker:0,0.0,0.0,0.0,-10.418,-11.041,70.8,10.418,11.041,-0.6230000000000011
marker:0,0.0,0.0,0.0,-10.283,-10.981,70.29,10.283,10.981,-0.6980000000000004
marker:0,0.0,0.0,0.0,-11.08,-11.862,69.93,11.08,11.862,-0.782
marker:0,0.0,0.0,0.0,-11.278,-12.128,69.52,11.278,12.128,-0.8499999999999996
marker:0,0.0,0.0,0.0,-11.005,-11.859,69.54,11.005,11.859,-0.8539999999999992
marker:0,0.0,0.0,0.0,-10.849,-11.648,69.84,10.849,11.648,-0.7989999999999995
marker:0,0.0,0.0,0.0,-10.61,-11.347,70.18,10.61,11.347,-0.7370000000000001
marker:0,0.0,0.0,0.0,-10.405,-11.129,70.43,10.405,11.129,-0.7240000000000002
marker:0,0.0,0.0,0.0,-10.109,-10.781,70.53,10.109,10.781,-0.6720000000000006
marker:0,0.0,0.0,0.0,-9.752,-10.434,70.48,9.752,10.434,-0.6819999999999986
marker:0,0.0,0.0,0.0,-9.686,-10.432,70.13,9.686,10.432,-0.7460000000000004
marker:0,0.0,0.0,0.0,-9.776,-10.602,69.69,9.776,10.602,-0.8260000000000005
marker:0,0.0,0.0,0.0,-9.854,-10.769,69.07,9.854,10.769,-0.9150000000000009
marker:0,0.0,0.0,0.0,-9.934,-10.926,68.67,9.934,10.926,-0.9920000000000009
marker:0,0.0,0.0,0.0,-10.161,-11.208,68.49,10.161,11.208,-1.0470000000000006
marker:0,0.0,0.0,0.0,-9.837,-10.957,68.09,9.837,10.957,-1.120000000000001
marker:0,0.0,0.0,0.0,-9.298,-10.455,67.89,9.298,10.455,-1.157
marker:0,0.0,0.0,0.0,-8.801,-9.987,67.73,8.801,9.987,-1.186
marker:0,0.0,0.0,0.0,-8.521,-9.734,67.58,8.521,9.734,-1.2129999999999992
marker:0,0.0,0.0,0.0,-8.06,-9.303,67.42,8.06,9.303,-1.2430000000000003
marker:0,0.0,0.0,0.0,-7.464,-8.766,67.1,7.464,8.766,-1.3019999999999996
marker:0,0.0,0.0,0.0,-7.35,-8.692,66.88,7.35,8.692,-1.3420000000000005
marker:0,0.0,0.0,0.0,-7.0,-8.374,66.66,7.0,8.374,-1.3740000000000006
marker:0,0.0,0.0,0.0,-6.81,-8.211,66.56,6.81,8.211,-1.4010000000000007
marker:0,0.0,0.0,0.0,-6.785,-8.165,66.47,6.785,8.165,-1.379999999999999
marker:0,0.0,0.0,0.0,-6.672,-8.086,66.49,6.672,8.086,-1.4140000000000006
marker:0,0.0,0.0,0.0,-6.584,-7.985,66.56,6.584,7.985,-1.4010000000000007
marker:0,0.0,0.0,0.0,-6.711,-8.094,66.66,6.711,8.094,-1.3829999999999991
marker:0,0.0,0.0,0.0,-6.735,-8.114,66.68,6.735,8.114,-1.3790000000000004
marker:0,0.0,0.0,0.0,-6.69,-8.08,66.62,6.69,8.08,-1.3899999999999997
marker:0,0.0,0.0,0.0,-6.475,-7.887,66.5,6.475,7.887,-1.412
marker:0,0.0,0.0,0.0,-6.303,-7.769,66.21,6.303,7.769,-1.4660000000000002
marker:0,0.0,0.0,0.0,-6.225,-7.734,65.9,6.225,7.734,-1.5090000000000003
marker:0,0.0,0.0,0.0,-6.064,-7.658,65.51,6.064,7.658,-1.5940000000000003
marker:0,0.0,0.0,0.0,-5.983,-7.692,64.88,5.983,7.692,-1.7090000000000005
marker:0,0.0,0.0,0.0,-12.844,-14.587,64.31,12.844,14.587,-1.7430000000000003
marker:0,0.0,0.0,0.0,-12.541,-14.271,63.13,12.541,14.271,-1.7300000000000004
marker:0,0.0,0.0,0.0,-13.101,-14.817,62.36,13.101,14.817,-1.7159999999999993
marker:0,0.0,0.0,0.0,-13.058,-14.771,62.05,13.058,14.771,-1.713000000000001
marker:0,0.0,0.0,0.0,-12.114,-13.825,61.94,12.114,13.825,-1.7109999999999985
marker:0,0.0,0.0,0.0,-12.1,-13.812,62.03,12.1,13.812,-1.7119999999999997
marker:0,0.0,0.0,0.0,-11.616,-13.33,62.16,11.616,13.33,-1.7140000000000004
marker:0,0.0,0.0,0.0,-11.413,-13.128,62.33,11.413,13.128,-1.7149999999999999
marker:0,0.0,0.0,0.0,-10.808,-12.524,62.36,10.808,12.524,-1.7159999999999993
marker:0,0.0,0.0,0.0,-9.844,-11.557,62.07,9.844,11.557,-1.713000000000001
marker:0,0.0,0.0,0.0,-9.738,-11.446,61.73,9.738,11.446,-1.7080000000000002
marker:0,0.0,0.0,0.0,-9.471,-11.168,60.99,9.471,11.168,-1.6969999999999992
marker:0,0.0,0.0,0.0,-10.813,-12.501,60.32,10.813,12.501,-1.6879999999999988
marker:0,0.0,0.0,0.0,-10.998,-12.678,59.74,10.998,12.678,-1.6800000000000015
marker:0,0.0,0.0,0.0,-12.066,-13.74,59.27,12.066,13.74,-1.6739999999999995
marker:0,0.0,0.0,0.0,-12.458,-14.13,59.12,12.458,14.13,-1.6720000000000006
marker:0,0.0,0.0,0.0,-12.545,-14.214,58.87,12.545,14.214,-1.6690000000000005
marker:0,0.0,0.0,0.0,-12.316,-13.981,58.6,12.316,13.981,-1.6649999999999991
marker:0,0.0,0.0,0.0,-11.991,-13.65,58.22,11.991,13.65,-1.6590000000000007
marker:0,0.0,0.0,0.0,-11.927,-13.583,57.91,11.927,13.583,-1.6560000000000006
marker:0,0.0,0.0,0.0,-12.525,-14.176,57.46,12.525,14.176,-1.6509999999999998
marker:0,0.0,0.0,0.0,-12.159,-13.8,56.92,12.159,13.8,-1.641
marker:0,0.0,0.0,0.0,-11.669,-13.304,56.4,11.669,13.304,-1.6349999999999998
marker:0,0.0,0.0,0.0,-11.41,-13.038,55.9,11.41,13.038,-1.6280000000000001
marker:0,0.0,0.0,0.0,-11.564,-13.176,54.77,11.564,13.176,-1.612
marker:0,0.0,0.0,0.0,-11.229,-12.812,54.51,11.229,12.812,-1.5830000000000002
marker:0,0.0,0.0,0.0,-10.897,-12.465,54.43,10.897,12.465,-1.5679999999999996
marker:0,0.0,0.0,0.0,-10.644,-12.34,54.38,10.644,12.34,-1.6959999999999997
marker:0,0.0,0.0,0.0,-10.783,-12.337,54.35,10.783,12.337,-1.5540000000000003
marker:0,0.0,0.0,0.0,-10.373,-11.94,54.42,10.373,11.94,-1.5670000000000002
marker:0,0.0,0.0,0.0,-10.072,-11.635,54.4,10.072,11.635,-1.5630000000000006
marker:0,0.0,0.0,0.0,-10.094,-11.607,54.12,10.094,11.607,-1.513
marker:0,0.0,0.0,0.0,-10.156,-11.622,53.76,10.156,11.622,-1.4659999999999993
marker:0,0.0,0.0,0.0,-9.861,-11.248,53.41,9.861,11.248,-1.3869999999999987
marker:0,0.0,0.0,0.0,-10.457,-11.707,52.64,10.457,11.707,-1.25
marker:0,0.0,0.0,0.0,-10.268,-11.403,52.0,10.268,11.403,-1.1349999999999998
marker:0,0.0,0.0,0.0,-10.14,-11.106,51.05,10.14,11.106,-0.9659999999999993
marker:0,0.0,0.0,0.0,-10.621,-11.463,50.35,10.621,11.463,-0.8419999999999987
marker:0,0.0,0.0,0.0,-10.285,-11.063,49.99,10.285,11.063,-0.7780000000000005
marker:0,0.0,0.0,0.0,-10.36,-11.006,49.25,10.36,11.006,-0.6460000000000008
marker:0,0.0,0.0,0.0,-10.37,-10.953,48.9,10.37,10.953,-0.5830000000000002
marker:0,0.0,0.0,0.0,-9.542,-10.054,48.5,9.542,10.054,-0.5120000000000005
marker:0,0.0,0.0,0.0,-8.971,-9.423,48.16,8.971,9.423,-0.45199999999999996
marker:0,0.0,0.0,0.0,-8.75,-9.128,47.75,8.75,9.128,-0.3780000000000001
marker:0,0.0,0.0,0.0,-8.311,-8.616,47.34,8.311,8.616,-0.3049999999999997
marker:0,0.0,0.0,0.0,-9.109,-8.911,44.51,9.109,8.911,0.1980000000000004
marker:0,0.0,0.0,0.0,-8.697,-8.393,43.92,8.697,8.393,0.3039999999999985
marker:0,0.0,0.0,0.0,-8.225,-7.809,43.29,8.225,7.809,0.4159999999999995
marker:0,0.0,0.0,0.0,-7.767,-7.241,42.67,7.767,7.241,0.5260000000000007
marker:0,0.0,0.0,0.0,-7.069,-6.497,41.47,7.069,6.497,0.5720000000000001
marker:0,0.0,0.0,0.0,-6.803,-6.211,41.21,6.803,6.211,0.5919999999999996
marker:0,0.0,0.0,0.0,-6.453,-5.843,40.81,6.453,5.843,0.6100000000000003
marker:0,0.0,0.0,0.0,-5.853,-5.22,40.33,5.853,5.22,0.633
marker:0,0.0,0.0,0.0,-5.646,-5.003,40.1,5.646,5.003,0.6429999999999998
marker:0,0.0,0.0,0.0,-5.435,-4.787,39.93,5.435,4.787,0.6479999999999997
marker:0,0.0,0.0,0.0,-4.972,-4.323,39.97,4.972,4.323,0.649
marker:0,0.0,0.0,0.0,-4.722,-4.074,39.94,4.722,4.074,0.6480000000000006
marker:0,0.0,0.0,0.0,-4.531,-3.872,39.74,4.531,3.872,0.6589999999999998
marker:0,0.0,0.0,0.0,-5.548,-4.971,27.84,5.548,4.971,0.577
marker:0,0.0,0.0,0.0,-4.774,-4.255,27.36,4.774,4.255,0.5190000000000001
marker:0,0.0,0.0,0.0,-4.71,-4.223,27.02,4.71,4.223,0.4870000000000001
marker:0,0.0,0.0,0.0,-4.518,-4.168,26.53,4.518,4.168,0.34999999999999964
marker:0,0.0,0.0,0.0,-4.167,-3.751,26.28,4.167,3.751,0.4159999999999999
marker:0,0.0,0.0,0.0,-3.698,-3.335,25.73,3.698,3.335,0.363
marker:0,0.0,0.0,0.0,-3.527,-3.183,25.53,3.527,3.183,0.3440000000000003
marker:0,0.0,0.0,0.0,-3.133,-2.812,25.25,3.133,2.812,0.3210000000000002
marker:0,0.0,0.0,0.0,-2.975,-2.684,24.98,2.975,2.684,0.2909999999999999
marker:0,0.0,0.0,0.0,-2.507,-2.239,24.74,2.507,2.239,0.26800000000000024
marker:0,0.0,0.0,0.0,-3.602,-3.343,24.65,3.602,3.343,0.2589999999999999
marker:0,0.0,0.0,0.0,-3.273,-3.053,24.23,3.273,3.053,0.2200000000000002
marker:0,0.0,0.0,0.0,-2.937,-2.765,23.54,2.937,2.765,0.1719999999999997
marker:0,0.0,0.0,0.0,-3.235,-3.175,22.93,3.235,3.175,0.06000000000000005
marker:0,0.0,0.0,0.0,-2.777,-2.875,21.85,2.777,2.875,-0.09799999999999986
marker:0,0.0,0.0,0.0,-2.014,-2.293,21.09,2.014,2.293,-0.27900000000000036
marker:0,0.0,0.0,0.0,-1.831,-2.201,20.59,1.831,2.201,-0.3700000000000001
marker:0,0.0,0.0,0.0,-2.811,-3.257,20.07,2.811,3.257,-0.4460000000000002
marker:0,0.0,0.0,0.0,-2.098,-2.61,19.82,2.098,2.61,-0.512
marker:0,0.0,0.0,0.0,-1.932,-2.488,19.58,1.932,2.488,-0.556
marker:0,0.0,0.0,0.0,-1.618,-2.193,19.48,1.618,2.193,-0.575
marker:0,0.0,0.0,0.0,-1.916,-2.549,19.16,1.916,2.549,-0.633
marker:0,0.0,0.0,0.0,-1.366,-2.045,18.91,1.366,2.045,-0.6789999999999998
marker:0,0.0,0.0,0.0,-1.173,-1.885,18.73,1.173,1.885,-0.712
marker:0,0.0,0.0,0.0,-1.57,-2.337,18.43,1.57,2.337,-0.7670000000000001
marker:0,0.0,0.0,0.0,-1.23,-2.067,18.05,1.23,2.067,-0.8370000000000002
marker:0,0.0,0.0,0.0,-1.111,-2.101,17.22,1.111,2.101,-0.99
marker:0,0.0,0.0,0.0,-1.456,-2.55,16.65,1.456,2.55,-1.0939999999999999
marker:0,0.0,0.0,0.0,-1.261,-2.41,16.28,1.261,2.41,-1.1490000000000002
marker:0,0.0,0.0,0.0,-1.184,-2.372,16.14,1.184,2.372,-1.188
marker:0,0.0,0.0,0.0,-1.04,-2.245,16.05,1.04,2.245,-1.205
marker:0,0.0,0.0,0.0,-1.386,-2.647,15.69,1.386,2.647,-1.261
marker:0,0.0,0.0,0.0,-0.985,-2.276,15.58,0.985,2.276,-1.291
marker:0,0.0,0.0,0.0,-1.455,-2.797,15.3,1.455,2.797,-1.342
marker:0,0.0,0.0,0.0,-1.242,-2.617,15.12,1.242,2.617,-1.375
marker:0,0.0,0.0,0.0,-0.994,-2.408,14.77,0.994,2.408,-1.414
marker:0,0.0,0.0,0.0,-0.612,-2.095,14.38,0.612,2.095,-1.483
marker:0,0.0,0.0,0.0,-1.011,-2.523,14.12,1.011,2.523,-1.5120000000000002
marker:0,0.0,0.0,0.0,-0.678,-2.224,13.92,0.678,2.224,-1.5460000000000003
marker:0,0.0,0.0,0.0,-0.482,-2.079,13.55,0.482,2.079,-1.5970000000000002
marker:0,0.0,0.0,0.0,-0.631,-2.311,12.95,0.631,2.311,-1.68
marker:0,0.0,0.0,0.0,-0.46,-2.211,12.44,0.46,2.211,-1.751
marker:0,0.0,0.0,0.0,-0.494,-2.316,11.92,0.494,2.316,-1.8219999999999998
marker:0,0.0,0.0,0.0,-0.859,-2.724,11.61,0.859,2.724,-1.8650000000000002
marker:0,0.0,0.0,0.0,-0.637,-2.521,11.47,0.637,2.521,-1.884
marker:0,0.0,0.0,0.0,-0.287,-2.179,11.41,0.287,2.179,-1.892
marker:0,0.0,0.0,0.0,-0.365,-2.254,11.43,0.365,2.254,-1.889
marker:0,0.0,0.0,0.0,-0.519,-2.415,11.38,0.519,2.415,-1.896
marker:0,0.0,0.0,0.0,-0.263,-2.229,10.87,0.263,2.229,-1.9660000000000002
marker:0,0.0,0.0,0.0,0.091,-1.979,10.12,0.091,1.979,-1.8880000000000001
marker:0,0.0,0.0,0.0,0.336,-1.779,9.79,0.336,1.779,-1.4429999999999998
marker:0,0.0,0.0,0.0,0.486,-1.67,9.5,0.486,1.67,-1.184
marker:0,0.0,0.0,0.0,1.038,-1.152,9.12,1.038,1.152,-0.11399999999999988
marker:0,0.0,0.0,0.0,1.547,-0.708,8.78,1.547,0.708,0.839
marker:0,0.0,0.0,0.0,0.289,-2.031,8.31,0.289,2.031,-1.7420000000000002
marker:0,0.0,0.0,0.0,0.74,-1.627,7.97,0.74,1.627,-0.887
marker:0,0.0,0.0,0.0,1.112,-1.295,7.55,1.112,1.295,-0.18299999999999983
marker:0,0.0,0.0,0.0,1.306,-1.161,7.24,1.306,1.161,0.14500000000000002
marker:0,0.0,0.0,0.0,0.504,-2.005,6.94,0.504,2.005,-1.501
marker:0,0.0,0.0,0.0,0.443,-2.118,6.56,0.443,2.118,-1.6749999999999998
marker:0,0.0,0.0,0.0,0.84,-1.776,6.25,0.84,1.776,-0.936
marker:0,0.0,0.0,0.0,1.453,-1.272,5.87,1.453,1.272,0.18100000000000005
marker:0,0.0,0.0,0.0,1.797,-1.038,5.61,1.797,1.038,0.7589999999999999
marker:0,0.0,0.0,0.0,2.058,-1.03,5.53,2.058,1.03,1.0279999999999998
marker:0,0.0,0.0,0.0,2.062,-0.79,5.34,2.062,0.79,1.2719999999999998
marker:0,0.0,0.0,0.0,2.18,-0.8,4.98,2.18,0.8,1.3800000000000001
marker:0,0.0,0.0,0.0,2.293,-0.773,4.68,2.293,0.773,1.52
marker:0,0.0,0.0,0.0,2.295,-0.822,4.41,2.295,0.822,1.4729999999999999
marker:0,0.0,0.0,0.0,2.478,-0.728,4.19,2.478,0.728,1.7500000000000002
marker:0,0.0,0.0,0.0,0.614,-2.69,3.85,0.614,2.69,-2.076
marker:0,0.0,0.0,0.0,0.629,-2.75,3.59,0.629,2.75,-2.121
marker:0,0.0,0.0,0.0,0.612,-2.812,3.43,0.612,2.812,-2.1999999999999997
marker:0,0.0,0.0,0.0,0.71,-2.794,3.15,0.71,2.794,-2.084
marker:0,0.0,0.0,0.0,0.328,-3.282,2.73,0.328,3.282,-2.954
marker:0,0.0,0.0,0.0,0.666,-3.062,2.37,0.666,3.062,-2.396
marker:0,0.0,0.0,0.0,0.728,-3.087,2.07,0.728,3.087,-2.359
marker:0,0.0,0.0,0.0,0.95,-2.944,1.67,0.95,2.944,-1.994
marker:0,0.0,0.0,0.0,1.068,-2.999,1.1,1.068,2.999,-1.931
marker:0,0.0,0.0,0.0,0.994,-3.182,0.81,0.994,3.182,-2.1879999999999997
marker:0,0.0,0.0,0.0,1.265,-3.005,0.48,1.265,3.005,-1.74
marker:0,0.0,0.0,0.0,1.349,-3.021,0.13,1.349,3.021,-1.672
marker:0,0.0,0.0,0.0,1.305,-3.143,-0.14,1.305,3.143,-1.8379999999999999
marker:0,0.0,0.0,0.0,1.172,-3.397,-0.56,1.172,3.397,-2.2249999999999996
marker:0,0.0,0.0,0.0,1.213,-3.401,-0.72,1.213,3.401,-2.1879999999999997
marker:0,0.0,0.0,0.0,1.272,-3.379,-0.85,1.272,3.379,-2.107
marker:0,0.0,0.0,0.0,1.163,-3.554,-1.08,1.163,3.554,-2.391
marker:0,0.0,0.0,0.0,1.395,-3.345,-1.16,1.395,3.345,-1.9500000000000002
marker:0,0.0,0.0,0.0,1.51,-3.245,-1.21,1.51,3.245,-1.735
marker:0,0.0,0.0,0.0,1.573,-3.182,-1.25,1.573,3.182,-1.609
marker:0,0.0,0.0,0.0,1.839,-2.93,-1.26,1.839,2.93,-1.0910000000000002
marker:0,0.0,0.0,0.0,2.082,-2.689,-1.31,2.082,2.689,-0.6070000000000002
marker:0,0.0,0.0,0.0,2.165,-2.626,-1.43,2.165,2.626,-0.46099999999999985
marker:0,0.0,0.0,0.0,2.184,-2.611,-1.7,2.184,2.611,-0.42700000000000005
marker:0,0.0,0.0,0.0,2.24,-2.565,-2.14,2.24,2.565,-0.32499999999999973
marker:0,0.0,0.0,0.0,2.409,-2.4,-2.35,2.409,2.4,0.008999999999999897
marker:0,0.0,0.0,0.0,-1.806,-6.629,-3.11,1.806,6.629,-4.8229999999999995
marker:0,0.0,0.0,0.0,-1.624,-6.455,-3.38,1.624,6.455,-4.8309999999999995
marker:0,0.0,0.0,0.0,-1.152,-5.986,-3.49,1.152,5.986,-4.834
marker:0,0.0,0.0,0.0,-2.496,-7.332,-3.65,2.496,7.332,-4.836
marker:0,0.0,0.0,0.0,-2.218,-7.108,-3.78,2.218,7.108,-4.89
marker:0,0.0,0.0,0.0,-1.97,-6.812,-4.02,1.97,6.812,-4.8420000000000005
marker:0,0.0,0.0,0.0,-1.614,-6.467,-4.5,1.614,6.467,-4.853
marker:0,0.0,0.0,0.0,-1.116,-5.979,-5.01,1.116,5.979,-4.8629999999999995
marker:0,0.0,0.0,0.0,-0.596,-5.465,-5.25,0.596,5.465,-4.869
marker:0,0.0,0.0,0.0,-0.374,-5.25,-5.59,0.374,5.25,-4.876
marker:0,0.0,0.0,0.0,-2.049,-6.931,-5.91,2.049,6.931,-4.882
marker:0,0.0,0.0,0.0,-1.667,-6.564,-6.65,1.667,6.564,-4.897
marker:0,0.0,0.0,0.0,-1.257,-6.16,-6.95,1.257,6.16,-4.9030000000000005
marker:0,0.0,0.0,0.0,-1.524,-6.436,-7.39,1.524,6.436,-4.912
marker:0,0.0,0.0,0.0,-1.165,-6.085,-7.87,1.165,6.085,-4.92
marker:0,0.0,0.0,0.0,-1.345,-6.426,-8.05,1.345,6.426,-5.081
marker:0,0.0,0.0,0.0,-1.101,-6.036,-8.49,1.101,6.036,-4.935
marker:0,0.0,0.0,0.0,-1.245,-6.184,-8.69,1.245,6.184,-4.939
marker:0,0.0,0.0,0.0,-1.084,-6.03,-9.02,1.084,6.03,-4.946
marker:0,0.0,0.0,0.0,-1.035,-5.989,-9.44,1.035,5.989,-4.954
marker:0,0.0,0.0,0.0,-1.157,-6.122,-9.97,1.157,6.122,-4.965
marker:0,0.0,0.0,0.0,-0.958,-5.93,-10.44,0.958,5.93,-4.9719999999999995
marker:0,0.0,0.0,0.0,-0.934,-5.917,-10.85,0.934,5.917,-4.983
marker:0,0.0,0.0,0.0,-1.183,-6.109,-11.3,1.183,6.109,-4.926
marker:0,0.0,0.0,0.0,-1.251,-6.08,-11.78,1.251,6.08,-4.829000000000001
marker:0,0.0,0.0,0.0,-1.322,-6.038,-12.35,1.322,6.038,-4.716
marker:0,0.0,0.0,0.0,-1.576,-6.228,-12.67,1.576,6.228,-4.651999999999999
marker:0,0.0,0.0,0.0,-1.369,-5.935,-13.18,1.369,5.935,-4.566
marker:0,0.0,0.0,0.0,-1.251,-5.747,-13.45,1.251,5.747,-4.496
marker:0,0.0,0.0,0.0,-1.098,-5.509,-13.87,1.098,5.509,-4.4110000000000005
marker:0,0.0,0.0,0.0,-1.002,-5.347,-14.2,1.002,5.347,-4.345000000000001
marker:0,0.0,0.0,0.0,-0.873,-5.168,-14.45,0.873,5.168,-4.295
marker:0,0.0,0.0,0.0,-0.826,-5.059,-14.76,0.826,5.059,-4.2330000000000005
marker:0,0.0,0.0,0.0,-0.784,-4.943,-15.13,0.784,4.943,-4.159
marker:0,0.0,0.0,0.0,-0.924,-5.004,-15.52,0.924,5.004,-4.079999999999999
marker:0,0.0,0.0,0.0,-0.638,-4.679,-15.79,0.638,4.679,-4.041
marker:0,0.0,0.0,0.0,-0.44,-4.41,-16.07,0.44,4.41,-3.97
marker:0,0.0,0.0,0.0,-0.457,-4.357,-16.42,0.457,4.357,-3.9000000000000004
marker:0,0.0,0.0,0.0,-0.393,-4.253,-16.62,0.393,4.253,-3.8600000000000003
marker:0,0.0,0.0,0.0,-2.387,-6.207,-16.87,2.387,6.207,-3.82
marker:0,0.0,0.0,0.0,-2.176,-5.954,-17.03,2.176,5.954,-3.7779999999999996
marker:0,0.0,0.0,0.0,-2.324,-6.062,-17.28,2.324,6.062,-3.7380000000000004
marker:0,0.0,0.0,0.0,-2.292,-5.964,-17.56,2.292,5.964,-3.6720000000000006
marker:0,0.0,0.0,0.0,-2.78,-6.392,-17.86,2.78,6.392,-3.6120000000000005
marker:0,0.0,0.0,0.0,-2.515,-6.06,-18.19,2.515,6.06,-3.5449999999999995
marker:0,0.0,0.0,0.0,-2.458,-5.922,-18.6,2.458,5.922,-3.4639999999999995
marker:0,0.0,0.0,0.0,-2.616,-5.987,-19.06,2.616,5.987,-3.371
marker:0,0.0,0.0,0.0,-2.421,-5.74,-19.32,2.421,5.74,-3.3190000000000004
marker:0,0.0,0.0,0.0,-2.169,-5.448,-19.52,2.169,5.448,-3.2790000000000004
marker:0,0.0,0.0,0.0,-1.945,-5.208,-19.6,1.945,5.208,-3.263
marker:0,0.0,0.0,0.0,-1.809,-5.072,-19.57,1.809,5.072,-3.263
marker:0,0.0,0.0,0.0,-1.96,-5.272,-19.53,1.96,5.272,-3.3120000000000003
marker:0,0.0,0.0,0.0,-1.966,-5.237,-19.56,1.966,5.237,-3.271
marker:0,0.0,0.0,0.0,-1.892,-5.157,-19.63,1.892,5.157,-3.265
marker:0,0.0,0.0,0.0,-2.005,-5.245,-19.72,2.005,5.245,-3.24
marker:0,0.0,0.0,0.0,-1.981,-5.186,-19.89,1.981,5.186,-3.205
marker:0,0.0,0.0,0.0,-1.859,-5.02,-20.11,1.859,5.02,-3.1609999999999996
marker:0,0.0,0.0,0.0,-1.769,-4.888,-20.32,1.769,4.888,-3.1189999999999998
marker:0,0.0,0.0,0.0,-1.617,-4.704,-20.48,1.617,4.704,-3.0869999999999997
marker:0,0.0,0.0,0.0,-1.628,-4.659,-20.76,1.628,4.659,-3.0309999999999997
marker:0,0.0,0.0,0.0,-1.363,-4.363,-20.91,1.363,4.363,-3.0000000000000004
marker:0,0.0,0.0,0.0,-1.248,-4.213,-21.14,1.248,4.213,-2.965
marker:0,0.0,0.0,0.0,-1.087,-4.014,-21.28,1.087,4.014,-2.9270000000000005
marker:0,0.0,0.0,0.0,-0.967,-3.797,-21.76,0.967,3.797,-2.83
marker:0,0.0,0.0,0.0,-0.683,-3.435,-22.15,0.683,3.435,-2.752
marker:0,0.0,0.0,0.0,-0.675,-3.305,-22.76,0.675,3.305,-2.63
marker:0,0.0,0.0,0.0,-0.418,-2.962,-23.19,0.418,2.962,-2.544
marker:0,0.0,0.0,0.0,-4.21,-6.676,-23.51,4.21,6.676,-2.466
marker:0,0.0,0.0,0.0,-3.996,-6.423,-23.65,3.996,6.423,-2.427
marker:0,0.0,0.0,0.0,-3.703,-6.144,-23.6,3.703,6.144,-2.4410000000000003
marker:0,0.0,0.0,0.0,-4.227,-6.668,-23.6,4.227,6.668,-2.441
marker:0,0.0,0.0,0.0,-4.181,-6.627,-23.55,4.181,6.627,-2.4459999999999997
marker:0,0.0,0.0,0.0,-4.766,-7.165,-23.75,4.766,7.165,-2.399
marker:0,0.0,0.0,0.0,-4.65,-7.002,-23.92,4.65,7.002,-2.3519999999999994
marker:0,0.0,0.0,0.0,-5.217,-7.469,-24.28,5.217,7.469,-2.2520000000000007
marker:0,0.0,0.0,0.0,-5.231,-7.394,-24.6,5.231,7.394,-2.1630000000000003
marker:0,0.0,0.0,0.0,-4.889,-6.998,-24.85,4.889,6.998,-2.109
marker:0,0.0,0.0,0.0,-4.645,-6.674,-25.08,4.645,6.674,-2.029000000000001
marker:0,0.0,0.0,0.0,-4.243,-6.13,-25.67,4.243,6.13,-1.8869999999999996
marker:0,0.0,0.0,0.0,-4.28,-6.056,-25.99,4.28,6.056,-1.7759999999999998
marker:0,0.0,0.0,0.0,-5.256,-6.871,-26.57,5.256,6.871,-1.6150000000000002
marker:0,0.0,0.0,0.0,-4.926,-6.407,-27.05,4.926,6.407,-1.4809999999999999
marker:0,0.0,0.0,0.0,-4.927,-6.316,-27.38,4.927,6.316,-1.3890000000000002
marker:0,0.0,0.0,0.0,-4.671,-5.966,-27.81,4.671,5.966,-1.295
marker:0,0.0,0.0,0.0,-4.683,-5.891,-28.13,4.683,5.891,-1.2080000000000002
marker:0,0.0,0.0,0.0,-4.502,-5.621,-28.35,4.502,5.621,-1.1190000000000007
marker:0,0.0,0.0,0.0,-4.167,-4.998,-28.6,4.167,4.998,-0.8310000000000004
marker:0,0.0,0.0,0.0,-4.106,-5.119,-28.84,4.106,5.119,-1.013
marker:0,0.0,0.0,0.0,-4.029,-4.987,-29.03,4.029,4.987,-0.9580000000000002
marker:0,0.0,0.0,0.0,-3.953,-4.833,-29.21,3.953,4.833,-0.8800000000000003
marker:0,0.0,0.0,0.0,-3.553,-4.397,-29.35,3.553,4.397,-0.8440000000000003
marker:0,0.0,0.0,0.0,-3.357,-4.184,-29.4,3.357,4.184,-0.827
marker:0,0.0,0.0,0.0,-3.342,-4.144,-29.49,3.342,4.144,-0.802
marker:0,0.0,0.0,0.0,-3.167,-3.821,-30.08,3.167,3.821,-0.6540000000000004
marker:0,0.0,0.0,0.0,-2.986,-3.527,-30.55,2.986,3.527,-0.5409999999999999
marker:0,0.0,0.0,0.0,-2.769,-3.206,-30.8,2.769,3.206,-0.43699999999999983
marker:0,0.0,0.0,0.0,-2.611,-2.896,-31.35,2.611,2.896,-0.2849999999999997
marker:0,0.0,0.0,0.0,-2.805,-2.925,-31.94,2.805,2.925,-0.11999999999999966
marker:0,0.0,0.0,0.0,-2.635,-2.572,-32.6,2.635,2.572,0.06299999999999972
marker:0,0.0,0.0,0.0,-2.556,-2.317,-33.34,2.556,2.317,0.23899999999999988
marker:0,0.0,0.0,0.0,-2.699,-2.299,-33.81,2.699,2.299,0.3999999999999999
marker:0,0.0,0.0,0.0,-2.685,-2.201,-34.11,2.685,2.201,0.484
marker:0,0.0,0.0,0.0,-2.508,-1.949,-34.38,2.508,1.949,0.5589999999999999
marker:0,0.0,0.0,0.0,-2.452,-1.837,-34.61,2.452,1.837,0.615
marker:0,0.0,0.0,0.0,-2.014,-1.36,-34.72,2.014,1.36,0.6539999999999997
marker:0,0.0,0.0,0.0,-1.904,-1.2,-34.9,1.904,1.2,0.704
marker:0,0.0,0.0,0.0,-5.54,-4.789,-35.14,5.54,4.789,0.7510000000000003
marker:0,0.0,0.0,0.0,-5.319,-4.473,-35.52,5.319,4.473,0.8460000000000001
marker:0,0.0,0.0,0.0,-5.23,-4.282,-35.78,5.23,4.282,0.9480000000000004
marker:0,0.0,0.0,0.0,-4.809,-3.808,-35.97,4.809,3.808,1.0010000000000003
marker:0,0.0,0.0,0.0,-5.29,-4.211,-36.25,5.29,4.211,1.0789999999999997
marker:0,0.0,0.0,0.0,-5.211,-4.018,-36.66,5.211,4.018,1.1930000000000005
marker:0,0.0,0.0,0.0,-5.643,-4.312,-37.24,5.643,4.312,1.3309999999999995
marker:0,0.0,0.0,0.0,-5.348,-3.973,-37.49,5.348,3.973,1.375
marker:0,0.0,0.0,0.0,-5.21,-3.783,-37.81,5.21,3.783,1.427
marker:0,0.0,0.0,0.0,-5.26,-3.808,-37.92,5.26,3.808,1.452
marker:0,0.0,0.0,0.0,-5.051,-3.574,-38.06,5.051,3.574,1.4770000000000003
marker:0,0.0,0.0,0.0,-4.937,-3.425,-38.26,4.937,3.425,1.5120000000000005
marker:0,0.0,0.0,0.0,-4.825,-3.268,-38.51,4.825,3.268,1.5570000000000004
marker:0,0.0,0.0,0.0,-4.738,-3.071,-39.13,4.738,3.071,1.6670000000000003
marker:0,0.0,0.0,0.0,-4.62,-2.871,-39.59,4.62,2.871,1.749
marker:0,0.0,0.0,0.0,-4.405,-2.572,-40.13,4.405,2.572,1.8330000000000002
marker:0,0.0,0.0,0.0,-4.139,-2.265,-40.33,4.139,2.265,1.874
marker:0,0.0,0.0,0.0,-3.945,-2.059,-40.36,3.945,2.059,1.8859999999999997
marker:0,0.0,0.0,0.0,-3.781,-1.889,-40.39,3.781,1.889,1.8920000000000001
marker:0,0.0,0.0,0.0,-3.629,-1.707,-40.56,3.629,1.707,1.922
marker:0,0.0,0.0,0.0,-3.525,-1.564,-40.89,3.525,1.564,1.9609999999999999
marker:0,0.0,0.0,0.0,-4.552,-2.5,-41.29,4.552,2.5,2.0519999999999996
marker:0,0.0,0.0,0.0,-4.526,-2.348,-42.0,4.526,2.348,2.178
marker:0,0.0,0.0,0.0,-4.491,-2.208,-42.58,4.491,2.208,2.2829999999999995
marker:0,0.0,0.0,0.0,-4.822,-2.446,-43.23,4.822,2.446,2.376
marker:0,0.0,0.0,0.0,-4.687,-2.223,-43.6,4.687,2.223,2.4640000000000004
marker:0,0.0,0.0,0.0,-4.544,-2.036,-43.85,4.544,2.036,2.5079999999999996
marker:0,0.0,0.0,0.0,-4.48,-1.944,-44.01,4.48,1.944,2.5360000000000005
marker:0,0.0,0.0,0.0,-4.263,-1.672,-44.38,4.263,1.672,2.591
marker:0,0.0,0.0,0.0,-3.926,-1.296,-44.54,3.926,1.296,2.63
marker:0,0.0,0.0,0.0,-3.841,-1.153,-44.86,3.841,1.153,2.688
marker:0,0.0,0.0,0.0,-3.484,-0.733,-45.22,3.484,0.733,2.751
marker:0,0.0,0.0,0.0,-3.152,0.067,-47.84,3.152,0.067,3.085
marker:0,0.0,0.0,0.0,-2.932,0.377,-48.35,2.932,0.377,2.5549999999999997
marker:0,0.0,0.0,0.0,-2.823,0.577,-48.86,2.823,0.577,2.246
marker:0,0.0,0.0,0.0,-3.851,-0.378,-49.31,3.851,0.378,3.473
marker:0,0.0,0.0,0.0,-3.835,-0.307,-49.67,3.835,0.307,3.528
marker:0,0.0,0.0,0.0,-3.91,-0.321,-50.06,3.91,0.321,3.589
marker:0,0.0,0.0,0.0,-3.867,-0.2,-50.56,3.867,0.2,3.667
marker:0,0.0,0.0,0.0,-3.605,0.174,-51.29,3.605,0.174,3.431
marker:0,0.0,0.0,0.0,-3.397,0.482,-52.01,3.397,0.482,2.915
marker:0,0.0,0.0,0.0,-3.216,0.713,-52.35,3.216,0.713,2.503
marker:0,0.0,0.0,0.0,-3.062,0.922,-52.62,3.062,0.922,2.1399999999999997
marker:0,0.0,0.0,0.0,-2.953,1.07,-52.87,2.953,1.07,1.8829999999999998
marker:0,0.0,0.0,0.0,-3.466,0.638,-53.39,3.466,0.638,2.8280000000000003
marker:0,0.0,0.0,0.0,-3.268,0.844,-53.45,3.268,0.844,2.424
marker:0,0.0,0.0,0.0,-3.038,1.079,-53.48,3.038,1.079,1.9589999999999999
marker:0,0.0,0.0,0.0,-2.78,1.432,-54.26,2.78,1.432,1.3479999999999999
marker:0,0.0,0.0,0.0,-2.693,1.592,-54.56,2.693,1.592,1.101
marker:0,0.0,0.0,0.0,-2.725,1.646,-55.12,2.725,1.646,1.0790000000000002
marker:0,0.0,0.0,0.0,-2.46,1.985,-55.6,2.46,1.985,0.47499999999999987
marker:0,0.0,0.0,0.0,-2.488,2.024,-56.03,2.488,2.024,0.46399999999999997
marker:0,0.0,0.0,0.0,-2.858,1.694,-56.29,2.858,1.694,1.1640000000000001
marker:0,0.0,0.0,0.0,-2.804,1.783,-56.6,2.804,1.783,1.021
marker:0,0.0,0.0,0.0,-2.527,2.124,-56.93,2.527,2.124,0.403
marker:0,0.0,0.0,0.0,-2.415,2.306,-57.38,2.415,2.306,0.10899999999999999
marker:0,0.0,0.0,0.0,-2.644,2.201,-57.69,2.644,2.201,0.44300000000000006
marker:0,0.0,0.0,0.0,-2.503,2.307,-57.96,2.503,2.307,0.19600000000000017
marker:0,0.0,0.0,0.0,-2.488,2.339,-58.07,2.488,2.339,0.14900000000000002
marker:0,0.0,0.0,0.0,-2.215,2.624,-58.15,2.215,2.624,-0.40900000000000025
marker:0,0.0,0.0,0.0,-2.125,2.714,-58.15,2.125,2.714,-0.589
marker:0,0.0,0.0,0.0,-1.615,3.218,-58.11,1.615,3.218,-1.603
marker:0,0.0,0.0,0.0,-1.458,3.369,-58.07,1.458,3.369,-1.9110000000000003
marker:0,0.0,0.0,0.0,-1.542,3.266,-57.95,1.542,3.266,-1.724
marker:0,0.0,0.0,0.0,-1.543,3.257,-57.89,1.543,3.257,-1.7140000000000002
marker:0,0.0,0.0,0.0,-0.578,4.208,-57.8,0.578,4.208,-3.6300000000000003
marker:0,0.0,0.0,0.0,-0.856,3.929,-57.79,0.856,3.929,-3.073
marker:0,0.0,0.0,0.0,-0.954,3.845,-57.89,0.954,3.845,-2.891
marker:0,0.0,0.0,0.0,-1.033,3.791,-58.05,1.033,3.791,-2.758
marker:0,0.0,0.0,0.0,-3.118,1.752,-58.35,3.118,1.752,1.3659999999999999
marker:0,0.0,0.0,0.0,-3.175,1.74,-58.64,3.175,1.74,1.4349999999999998
marker:0,0.0,0.0,0.0,-1.787,3.177,-58.96,1.787,3.177,-1.3900000000000001
marker:0,0.0,0.0,0.0,-1.728,3.229,-58.91,1.728,3.229,-1.5010000000000001
marker:0,0.0,0.0,0.0,-1.791,3.149,-58.8,1.791,3.149,-1.358
marker:0,0.0,0.0,0.0,-2.225,2.675,-58.54,2.225,2.675,-0.44999999999999973
marker:0,0.0,0.0,0.0,-1.784,3.116,-58.54,1.784,3.116,-1.332
marker:0,0.0,0.0,0.0,-2.36,2.584,-58.62,2.36,2.584,-0.2240000000000002
marker:0,0.0,0.0,0.0,-2.314,2.631,-58.83,2.314,2.631,-0.3169999999999997
marker:0,0.0,0.0,0.0,-2.255,2.746,-59.28,2.255,2.746,-0.4910000000000001
marker:0,0.0,0.0,0.0,-1.985,3.088,-59.7,1.985,3.088,-1.103
marker:0,0.0,0.0,0.0,-2.007,3.078,-59.74,2.007,3.078,-1.0709999999999997
marker:0,0.0,0.0,0.0,-1.958,3.113,-59.65,1.958,3.113,-1.155
marker:0,0.0,0.0,0.0,-1.523,3.525,-59.5,1.523,3.525,-2.002
marker:0,0.0,0.0,0.0,-1.162,3.844,-59.23,1.162,3.844,-2.682
marker:0,0.0,0.0,0.0,-1.204,3.775,-59.05,1.204,3.775,-2.5709999999999997
marker:0,0.0,0.0,0.0,-2.543,2.426,-58.99,2.543,2.426,0.11699999999999999
marker:0,0.0,0.0,0.0,-1.5,3.462,-59.11,1.5,3.462,-1.9620000000000002
marker:0,0.0,0.0,0.0,-1.817,3.192,-59.25,1.817,3.192,-1.3750000000000002
marker:0,0.0,0.0,0.0,-1.883,3.154,-59.43,1.883,3.154,-1.271
marker:0,0.0,0.0,0.0,-2.255,2.812,-59.62,2.255,2.812,-0.5569999999999999
marker:0,0.0,0.0,0.0,-2.333,2.746,-59.7,2.333,2.746,-0.4129999999999998
marker:0,0.0,0.0,0.0,-2.033,3.038,-59.65,2.033,3.038,-1.005
marker:0,0.0,0.0,0.0,-2.006,3.045,-59.52,2.006,3.045,-1.0390000000000001
marker:0,0.0,0.0,0.0,-1.715,3.281,-59.23,1.715,3.281,-1.566
marker:0,0.0,0.0,0.0,-1.435,3.519,-58.89,1.435,3.519,-2.084
marker:0,0.0,0.0,0.0,-1.336,3.565,-58.55,1.336,3.565,-2.229
marker:0,0.0,0.0,0.0,-1.704,3.147,-58.23,1.704,3.147,-1.4429999999999998
marker:0,0.0,0.0,0.0,-0.976,3.885,-58.29,0.976,3.885,-2.909
marker:0,0.0,0.0,0.0,-1.315,3.563,-58.43,1.315,3.563,-2.248
marker:0,0.0,0.0,0.0,-1.601,3.291,-58.49,1.601,3.291,-1.69
marker:0,0.0,0.0,0.0,-1.791,3.118,-58.6,1.791,3.118,-1.327
marker:0,0.0,0.0,0.0,-1.896,3.02,-58.64,1.896,3.02,-1.124
marker:0,0.0,0.0,0.0,-1.847,3.051,-58.53,1.847,3.051,-1.2040000000000002
marker:0,0.0,0.0,0.0,-1.772,3.098,-58.35,1.772,3.098,-1.3259999999999998
marker:0,0.0,0.0,0.0,-1.986,2.818,-57.92,1.986,2.818,-0.8320000000000001
marker:0,0.0,0.0,0.0,-2.466,2.299,-57.58,2.466,2.299,0.16700000000000026
marker:0,0.0,0.0,0.0,-1.723,2.993,-57.35,1.723,2.993,-1.2699999999999998
marker:0,0.0,0.0,0.0,-1.819,2.92,-57.19,1.819,2.92,-1.101
marker:0,0.0,0.0,0.0,-1.855,2.796,-56.93,1.855,2.796,-0.9409999999999998
marker:0,0.0,0.0,0.0,-1.928,2.709,-56.84,1.928,2.709,-0.7810000000000001
marker:0,0.0,0.0,0.0,-1.868,2.757,-56.76,1.868,2.757,-0.889
marker:0,0.0,0.0,0.0,-2.079,2.543,-56.74,2.079,2.543,-0.46399999999999997
marker:0,0.0,0.0,0.0,-3.037,1.593,-56.8,3.037,1.593,1.444
marker:0,0.0,0.0,0.0,-2.563,2.08,-56.88,2.563,2.08,0.4830000000000001
marker:0,0.0,0.0,0.0,-2.457,2.186,-56.88,2.457,2.186,0.2709999999999999
marker:0,0.0,0.0,0.0,-2.594,2.037,-56.8,2.594,2.037,0.5569999999999999
marker:0,0.0,0.0,0.0,-2.2,2.415,-56.63,2.2,2.415,-0.21499999999999986
marker:0,0.0,0.0,0.0,-2.208,2.304,-56.03,2.208,2.304,-0.09599999999999964
marker:0,0.0,0.0,0.0,-2.369,2.09,-55.58,2.369,2.09,0.27900000000000036
marker:0,0.0,0.0,0.0,-2.513,1.9,-55.28,2.513,1.9,0.613
marker:0,0.0,0.0,0.0,-2.539,1.763,-54.67,2.539,1.763,0.7760000000000002
marker:0,0.0,0.0,0.0,-2.387,1.942,-54.85,2.387,1.942,0.44500000000000006
marker:0,0.0,0.0,0.0,-3.115,1.257,-55.11,3.115,1.257,1.8580000000000003
marker:0,0.0,0.0,0.0,-3.173,1.156,-54.85,3.173,1.156,2.0170000000000003
marker:0,0.0,0.0,0.0,-3.194,1.046,-54.27,3.194,1.046,2.1479999999999997
marker:0,0.0,0.0,0.0,-3.385,0.79,-53.85,3.385,0.79,2.5949999999999998
marker:0,0.0,0.0,0.0,-3.512,0.546,-53.1,3.512,0.546,2.966
marker:0,0.0,0.0,0.0,-2.929,1.062,-52.55,2.929,1.062,1.8669999999999998
marker:0,0.0,0.0,0.0,-3.281,0.628,-52.13,3.281,0.628,2.653
marker:0,0.0,0.0,0.0,-3.532,0.337,-51.84,3.532,0.337,3.195
marker:0,0.0,0.0,0.0,-4.095,-0.238,-51.79,4.095,0.238,3.8569999999999998
marker:0,0.0,0.0,0.0,-4.281,-0.423,-51.8,4.281,0.423,3.8579999999999997
marker:0,0.0,0.0,0.0,-4.374,-0.578,-51.4,4.374,0.578,3.796
marker:0,0.0,0.0,0.0,-4.476,-0.739,-51.02,4.476,0.739,3.737
marker:0,0.0,0.0,0.0,-4.47,-0.918,-49.82,4.47,0.918,3.5519999999999996
marker:0,0.0,0.0,0.0,-4.51,-0.96,-49.81,4.51,0.96,3.55
marker:0,0.0,0.0,0.0,-4.499,-0.951,-49.79,4.499,0.951,3.5479999999999996
marker:0,0.0,0.0,0.0,-4.534,-0.991,-49.76,4.534,0.991,3.5429999999999997
marker:0,0.0,0.0,0.0,-4.959,-1.355,-49.77,4.959,1.355,3.6039999999999996
marker:0,0.0,0.0,0.0,-4.654,-1.124,-49.68,4.654,1.124,3.53
marker:0,0.0,0.0,0.0,-4.793,-1.266,-49.66,4.793,1.266,3.527
marker:0,0.0,0.0,0.0,-4.902,-1.378,-49.64,4.902,1.378,3.524
marker:0,0.0,0.0,0.0,-4.615,-1.105,-49.67,4.615,1.105,3.5100000000000002
marker:0,0.0,0.0,0.0,-4.67,-1.146,-49.64,4.67,1.146,3.524
marker:0,0.0,0.0,0.0,-4.984,-1.468,-49.59,4.984,1.468,3.516
marker:0,0.0,0.0,0.0,-4.94,-1.45,-49.42,4.94,1.45,3.49
marker:0,0.0,0.0,0.0,-4.363,-0.938,-49.0,4.363,0.938,3.4250000000000007
marker:0,0.0,0.0,0.0,-4.221,-0.896,-48.44,4.221,0.896,3.325
marker:0,0.0,0.0,0.0,-3.981,-0.725,-48.05,3.981,0.725,3.256
marker:0,0.0,0.0,0.0,-4.502,-1.318,-47.65,4.502,1.318,3.1839999999999997
marker:0,0.0,0.0,0.0,-4.728,-1.584,-47.42,4.728,1.584,3.1439999999999997
marker:0,0.0,0.0,0.0,-4.947,-1.846,-47.18,4.947,1.846,3.101
marker:0,0.0,0.0,0.0,-4.781,-1.714,-46.99,4.781,1.714,3.0669999999999997
marker:0,0.0,0.0,0.0,-4.939,-1.89,-46.89,4.939,1.89,3.0490000000000004
marker:0,0.0,0.0,0.0,-5.068,-2.035,-46.8,5.068,2.035,3.0329999999999995
marker:0,0.0,0.0,0.0,-5.012,-1.991,-46.71,5.012,1.991,3.0209999999999995
marker:0,0.0,0.0,0.0,-5.007,-1.992,-46.7,5.007,1.992,3.0149999999999997
marker:0,0.0,0.0,0.0,-4.984,-1.965,-46.7,4.984,1.965,3.019
marker:0,0.0,0.0,0.0,-4.664,-1.649,-46.7,4.664,1.649,3.0149999999999997
marker:0,0.0,0.0,0.0,-5.034,-2.015,-46.72,5.034,2.015,3.0189999999999997
marker:0,0.0,0.0,0.0,-5.256,-2.237,-46.72,5.256,2.237,3.019
marker:0,0.0,0.0,0.0,-5.447,-2.437,-46.67,5.447,2.437,3.0100000000000002
marker:0,0.0,0.0,0.0,-5.693,-2.706,-46.55,5.693,2.706,2.9869999999999997
marker:0,0.0,0.0,0.0,-5.623,-2.642,-46.51,5.623,2.642,2.9810000000000003
marker:0,0.0,0.0,0.0,-5.729,-2.79,-46.27,5.729,2.79,2.939
marker:0,0.0,0.0,0.0,-5.929,-3.036,-46.01,5.929,3.036,2.8930000000000002
marker:0,0.0,0.0,0.0,-6.108,-3.253,-45.8,6.108,3.253,2.8549999999999995
marker:0,0.0,0.0,0.0,-6.269,-3.437,-45.58,6.269,3.437,2.8320000000000003
marker:0,0.0,0.0,0.0,-6.385,-3.59,-45.43,6.385,3.59,2.795
marker:0,0.0,0.0,0.0,-6.601,-3.844,-45.19,6.601,3.844,2.757
marker:0,0.0,0.0,0.0,-5.64,-2.922,-45.03,5.64,2.922,2.7179999999999995
marker:0,0.0,0.0,0.0,-5.821,-3.128,-44.89,5.821,3.128,2.6929999999999996
marker:0,0.0,0.0,0.0,-5.805,-3.29,-44.67,5.805,3.29,2.5149999999999997
marker:0,0.0,0.0,0.0,-5.459,-2.842,-44.46,5.459,2.842,2.6169999999999995
marker:0,0.0,0.0,0.0,-5.652,-3.069,-44.27,5.652,3.069,2.583
marker:0,0.0,0.0,0.0,-5.64,-3.082,-44.13,5.64,3.082,2.558
marker:0,0.0,0.0,0.0,-5.932,-3.401,-43.98,5.932,3.401,2.5310000000000006
marker:0,0.0,0.0,0.0,-5.997,-3.466,-43.98,5.997,3.466,2.5309999999999997
marker:0,0.0,0.0,0.0,-6.026,-3.479,-44.07,6.026,3.479,2.5469999999999997
marker:0,0.0,0.0,0.0,-6.106,-3.534,-44.31,6.106,3.534,2.572
marker:0,0.0,0.0,0.0,-6.197,-3.512,-44.48,6.197,3.512,2.685
marker:0,0.0,0.0,0.0,-5.934,-3.296,-44.58,5.934,3.296,2.6380000000000003
marker:0,0.0,0.0,0.0,-6.011,-3.382,-44.53,6.011,3.382,2.629
marker:0,0.0,0.0,0.0,-5.857,-3.253,-44.39,5.857,3.253,2.604
marker:0,0.0,0.0,0.0,-6.06,-3.477,-44.27,6.06,3.477,2.5829999999999997
marker:0,0.0,0.0,0.0,-5.934,-3.371,-44.12,5.934,3.371,2.563
marker:0,0.0,0.0,0.0,-6.028,-3.481,-44.06,6.028,3.481,2.5469999999999997
marker:0,0.0,0.0,0.0,-6.137,-3.597,-44.03,6.137,3.597,2.5399999999999996
marker:0,0.0,0.0,0.0,-6.224,-3.695,-43.97,6.224,3.695,2.5290000000000004
marker:0,0.0,0.0,0.0,-6.244,-3.722,-43.93,6.244,3.722,2.522
marker:0,0.0,0.0,0.0,-6.417,-3.897,-43.92,6.417,3.897,2.52
marker:0,0.0,0.0,0.0,-6.356,-3.832,-43.94,6.356,3.832,2.524
marker:0,0.0,0.0,0.0,-6.926,-4.393,-43.99,6.926,4.393,2.5330000000000004
marker:0,0.0,0.0,0.0,-7.077,-4.539,-44.02,7.077,4.539,2.5380000000000003
marker:0,0.0,0.0,0.0,-6.726,-4.184,-44.04,6.726,4.184,2.542
marker:0,0.0,0.0,0.0,-5.773,-3.23,-44.04,5.773,3.23,2.5429999999999997
marker:0,0.0,0.0,0.0,-5.656,-3.123,-43.99,5.656,3.123,2.5329999999999995
marker:0,0.0,0.0,0.0,-5.515,-2.995,-43.92,5.515,2.995,2.5199999999999996
marker:0,0.0,0.0,0.0,-5.318,-2.814,-43.83,5.318,2.814,2.5039999999999996
marker:0,0.0,0.0,0.0,-5.709,-3.232,-43.68,5.709,3.232,2.4769999999999994
marker:0,0.0,0.0,0.0,-5.965,-3.51,-43.55,5.965,3.51,2.455
marker:0,0.0,0.0,0.0,-5.21,-2.774,-43.45,5.21,2.774,2.436
marker:0,0.0,0.0,0.0,-5.634,-3.205,-43.41,5.634,3.205,2.4290000000000003
marker:0,0.0,0.0,0.0,-5.775,-3.345,-43.42,5.775,3.345,2.43
marker:0,0.0,0.0,0.0,-5.917,-3.478,-43.46,5.917,3.478,2.4389999999999996
marker:0,0.0,0.0,0.0,-6.137,-3.683,-43.55,6.137,3.683,2.4539999999999997
marker:0,0.0,0.0,0.0,-6.508,-4.021,-43.73,6.508,4.021,2.487
marker:0,0.0,0.0,0.0,-6.075,-3.564,-43.87,6.075,3.564,2.511
marker:0,0.0,0.0,0.0,-6.099,-3.577,-43.93,6.099,3.577,2.5220000000000002
marker:0,0.0,0.0,0.0,-6.238,-3.695,-44.05,6.238,3.695,2.5430000000000006
marker:0,0.0,0.0,0.0,-5.909,-3.353,-44.12,5.909,3.353,2.5559999999999996
marker:0,0.0,0.0,0.0,-5.936,-3.374,-44.15,5.936,3.374,2.562
marker:0,0.0,0.0,0.0,-5.729,-3.17,-44.14,5.729,3.17,2.559
marker:0,0.0,0.0,0.0,-5.993,-3.447,-44.06,5.993,3.447,2.5460000000000003
marker:0,0.0,0.0,0.0,-5.313,-2.816,-43.74,5.313,2.816,2.497
marker:0,0.0,0.0,0.0,-5.951,-3.475,-43.67,5.951,3.475,2.4759999999999995
marker:0,0.0,0.0,0.0,-6.091,-3.594,-43.88,6.091,3.594,2.4970000000000003
marker:0,0.0,0.0,0.0,-6.055,-3.531,-43.95,6.055,3.531,2.5239999999999996
marker:0,0.0,0.0,0.0,-5.957,-3.4,-44.13,5.957,3.4,2.557
marker:0,0.0,0.0,0.0,-6.47,-3.859,-44.43,6.47,3.859,2.6109999999999998
marker:0,0.0,0.0,0.0,-6.33,-3.722,-44.41,6.33,3.722,2.608
marker:0,0.0,0.0,0.0,-6.307,-3.719,-44.3,6.307,3.719,2.5880000000000005
marker:0,0.0,0.0,0.0,-5.715,-3.166,-44.08,5.715,3.166,2.549
marker:0,0.0,0.0,0.0,-5.894,-3.409,-43.56,5.894,3.409,2.4850000000000003
marker:0,0.0,0.0,0.0,-5.968,-3.54,-43.4,5.968,3.54,2.428
marker:0,0.0,0.0,0.0,-6.214,-3.829,-43.15,6.214,3.829,2.3850000000000002
marker:0,0.0,0.0,0.0,-6.464,-4.044,-43.37,6.464,4.044,2.420000000000001
marker:0,0.0,0.0,0.0,-7.043,-4.63,-43.32,7.043,4.63,2.4130000000000003
marker:0,0.0,0.0,0.0,-7.062,-4.675,-43.17,7.062,4.675,2.3870000000000005
marker:0,0.0,0.0,0.0,-5.357,-2.993,-43.04,5.357,2.993,2.3640000000000003
marker:0,0.0,0.0,0.0,-5.735,-3.339,-43.22,5.735,3.339,2.3960000000000004
marker:0,0.0,0.0,0.0,-5.779,-3.337,-43.48,5.779,3.337,2.4419999999999997
marker:0,0.0,0.0,0.0,-5.742,-3.248,-43.77,5.742,3.248,2.4939999999999998
marker:0,0.0,0.0,0.0,-5.585,-3.05,-44.0,5.585,3.05,2.535
marker:0,0.0,0.0,0.0,-7.109,-4.471,-44.58,7.109,4.471,2.638
marker:0,0.0,0.0,0.0,-5.814,-3.155,-44.7,5.814,3.155,2.6590000000000003
marker:0,0.0,0.0,0.0,-6.262,-3.47,-44.76,6.262,3.47,2.7919999999999994
marker:0,0.0,0.0,0.0,-6.42,-3.745,-44.79,6.42,3.745,2.675
marker:0,0.0,0.0,0.0,-5.607,-2.939,-44.75,5.607,2.939,2.668
marker:0,0.0,0.0,0.0,-5.668,-3.014,-44.6,5.668,3.014,2.6540000000000004
marker:0,0.0,0.0,0.0,-5.801,-3.188,-44.44,5.801,3.188,2.613
marker:0,0.0,0.0,0.0,-5.842,-3.245,-44.35,5.842,3.245,2.5969999999999995
marker:0,0.0,0.0,0.0,-5.865,-3.284,-44.25,5.865,3.284,2.5810000000000004
marker:0,0.0,0.0,0.0,-5.799,-3.213,-44.29,5.799,3.213,2.5860000000000003
marker:0,0.0,0.0,0.0,-5.952,-3.344,-44.41,5.952,3.344,2.608
marker:0,0.0,0.0,0.0,-6.018,-3.404,-44.45,6.018,3.404,2.614
marker:0,0.0,0.0,0.0,-5.141,-2.51,-44.54,5.141,2.51,2.6310000000000002
marker:0,0.0,0.0,0.0,-5.165,-2.547,-44.47,5.165,2.547,2.618
marker:0,0.0,0.0,0.0,-4.755,-2.149,-44.4,4.755,2.149,2.606
marker:0,0.0,0.0,0.0,-4.841,-2.243,-44.36,4.841,2.243,2.5980000000000003
marker:0,0.0,0.0,0.0,-5.515,-2.92,-44.34,5.515,2.92,2.5949999999999998
marker:0,0.0,0.0,0.0,-5.652,-3.041,-44.43,5.652,3.041,2.611
marker:0,0.0,0.0,0.0,-5.816,-3.187,-44.53,5.816,3.187,2.629
marker:0,0.0,0.0,0.0,-5.314,-2.637,-44.8,5.314,2.637,2.677
marker:0,0.0,0.0,0.0,-5.304,-2.575,-45.09,5.304,2.575,2.729
marker:0,0.0,0.0,0.0,-5.196,-2.424,-45.33,5.196,2.424,2.772
marker:0,0.0,0.0,0.0,-5.2,-2.403,-45.51,5.2,2.403,2.797
marker:0,0.0,0.0,0.0,-5.45,-2.625,-45.63,5.45,2.625,2.825
marker:0,0.0,0.0,0.0,-5.279,-2.423,-45.8,5.279,2.423,2.856
marker:0,0.0,0.0,0.0,-5.459,-2.609,-45.79,5.459,2.609,2.8499999999999996
marker:0,0.0,0.0,0.0,-5.533,-2.687,-45.75,5.533,2.687,2.8460000000000005
marker:0,0.0,0.0,0.0,-4.753,-1.91,-45.76,4.753,1.91,2.843
marker:0,0.0,0.0,0.0,-4.922,-2.074,-45.8,4.922,2.074,2.848
marker:0,0.0,0.0,0.0,-4.891,-2.026,-45.85,4.891,2.026,2.865
marker:0,0.0,0.0,0.0,-4.945,-2.063,-45.98,4.945,2.063,2.882
marker:0,0.0,0.0,0.0,-5.074,-2.175,-46.05,5.074,2.175,2.899
marker:0,0.0,0.0,0.0,-5.07,-2.158,-46.12,5.07,2.158,2.9120000000000004
marker:0,0.0,0.0,0.0,-5.072,-2.16,-46.12,5.072,2.16,2.912
marker:0,0.0,0.0,0.0,-5.175,-2.267,-46.1,5.175,2.267,2.908
marker:0,0.0,0.0,0.0,-5.293,-2.395,-46.04,5.293,2.395,2.898
marker:0,0.0,0.0,0.0,-5.539,-2.666,-45.86,5.539,2.666,2.8729999999999998
marker:0,0.0,0.0,0.0,-5.646,-2.789,-45.81,5.646,2.789,2.8569999999999998
marker:0,0.0,0.0,0.0,-5.631,-2.802,-45.65,5.631,2.802,2.829
marker:0,0.0,0.0,0.0,-5.86,-3.046,-45.57,5.86,3.046,2.8140000000000005
marker:0,0.0,0.0,0.0,-5.995,-3.145,-45.48,5.995,3.145,2.85
marker:0,0.0,0.0,0.0,-6.143,-3.374,-45.32,6.143,3.374,2.7689999999999997
marker:0,0.0,0.0,0.0,-6.292,-3.545,-45.19,6.292,3.545,2.747
marker:0,0.0,0.0,0.0,-5.049,-2.308,-45.16,5.049,2.308,2.7410000000000005
marker:0,0.0,0.0,0.0,-5.274,-2.554,-45.04,5.274,2.554,2.72
marker:0,0.0,0.0,0.0,-5.538,-2.834,-44.95,5.538,2.834,2.704
marker:0,0.0,0.0,0.0,-5.726,-3.03,-44.91,5.726,3.03,2.696
marker:0,0.0,0.0,0.0,-5.971,-3.262,-44.98,5.971,3.262,2.709
marker:0,0.0,0.0,0.0,-5.21,-2.473,-45.14,5.21,2.473,2.737
marker:0,0.0,0.0,0.0,-5.252,-2.493,-45.29,5.252,2.493,2.759
marker:0,0.0,0.0,0.0,-6.142,-3.363,-45.37,6.142,3.363,2.7790000000000004
marker:0,0.0,0.0,0.0,-6.229,-3.435,-45.46,6.229,3.435,2.794
marker:0,0.0,0.0,0.0,-6.014,-3.215,-45.52,6.014,3.215,2.7990000000000004
marker:0,0.0,0.0,0.0,-6.146,-3.333,-45.56,6.146,3.333,2.8129999999999997
marker:0,0.0,0.0,0.0,-5.923,-3.107,-45.58,5.923,3.107,2.816
marker:0,0.0,0.0,0.0,-6.107,-3.296,-45.55,6.107,3.296,2.8110000000000004
marker:0,0.0,0.0,0.0,-6.255,-3.466,-45.43,6.255,3.466,2.7889999999999997
marker:0,0.0,0.0,0.0,-6.639,-3.887,-45.22,6.639,3.887,2.7520000000000002
marker:0,0.0,0.0,0.0,-5.217,-2.5,-45.02,5.217,2.5,2.7169999999999996
marker:0,0.0,0.0,0.0,-5.317,-2.638,-44.81,5.317,2.638,2.6790000000000003
marker:0,0.0,0.0,0.0,-5.638,-2.999,-44.59,5.638,2.999,2.639
marker:0,0.0,0.0,0.0,-5.811,-3.205,-44.4,5.811,3.205,2.606
marker:0,0.0,0.0,0.0,-5.076,-2.537,-44.02,5.076,2.537,2.5389999999999997
marker:0,0.0,0.0,0.0,-6.524,-4.046,-43.68,6.524,4.046,2.4779999999999998
marker:0,0.0,0.0,0.0,-5.314,-2.897,-43.31,5.314,2.897,2.4170000000000003
marker:0,0.0,0.0,0.0,-6.351,-3.977,-43.1,6.351,3.977,2.374
marker:0,0.0,0.0,0.0,-5.534,-3.206,-42.84,5.534,3.206,2.328
marker:0,0.0,0.0,0.0,-5.688,-3.373,-42.77,5.688,3.373,2.3149999999999995
marker:0,0.0,0.0,0.0,-5.841,-3.522,-42.79,5.841,3.522,2.3190000000000004
marker:0,0.0,0.0,0.0,-4.904,-2.758,-41.82,4.904,2.758,2.146
marker:0,0.0,0.0,0.0,-4.994,-2.844,-41.84,4.994,2.844,2.15
marker:0,0.0,0.0,0.0,-5.571,-3.46,-41.62,5.571,3.46,2.1109999999999998
marker:0,0.0,0.0,0.0,-5.891,-3.886,-41.03,5.891,3.886,2.005
marker:0,0.0,0.0,0.0,-5.73,-3.808,-40.56,5.73,3.808,1.9220000000000006
marker:0,0.0,0.0,0.0,-5.694,-3.811,-40.31,5.694,3.811,1.883
marker:0,0.0,0.0,0.0,-6.17,-4.344,-40.02,6.17,4.344,1.8259999999999996
marker:0,0.0,0.0,0.0,-6.441,-4.676,-39.68,6.441,4.676,1.7649999999999997
marker:0,0.0,0.0,0.0,-6.884,-5.19,-39.28,6.884,5.19,1.694
marker:0,0.0,0.0,0.0,-7.319,-5.767,-38.48,7.319,5.767,1.5519999999999996
marker:0,0.0,0.0,0.0,-7.942,-6.481,-37.77,7.942,6.481,1.4610000000000003
marker:0,0.0,0.0,0.0,-8.16,-6.815,-37.23,8.16,6.815,1.3449999999999998
marker:0,0.0,0.0,0.0,-8.387,-7.097,-36.91,8.387,7.097,1.29
marker:0,0.0,0.0,0.0,-8.846,-7.658,-36.64,8.846,7.658,1.1879999999999997
marker:0,0.0,0.0,0.0,-8.816,-7.701,-36.38,8.816,7.701,1.115000000000001
marker:0,0.0,0.0,0.0,-9.248,-8.202,-36.13,9.248,8.202,1.0459999999999994
marker:0,0.0,0.0,0.0,-9.406,-8.402,-35.98,9.406,8.402,1.0040000000000013
marker:0,0.0,0.0,0.0,-7.79,-6.817,-35.87,7.79,6.817,0.9729999999999999
marker:0,0.0,0.0,0.0,-7.761,-6.834,-35.7,7.761,6.834,0.9270000000000005
marker:0,0.0,0.0,0.0,-7.631,-6.775,-35.45,7.631,6.775,0.8559999999999999
marker:0,0.0,0.0,0.0,-7.573,-6.814,-35.1,7.573,6.814,0.7590000000000003
marker:0,0.0,0.0,0.0,-7.678,-6.992,-34.84,7.678,6.992,0.6859999999999999
marker:0,0.0,0.0,0.0,-7.635,-7.026,-34.56,7.635,7.026,0.609
marker:0,0.0,0.0,0.0,-7.604,-7.09,-34.22,7.604,7.09,0.5140000000000002
marker:0,0.0,0.0,0.0,-7.395,-6.931,-34.04,7.395,6.931,0.4639999999999995
marker:0,0.0,0.0,0.0,-6.545,-6.086,-34.02,6.545,6.086,0.45899999999999963
marker:0,0.0,0.0,0.0,-6.39,-5.931,-34.02,6.39,5.931,0.45899999999999963
marker:0,0.0,0.0,0.0,-6.139,-5.692,-33.98,6.139,5.692,0.44700000000000006
marker:0,0.0,0.0,0.0,-6.173,-5.753,-33.88,6.173,5.753,0.41999999999999993
marker:0,0.0,0.0,0.0,-6.318,-5.971,-33.62,6.318,5.971,0.34699999999999953
marker:0,0.0,0.0,0.0,-5.854,-5.543,-33.49,5.854,5.543,0.31099999999999994
marker:0,0.0,0.0,0.0,-6.524,-6.257,-33.33,6.524,6.257,0.26700000000000035
marker:0,0.0,0.0,0.0,-6.791,-6.561,-33.19,6.791,6.561,0.23000000000000043
marker:0,0.0,0.0,0.0,-5.835,-5.633,-33.06,5.835,5.633,0.20199999999999996
marker:0,0.0,0.0,0.0,-6.92,-6.848,-32.63,6.92,6.848,0.07200000000000006
marker:0,0.0,0.0,0.0,-6.272,-6.233,-32.51,6.272,6.233,0.03900000000000059
marker:0,0.0,0.0,0.0,-7.321,-7.296,-32.46,7.321,7.296,0.024999999999999467
marker:0,0.0,0.0,0.0,-7.209,-7.157,-32.59,7.209,7.157,0.0519999999999996
marker:0,0.0,0.0,0.0,-7.915,-7.848,-32.55,7.915,7.848,0.06700000000000017
marker:0,0.0,0.0,0.0,-7.957,-7.997,-32.17,7.957,7.997,-0.040000000000000036
marker:0,0.0,0.0,0.0,-7.152,-7.128,-31.82,7.152,7.128,0.02400000000000002
marker:0,0.0,0.0,0.0,-7.587,-7.599,-32.33,7.587,7.599,-0.012000000000000455
marker:0,0.0,0.0,0.0,-8.095,-8.207,-31.97,8.095,8.207,-0.1120000000000001
marker:0,0.0,0.0,0.0,-8.414,-8.576,-31.79,8.414,8.576,-0.1620000000000008
marker:0,0.0,0.0,0.0,-7.334,-7.526,-31.68,7.334,7.526,-0.19200000000000017
marker:0,0.0,0.0,0.0,-7.786,-8.095,-31.26,7.786,8.095,-0.30900000000000105
marker:0,0.0,0.0,0.0,-8.006,-8.485,-30.69,8.006,8.485,-0.4789999999999992
marker:0,0.0,0.0,0.0,-7.518,-8.086,-30.33,7.518,8.086,-0.5680000000000005
marker:0,0.0,0.0,0.0,-7.871,-8.434,-30.35,7.871,8.434,-0.5629999999999988
marker:0,0.0,0.0,0.0,-8.134,-8.672,-30.44,8.134,8.672,-0.5380000000000003
marker:0,0.0,0.0,0.0,-8.324,-8.889,-30.34,8.324,8.889,-0.5649999999999995
marker:0,0.0,0.0,0.0,-6.77,-7.722,-28.95,6.77,7.722,-0.9520000000000008
marker:0,0.0,0.0,0.0,-6.898,-7.816,-29.07,6.898,7.816,-0.9180000000000001
marker:0,0.0,0.0,0.0,-6.502,-7.387,-29.19,6.502,7.387,-0.8849999999999998
marker:0,0.0,0.0,0.0,-6.291,-7.188,-29.15,6.291,7.188,-0.8969999999999994
marker:0,0.0,0.0,0.0,-6.721,-7.629,-29.11,6.721,7.629,-0.9079999999999995
marker:0,0.0,0.0,0.0,-7.859,-8.817,-28.93,7.859,8.817,-0.9580000000000002
marker:0,0.0,0.0,0.0,-8.585,-9.59,-28.76,8.585,9.59,-1.004999999999999
marker:0,0.0,0.0,0.0,-8.786,-9.875,-28.46,8.786,9.875,-1.0890000000000004
marker:0,0.0,0.0,0.0,-7.27,-8.536,-27.82,7.27,8.536,-1.266
marker:0,0.0,0.0,0.0,-7.5,-8.859,-27.49,7.5,8.859,-1.359
marker:0,0.0,0.0,0.0,-9.149,-10.641,-27.01,9.149,10.641,-1.4920000000000009
marker:0,0.0,0.0,0.0,-8.744,-10.295,-26.8,8.744,10.295,-1.5510000000000002
marker:0,0.0,0.0,0.0,-8.185,-9.764,-26.69,8.185,9.764,-1.5789999999999988
marker:0,0.0,0.0,0.0,-8.264,-9.836,-26.72,8.264,9.836,-1.572000000000001
marker:0,0.0,0.0,0.0,-7.84,-9.416,-26.71,7.84,9.416,-1.5760000000000005
marker:0,0.0,0.0,0.0,-8.388,-9.971,-26.67,8.388,9.971,-1.5830000000000002
marker:0,0.0,0.0,0.0,-8.448,-10.04,-26.65,8.448,10.04,-1.5919999999999987
marker:0,0.0,0.0,0.0,-8.178,-9.775,-26.63,8.178,9.775,-1.5969999999999995
marker:0,0.0,0.0,0.0,-8.157,-9.758,-26.59,8.157,9.758,-1.600999999999999
marker:0,0.0,0.0,0.0,-8.134,-9.754,-26.55,8.134,9.754,-1.6199999999999992
marker:0,0.0,0.0,0.0,-7.389,-9.023,-26.5,7.389,9.023,-1.6339999999999995
marker:0,0.0,0.0,0.0,-7.404,-9.079,-26.35,7.404,9.079,-1.6750000000000007
marker:0,0.0,0.0,0.0,-7.327,-9.014,-26.26,7.327,9.014,-1.6869999999999994
marker:0,0.0,0.0,0.0,-7.305,-9.034,-26.14,7.305,9.034,-1.729000000000001
marker:0,0.0,0.0,0.0,-6.997,-8.784,-25.95,6.997,8.784,-1.7870000000000008
marker:0,0.0,0.0,0.0,-6.603,-8.415,-25.86,6.603,8.415,-1.8119999999999994
marker:0,0.0,0.0,0.0,-6.057,-7.908,-25.72,6.057,7.908,-1.851
marker:0,0.0,0.0,0.0,-6.509,-8.382,-25.64,6.509,8.382,-1.8729999999999993
marker:0,0.0,0.0,0.0,-6.462,-8.36,-25.55,6.462,8.36,-1.8979999999999997
marker:0,0.0,0.0,0.0,-7.364,-9.276,-25.48,7.364,9.276,-1.912
marker:0,0.0,0.0,0.0,-6.121,-8.036,-25.49,6.121,8.036,-1.9149999999999991
marker:0,0.0,0.0,0.0,-5.983,-7.884,-25.54,5.983,7.884,-1.9010000000000007
marker:0,0.0,0.0,0.0,-6.015,-7.904,-25.58,6.015,7.904,-1.8890000000000002
marker:0,0.0,0.0,0.0,-6.156,-8.052,-25.56,6.156,8.052,-1.896
marker:0,0.0,0.0,0.0,-6.136,-8.049,-25.5,6.136,8.049,-1.9129999999999994
marker:0,0.0,0.0,0.0,-6.094,-8.056,-25.32,6.094,8.056,-1.9619999999999989
marker:0,0.0,0.0,0.0,-6.133,-8.168,-25.06,6.133,8.168,-2.0349999999999993
marker:0,0.0,0.0,0.0,-5.688,-7.75,-24.93,5.688,7.75,-2.0620000000000003
marker:0,0.0,0.0,0.0,-5.798,-7.886,-24.87,5.798,7.886,-2.088
marker:0,0.0,0.0,0.0,-6.088,-8.161,-24.92,6.088,8.161,-2.0729999999999995
marker:0,0.0,0.0,0.0,-6.576,-8.555,-25.26,6.576,8.555,-1.979
marker:0,0.0,0.0,0.0,-6.84,-8.78,-25.44,6.84,8.78,-1.9399999999999995
marker:0,0.0,0.0,0.0,-6.597,-8.487,-25.63,6.597,8.487,-1.8899999999999997
marker:0,0.0,0.0,0.0,-6.782,-8.624,-25.69,6.782,8.624,-1.8420000000000005
marker:0,0.0,0.0,0.0,-6.58,-8.412,-25.79,6.58,8.412,-1.8320000000000007
marker:0,0.0,0.0,0.0,-6.943,-8.769,-25.82,6.943,8.769,-1.8260000000000005
marker:0,0.0,0.0,0.0,-6.901,-8.738,-25.77,6.901,8.738,-1.8369999999999997
marker:0,0.0,0.0,0.0,-6.896,-8.777,-25.57,6.896,8.777,-1.8809999999999993
marker:0,0.0,0.0,0.0,-6.156,-8.14,-25.15,6.156,8.14,-1.9840000000000009
marker:0,0.0,0.0,0.0,-6.247,-8.329,-24.89,6.247,8.329,-2.0820000000000007
marker:0,0.0,0.0,0.0,-5.852,-8.009,-24.56,5.852,8.009,-2.157
marker:0,0.0,0.0,0.0,-6.698,-8.899,-24.46,6.698,8.899,-2.2009999999999987
marker:0,0.0,0.0,0.0,-5.51,-7.709,-24.47,5.51,7.709,-2.199
marker:0,0.0,0.0,0.0,-5.575,-7.777,-24.46,5.575,7.777,-2.202
marker:0,0.0,0.0,0.0,-6.651,-8.844,-24.47,6.651,8.844,-2.1929999999999996
marker:0,0.0,0.0,0.0,-6.714,-8.91,-24.48,6.714,8.91,-2.1959999999999997
marker:0,0.0,0.0,0.0,-6.445,-8.655,-24.43,6.445,8.655,-2.209999999999999
marker:0,0.0,0.0,0.0,-6.644,-8.879,-24.34,6.644,8.879,-2.2349999999999994
marker:0,0.0,0.0,0.0,-6.921,-9.198,-24.14,6.921,9.198,-2.277
marker:0,0.0,0.0,0.0,-7.107,-9.428,-23.96,7.107,9.428,-2.3210000000000006
marker:0,0.0,0.0,0.0,-7.116,-9.476,-23.89,7.116,9.476,-2.360000000000001
marker:0,0.0,0.0,0.0,-5.897,-8.344,-23.58,5.897,8.344,-2.446999999999999
marker:0,0.0,0.0,0.0,-7.165,-9.703,-23.22,7.165,9.703,-2.5379999999999994
marker:0,0.0,0.0,0.0,-6.316,-8.964,-22.67,6.316,8.964,-2.6480000000000006
marker:0,0.0,0.0,0.0,-6.466,-9.156,-22.46,6.466,9.156,-2.6900000000000004
marker:0,0.0,0.0,0.0,-5.483,-8.183,-22.41,5.483,8.183,-2.7
marker:0,0.0,0.0,0.0,-6.176,-8.856,-22.51,6.176,8.856,-2.6799999999999997
marker:0,0.0,0.0,0.0,-6.48,-9.122,-22.7,6.48,9.122,-2.6419999999999995
marker:0,0.0,0.0,0.0,-6.845,-9.48,-22.74,6.845,9.48,-2.6350000000000007
marker:0,0.0,0.0,0.0,-6.944,-9.562,-22.82,6.944,9.562,-2.6179999999999994
marker:0,0.0,0.0,0.0,-6.369,-8.977,-22.87,6.369,8.977,-2.6080000000000005
marker:0,0.0,0.0,0.0,-6.281,-8.899,-22.82,6.281,8.899,-2.6179999999999994
marker:0,0.0,0.0,0.0,-6.461,-9.099,-22.72,6.461,9.099,-2.638
marker:0,0.0,0.0,0.0,-5.978,-8.665,-22.48,5.978,8.665,-2.6869999999999994
marker:0,0.0,0.0,0.0,-5.86,-8.586,-22.21,5.86,8.586,-2.726
marker:0,0.0,0.0,0.0,-5.271,-8.019,-21.99,5.271,8.019,-2.748
marker:0,0.0,0.0,0.0,-5.435,-8.239,-21.89,5.435,8.239,-2.804000000000001
marker:0,0.0,0.0,0.0,-5.469,-8.273,-21.89,5.469,8.273,-2.8039999999999994
marker:0,0.0,0.0,0.0,-5.383,-8.175,-21.95,5.383,8.175,-2.7920000000000007
marker:0,0.0,0.0,0.0,-5.524,-8.299,-22.1,5.524,8.299,-2.7749999999999995
marker:0,0.0,0.0,0.0,-5.39,-8.146,-22.13,5.39,8.146,-2.756000000000001
marker:0,0.0,0.0,0.0,-5.465,-8.228,-22.1,5.465,8.228,-2.763
marker:0,0.0,0.0,0.0,-5.565,-8.355,-21.96,5.565,8.355,-2.79
marker:0,0.0,0.0,0.0,-5.242,-8.092,-21.66,5.242,8.092,-2.8500000000000005
marker:0,0.0,0.0,0.0,-5.348,-8.26,-21.35,5.348,8.26,-2.912
marker:0,0.0,0.0,0.0,-4.878,-7.849,-20.99,4.878,7.849,-2.971
marker:0,0.0,0.0,0.0,-5.09,-8.098,-20.82,5.09,8.098,-3.008000000000001
marker:0,0.0,0.0,0.0,-5.816,-8.87,-20.64,5.816,8.87,-3.0539999999999994
marker:0,0.0,0.0,0.0,-5.998,-9.071,-20.55,5.998,9.071,-3.0729999999999995
marker:0,0.0,0.0,0.0,-5.569,-8.657,-20.47,5.569,8.657,-3.088
marker:0,0.0,0.0,0.0,-5.578,-8.697,-20.32,5.578,8.697,-3.118999999999999
marker:0,0.0,0.0,0.0,-6.289,-9.43,-20.18,6.289,9.43,-3.141
marker:0,0.0,0.0,0.0,-5.092,-8.293,-19.88,5.092,8.293,-3.2009999999999996
marker:0,0.0,0.0,0.0,-5.997,-9.228,-19.76,5.997,9.228,-3.231
marker:0,0.0,0.0,0.0,-6.227,-9.458,-19.71,6.227,9.458,-3.231
marker:0,0.0,0.0,0.0,-5.956,-9.211,-19.64,5.956,9.211,-3.255
marker:0,0.0,0.0,0.0,-5.575,-8.876,-19.41,5.575,8.876,-3.3009999999999993
marker:0,0.0,0.0,0.0,-5.974,-9.285,-19.36,5.974,9.285,-3.311
marker:0,0.0,0.0,0.0,-6.685,-10.013,-19.28,6.685,10.013,-3.3280000000000003
marker:0,0.0,0.0,0.0,-5.764,-9.109,-19.19,5.764,9.109,-3.3449999999999998
marker:0,0.0,0.0,0.0,-5.158,-8.559,-18.91,5.158,8.559,-3.400999999999999
marker:0,0.0,0.0,0.0,-5.198,-8.631,-18.75,5.198,8.631,-3.433
marker:0,0.0,0.0,0.0,-5.015,-8.521,-18.39,5.015,8.521,-3.506000000000001
marker:0,0.0,0.0,0.0,-4.374,-7.926,-18.16,4.374,7.926,-3.5520000000000005
marker:0,0.0,0.0,0.0,-4.962,-8.548,-17.99,4.962,8.548,-3.5860000000000003
marker:0,0.0,0.0,0.0,-4.963,-8.582,-17.82,4.963,8.582,-3.6190000000000007
marker:0,0.0,0.0,0.0,-4.886,-8.527,-17.71,4.886,8.527,-3.640999999999999
marker:0,0.0,0.0,0.0,-4.865,-8.529,-17.6,4.865,8.529,-3.6639999999999997
marker:0,0.0,0.0,0.0,-5.214,-8.902,-17.48,5.214,8.902,-3.687999999999999
marker:0,0.0,0.0,0.0,-4.281,-7.971,-17.48,4.281,7.971,-3.6900000000000004
marker:0,0.0,0.0,0.0,-5.374,-9.078,-17.4,5.374,9.078,-3.7039999999999997
marker:0,0.0,0.0,0.0,-5.61,-9.334,-17.3,5.61,9.334,-3.7239999999999993
marker:0,0.0,0.0,0.0,-6.163,-9.897,-17.22,6.163,9.897,-3.734
marker:0,0.0,0.0,0.0,-5.287,-9.061,-17.05,5.287,9.061,-3.774
marker:0,0.0,0.0,0.0,-5.5,-9.337,-16.74,5.5,9.337,-3.8369999999999997
marker:0,0.0,0.0,0.0,-5.344,-9.256,-16.36,5.344,9.256,-3.912
marker:0,0.0,0.0,0.0,-5.435,-9.353,-16.33,5.435,9.353,-3.918
marker:0,0.0,0.0,0.0,-5.394,-9.302,-16.38,5.394,9.302,-3.9079999999999995
marker:0,0.0,0.0,0.0,-5.342,-9.242,-16.44,5.342,9.242,-3.9000000000000012
marker:0,0.0,0.0,0.0,-5.375,-9.288,-16.36,5.375,9.288,-3.9130000000000003
marker:0,0.0,0.0,0.0,-5.346,-9.278,-16.26,5.346,9.278,-3.9320000000000004
marker:0,0.0,0.0,0.0,-4.733,-8.71,-16.04,4.733,8.71,-3.977000000000001
marker:0,0.0,0.0,0.0,-4.802,-8.812,-15.87,4.802,8.812,-4.01
marker:0,0.0,0.0,0.0,-5.3,-9.256,-15.67,5.3,9.256,-3.9560000000000004
marker:0,0.0,0.0,0.0,-5.423,-9.488,-15.6,5.423,9.488,-4.0649999999999995
marker:0,0.0,0.0,0.0,-5.087,-9.166,-15.53,5.087,9.166,-4.079000000000001
marker:0,0.0,0.0,0.0,-4.812,-8.924,-15.36,4.812,8.924,-4.111999999999999
marker:0,0.0,0.0,0.0,-5.778,-9.923,-15.2,5.778,9.923,-4.1450000000000005
marker:0,0.0,0.0,0.0,-5.363,-9.604,-14.72,5.363,9.604,-4.240999999999999
marker:0,0.0,0.0,0.0,-5.23,-9.523,-14.46,5.23,9.523,-4.292999999999999
marker:0,0.0,0.0,0.0,-5.222,-9.559,-14.24,5.222,9.559,-4.336999999999999
marker:0,0.0,0.0,0.0,-5.236,-9.605,-14.08,5.236,9.605,-4.369000000000001
marker:0,0.0,0.0,0.0,-5.435,-9.846,-13.87,5.435,9.846,-4.4110000000000005
marker:0,0.0,0.0,0.0,-4.618,-9.065,-13.69,4.618,9.065,-4.446999999999999
marker:0,0.0,0.0,0.0,-4.693,-9.172,-13.53,4.693,9.172,-4.479000000000001
marker:0,0.0,0.0,0.0,-5.253,-9.794,-13.22,5.253,9.794,-4.541
marker:0,0.0,0.0,0.0,-5.459,-10.025,-13.09,5.459,10.025,-4.566000000000001
marker:0,0.0,0.0,0.0,-5.648,-10.235,-12.99,5.648,10.235,-4.587
marker:0,0.0,0.0,0.0,-5.591,-10.205,-12.86,5.591,10.205,-4.614
marker:0,0.0,0.0,0.0,-3.707,-8.342,-12.75,3.707,8.342,-4.635000000000001
marker:0,0.0,0.0,0.0,-4.208,-8.834,-12.8,4.208,8.834,-4.6259999999999994
marker:0,0.0,0.0,0.0,-4.001,-8.595,-12.96,4.001,8.595,-4.594
marker:0,0.0,0.0,0.0,-4.07,-8.643,-13.06,4.07,8.643,-4.573
marker:0,0.0,0.0,0.0,-3.887,-8.419,-13.27,3.887,8.419,-4.532
marker:0,0.0,0.0,0.0,-3.426,-7.965,-13.23,3.426,7.965,-4.539
marker:0,0.0,0.0,0.0,-4.443,-9.017,-13.06,4.443,9.017,-4.574
marker:0,0.0,0.0,0.0,-4.598,-9.226,-12.79,4.598,9.226,-4.628000000000001
marker:0,0.0,0.0,0.0,-4.781,-9.446,-12.53,4.781,9.446,-4.665
marker:0,0.0,0.0,0.0,-4.688,-9.371,-12.43,4.688,9.371,-4.683000000000001
marker:0,0.0,0.0,0.0,-4.693,-9.429,-12.2,4.693,9.429,-4.736000000000001
marker:0,0.0,0.0,0.0,-4.707,-9.543,-11.75,4.707,9.543,-4.835999999999999
marker:0,0.0,0.0,0.0,-4.788,-9.65,-11.61,4.788,9.65,-4.862
marker:0,0.0,0.0,0.0,-5.014,-9.92,-11.28,5.014,9.92,-4.906
marker:0,0.0,0.0,0.0,-5.066,-10.05,-10.89,5.066,10.05,-4.984000000000001
marker:0,0.0,0.0,0.0,-4.153,-9.129,-10.55,4.153,9.129,-4.976
marker:0,0.0,0.0,0.0,-3.953,-8.919,-10.03,3.953,8.919,-4.966000000000001
marker:0,0.0,0.0,0.0,-4.172,-9.128,-9.55,4.172,9.128,-4.956
marker:0,0.0,0.0,0.0,-4.439,-9.391,-9.32,4.439,9.391,-4.952
marker:0,0.0,0.0,0.0,-4.447,-9.396,-9.17,4.447,9.396,-4.949000000000001
marker:0,0.0,0.0,0.0,-4.492,-9.437,-9.01,4.492,9.437,-4.944999999999999
marker:0,0.0,0.0,0.0,-3.979,-8.926,-9.06,3.979,8.926,-4.947
marker:0,0.0,0.0,0.0,-4.69,-9.635,-9.0,4.69,9.635,-4.944999999999999
marker:0,0.0,0.0,0.0,-4.638,-9.582,-8.92,4.638,9.582,-4.944000000000001
marker:0,0.0,0.0,0.0,-3.666,-8.606,-8.73,3.666,8.606,-4.9399999999999995
marker:0,0.0,0.0,0.0,-3.218,-8.132,-8.56,3.218,8.132,-4.914
marker:0,0.0,0.0,0.0,-3.162,-8.088,-8.03,3.162,8.088,-4.925999999999999
marker:0,0.0,0.0,0.0,-4.757,-9.679,-7.86,4.757,9.679,-4.922000000000001
marker:0,0.0,0.0,0.0,-3.563,-8.482,-7.62,3.563,8.482,-4.918999999999999
marker:0,0.0,0.0,0.0,-3.815,-8.729,-7.47,3.815,8.729,-4.914
marker:0,0.0,0.0,0.0,-4.035,-8.945,-7.29,4.035,8.945,-4.91
marker:0,0.0,0.0,0.0,-3.589,-8.493,-6.95,3.589,8.493,-4.904
marker:0,0.0,0.0,0.0,-3.661,-8.56,-6.73,3.661,8.56,-4.899000000000001
marker:0,0.0,0.0,0.0,-3.669,-8.556,-6.12,3.669,8.556,-4.886999999999999
marker:0,0.0,0.0,0.0,-2.706,-7.581,-5.57,2.706,7.581,-4.875
marker:0,0.0,0.0,0.0,-3.321,-8.19,-5.07,3.321,8.19,-4.869
marker:0,0.0,0.0,0.0,-3.274,-8.137,-4.96,3.274,8.137,-4.863
marker:0,0.0,0.0,0.0,-2.861,-7.72,-4.74,2.861,7.72,-4.859
marker:0,0.0,0.0,0.0,-2.385,-7.232,-4.2,2.385,7.232,-4.847
marker:0,0.0,0.0,0.0,-2.465,-7.309,-3.99,2.465,7.309,-4.844
marker:0,0.0,0.0,0.0,-3.951,-8.767,-2.64,3.951,8.767,-4.815999999999999
marker:0,0.0,0.0,0.0,-4.122,-8.934,-2.46,4.122,8.934,-4.811999999999999
marker:0,0.0,0.0,0.0,-2.219,-7.028,-2.29,2.219,7.028,-4.808999999999999
marker:0,0.0,0.0,0.0,-2.519,-7.326,-2.24,2.519,7.326,-4.8069999999999995
marker:0,0.0,0.0,0.0,-2.535,-7.342,-2.18,2.535,7.342,-4.8069999999999995
marker:0,0.0,0.0,0.0,-2.553,-7.36,-2.24,2.553,7.36,-4.807
marker:0,0.0,0.0,0.0,-2.459,-7.267,-2.28,2.459,7.267,-4.808
marker:0,0.0,0.0,0.0,-2.753,-7.56,-2.17,2.753,7.56,-4.8069999999999995
marker:0,0.0,0.0,0.0,-2.809,-7.61,-1.92,2.809,7.61,-4.801
marker:0,0.0,0.0,0.0,-2.86,-7.653,-1.56,2.86,7.653,-4.792999999999999
marker:0,0.0,0.0,0.0,-1.736,-6.502,-1.13,1.736,6.502,-4.766
marker:0,0.0,0.0,0.0,-1.707,-6.356,-0.84,1.707,6.356,-4.649
marker:0,0.0,0.0,0.0,-1.293,-5.859,-0.55,1.293,5.859,-4.566
marker:0,0.0,0.0,0.0,-1.978,-6.529,-0.5,1.978,6.529,-4.551
marker:0,0.0,0.0,0.0,-1.911,-6.52,-0.7,1.911,6.52,-4.609
marker:0,0.0,0.0,0.0,-2.035,-6.657,-0.75,2.035,6.657,-4.622
marker:0,0.0,0.0,0.0,-1.926,-6.393,-0.21,1.926,6.393,-4.467
marker:0,0.0,0.0,0.0,-1.256,-5.449,0.75,1.256,5.449,-4.193
marker:0,0.0,0.0,0.0,-2.37,-6.389,1.18,2.37,6.389,-4.019
marker:0,0.0,0.0,0.0,-2.656,-6.631,1.51,2.656,6.631,-3.975
marker:0,0.0,0.0,0.0,-2.704,-6.625,1.7,2.704,6.625,-3.921
marker:0,0.0,0.0,0.0,-2.07,-5.974,1.74,2.07,5.974,-3.9040000000000004
marker:0,0.0,0.0,0.0,-2.331,-6.298,1.54,2.331,6.298,-3.967
marker:0,0.0,0.0,0.0,-2.373,-6.431,1.22,2.373,6.431,-4.058
marker:0,0.0,0.0,0.0,-2.31,-6.414,1.06,2.31,6.414,-4.103999999999999
marker:0,0.0,0.0,0.0,-2.164,-6.305,0.93,2.164,6.305,-4.141
marker:0,0.0,0.0,0.0,-2.205,-6.375,0.83,2.205,6.375,-4.17
marker:0,0.0,0.0,0.0,-2.2,-6.37,0.83,2.2,6.37,-4.17
marker:0,0.0,0.0,0.0,-2.169,-6.327,0.87,2.169,6.327,-4.1579999999999995
marker:0,0.0,0.0,0.0,-2.194,-6.275,1.14,2.194,6.275,-4.081
marker:0,0.0,0.0,0.0,-2.241,-6.276,1.3,2.241,6.276,-4.035
marker:0,0.0,0.0,0.0,-2.297,-6.263,1.54,2.297,6.263,-3.9659999999999997
marker:0,0.0,0.0,0.0,-1.028,-4.98,1.59,1.028,4.98,-3.9520000000000004
marker:0,0.0,0.0,0.0,-1.115,-5.067,1.59,1.115,5.067,-3.952
marker:0,0.0,0.0,0.0,-1.338,-5.012,2.53,1.338,5.012,-3.6739999999999995
marker:0,0.0,0.0,0.0,-1.277,-4.974,2.48,1.277,4.974,-3.697
marker:0,0.0,0.0,0.0,-1.991,-5.671,2.54,1.991,5.671,-3.68
marker:0,0.0,0.0,0.0,-2.153,-5.821,2.58,2.153,5.821,-3.6679999999999997
marker:0,0.0,0.0,0.0,-2.248,-5.916,2.58,2.248,5.916,-3.668
marker:0,0.0,0.0,0.0,-2.322,-5.99,2.58,2.322,5.99,-3.668
marker:0,0.0,0.0,0.0,-2.48,-6.171,2.5,2.48,6.171,-3.6910000000000003
marker:0,0.0,0.0,0.0,-2.511,-6.22,2.41,2.511,6.22,-3.7089999999999996
marker:0,0.0,0.0,0.0,-2.565,-6.278,2.32,2.565,6.278,-3.7129999999999996
marker:0,0.0,0.0,0.0,-2.66,-6.437,2.2,2.66,6.437,-3.777
marker:0,0.0,0.0,0.0,-2.714,-6.506,2.15,2.714,6.506,-3.7920000000000003
marker:0,0.0,0.0,0.0,-2.788,-6.6,2.08,2.788,6.6,-3.812
marker:0,0.0,0.0,0.0,-2.797,-6.617,2.05,2.797,6.617,-3.82
marker:0,0.0,0.0,0.0,-2.801,-6.627,2.03,2.801,6.627,-3.8259999999999996
marker:0,0.0,0.0,0.0,-2.852,-6.675,2.05,2.852,6.675,-3.823
marker:0,0.0,0.0,0.0,-2.907,-6.73,2.05,2.907,6.73,-3.8230000000000004
marker:0,0.0,0.0,0.0,-2.945,-6.76,2.07,2.945,6.76,-3.815
marker:0,0.0,0.0,0.0,-2.929,-6.743,2.07,2.929,6.743,-3.8140000000000005
marker:0,0.0,0.0,0.0,-2.596,-6.912,0.32,2.596,6.912,-4.316
marker:0,0.0,0.0,0.0,-2.669,-6.979,0.34,2.669,6.979,-4.3100000000000005
marker:0,0.0,0.0,0.0,-2.868,-7.17,0.37,2.868,7.17,-4.302
marker:0,0.0,0.0,0.0,-3.03,-7.326,0.39,3.03,7.326,-4.295999999999999
marker:0,0.0,0.0,0.0,-3.126,-7.422,0.39,3.126,7.422,-4.295999999999999
marker:0,0.0,0.0,0.0,-3.247,-7.543,0.39,3.247,7.543,-4.296
marker:0,0.0,0.0,0.0,-3.231,-7.521,0.42,3.231,7.521,-4.29
marker:0,0.0,0.0,0.0,-3.211,-7.489,0.51,3.211,7.489,-4.2780000000000005
marker:0,0.0,0.0,0.0,-3.132,-7.37,0.62,3.132,7.37,-4.2379999999999995
marker:0,0.0,0.0,0.0,-3.128,-7.323,0.74,3.128,7.323,-4.195
marker:0,0.0,0.0,0.0,-3.149,-7.31,0.86,3.149,7.31,-4.161
marker:0,0.0,0.0,0.0,-3.097,-7.238,0.93,3.097,7.238,-4.141
marker:0,0.0,0.0,0.0,-3.176,-7.322,0.91,3.176,7.322,-4.146
marker:0,0.0,0.0,0.0,-3.328,-7.529,0.72,3.328,7.529,-4.2010000000000005
marker:0,0.0,0.0,0.0,-3.397,-7.652,0.53,3.397,7.652,-4.255000000000001
marker:0,0.0,0.0,0.0,-2.254,-6.518,0.5,2.254,6.518,-4.263999999999999
marker:0,0.0,0.0,0.0,-2.196,-6.44,0.57,2.196,6.44,-4.244
marker:0,0.0,0.0,0.0,-2.082,-6.292,0.69,2.082,6.292,-4.21
marker:0,0.0,0.0,0.0,-2.025,-6.226,0.72,2.025,6.226,-4.2010000000000005
marker:0,0.0,0.0,0.0,-1.936,-6.166,0.61,1.936,6.166,-4.23
marker:0,0.0,0.0,0.0,-1.848,-6.11,0.51,1.848,6.11,-4.2620000000000005
marker:0,0.0,0.0,0.0,-1.852,-6.16,0.35,1.852,6.16,-4.308
marker:0,0.0,0.0,0.0,-1.8,-6.185,0.08,1.8,6.185,-4.385
marker:0,0.0,0.0,0.0,-1.729,-6.168,-0.11,1.729,6.168,-4.439
marker:0,0.0,0.0,0.0,-1.671,-6.127,-0.17,1.671,6.127,-4.4559999999999995
marker:0,0.0,0.0,0.0,-1.729,-6.183,-0.16,1.729,6.183,-4.454
marker:0,0.0,0.0,0.0,-1.664,-6.052,0.2,1.664,6.052,-4.388
marker:0,0.0,0.0,0.0,-1.685,-5.981,0.39,1.685,5.981,-4.295999999999999
marker:0,0.0,0.0,0.0,-1.665,-5.855,0.76,1.665,5.855,-4.19
marker:0,0.0,0.0,0.0,-1.917,-6.141,0.64,1.917,6.141,-4.224
marker:0,0.0,0.0,0.0,-1.944,-6.203,0.52,1.944,6.203,-4.259
marker:0,0.0,0.0,0.0,-1.9,-6.193,0.39,1.9,6.193,-4.292999999999999
marker:0,0.0,0.0,0.0,-1.848,-6.13,0.44,1.848,6.13,-4.282
marker:0,0.0,0.0,0.0,-1.773,-6.023,0.55,1.773,6.023,-4.25
marker:0,0.0,0.0,0.0,-1.792,-6.016,0.7,1.792,6.016,-4.224
marker:0,0.0,0.0,0.0,-1.705,-5.872,0.88,1.705,5.872,-4.167
marker:0,0.0,0.0,0.0,-1.572,-5.69,1.04,1.572,5.69,-4.118
marker:0,0.0,0.0,0.0,-1.65,-5.766,1.02,1.65,5.766,-4.116
marker:0,0.0,0.0,0.0,-1.61,-5.772,0.86,1.61,5.772,-4.162
marker:0,0.0,0.0,0.0,-1.736,-5.966,0.62,1.736,5.966,-4.23
marker:0,0.0,0.0,0.0,-1.95,-6.237,0.42,1.95,6.237,-4.287
marker:0,0.0,0.0,0.0,-1.848,-6.173,0.28,1.848,6.173,-4.325
marker:0,0.0,0.0,0.0,-1.841,-6.14,0.38,1.841,6.14,-4.2989999999999995
marker:0,0.0,0.0,0.0,-1.86,-6.038,0.8,1.86,6.038,-4.178
marker:0,0.0,0.0,0.0,-1.867,-5.994,0.98,1.867,5.994,-4.127
marker:0,0.0,0.0,0.0,-1.907,-5.96,1.24,1.907,5.96,-4.053
marker:0,0.0,0.0,0.0,-1.896,-6.0,1.06,1.896,6.0,-4.104
marker:0,0.0,0.0,0.0,-1.821,-5.996,0.81,1.821,5.996,-4.175000000000001
marker:0,0.0,0.0,0.0,-1.753,-5.969,0.63,1.753,5.969,-4.216
marker:0,0.0,0.0,0.0,-1.763,-6.001,0.59,1.763,6.001,-4.238
marker:0,0.0,0.0,0.0,-1.729,-5.956,0.67,1.729,5.956,-4.227
marker:0,0.0,0.0,0.0,-1.778,-5.922,0.92,1.778,5.922,-4.144
marker:0,0.0,0.0,0.0,-1.711,-5.772,1.21,1.711,5.772,-4.061
marker:0,0.0,0.0,0.0,-1.736,-5.796,1.21,1.736,5.796,-4.0600000000000005
marker:0,0.0,0.0,0.0,-1.928,-6.011,1.13,1.928,6.011,-4.083
marker:0,0.0,0.0,0.0,-2.002,-6.126,0.99,2.002,6.126,-4.1240000000000006
marker:0,0.0,0.0,0.0,-1.983,-6.202,0.59,1.983,6.202,-4.218999999999999
marker:0,0.0,0.0,0.0,-1.757,-5.918,0.86,1.757,5.918,-4.1610000000000005
marker:0,0.0,0.0,0.0,-1.859,-5.949,1.11,1.859,5.949,-4.09
marker:0,0.0,0.0,0.0,-1.916,-5.966,1.27,1.916,5.966,-4.050000000000001
marker:0,0.0,0.0,0.0,-1.709,-5.761,1.24,1.709,5.761,-4.052
marker:0,0.0,0.0,0.0,-1.597,-5.675,1.15,1.597,5.675,-4.077999999999999
marker:0,0.0,0.0,0.0,-1.587,-5.725,0.94,1.587,5.725,-4.138
marker:0,0.0,0.0,0.0,-1.561,-5.791,0.62,1.561,5.791,-4.23
marker:0,0.0,0.0,0.0,-1.424,-5.668,0.57,1.424,5.668,-4.244
marker:0,0.0,0.0,0.0,-1.284,-5.525,0.58,1.284,5.525,-4.2410000000000005
marker:0,0.0,0.0,0.0,-1.282,-5.495,0.73,1.282,5.495,-4.213
marker:0,0.0,0.0,0.0,-1.302,-5.455,0.95,1.302,5.455,-4.1530000000000005
marker:0,0.0,0.0,0.0,-1.396,-5.477,1.18,1.396,5.477,-4.081
marker:0,0.0,0.0,0.0,-1.544,-5.545,1.42,1.544,5.545,-4.0009999999999994
marker:0,0.0,0.0,0.0,-2.511,-6.5,1.46,2.511,6.5,-3.989
marker:0,0.0,0.0,0.0,-2.626,-6.641,1.37,2.626,6.641,-4.015000000000001
marker:0,0.0,0.0,0.0,-2.789,-6.855,1.19,2.789,6.855,-4.066000000000001
marker:0,0.0,0.0,0.0,-2.796,-6.954,0.87,2.796,6.954,-4.1579999999999995
marker:0,0.0,0.0,0.0,-2.714,-6.915,0.72,2.714,6.915,-4.2010000000000005
marker:0,0.0,0.0,0.0,-2.729,-6.991,0.51,2.729,6.991,-4.262
marker:0,0.0,0.0,0.0,-2.713,-6.997,0.41,2.713,6.997,-4.284
marker:0,0.0,0.0,0.0,-2.727,-7.011,0.43,2.727,7.011,-4.284000000000001
marker:0,0.0,0.0,0.0,-2.609,-6.885,0.46,2.609,6.885,-4.276
marker:0,0.0,0.0,0.0,-2.537,-6.79,0.54,2.537,6.79,-4.253
marker:0,0.0,0.0,0.0,-2.461,-6.694,0.61,2.461,6.694,-4.2330000000000005
marker:0,0.0,0.0,0.0,-1.148,-5.335,0.77,1.148,5.335,-4.187
marker:0,0.0,0.0,0.0,-1.273,-5.46,0.77,1.273,5.46,-4.187
marker:0,0.0,0.0,0.0,-1.256,-5.463,0.65,1.256,5.463,-4.207
marker:0,0.0,0.0,0.0,-1.814,-6.098,0.43,1.814,6.098,-4.284
marker:0,0.0,0.0,0.0,-1.784,-6.123,0.24,1.784,6.123,-4.339
marker:0,0.0,0.0,0.0,-1.787,-6.157,0.13,1.787,6.157,-4.37
marker:0,0.0,0.0,0.0,-2.268,-6.653,0.08,2.268,6.653,-4.385
marker:0,0.0,0.0,0.0,-2.226,-6.58,0.22,2.226,6.58,-4.354
marker:0,0.0,0.0,0.0,-2.161,-6.474,0.33,2.161,6.474,-4.313000000000001
marker:0,0.0,0.0,0.0,-2.073,-6.326,0.6,2.073,6.326,-4.253
marker:0,0.0,0.0,0.0,-1.954,-6.181,0.63,1.954,6.181,-4.227
marker:0,0.0,0.0,0.0,-1.141,-5.325,0.78,1.141,5.325,-4.184
marker:0,0.0,0.0,0.0,-1.227,-5.386,0.87,1.227,5.386,-4.159
marker:0,0.0,0.0,0.0,-1.261,-5.399,0.94,1.261,5.399,-4.138
marker:0,0.0,0.0,0.0,-1.272,-5.378,1.05,1.272,5.378,-4.106
marker:0,0.0,0.0,0.0,-1.358,-5.442,1.13,1.358,5.442,-4.084
marker:0,0.0,0.0,0.0,-1.554,-5.635,1.14,1.554,5.635,-4.0809999999999995
marker:0,0.0,0.0,0.0,-1.599,-5.674,1.16,1.599,5.674,-4.075
marker:0,0.0,0.0,0.0,-2.61,-6.699,1.16,2.61,6.699,-4.089
marker:0,0.0,0.0,0.0,-2.709,-6.795,1.12,2.709,6.795,-4.086
marker:0,0.0,0.0,0.0,-2.7,-6.795,1.09,2.7,6.795,-4.095
marker:0,0.0,0.0,0.0,-2.121,-6.236,1.02,2.121,6.236,-4.115
marker:0,0.0,0.0,0.0,-1.991,-6.121,0.96,1.991,6.121,-4.130000000000001
marker:0,0.0,0.0,0.0,-1.88,-6.01,0.96,1.88,6.01,-4.13
marker:0,0.0,0.0,0.0,-1.758,-5.888,0.97,1.758,5.888,-4.13
marker:0,0.0,0.0,0.0,-2.126,-6.247,1.0,2.126,6.247,-4.121
marker:0,0.0,0.0,0.0,-1.2,-5.307,1.05,1.2,5.307,-4.107
marker:0,0.0,0.0,0.0,-1.173,-5.312,0.94,1.173,5.312,-4.139
marker:0,0.0,0.0,0.0,-1.932,-6.094,0.86,1.932,6.094,-4.162000000000001
marker:0,0.0,0.0,0.0,-2.383,-6.567,0.78,2.383,6.567,-4.184
marker:0,0.0,0.0,0.0,-2.42,-6.653,0.61,2.42,6.653,-4.233
marker:0,0.0,0.0,0.0,-2.161,-6.413,0.54,2.161,6.413,-4.252000000000001
marker:0,0.0,0.0,0.0,-2.073,-6.34,0.51,2.073,6.34,-4.2669999999999995
marker:0,0.0,0.0,0.0,-2.029,-6.246,0.56,2.029,6.246,-4.2170000000000005
marker:0,0.0,0.0,0.0,-1.529,-5.727,0.73,1.529,5.727,-4.198
marker:0,0.0,0.0,0.0,-1.944,-6.088,0.92,1.944,6.088,-4.144
marker:0,0.0,0.0,0.0,-2.301,-6.356,1.23,2.301,6.356,-4.055
marker:0,0.0,0.0,0.0,-2.364,-6.362,1.48,2.364,6.362,-3.998
marker:0,0.0,0.0,0.0,-1.687,-5.639,1.59,1.687,5.639,-3.952
marker:0,0.0,0.0,0.0,-1.668,-5.603,1.67,1.668,5.603,-3.9349999999999996
marker:0,0.0,0.0,0.0,-1.76,-5.689,1.67,1.76,5.689,-3.9290000000000003
marker:0,0.0,0.0,0.0,-1.845,-5.768,1.69,1.845,5.768,-3.923
marker:0,0.0,0.0,0.0,-1.924,-5.85,1.7,1.924,5.85,-3.9259999999999997
marker:0,0.0,0.0,0.0,-2.034,-5.928,1.79,2.034,5.928,-3.894
marker:0,0.0,0.0,0.0,-2.083,-5.963,1.84,2.083,5.963,-3.88
marker:0,0.0,0.0,0.0,-2.181,-6.027,1.96,2.181,6.027,-3.846
marker:0,0.0,0.0,0.0,-2.185,-6.022,1.99,2.185,6.022,-3.837
marker:0,0.0,0.0,0.0,-2.594,-6.429,1.95,2.594,6.429,-3.8350000000000004
marker:0,0.0,0.0,0.0,-2.324,-6.19,1.89,2.324,6.19,-3.8660000000000005
marker:0,0.0,0.0,0.0,-2.395,-6.31,1.69,2.395,6.31,-3.9149999999999996
marker:0,0.0,0.0,0.0,-2.284,-6.247,1.51,2.284,6.247,-3.963
marker:0,0.0,0.0,0.0,-2.113,-6.131,1.36,2.113,6.131,-4.018000000000001
marker:0,0.0,0.0,0.0,-2.416,-6.448,1.28,2.416,6.448,-4.032
marker:0,0.0,0.0,0.0,-2.43,-6.511,1.14,2.43,6.511,-4.0809999999999995
marker:0,0.0,0.0,0.0,-2.476,-6.583,1.05,2.476,6.583,-4.107
marker:0,0.0,0.0,0.0,-2.365,-6.48,0.98,2.365,6.48,-4.115
marker:0,0.0,0.0,0.0,-1.527,-5.66,0.96,1.527,5.66,-4.133
marker:0,0.0,0.0,0.0,-1.425,-5.546,1.04,1.425,5.546,-4.121
marker:0,0.0,0.0,0.0,-1.401,-5.513,1.07,1.401,5.513,-4.112
marker:0,0.0,0.0,0.0,-1.313,-5.351,1.29,1.313,5.351,-4.038
marker:0,0.0,0.0,0.0,-1.808,-5.789,1.49,1.808,5.789,-3.981
marker:0,0.0,0.0,0.0,-1.539,-5.517,1.47,1.539,5.517,-3.9780000000000006
marker:0,0.0,0.0,0.0,-1.603,-5.601,1.43,1.603,5.601,-3.998
marker:0,0.0,0.0,0.0,-1.56,-5.578,1.36,1.56,5.578,-4.018000000000001
marker:0,0.0,0.0,0.0,-1.536,-5.577,1.28,1.536,5.577,-4.041
marker:0,0.0,0.0,0.0,-2.025,-6.032,1.46,2.025,6.032,-4.007
marker:0,0.0,0.0,0.0,-2.223,-6.161,1.59,2.223,6.161,-3.9379999999999997
marker:0,0.0,0.0,0.0,-1.134,-4.997,1.9,1.134,4.997,-3.863
marker:0,0.0,0.0,0.0,-1.224,-5.067,1.97,1.224,5.067,-3.843
marker:0,0.0,0.0,0.0,-1.166,-5.011,1.96,1.166,5.011,-3.845
marker:0,0.0,0.0,0.0,-1.617,-5.477,1.91,1.617,5.477,-3.8600000000000003
marker:0,0.0,0.0,0.0,-1.581,-5.499,1.71,1.581,5.499,-3.9179999999999997
marker:0,0.0,0.0,0.0,-1.285,-5.263,1.5,1.285,5.263,-3.9779999999999998
marker:0,0.0,0.0,0.0,-1.518,-5.542,1.34,1.518,5.542,-4.024
marker:0,0.0,0.0,0.0,-1.574,-5.643,1.18,1.574,5.643,-4.069
marker:0,0.0,0.0,0.0,-2.471,-6.589,1.01,2.471,6.589,-4.118
marker:0,0.0,0.0,0.0,-2.077,-6.204,0.98,2.077,6.204,-4.127
marker:0,0.0,0.0,0.0,-2.09,-6.202,1.03,2.09,6.202,-4.112
marker:0,0.0,0.0,0.0,-1.619,-5.729,1.04,1.619,5.729,-4.11
marker:0,0.0,0.0,0.0,-1.417,-5.492,1.16,1.417,5.492,-4.075
marker:0,0.0,0.0,0.0,-1.385,-5.454,1.2,1.385,5.454,-4.069
marker:0,0.0,0.0,0.0,-2.065,-6.128,1.2,2.065,6.128,-4.063000000000001
marker:0,0.0,0.0,0.0,-1.401,-5.485,1.13,1.401,5.485,-4.0840000000000005
marker:0,0.0,0.0,0.0,-1.903,-6.018,1.02,1.903,6.018,-4.115
marker:0,0.0,0.0,0.0,-1.94,-6.086,0.91,1.94,6.086,-4.146000000000001
marker:0,0.0,0.0,0.0,-2.154,-6.315,0.85,2.154,6.315,-4.1610000000000005
marker:0,0.0,0.0,0.0,-1.143,-5.299,0.88,1.143,5.299,-4.156000000000001
marker:0,0.0,0.0,0.0,-1.614,-5.729,1.02,1.614,5.729,-4.115
marker:0,0.0,0.0,0.0,-1.626,-5.681,1.23,1.626,5.681,-4.055
marker:0,0.0,0.0,0.0,-2.455,-6.469,1.37,2.455,6.469,-4.014
marker:0,0.0,0.0,0.0,-2.424,-6.425,1.42,2.424,6.425,-4.0009999999999994
marker:0,0.0,0.0,0.0,-1.466,-5.429,1.55,1.466,5.429,-3.963
marker:0,0.0,0.0,0.0,-1.653,-5.573,1.7,1.653,5.573,-3.9200000000000004
marker:0,0.0,0.0,0.0,-2.32,-6.209,1.81,2.32,6.209,-3.889
marker:0,0.0,0.0,0.0,-2.331,-6.208,1.85,2.331,6.208,-3.8770000000000002
marker:0,0.0,0.0,0.0,-2.584,-6.495,1.73,2.584,6.495,-3.911
marker:0,0.0,0.0,0.0,-2.041,-5.999,1.57,2.041,5.999,-3.9579999999999997
marker:0,0.0,0.0,0.0,-1.449,-5.447,1.43,1.449,5.447,-3.998
marker:0,0.0,0.0,0.0,-2.225,-6.272,1.26,2.225,6.272,-4.047000000000001
marker:0,0.0,0.0,0.0,-2.197,-6.272,1.16,2.197,6.272,-4.075
marker:0,0.0,0.0,0.0,-2.984,-7.07,1.12,2.984,7.07,-4.086
marker:0,0.0,0.0,0.0,-2.853,-6.931,1.15,2.853,6.931,-4.077999999999999
marker:0,0.0,0.0,0.0,-1.503,-5.561,1.22,1.503,5.561,-4.058
marker:0,0.0,0.0,0.0,-2.337,-6.381,1.27,2.337,6.381,-4.0440000000000005
marker:0,0.0,0.0,0.0,-2.263,-6.281,1.36,2.263,6.281,-4.018
marker:0,0.0,0.0,0.0,-0.937,-4.952,1.37,0.937,4.952,-4.015
marker:0,0.0,0.0,0.0,-2.331,-6.392,1.21,2.331,6.392,-4.061
marker:0,0.0,0.0,0.0,-2.312,-6.419,1.05,2.312,6.419,-4.106999999999999
marker:0,0.0,0.0,0.0,-2.25,-6.431,0.79,2.25,6.431,-4.181
marker:0,0.0,0.0,0.0,-2.392,-6.616,0.57,2.392,6.616,-4.224
marker:0,0.0,0.0,0.0,-2.6,-6.856,0.52,2.6,6.856,-4.256
marker:0,0.0,0.0,0.0,-2.482,-6.723,0.58,2.482,6.723,-4.241
marker:0,0.0,0.0,0.0,-1.373,-5.577,0.71,1.373,5.577,-4.204
marker:0,0.0,0.0,0.0,-1.449,-5.673,1.0,1.449,5.673,-4.224
marker:0,0.0,0.0,0.0,-1.454,-5.478,1.34,1.454,5.478,-4.024
marker:0,0.0,0.0,0.0,-2.288,-6.257,1.53,2.288,6.257,-3.969
marker:0,0.0,0.0,0.0,-1.473,-5.391,1.71,1.473,5.391,-3.918
marker:0,0.0,0.0,0.0,-2.608,-6.502,1.79,2.608,6.502,-3.8939999999999997
marker:0,0.0,0.0,0.0,-1.685,-5.643,1.57,1.685,5.643,-3.9579999999999997
marker:0,0.0,0.0,0.0,-2.727,-6.756,1.28,2.727,6.756,-4.029
marker:0,0.0,0.0,0.0,-2.226,-6.275,1.25,2.226,6.275,-4.049
marker:0,0.0,0.0,0.0,-3.041,-7.119,1.15,3.041,7.119,-4.077999999999999
marker:0,0.0,0.0,0.0,-2.997,-7.069,1.22,2.997,7.069,-4.072
marker:0,0.0,0.0,0.0,-2.6,-6.638,1.29,2.6,6.638,-4.038
marker:0,0.0,0.0,0.0,-2.434,-6.432,1.43,2.434,6.432,-3.998
marker:0,0.0,0.0,0.0,-2.314,-6.283,1.53,2.314,6.283,-3.9690000000000003
marker:0,0.0,0.0,0.0,-2.142,-6.114,1.52,2.142,6.114,-3.972
marker:0,0.0,0.0,0.0,-2.204,-6.199,1.44,2.204,6.199,-3.9949999999999997
marker:0,0.0,0.0,0.0,-2.534,-6.581,1.26,2.534,6.581,-4.047000000000001
marker:0,0.0,0.0,0.0,-2.622,-6.706,1.08,2.622,6.706,-4.0840000000000005
marker:0,0.0,0.0,0.0,-2.565,-6.723,0.87,2.565,6.723,-4.1579999999999995
marker:0,0.0,0.0,0.0,-2.457,-6.673,0.76,2.457,6.673,-4.216
marker:0,0.0,0.0,0.0,-2.308,-6.518,0.68,2.308,6.518,-4.21
marker:0,0.0,0.0,0.0,-2.541,-6.76,0.66,2.541,6.76,-4.218999999999999
marker:0,0.0,0.0,0.0,-2.542,-6.758,0.67,2.542,6.758,-4.216
marker:0,0.0,0.0,0.0,-2.286,-6.495,0.69,2.286,6.495,-4.209
marker:0,0.0,0.0,0.0,-2.172,-6.368,0.74,2.172,6.368,-4.196
marker:0,0.0,0.0,0.0,-2.218,-6.408,0.76,2.218,6.408,-4.19
marker:0,0.0,0.0,0.0,-2.085,-6.261,0.81,2.085,6.261,-4.176
marker:0,0.0,0.0,0.0,-2.115,-6.276,0.86,2.115,6.276,-4.161
marker:0,0.0,0.0,0.0,-2.448,-6.601,0.89,2.448,6.601,-4.1530000000000005
marker:0,0.0,0.0,0.0,-2.68,-6.824,0.92,2.68,6.824,-4.144
marker:0,0.0,0.0,0.0,-2.735,-6.862,0.98,2.735,6.862,-4.127000000000001
marker:0,0.0,0.0,0.0,-2.467,-6.565,1.08,2.467,6.565,-4.098000000000001
marker:0,0.0,0.0,0.0,-2.262,-6.352,1.11,2.262,6.352,-4.09
marker:0,0.0,0.0,0.0,-2.487,-6.507,1.1,2.487,6.507,-4.02
marker:0,0.0,0.0,0.0,-2.376,-6.48,1.06,2.376,6.48,-4.104000000000001
marker:0,0.0,0.0,0.0,-1.881,-5.994,1.03,1.881,5.994,-4.1129999999999995
marker:0,0.0,0.0,0.0,-1.911,-6.017,1.05,1.911,6.017,-4.106
marker:0,0.0,0.0,0.0,-1.925,-6.031,1.05,1.925,6.031,-4.106
marker:0,0.0,0.0,0.0,-1.981,-6.082,1.1,1.981,6.082,-4.101
marker:0,0.0,0.0,0.0,-2.46,-6.547,1.15,2.46,6.547,-4.087
marker:0,0.0,0.0,0.0,-2.611,-6.675,1.2,2.611,6.675,-4.064
marker:0,0.0,0.0,0.0,-2.295,-6.347,1.24,2.295,6.347,-4.0520000000000005
marker:0,0.0,0.0,0.0,-2.35,-6.408,1.22,2.35,6.408,-4.058
marker:0,0.0,0.0,0.0,-2.301,-6.382,1.14,2.301,6.382,-4.0809999999999995
marker:0,0.0,0.0,0.0,-2.81,-6.869,1.08,2.81,6.869,-4.058999999999999
marker:0,0.0,0.0,0.0,-2.726,-6.861,0.95,2.726,6.861,-4.135
marker:0,0.0,0.0,0.0,-2.341,-6.522,0.76,2.341,6.522,-4.181
marker:0,0.0,0.0,0.0,-2.695,-6.911,0.67,2.695,6.911,-4.215999999999999
marker:0,0.0,0.0,0.0,-2.646,-6.876,0.62,2.646,6.876,-4.23
marker:0,0.0,0.0,0.0,-2.382,-6.624,0.59,2.382,6.624,-4.241999999999999
marker:0,0.0,0.0,0.0,-2.41,-6.654,0.57,2.41,6.654,-4.244
marker:0,0.0,0.0,0.0,-2.354,-6.601,0.57,2.354,6.601,-4.247
marker:0,0.0,0.0,0.0,-1.925,-6.164,0.59,1.925,6.164,-4.239
marker:0,0.0,0.0,0.0,-2.369,-6.57,0.76,2.369,6.57,-4.2010000000000005
marker:0,0.0,0.0,0.0,-2.333,-6.5,0.84,2.333,6.5,-4.167
marker:0,0.0,0.0,0.0,-2.496,-6.64,0.94,2.496,6.64,-4.144
marker:0,0.0,0.0,0.0,-2.479,-6.618,0.94,2.479,6.618,-4.139
marker:0,0.0,0.0,0.0,-2.601,-6.751,0.9,2.601,6.751,-4.15
marker:0,0.0,0.0,0.0,-2.488,-6.647,0.86,2.488,6.647,-4.159000000000001
marker:0,0.0,0.0,0.0,-2.339,-6.526,0.75,2.339,6.526,-4.186999999999999
marker:0,0.0,0.0,0.0,-2.327,-6.511,0.77,2.327,6.511,-4.184
marker:0,0.0,0.0,0.0,-1.947,-6.117,0.83,1.947,6.117,-4.17
marker:0,0.0,0.0,0.0,-2.236,-6.339,1.06,2.236,6.339,-4.103
marker:0,0.0,0.0,0.0,-2.287,-6.348,1.21,2.287,6.348,-4.061
marker:0,0.0,0.0,0.0,-2.371,-6.368,1.5,2.371,6.368,-3.9970000000000003
marker:0,0.0,0.0,0.0,-2.526,-6.492,1.54,2.526,6.492,-3.966
marker:0,0.0,0.0,0.0,-2.869,-6.818,1.6,2.869,6.818,-3.9489999999999994
marker:0,0.0,0.0,0.0,-2.66,-6.658,1.43,2.66,6.658,-3.998
marker:0,0.0,0.0,0.0,-2.897,-6.961,1.2,2.897,6.961,-4.064
marker:0,0.0,0.0,0.0,-3.355,-7.539,0.78,3.355,7.539,-4.183999999999999
marker:0,0.0,0.0,0.0,-2.841,-7.143,0.34,2.841,7.143,-4.302
marker:0,0.0,0.0,0.0,-2.476,-6.797,0.28,2.476,6.797,-4.321
marker:0,0.0,0.0,0.0,-2.533,-6.869,0.3,2.533,6.869,-4.336
marker:0,0.0,0.0,0.0,-2.643,-6.936,0.44,2.643,6.936,-4.293
marker:0,0.0,0.0,0.0,-2.417,-6.638,0.65,2.417,6.638,-4.221
marker:0,0.0,0.0,0.0,-3.057,-7.286,0.62,3.057,7.286,-4.228999999999999
marker:0,0.0,0.0,0.0,-2.96,-7.216,0.53,2.96,7.216,-4.256
marker:0,0.0,0.0,0.0,-2.874,-7.173,0.38,2.874,7.173,-4.2989999999999995
marker:0,0.0,0.0,0.0,-2.425,-6.795,0.13,2.425,6.795,-4.37
marker:0,0.0,0.0,0.0,-2.862,-7.307,-0.13,2.862,7.307,-4.445
marker:0,0.0,0.0,0.0,-2.242,-6.701,-0.18,2.242,6.701,-4.459
marker:0,0.0,0.0,0.0,-2.229,-6.64,-0.01,2.229,6.64,-4.411
marker:0,0.0,0.0,0.0,-2.379,-6.741,0.2,2.379,6.741,-4.362
marker:0,0.0,0.0,0.0,-2.306,-6.576,0.58,2.306,6.576,-4.27
marker:0,0.0,0.0,0.0,-2.269,-6.464,0.74,2.269,6.464,-4.195
marker:0,0.0,0.0,0.0,-2.129,-6.227,1.08,2.129,6.227,-4.098000000000001
marker:0,0.0,0.0,0.0,-2.511,-6.529,1.36,2.511,6.529,-4.018
marker:0,0.0,0.0,0.0,-2.561,-6.571,1.39,2.561,6.571,-4.01
marker:0,0.0,0.0,0.0,-2.818,-6.859,1.28,2.818,6.859,-4.041
marker:0,0.0,0.0,0.0,-2.827,-6.905,1.15,2.827,6.905,-4.078
marker:0,0.0,0.0,0.0,-2.497,-6.633,0.9,2.497,6.633,-4.136
marker:0,0.0,0.0,0.0,-3.001,-7.167,0.84,3.001,7.167,-4.166
marker:0,0.0,0.0,0.0,-2.734,-6.924,0.75,2.734,6.924,-4.19
marker:0,0.0,0.0,0.0,-2.686,-6.899,0.69,2.686,6.899,-4.213
marker:0,0.0,0.0,0.0,-2.482,-6.709,0.63,2.482,6.709,-4.226999999999999
marker:0,0.0,0.0,0.0,-2.412,-6.679,0.49,2.412,6.679,-4.267
marker:0,0.0,0.0,0.0,-2.466,-6.809,0.31,2.466,6.809,-4.343
marker:0,0.0,0.0,0.0,-2.521,-6.863,0.23,2.521,6.863,-4.3420000000000005
marker:0,0.0,0.0,0.0,-2.351,-6.745,0.05,2.351,6.745,-4.394
marker:0,0.0,0.0,0.0,-2.301,-6.729,-0.07,2.301,6.729,-4.428
marker:0,0.0,0.0,0.0,-2.259,-6.698,-0.11,2.259,6.698,-4.439
marker:0,0.0,0.0,0.0,-2.351,-6.758,0.0,2.351,6.758,-4.407
marker:0,0.0,0.0,0.0,-2.328,-6.69,0.16,2.328,6.69,-4.362
marker:0,0.0,0.0,0.0,-2.409,-6.711,0.37,2.409,6.711,-4.3020000000000005
marker:0,0.0,0.0,0.0,-2.156,-6.429,0.47,2.156,6.429,-4.273
marker:0,0.0,0.0,0.0,-2.146,-6.404,0.52,2.146,6.404,-4.258
marker:0,0.0,0.0,0.0,-2.243,-6.511,0.5,2.243,6.511,-4.268000000000001
marker:0,0.0,0.0,0.0,-2.801,-7.074,0.47,2.801,7.074,-4.273
marker:0,0.0,0.0,0.0,-2.428,-6.721,0.4,2.428,6.721,-4.293
marker:0,0.0,0.0,0.0,-2.428,-6.724,0.39,2.428,6.724,-4.296
marker:0,0.0,0.0,0.0,-2.419,-6.726,0.35,2.419,6.726,-4.307
marker:0,0.0,0.0,0.0,-2.349,-6.662,0.33,2.349,6.662,-4.313
marker:0,0.0,0.0,0.0,-2.351,-6.673,0.3,2.351,6.673,-4.322
marker:0,0.0,0.0,0.0,-2.215,-6.551,0.25,2.215,6.551,-4.336
marker:0,0.0,0.0,0.0,-2.186,-6.534,0.21,2.186,6.534,-4.348
marker:0,0.0,0.0,0.0,-2.245,-6.61,0.15,2.245,6.61,-4.365
marker:0,0.0,0.0,0.0,-2.26,-6.651,0.06,2.26,6.651,-4.391
marker:0,0.0,0.0,0.0,-2.561,-6.963,0.02,2.561,6.963,-4.402
marker:0,0.0,0.0,0.0,-2.439,-6.841,0.02,2.439,6.841,-4.402
marker:0,0.0,0.0,0.0,-2.132,-6.511,0.1,2.132,6.511,-4.379
marker:0,0.0,0.0,0.0,-2.109,-6.445,0.25,2.109,6.445,-4.336
marker:0,0.0,0.0,0.0,-2.538,-6.811,0.47,2.538,6.811,-4.273
marker:0,0.0,0.0,0.0,-1.999,-6.237,0.62,1.999,6.237,-4.2379999999999995
marker:0,0.0,0.0,0.0,-2.261,-6.41,0.9,2.261,6.41,-4.149
marker:0,0.0,0.0,0.0,-2.716,-6.883,0.84,2.716,6.883,-4.167
marker:0,0.0,0.0,0.0,-2.882,-7.092,0.69,2.882,7.092,-4.209999999999999
marker:0,0.0,0.0,0.0,-2.868,-7.093,0.64,2.868,7.093,-4.225
marker:0,0.0,0.0,0.0,-2.932,-7.134,0.72,2.932,7.134,-4.202
marker:0,0.0,0.0,0.0,-3.054,-7.192,1.0,3.054,7.192,-4.138
marker:0,0.0,0.0,0.0,-2.994,-7.092,1.15,2.994,7.092,-4.097999999999999
marker:0,0.0,0.0,0.0,-2.279,-6.343,1.18,2.279,6.343,-4.064
marker:0,0.0,0.0,0.0,-2.925,-7.046,1.0,2.925,7.046,-4.121
marker:0,0.0,0.0,0.0,-2.812,-6.996,0.78,2.812,6.996,-4.184000000000001
marker:0,0.0,0.0,0.0,-2.507,-6.696,0.76,2.507,6.696,-4.189
marker:0,0.0,0.0,0.0,-2.561,-6.716,0.88,2.561,6.716,-4.155
marker:0,0.0,0.0,0.0,-2.58,-6.664,1.13,2.58,6.664,-4.084
marker:0,0.0,0.0,0.0,-2.457,-6.32,1.9,2.457,6.32,-3.8630000000000004
marker:0,0.0,0.0,0.0,-2.431,-6.24,2.09,2.431,6.24,-3.809
marker:0,0.0,0.0,0.0,-2.26,-6.028,2.26,2.26,6.028,-3.768
marker:0,0.0,0.0,0.0,-2.226,-5.985,2.25,2.226,5.985,-3.7590000000000003
marker:0,0.0,0.0,0.0,-2.518,-6.394,2.2,2.518,6.394,-3.8760000000000003
marker:0,0.0,0.0,0.0,-2.669,-6.458,2.16,2.669,6.458,-3.789
marker:0,0.0,0.0,0.0,-2.807,-6.633,2.03,2.807,6.633,-3.826
marker:0,0.0,0.0,0.0,-2.904,-6.741,1.99,2.904,6.741,-3.8369999999999997
marker:0,0.0,0.0,0.0,-2.925,-6.757,2.01,2.925,6.757,-3.832
marker:0,0.0,0.0,0.0,-4.466,-8.301,2.05,4.466,8.301,-3.835
marker:0,0.0,0.0,0.0,-2.98,-6.8,2.05,2.98,6.8,-3.82
marker:0,0.0,0.0,0.0,-2.904,-6.724,2.05,2.904,6.724,-3.8200000000000003
marker:0,0.0,0.0,0.0,-2.899,-6.613,2.42,2.899,6.613,-3.7140000000000004
marker:0,0.0,0.0,0.0,-2.48,-6.168,2.51,2.48,6.168,-3.688
marker:0,0.0,0.0,0.0,-2.274,-5.971,2.48,2.274,5.971,-3.697
marker:0,0.0,0.0,0.0,-2.321,-6.052,2.27,2.321,6.052,-3.7309999999999994
marker:0,0.0,0.0,0.0,-2.919,-6.765,2.1,2.919,6.765,-3.8459999999999996
marker:0,0.0,0.0,0.0,-3.025,-6.859,1.85,3.025,6.859,-3.834
marker:0,0.0,0.0,0.0,-2.758,-6.658,1.77,2.758,6.658,-3.9000000000000004
marker:0,0.0,0.0,0.0,-2.688,-6.572,1.83,2.688,6.572,-3.884
marker:0,0.0,0.0,0.0,-2.335,-6.141,2.1,2.335,6.141,-3.806
marker:0,0.0,0.0,0.0,-2.329,-6.026,2.48,2.329,6.026,-3.6969999999999996
marker:0,0.0,0.0,0.0,-1.8,-5.405,2.8,1.8,5.405,-3.6050000000000004
marker:0,0.0,0.0,0.0,-1.889,-5.408,3.1,1.889,5.408,-3.519
marker:0,0.0,0.0,0.0,-1.937,-5.399,3.3,1.937,5.399,-3.4619999999999997
marker:0,0.0,0.0,0.0,-2.079,-5.538,3.31,2.079,5.538,-3.459
marker:0,0.0,0.0,0.0,-2.084,-5.534,3.34,2.084,5.534,-3.4499999999999997
marker:0,0.0,0.0,0.0,-1.786,-5.225,3.38,1.786,5.225,-3.4389999999999996
marker:0,0.0,0.0,0.0,-1.966,-5.408,3.37,1.966,5.408,-3.442
marker:0,0.0,0.0,0.0,-3.101,-6.514,3.47,3.101,6.514,-3.4130000000000003
marker:0,0.0,0.0,0.0,-3.181,-6.551,3.62,3.181,6.551,-3.37
marker:0,0.0,0.0,0.0,-2.997,-6.286,3.9,2.997,6.286,-3.2889999999999997
marker:0,0.0,0.0,0.0,-2.988,-6.249,4.0,2.988,6.249,-3.2609999999999997
marker:0,0.0,0.0,0.0,-2.953,-6.162,4.17,2.953,6.162,-3.209
marker:0,0.0,0.0,0.0,-2.348,-5.54,4.24,2.348,5.54,-3.192
marker:0,0.0,0.0,0.0,-2.285,-5.466,4.28,2.285,5.466,-3.181
marker:0,0.0,0.0,0.0,-2.929,-6.104,4.3,2.929,6.104,-3.1750000000000003
marker:0,0.0,0.0,0.0,-2.91,-6.108,4.22,2.91,6.108,-3.1979999999999995
marker:0,0.0,0.0,0.0,-1.779,-5.008,4.11,1.779,5.008,-3.229
marker:0,0.0,0.0,0.0,-2.78,-6.061,3.93,2.78,6.061,-3.281
marker:0,0.0,0.0,0.0,-2.856,-6.169,3.82,2.856,6.169,-3.3129999999999997
marker:0,0.0,0.0,0.0,-2.797,-6.095,3.87,2.797,6.095,-3.2979999999999996
marker:0,0.0,0.0,0.0,-2.875,-6.124,4.04,2.875,6.124,-3.2489999999999997
marker:0,0.0,0.0,0.0,-2.475,-5.681,4.19,2.475,5.681,-3.206
marker:0,0.0,0.0,0.0,-1.72,-4.852,4.45,1.72,4.852,-3.1320000000000006
marker:0,0.0,0.0,0.0,-1.715,-4.818,4.55,1.715,4.818,-3.1029999999999998
marker:0,0.0,0.0,0.0,-1.821,-4.881,4.7,1.821,4.881,-3.0600000000000005
marker:0,0.0,0.0,0.0,-1.759,-4.8,4.77,1.759,4.8,-3.041
marker:0,0.0,0.0,0.0,-1.897,-4.932,4.79,1.897,4.932,-3.035
marker:0,0.0,0.0,0.0,-2.048,-5.071,4.83,2.048,5.071,-3.0229999999999997
marker:0,0.0,0.0,0.0,-0.077,-3.074,4.92,0.077,3.074,-2.997
marker:0,0.0,0.0,0.0,-2.169,-5.135,5.03,2.169,5.135,-2.9659999999999997
marker:0,0.0,0.0,0.0,-2.938,-5.867,5.16,2.938,5.867,-2.929
marker:0,0.0,0.0,0.0,-3.29,-6.242,5.27,3.29,6.242,-2.952
marker:0,0.0,0.0,0.0,-2.051,-4.916,5.38,2.051,4.916,-2.865
marker:0,0.0,0.0,0.0,-2.068,-4.904,5.48,2.068,4.904,-2.836
marker:0,0.0,0.0,0.0,-2.327,-5.156,5.51,2.327,5.156,-2.8289999999999997
marker:0,0.0,0.0,0.0,-2.307,-5.135,5.51,2.307,5.135,-2.828
marker:0,0.0,0.0,0.0,-2.521,-5.347,5.47,2.521,5.347,-2.8260000000000005
marker:0,0.0,0.0,0.0,-2.738,-5.572,5.49,2.738,5.572,-2.834
marker:0,0.0,0.0,0.0,-2.806,-5.646,5.47,2.806,5.646,-2.84
marker:0,0.0,0.0,0.0,-3.327,-6.181,5.39,3.327,6.181,-2.854
marker:0,0.0,0.0,0.0,-3.422,-6.281,5.38,3.422,6.281,-2.8589999999999995
marker:0,0.0,0.0,0.0,-3.409,-6.278,5.37,3.409,6.278,-2.8689999999999998
marker:0,0.0,0.0,0.0,-3.257,-6.137,5.34,3.257,6.137,-2.8799999999999994
marker:0,0.0,0.0,0.0,-3.499,-6.368,5.41,3.499,6.368,-2.869
marker:0,0.0,0.0,0.0,-3.292,-6.143,5.46,3.292,6.143,-2.851
marker:0,0.0,0.0,0.0,-3.057,-5.868,5.57,3.057,5.868,-2.8110000000000004
marker:0,0.0,0.0,0.0,-3.064,-5.834,5.71,3.064,5.834,-2.7699999999999996
marker:0,0.0,0.0,0.0,-0.032,-2.782,5.78,0.032,2.782,-2.75
marker:0,0.0,0.0,0.0,-3.265,-5.993,5.84,3.265,5.993,-2.728
marker:0,0.0,0.0,0.0,-5.267,-8.004,5.83,5.267,8.004,-2.736999999999999
marker:0,0.0,0.0,0.0,-3.439,-6.184,5.8,3.439,6.184,-2.745
marker:0,0.0,0.0,0.0,-4.697,-7.465,5.72,4.697,7.465,-2.768
marker:0,0.0,0.0,0.0,-2.94,-5.722,5.67,2.94,5.722,-2.7820000000000005
marker:0,0.0,0.0,0.0,-2.843,-5.59,5.69,2.843,5.59,-2.747
marker:0,0.0,0.0,0.0,-3.161,-5.935,5.69,3.161,5.935,-2.7739999999999996
marker:0,0.0,0.0,0.0,-2.131,-4.902,5.71,2.131,4.902,-2.7710000000000004
marker:0,0.0,0.0,0.0,-2.355,-5.146,5.64,2.355,5.146,-2.791
marker:0,0.0,0.0,0.0,-3.513,-6.318,5.59,3.513,6.318,-2.8049999999999997
marker:0,0.0,0.0,0.0,-3.606,-6.439,5.49,3.606,6.439,-2.833
marker:0,0.0,0.0,0.0,-4.212,-7.072,5.4,4.212,7.072,-2.8600000000000003
marker:0,0.0,0.0,0.0,-3.999,-6.87,5.36,3.999,6.87,-2.871
marker:0,0.0,0.0,0.0,-2.843,-5.7,5.41,2.843,5.7,-2.857
marker:0,0.0,0.0,0.0,-2.906,-5.734,5.54,2.906,5.734,-2.828
marker:0,0.0,0.0,0.0,-3.624,-6.392,5.72,3.624,6.392,-2.7680000000000002
marker:0,0.0,0.0,0.0,-4.4,-7.09,5.99,4.4,7.09,-2.6899999999999995
marker:0,0.0,0.0,0.0,-4.192,-6.851,6.1,4.192,6.851,-2.659
marker:0,0.0,0.0,0.0,-4.981,-7.654,6.05,4.981,7.654,-2.673
marker:0,0.0,0.0,0.0,-5.147,-7.841,5.98,5.147,7.841,-2.694
marker:0,0.0,0.0,0.0,-5.163,-7.874,5.92,5.163,7.874,-2.7109999999999994
marker:0,0.0,0.0,0.0,-5.175,-7.921,5.95,5.175,7.921,-2.7460000000000004
marker:0,0.0,0.0,0.0,-4.949,-7.636,6.0,4.949,7.636,-2.6870000000000003
marker:0,0.0,0.0,0.0,-4.998,-7.656,6.1,4.998,7.656,-2.6579999999999995
marker:0,0.0,0.0,0.0,-4.889,-7.522,6.19,4.889,7.522,-2.633
marker:0,0.0,0.0,0.0,-4.974,-7.599,6.22,4.974,7.599,-2.625
marker:0,0.0,0.0,0.0,-5.071,-7.721,6.13,5.071,7.721,-2.6500000000000004
marker:0,0.0,0.0,0.0,-4.854,-7.553,5.96,4.854,7.553,-2.699
marker:0,0.0,0.0,0.0,-5.26,-7.993,5.84,5.26,7.993,-2.7330000000000005
marker:0,0.0,0.0,0.0,-4.7,-7.454,5.77,4.7,7.454,-2.7539999999999996
marker:0,0.0,0.0,0.0,-4.544,-7.303,5.75,4.544,7.303,-2.7590000000000003
marker:0,0.0,0.0,0.0,-4.646,-7.37,5.79,4.646,7.37,-2.724
marker:0,0.0,0.0,0.0,-5.481,-8.177,5.97,5.481,8.177,-2.6959999999999997
marker:0,0.0,0.0,0.0,-5.209,-7.822,6.26,5.209,7.822,-2.6130000000000004
marker:0,0.0,0.0,0.0,-5.2,-7.766,6.53,5.2,7.766,-2.566
marker:0,0.0,0.0,0.0,-5.59,-8.134,6.67,5.59,8.134,-2.5440000000000005
marker:0,0.0,0.0,0.0,-5.404,-7.95,6.61,5.404,7.95,-2.5460000000000003
marker:0,0.0,0.0,0.0,-5.733,-8.298,6.52,5.733,8.298,-2.5650000000000004
marker:0,0.0,0.0,0.0,-5.958,-8.54,6.38,5.958,8.54,-2.581999999999999
marker:0,0.0,0.0,0.0,-6.244,-8.829,6.4,6.244,8.829,-2.585000000000001
marker:0,0.0,0.0,0.0,-7.603,-10.145,6.7,7.603,10.145,-2.542
marker:0,0.0,0.0,0.0,-6.201,-8.712,6.95,6.201,8.712,-2.511
marker:0,0.0,0.0,0.0,-6.443,-8.937,7.05,6.443,8.937,-2.4939999999999998
marker:0,0.0,0.0,0.0,-6.38,-8.864,7.12,6.38,8.864,-2.484000000000001
marker:0,0.0,0.0,0.0,-6.523,-9.004,7.16,6.523,9.004,-2.481
marker:0,0.0,0.0,0.0,-6.484,-8.971,7.13,6.484,8.971,-2.487
marker:0,0.0,0.0,0.0,-5.045,-7.518,7.2,5.045,7.518,-2.473
marker:0,0.0,0.0,0.0,-5.091,-7.553,7.32,5.091,7.553,-2.4619999999999997
marker:0,0.0,0.0,0.0,-4.712,-7.132,7.58,4.712,7.132,-2.42
marker:0,0.0,0.0,0.0,-4.784,-7.189,7.71,4.784,7.189,-2.4050000000000002
marker:0,0.0,0.0,0.0,-4.978,-7.358,7.87,4.978,7.358,-2.38
marker:0,0.0,0.0,0.0,-4.895,-7.268,7.93,4.895,7.268,-2.373
marker:0,0.0,0.0,0.0,-4.838,-7.185,8.11,4.838,7.185,-2.3469999999999995
marker:0,0.0,0.0,0.0,-4.838,-7.173,8.2,4.838,7.173,-2.335
marker:0,0.0,0.0,0.0,-4.633,-6.946,8.36,4.633,6.946,-2.3129999999999997
marker:0,0.0,0.0,0.0,-4.528,-6.832,8.43,4.528,6.832,-2.3040000000000003
marker:0,0.0,0.0,0.0,-4.389,-6.697,8.3,4.389,6.697,-2.308
marker:0,0.0,0.0,0.0,-4.323,-6.665,8.15,4.323,6.665,-2.3419999999999996
marker:0,0.0,0.0,0.0,-4.387,-6.78,7.78,4.387,6.78,-2.3930000000000007
marker:0,0.0,0.0,0.0,-4.128,-6.531,7.69,4.128,6.531,-2.4029999999999996
marker:0,0.0,0.0,0.0,-4.024,-6.422,7.74,4.024,6.422,-2.3979999999999997
marker:0,0.0,0.0,0.0,-3.951,-6.298,8.11,3.951,6.298,-2.347
marker:0,0.0,0.0,0.0,-3.887,-6.178,8.52,3.887,6.178,-2.291
marker:0,0.0,0.0,0.0,-3.639,-5.88,8.88,3.639,5.88,-2.241
marker:0,0.0,0.0,0.0,-3.689,-5.93,8.88,3.689,5.93,-2.2409999999999997
marker:0,0.0,0.0,0.0,-3.914,-6.183,8.68,3.914,6.183,-2.2689999999999997
marker:0,0.0,0.0,0.0,-3.827,-6.126,8.42,3.827,6.126,-2.2990000000000004
marker:0,0.0,0.0,0.0,-3.883,-6.164,8.59,3.883,6.164,-2.2809999999999997
marker:0,0.0,0.0,0.0,-3.912,-6.114,9.17,3.912,6.114,-2.202
marker:0,0.0,0.0,0.0,-3.774,-5.941,9.42,3.774,5.941,-2.167
marker:0,0.0,0.0,0.0,-4.03,-6.119,9.98,4.03,6.119,-2.0889999999999995
marker:0,0.0,0.0,0.0,-4.093,-6.159,10.15,4.093,6.159,-2.066
marker:0,0.0,0.0,0.0,-4.144,-6.214,10.12,4.144,6.214,-2.0700000000000003
marker:0,0.0,0.0,0.0,-4.289,-6.376,9.89,4.289,6.376,-2.0870000000000006
marker:0,0.0,0.0,0.0,-4.171,-6.305,9.66,4.171,6.305,-2.1339999999999995
marker:0,0.0,0.0,0.0,-4.042,-6.21,9.41,4.042,6.21,-2.168
marker:0,0.0,0.0,0.0,-4.073,-6.257,9.3,4.073,6.257,-2.1839999999999993
marker:0,0.0,0.0,0.0,-3.764,-5.951,9.27,3.764,5.951,-2.187
marker:0,0.0,0.0,0.0,-3.669,-5.85,9.32,3.669,5.85,-2.1809999999999996
marker:0,0.0,0.0,0.0,-3.457,-5.615,9.48,3.457,5.615,-2.1580000000000004
marker:0,0.0,0.0,0.0,-3.32,-5.441,9.75,3.32,5.441,-2.121
marker:0,0.0,0.0,0.0,-3.215,-5.34,9.72,3.215,5.34,-2.125
marker:0,0.0,0.0,0.0,-2.958,-5.084,9.72,2.958,5.084,-2.1259999999999994
marker:0,0.0,0.0,0.0,-2.802,-4.921,9.77,2.802,4.921,-2.119
marker:0,0.0,0.0,0.0,-2.607,-4.684,10.07,2.607,4.684,-2.077
marker:0,0.0,0.0,0.0,-7.874,-9.24,15.17,7.874,9.24,-1.3660000000000005
marker:0,0.0,0.0,0.0,-8.015,-9.366,15.25,8.015,9.366,-1.350999999999999
marker:0,0.0,0.0,0.0,-8.052,-9.396,15.32,8.052,9.396,-1.3440000000000012
marker:0,0.0,0.0,0.0,-7.714,-9.041,15.38,7.714,9.041,-1.327
marker:0,0.0,0.0,0.0,-7.671,-8.991,15.47,7.671,8.991,-1.3199999999999994
marker:0,0.0,0.0,0.0,-3.837,-4.525,18.86,3.837,4.525,-0.6880000000000002
marker:0,0.0,0.0,0.0,-0.015,-4.262,0.52,0.015,4.262,-4.247
marker:0,0.0,0.0,0.0,-0.072,-4.331,0.5,0.072,4.331,-4.259
marker:0,0.0,0.0,0.0,-0.141,-4.405,0.56,0.141,4.405,-4.264
marker:0,0.0,0.0,0.0,-0.286,-4.533,0.61,0.286,4.533,-4.247000000000001
marker:0,0.0,0.0,0.0,-0.263,-4.456,0.75,0.263,4.456,-4.1930000000000005
marker:0,0.0,0.0,0.0,-0.405,-4.552,0.91,0.405,4.552,-4.146999999999999
marker:0,0.0,0.0,0.0,-0.641,-4.78,0.93,0.641,4.78,-4.139
marker:0,0.0,0.0,0.0,-0.75,-4.951,0.7,0.75,4.951,-4.201
marker:0,0.0,0.0,0.0,-0.86,-5.081,0.51,0.86,5.081,-4.221
marker:0,0.0,0.0,0.0,-0.837,-5.118,0.37,0.837,5.118,-4.281000000000001
marker:0,0.0,0.0,0.0,-0.832,-5.211,0.1,0.832,5.211,-4.3790000000000004
marker:0,0.0,0.0,0.0,-0.708,-5.119,-0.03,0.708,5.119,-4.411
marker:0,0.0,0.0,0.0,-0.705,-5.127,-0.05,0.705,5.127,-4.422
marker:0,0.0,0.0,0.0,-0.677,-5.091,-0.01,0.677,5.091,-4.414
marker:0,0.0,0.0,0.0,-0.757,-5.171,-0.02,0.757,5.171,-4.414000000000001
marker:0,0.0,0.0,0.0,7.831,7.062,18.4,7.831,7.062,0.7690000000000001
marker:0,0.0,0.0,0.0,0.064,-4.158,0.58,0.064,4.158,-4.094
marker:0,0.0,0.0,0.0,-4.015,-4.623,19.3,4.015,4.623,-0.6080000000000005
