group,t_raw,t_corrected,time_difference_s,angle_error_deg_raw,angle_error_deg_corrected,gimbal_yaw_deg,abs_error_raw_deg,abs_error_corrected_deg,improvement_deg
marker:0,1786962004.568,1786962004.568,0.0,0.476,-1.475,0.58,0.476,1.475,-0.9990000000000001
marker:0,1786962004.568,1786962004.593,0.02499985694885254,0.386,-1.521,0.52,0.386,1.521,-1.1349999999999998
marker:0,1786962004.593,1786962004.618,0.02500009536743164,0.34,-1.584,0.5,0.34,1.584,-1.244
marker:0,1786962004.618,1786962004.643,0.02499985694885254,0.272,-1.746,0.53,0.272,1.746,-1.474
marker:0,1786962004.643,1786962004.668,0.02500009536743164,0.127,-2.191,0.61,0.127,2.191,-2.064
marker:0,1786962004.668,1786962004.693,0.02500009536743164,-0.263,-2.379,0.75,0.263,2.379,-2.116
marker:0,1786962004.693,1786962004.743,0.04999995231628418,-0.405,-2.623,0.91,0.405,2.623,-2.218
marker:0,1786962004.743,1786962004.768,0.02499985694885254,-0.641,-2.695,0.93,0.641,2.695,-2.054
marker:0,1786962004.768,1786962004.793,0.02500009536743164,-0.775,-2.758,0.7,0.775,2.758,-1.983
marker:0,1786962004.793,1786962004.843,0.04999995231628418,-0.86,-2.655,0.57,0.86,2.655,-1.795
marker:0,1786962004.943,1786962004.943,0.0,-0.832,-2.573,0.1,0.832,2.573,-1.741
marker:0,1786962005.018,1786962005.018,0.0,-0.612,-2.321,-0.01,0.612,2.321,-1.709
marker:0,1786962005.118,1786962005.118,0.0,-0.578,-2.276,-0.05,0.578,2.276,-1.698
marker:0,1786962005.243,1786962005.243,0.0,-0.536,-2.242,0.0,0.536,2.242,-1.706
marker:0,1786962005.343,1786962005.343,0.0,-0.239,-1.946,-0.02,0.239,1.946,-1.7069999999999999
marker:0,1786962005.368,1786962005.368,0.0,-0.313,-2.014,-0.04,0.313,2.014,-1.7009999999999998
marker:0,1786962005.468,1786962005.443,-0.02499985694885254,-0.35,-2.034,-0.14,0.35,2.034,-1.6839999999999997
marker:0,1786962005.518,1786962005.518,0.0,-0.403,-2.064,-0.18,0.403,2.064,-1.661
marker:0,1786962005.643,1786962005.643,0.0,-0.448,-2.074,-0.3,0.448,2.074,-1.626
marker:0,1786962005.718,1786962005.718,0.0,-0.424,-2.061,-0.26,0.424,2.061,-1.637
marker:0,1786962005.818,1786962005.818,0.0,-0.489,-2.164,-0.13,0.489,2.164,-1.6750000000000003
marker:0,1786962005.893,1786962005.893,0.0,-0.708,-2.409,-0.04,0.708,2.409,-1.7009999999999998
marker:0,1786962005.968,1786962005.968,0.0,-0.735,-2.45,0.04,0.735,2.45,-1.7150000000000003
marker:0,1786962006.068,1786962006.068,0.0,-0.828,-2.577,0.13,0.828,2.577,-1.749
marker:0,1786962006.143,1786962006.143,0.0,-0.909,-2.656,0.12,0.909,2.656,-1.747
marker:0,1786962006.217,1786962006.217,0.0,-0.68,-2.398,0.02,0.68,2.398,-1.718
marker:0,1786962006.293,1786962006.293,0.0,-0.675,-2.353,-0.12,0.675,2.353,-1.6780000000000002
marker:0,1786962006.368,1786962006.368,0.0,-0.678,-2.33,-0.25,0.678,2.33,-1.6520000000000001
marker:0,1786962006.468,1786962006.468,0.0,-0.685,-2.297,-0.35,0.685,2.297,-1.612
marker:0,1786962006.543,1786962006.543,0.0,-0.453,-2.068,-0.34,0.453,2.068,-1.615
marker:0,1786962006.618,1786962006.618,0.0,-0.371,-1.997,-0.3,0.371,1.997,-1.6260000000000001
marker:0,1786962006.668,1786962006.668,0.0,-0.412,-2.058,-0.19,0.412,2.058,-1.646
marker:0,1786962006.743,1786962006.743,0.0,-0.484,-2.174,-0.08,0.484,2.174,-1.69
marker:0,1786962006.793,1786962006.793,0.0,-0.291,-1.989,-0.01,0.291,1.989,-1.6980000000000002
marker:0,1786962006.868,1786962006.868,0.0,-0.33,-2.051,0.03,0.33,2.051,-1.721
marker:0,1786962006.968,1786962006.968,0.0,-0.437,-2.137,-0.04,0.437,2.137,-1.7
marker:0,1786962007.043,1786962007.043,0.0,-0.593,-2.263,-0.15,0.593,2.263,-1.67
marker:0,1786962007.143,1786962007.143,0.0,-0.643,-2.232,-0.43,0.643,2.232,-1.5890000000000002
marker:0,1786962007.218,1786962007.218,0.0,-0.683,-2.231,-0.57,0.683,2.231,-1.5479999999999998
marker:0,1786962007.293,1786962007.293,0.0,-0.695,-2.233,-0.61,0.695,2.233,-1.5380000000000003
marker:0,1786962007.368,1786962007.368,0.0,-0.627,-2.164,-0.61,0.627,2.164,-1.5370000000000001
marker:0,1786962007.468,1786962007.468,0.0,-0.643,-2.203,-0.53,0.643,2.203,-1.5599999999999998
marker:0,1786962007.543,1786962007.543,0.0,-0.68,-2.264,-0.45,0.68,2.264,-1.5839999999999996
marker:0,1786962007.618,1786962007.618,0.0,-1.111,-2.711,-0.39,1.111,2.711,-1.5999999999999999
marker:0,1786962007.717,1786962007.717,0.0,-1.148,-2.76,-0.35,1.148,2.76,-1.6119999999999999
marker:0,1786962007.768,1786962007.768,0.0,-1.171,-2.8,-0.29,1.171,2.8,-1.6289999999999998
marker:0,1786962007.843,1786962007.843,0.0,-1.219,-2.851,-0.28,1.219,2.851,-1.632
marker:0,1786962007.918,1786962007.918,0.0,-0.765,-2.394,-0.29,0.765,2.394,-1.629
marker:0,1786962008.043,1786962008.043,0.0,-0.838,-2.475,-0.26,0.838,2.475,-1.637
marker:0,1786962008.118,1786962008.118,0.0,-0.873,-2.52,-0.23,0.873,2.52,-1.647
marker:0,1786962008.192,1786962008.192,0.0,-0.935,-2.601,-0.16,0.935,2.601,-1.666
marker:0,1786962008.292,1786962008.292,0.0,-0.73,-2.402,-0.14,0.73,2.402,-1.6720000000000002
marker:0,1786962008.367,1786962008.367,0.0,-0.753,-2.414,-0.18,0.753,2.414,-1.661
marker:0,1786962008.467,1786962008.467,0.0,-0.826,-2.447,-0.32,0.826,2.447,-1.621
marker:0,1786962008.542,1786962008.542,0.0,-0.851,-2.449,-0.44,0.851,2.449,-1.5979999999999999
marker:0,1786962008.617,1786962008.617,0.0,-0.806,-2.366,-0.54,0.806,2.366,-1.56
marker:0,1786962008.742,1786962008.742,0.0,-0.815,-2.358,-0.59,0.815,2.358,-1.5430000000000001
marker:0,1786962008.818,1786962008.818,0.0,-0.699,-2.248,-0.54,0.699,2.248,-1.5490000000000004
marker:0,1786962008.893,1786962008.868,-0.02499985694885254,-0.77,-2.365,-0.41,0.77,2.365,-1.5950000000000002
marker:0,1786962008.943,1786962008.943,0.0,-0.952,-2.581,-0.29,0.952,2.581,-1.629
marker:0,1786962009.043,1786962009.043,0.0,-0.558,-2.274,0.01,0.558,2.274,-1.716
marker:0,1786962009.143,1786962009.143,0.0,-0.372,-2.131,0.16,0.372,2.131,-1.759
marker:0,1786962009.217,1786962009.217,0.0,-0.503,-2.264,0.17,0.503,2.264,-1.7609999999999997
marker:0,1786962009.292,1786962009.292,0.0,-0.604,-2.345,0.1,0.604,2.345,-1.741
marker:0,1786962009.367,1786962009.367,0.0,-0.609,-2.318,-0.01,0.609,2.318,-1.709
marker:0,1786962009.442,1786962009.442,0.0,-0.659,-2.34,-0.11,0.659,2.34,-1.6809999999999998
marker:0,1786962009.517,1786962009.517,0.0,-0.706,-2.369,-0.18,0.706,2.369,-1.6630000000000003
marker:0,1786962009.617,1786962009.617,0.0,-0.765,-2.426,-0.18,0.765,2.426,-1.661
marker:0,1786962009.667,1786962009.667,0.0,-0.809,-2.463,-0.18,0.809,2.463,-1.654
marker:0,1786962009.792,1786962009.792,0.0,-0.809,-2.498,-0.08,0.809,2.498,-1.689
marker:0,1786962009.867,1786962009.867,0.0,-0.892,-2.607,0.01,0.892,2.607,-1.7150000000000003
marker:0,1786962009.967,1786962009.967,0.0,-0.965,-2.708,0.11,0.965,2.708,-1.7430000000000003
marker:0,1786962010.067,1786962010.067,0.0,-1.014,-2.758,0.11,1.014,2.758,-1.744
marker:0,1786962010.117,1786962010.117,0.0,-1.104,-2.842,0.09,1.104,2.842,-1.738
marker:0,1786962010.192,1786962010.192,0.0,-1.154,-2.863,-0.01,1.154,2.863,-1.709
marker:0,1786962010.292,1786962010.292,0.0,-1.163,-2.829,-0.16,1.163,2.829,-1.6660000000000001
marker:0,1786962010.368,1786962010.368,0.0,-1.195,-2.818,-0.31,1.195,2.818,-1.623
marker:0,1786962010.442,1786962010.442,0.0,-1.224,-2.827,-0.4,1.224,2.827,-1.603
marker:0,1786962010.517,1786962010.517,0.0,-1.196,-2.791,-0.41,1.196,2.791,-1.595
marker:0,1786962010.592,1786962010.592,0.0,-1.169,-2.781,-0.35,1.169,2.781,-1.612
marker:0,1786962010.692,1786962010.692,0.0,-1.297,-2.955,-0.15,1.297,2.955,-1.6580000000000001
marker:0,1786962010.767,1786962010.767,0.0,-1.4,-3.107,-0.02,1.4,3.107,-1.7070000000000003
marker:0,1786962010.842,1786962010.842,0.0,-1.512,-3.287,0.22,1.512,3.287,-1.775
marker:0,1786962010.917,1786962010.917,0.0,-1.664,-3.48,0.4,1.664,3.48,-1.816
marker:0,1786962011.017,1786962011.017,0.0,-1.846,-3.693,0.47,1.846,3.693,-1.847
marker:0,1786962011.067,1786962011.067,0.0,-1.885,-3.724,0.41,1.885,3.724,-1.8390000000000002
marker:0,1786962011.142,1786962011.142,0.0,-2.007,-3.808,0.26,2.007,3.808,-1.8009999999999997
marker:0,1786962011.217,1786962011.217,0.0,-1.999,-3.745,0.12,1.999,3.745,-1.746
marker:0,1786962011.292,1786962011.292,0.0,-1.925,-3.651,0.05,1.925,3.651,-1.7259999999999998
marker:0,1786962011.392,1786962011.392,0.0,-1.989,-3.67,-0.11,1.989,3.67,-1.6809999999999998
marker:0,1786962011.467,1786962011.467,0.0,-2.046,-3.701,-0.2,2.046,3.701,-1.6550000000000002
marker:0,1786962011.592,1786962011.592,0.0,-2.18,-3.82,-0.25,2.18,3.82,-1.6399999999999997
marker:0,1786962011.667,1786962011.667,0.0,-2.321,-3.962,-0.25,2.321,3.962,-1.641
marker:0,1786962011.767,1786962011.767,0.0,-2.37,-4.025,-0.2,2.37,4.025,-1.6550000000000002
marker:0,1786962011.842,1786962011.842,0.0,-2.481,-4.142,-0.18,2.481,4.142,-1.6610000000000005
marker:0,1786962011.942,1786962011.942,0.0,-2.532,-4.233,-0.04,2.532,4.233,-1.7009999999999996
marker:0,1786962012.018,1786962012.018,0.0,-2.616,-4.337,0.07,2.616,4.337,-1.7209999999999996
marker:0,1786962012.092,1786962012.092,0.0,-2.76,-4.512,0.14,2.76,4.512,-1.7519999999999998
marker:0,1786962012.192,1786962012.192,0.0,-2.958,-4.708,0.13,2.958,4.708,-1.75
marker:0,1786962012.267,1786962012.267,0.0,-3.102,-4.834,0.07,3.102,4.834,-1.7319999999999998
marker:0,1786962012.342,1786962012.342,0.0,-3.225,-4.937,0.0,3.225,4.937,-1.7120000000000002
marker:0,1786962012.417,1786962012.417,0.0,-3.325,-4.988,-0.17,3.325,4.988,-1.6630000000000003
marker:0,1786962012.517,1786962012.517,0.0,-3.398,-5.007,-0.36,3.398,5.007,-1.6089999999999995
marker:0,1786962012.617,1786962012.617,0.0,-3.401,-4.975,-0.48,3.401,4.975,-1.5739999999999998
marker:0,1786962012.717,1786962012.717,0.0,-3.388,-4.951,-0.52,3.388,4.951,-1.5629999999999997
marker:0,1786962012.792,1786962012.792,0.0,-3.331,-4.915,-0.45,3.331,4.915,-1.584
marker:0,1786962012.842,1786962012.842,0.0,-3.398,-5.021,-0.31,3.398,5.021,-1.6229999999999998
marker:0,1786962012.942,1786962012.942,0.0,-3.384,-5.076,-0.07,3.384,5.076,-1.6919999999999997
marker:0,1786962013.017,1786962013.017,0.0,-3.478,-5.274,0.29,3.478,5.274,-1.7959999999999998
marker:0,1786962013.117,1786962013.117,0.0,-3.757,-5.592,0.44,3.757,5.592,-1.8349999999999995
marker:0,1786962013.167,1786962013.167,0.0,-3.828,-5.675,0.47,3.828,5.675,-1.847
marker:0,1786962013.242,1786962013.242,0.0,-1.124,-2.934,0.3,1.124,2.934,-1.81
marker:0,1786962013.317,1786962013.317,0.0,-1.277,-3.004,0.05,1.277,3.004,-1.727
marker:0,1786962013.392,1786962013.392,0.0,-1.248,-2.915,-0.16,1.248,2.915,-1.667
marker:0,1786962013.442,1786962013.442,0.0,-1.304,-2.907,-0.38,1.304,2.907,-1.603
marker:0,1786962013.542,1786962013.542,0.0,-0.742,-2.294,-0.56,0.742,2.294,-1.552
marker:0,1786962013.617,1786962013.617,0.0,-0.751,-2.323,-0.47,0.751,2.323,-1.572
marker:0,1786962013.667,1786962013.667,0.0,-0.904,-2.504,-0.39,0.904,2.504,-1.6
marker:0,1786962013.742,1786962013.742,0.0,-0.749,-2.45,-0.04,0.749,2.45,-1.701
marker:0,1786962013.842,1786962013.842,0.0,-0.87,-2.738,0.42,0.87,2.738,-1.8679999999999999
marker:0,1786962013.892,1786962013.892,0.0,-1.081,-2.951,0.6,1.081,2.951,-1.87
marker:0,1786962013.968,1786962013.968,0.0,-1.168,-3.064,0.64,1.168,3.064,-1.8960000000000001
marker:0,1786962014.042,1786962014.042,0.0,-1.057,-2.936,0.53,1.057,2.936,-1.879
marker:0,1786962014.117,1786962014.117,0.0,-1.225,-3.023,0.3,1.225,3.023,-1.798
marker:0,1786962014.167,1786962014.167,0.0,-1.156,-2.903,0.03,1.156,2.903,-1.747
marker:0,1786962014.243,1786962014.243,0.0,-1.308,-2.934,-0.3,1.308,2.934,-1.6260000000000001
marker:0,1786962014.343,1786962014.343,0.0,-1.192,-2.729,-0.61,1.192,2.729,-1.5370000000000001
marker:0,1786962014.392,1786962014.392,0.0,-0.83,-2.316,-0.79,0.83,2.316,-1.4859999999999998
marker:0,1786962014.467,1786962014.467,0.0,-1.123,-2.621,-0.75,1.123,2.621,-1.498
marker:0,1786962014.542,1786962014.542,0.0,-1.09,-2.644,-0.55,1.09,2.644,-1.554
marker:0,1786962014.617,1786962014.617,0.0,-0.897,-2.561,-0.17,0.897,2.561,-1.664
marker:0,1786962014.692,1786962014.692,0.0,-1.267,-2.997,0.15,1.267,2.997,-1.73
marker:0,1786962014.792,1786962014.792,0.0,-1.075,-2.904,0.47,1.075,2.904,-1.829
marker:0,1786962014.892,1786962014.892,0.0,-1.184,-3.048,0.53,1.184,3.048,-1.864
marker:0,1786962014.942,1786962014.942,0.0,-1.246,-3.099,0.49,1.246,3.099,-1.8530000000000002
marker:0,1786962015.017,1786962015.017,0.0,-1.302,-3.1,0.3,1.302,3.1,-1.798
marker:0,1786962015.117,1786962015.117,0.0,-1.417,-3.095,-0.12,1.417,3.095,-1.6780000000000002
marker:0,1786962015.217,1786962015.217,0.0,-1.424,-3.019,-0.46,1.424,3.019,-1.5950000000000002
marker:0,1786962015.342,1786962015.342,0.0,-1.089,-2.666,-0.47,1.089,2.666,-1.577
marker:0,1786962015.417,1786962015.417,0.0,-1.01,-2.628,-0.28,1.01,2.628,-1.618
marker:0,1786962015.467,1786962015.467,0.0,-0.966,-2.658,-0.07,0.966,2.658,-1.692
marker:0,1786962015.592,1786962015.592,0.0,-1.344,-3.142,0.3,1.344,3.142,-1.7979999999999998
marker:0,1786962015.692,1786962015.692,0.0,-1.589,-3.433,0.46,1.589,3.433,-1.8439999999999999
marker:0,1786962015.767,1786962015.767,0.0,-1.858,-3.697,0.44,1.858,3.697,-1.839
marker:0,1786962015.842,1786962015.842,0.0,-1.965,-3.741,0.22,1.965,3.741,-1.776
marker:0,1786962015.917,1786962015.917,0.0,-2.044,-3.765,0.03,2.044,3.765,-1.721
marker:0,1786962015.992,1786962015.992,0.0,-2.022,-3.671,-0.22,2.022,3.671,-1.649
marker:0,1786962016.067,1786962016.067,0.0,-2.105,-3.7,-0.41,2.105,3.7,-1.5950000000000002
marker:0,1786962016.117,1786962016.117,0.0,-2.063,-3.652,-0.43,2.063,3.652,-1.589
marker:0,1786962016.192,1786962016.192,0.0,-2.028,-3.623,-0.41,2.028,3.623,-1.5950000000000002
marker:0,1786962016.242,1786962016.242,0.0,-2.073,-3.693,-0.32,2.073,3.693,-1.62
marker:0,1786962016.317,1786962016.317,0.0,-2.017,-3.675,-0.16,2.017,3.675,-1.658
marker:0,1786962016.392,1786962016.392,0.0,-2.129,-3.841,0.0,2.129,3.841,-1.7120000000000002
marker:0,1786962016.467,1786962016.467,0.0,-2.211,-3.926,0.02,2.211,3.926,-1.7150000000000003
marker:0,1786962016.517,1786962016.517,0.0,-2.331,-4.044,0.0,2.331,4.044,-1.7129999999999996
marker:0,1786962016.592,1786962016.592,0.0,-2.361,-4.059,-0.05,2.361,4.059,-1.698
marker:0,1786962016.692,1786962016.692,0.0,-2.378,-4.053,-0.15,2.378,4.053,-1.6749999999999998
marker:0,1786962016.742,1786962016.742,0.0,-2.451,-4.118,-0.16,2.451,4.118,-1.6670000000000003
marker:0,1786962016.842,1786962016.842,0.0,-2.476,-4.16,-0.1,2.476,4.16,-1.6840000000000002
marker:0,1786962016.892,1786962016.892,0.0,-2.546,-4.258,0.0,2.546,4.258,-1.7120000000000002
marker:0,1786962016.967,1786962016.967,0.0,-2.694,-4.444,0.13,2.694,4.444,-1.75
marker:0,1786962017.042,1786962017.042,0.0,-2.735,-4.511,0.29,2.735,4.511,-1.7760000000000002
marker:0,1786962017.092,1786962017.092,0.0,-2.884,-4.7,0.36,2.884,4.7,-1.8160000000000003
marker:0,1786962017.167,1786962017.167,0.0,-2.99,-4.817,0.4,2.99,4.817,-1.827
marker:0,1786962017.242,1786962017.242,0.0,-3.091,-4.909,0.37,3.091,4.909,-1.8179999999999996
marker:0,1786962017.342,1786962017.342,0.0,-3.12,-4.892,0.2,3.12,4.892,-1.7720000000000002
marker:0,1786962017.392,1786962017.392,0.0,-3.156,-4.897,0.1,3.156,4.897,-1.741
marker:0,1786962017.492,1786962017.492,0.0,-3.17,-4.888,0.02,3.17,4.888,-1.718
marker:0,1786962017.592,1786962017.592,0.0,-3.231,-4.966,0.08,3.231,4.966,-1.7350000000000003
marker:0,1786962017.667,1786962017.667,0.0,-3.351,-5.106,0.17,3.351,5.106,-1.755
marker:0,1786962017.767,1786962017.767,0.0,-3.426,-5.233,0.33,3.426,5.233,-1.8069999999999995
marker:0,1786962017.842,1786962017.842,0.0,-3.435,-5.276,0.51,3.435,5.276,-1.8409999999999997
marker:0,1786962017.892,1786962017.892,0.0,-3.619,-5.519,0.61,3.619,5.519,-1.9
marker:0,1786962017.967,1786962017.967,0.0,-3.721,-5.64,0.72,3.721,5.64,-1.9189999999999996
marker:0,1786962018.042,1786962018.042,0.0,-3.873,-5.797,0.72,3.873,5.797,-1.9239999999999995
marker:0,1786962018.142,1786962018.142,0.0,-3.99,-5.867,0.7,3.99,5.867,-1.8769999999999998
marker:0,1786962018.217,1786962018.217,0.0,-4.059,-5.938,0.58,4.059,5.938,-1.8789999999999996
marker:0,1786962018.267,1786962018.267,0.0,-4.084,-5.934,0.48,4.084,5.934,-1.8500000000000005
marker:0,1786962018.367,1786962018.367,0.0,-4.052,-5.847,0.29,4.052,5.847,-1.7950000000000008
marker:0,1786962018.467,1786962018.467,0.0,-4.011,-5.772,0.14,4.011,5.772,-1.7610000000000001
marker:0,1786962018.567,1786962018.567,0.0,-4.091,-5.84,0.13,4.091,5.84,-1.7489999999999997
marker:0,1786962018.667,1786962018.667,0.0,-4.123,-5.893,0.2,4.123,5.893,-1.7699999999999996
marker:0,1786962018.767,1786962018.767,0.0,-4.133,-5.945,0.35,4.133,5.945,-1.8120000000000003
marker:0,1786962018.842,1786962018.842,0.0,-4.226,-6.044,0.37,4.226,6.044,-1.8179999999999996
marker:0,1786962018.917,1786962018.917,0.0,-4.437,-6.273,0.43,4.437,6.273,-1.8359999999999994
marker:0,1786962019.017,1786962019.017,0.0,-4.556,-6.414,0.52,4.556,6.414,-1.8579999999999997
marker:0,1786962019.092,1786962019.092,0.0,-4.743,-6.632,0.57,4.743,6.632,-1.8889999999999993
marker:0,1786962019.167,1786962019.167,0.0,-4.878,-6.762,0.6,4.878,6.762,-1.8839999999999995
marker:0,1786962019.267,1786962019.267,0.0,-4.914,-6.804,0.62,4.914,6.804,-1.8900000000000006
marker:0,1786962019.367,1786962019.367,0.0,-4.949,-6.831,0.59,4.949,6.831,-1.8820000000000006
marker:0,1786962019.442,1786962019.442,0.0,-4.988,-6.855,0.54,4.988,6.855,-1.867
marker:0,1786962024.542,1786962024.542,0.0,-2.925,-5.005,1.28,2.925,5.005,-2.08
marker:0,1786962024.617,1786962024.617,0.0,-2.996,-5.115,1.44,2.996,5.115,-2.119
marker:0,1786962024.717,1786962024.717,0.0,-3.018,-5.168,1.53,3.018,5.168,-2.1500000000000004
marker:0,1786962024.817,1786962024.817,0.0,-3.055,-5.212,1.55,3.055,5.212,-2.1569999999999996
marker:0,1786962024.892,1786962024.892,0.0,-3.126,-5.263,1.48,3.126,5.263,-2.137
marker:0,1786962024.992,1786962024.992,0.0,-3.158,-5.266,1.38,3.158,5.266,-2.108
marker:0,1786962025.092,1786962025.092,0.0,-3.338,-5.4,1.22,3.338,5.4,-2.0620000000000003
marker:0,1786962025.167,1786962025.167,0.0,-3.294,-5.284,0.97,3.294,5.284,-1.9899999999999998
marker:0,1786962025.317,1786962025.317,0.0,-3.446,-5.373,0.75,3.446,5.373,-1.927
marker:0,1786962025.392,1786962025.392,0.0,-3.465,-5.372,0.68,3.465,5.372,-1.907
marker:0,1786962025.467,1786962025.467,0.0,-3.558,-5.459,0.66,3.558,5.459,-1.9009999999999998
marker:0,1786962025.567,1786962025.567,0.0,-3.375,-5.268,0.63,3.375,5.268,-1.8929999999999998
marker:0,1786962025.642,1786962025.642,0.0,-3.434,-5.344,0.69,3.434,5.344,-1.9100000000000001
marker:0,1786962025.742,1786962025.742,0.0,-3.491,-5.412,0.73,3.491,5.412,-1.9209999999999998
marker:0,1786962025.792,1786962025.792,0.0,-3.592,-5.508,0.71,3.592,5.508,-1.916
marker:0,1786962025.917,1786962025.917,0.0,-3.612,-5.542,0.76,3.612,5.542,-1.9299999999999997
marker:0,1786962026.242,1786962026.242,0.0,-2.252,-4.259,1.03,2.252,4.259,-2.0070000000000006
marker:0,1786962026.317,1786962026.317,0.0,-2.304,-4.335,1.11,2.304,4.335,-2.031
marker:0,1786962026.417,1786962026.417,0.0,-2.486,-4.522,1.13,2.486,4.522,-2.036
marker:0,1786962026.492,1786962026.492,0.0,-2.559,-4.607,1.17,2.559,4.607,-2.048
marker:0,1786962026.567,1786962026.567,0.0,-2.67,-4.732,1.22,2.67,4.732,-2.0620000000000003
marker:0,1786962026.642,1786962026.642,0.0,-2.752,-4.808,1.2,2.752,4.808,-2.056
marker:0,1786962026.692,1786962026.692,0.0,-2.86,-4.92,1.21,2.86,4.92,-2.06
marker:0,1786962026.817,1786962026.817,0.0,-2.534,-4.579,1.16,2.534,4.579,-2.045
marker:0,1786962026.892,1786962026.892,0.0,-2.464,-4.498,1.12,2.464,4.498,-2.0340000000000003
marker:0,1786962026.967,1786962026.967,0.0,-2.661,-4.666,1.02,2.661,4.666,-2.0050000000000003
marker:0,1786962027.042,1786962027.042,0.0,-2.648,-4.63,0.94,2.648,4.63,-1.9819999999999998
marker:0,1786962027.142,1786962027.142,0.0,-2.682,-4.644,0.82,2.682,4.644,-1.9620000000000002
marker:0,1786962027.192,1786962027.192,0.0,-2.689,-4.622,0.77,2.689,4.622,-1.9329999999999998
marker:0,1786962027.267,1786962027.267,0.0,-2.812,-4.725,0.7,2.812,4.725,-1.9129999999999998
marker:0,1786962027.367,1786962027.367,0.0,-2.75,-4.663,0.7,2.75,4.663,-1.9130000000000003
marker:0,1786962027.417,1786962027.417,0.0,-2.749,-4.66,0.69,2.749,4.66,-1.911
marker:0,1786962027.492,1786962027.492,0.0,-2.773,-4.683,0.69,2.773,4.683,-1.9099999999999997
marker:0,1786962047.642,1786962047.642,0.0,-2.859,-4.571,0.02,2.859,4.571,-1.7119999999999997
marker:0,1786962047.742,1786962047.742,0.0,-2.781,-4.514,0.07,2.781,4.514,-1.733
marker:0,1786962047.792,1786962047.792,0.0,-2.702,-4.431,0.06,2.702,4.431,-1.729
marker:0,1786962047.867,1786962047.867,0.0,-3.088,-4.812,0.04,3.088,4.812,-1.7240000000000002
marker:0,1786962047.967,1786962047.967,0.0,-3.027,-4.734,-0.02,3.027,4.734,-1.7069999999999999
marker:0,1786962048.042,1786962048.042,0.0,-2.918,-4.63,-0.01,2.918,4.63,-1.7119999999999997
marker:0,1786962048.117,1786962048.117,0.0,-2.836,-4.549,0.0,2.836,4.549,-1.7130000000000005
marker:0,1786962048.192,1786962048.192,0.0,-2.779,-4.509,0.06,2.779,4.509,-1.7300000000000004
marker:0,1786962048.242,1786962048.242,0.0,-2.555,-4.316,0.17,2.555,4.316,-1.7609999999999997
marker:0,1786962048.317,1786962048.317,0.0,-2.43,-4.22,0.27,2.43,4.22,-1.7899999999999996
marker:0,1786962048.442,1786962048.442,0.0,-2.868,-4.712,0.52,2.868,4.712,-1.8439999999999999
marker:0,1786962048.492,1786962048.492,0.0,-2.831,-4.701,0.54,2.831,4.701,-1.8699999999999997
marker:0,1786962048.617,1786962048.617,0.0,-2.711,-4.566,0.43,2.711,4.566,-1.855
marker:0,1786962048.667,1786962048.667,0.0,-2.588,-4.415,0.35,2.588,4.415,-1.827
marker:0,1786962048.767,1786962048.767,0.0,-2.51,-4.286,0.22,2.51,4.286,-1.7759999999999998
marker:0,1786962048.817,1786962048.817,0.0,-2.38,-4.126,0.12,2.38,4.126,-1.7460000000000004
marker:0,1786962048.867,1786962048.867,0.0,-2.273,-3.997,0.04,2.273,3.997,-1.7239999999999998
marker:0,1786962049.042,1786962049.042,0.0,-3.412,-5.156,0.14,3.412,5.156,-1.7439999999999998
marker:0,1786962049.142,1786962049.142,0.0,-3.128,-4.918,0.27,3.128,4.918,-1.79
marker:0,1786962049.192,1786962049.192,0.0,-2.988,-4.786,0.3,2.988,4.786,-1.7979999999999996
marker:0,1786962049.317,1786962049.317,0.0,-2.83,-4.657,0.4,2.83,4.657,-1.827
marker:0,1786962049.367,1786962049.392,0.02499985694885254,-2.733,-4.566,0.42,2.733,4.566,-1.8329999999999997
marker:0,1786962049.467,1786962049.467,0.0,-2.692,-4.527,0.43,2.692,4.527,-1.835
marker:0,1786962049.517,1786962049.517,0.0,-2.607,-4.459,0.49,2.607,4.459,-1.8519999999999994
marker:0,1786962049.642,1786962049.642,0.0,-2.534,-4.424,0.67,2.534,4.424,-1.8900000000000006
marker:0,1786962049.717,1786962049.717,0.0,-2.421,-4.366,0.81,2.421,4.366,-1.9449999999999998
marker:0,1786962049.842,1786962049.842,0.0,-2.278,-4.269,0.97,2.278,4.269,-1.991
marker:0,1786962049.917,1786962049.917,0.0,-3.585,-5.604,1.07,3.585,5.604,-2.019
marker:0,1786962050.017,1786962050.017,0.0,-3.477,-5.491,1.05,3.477,5.491,-2.014
marker:0,1786962050.092,1786962050.092,0.0,-3.314,-5.307,0.98,3.314,5.307,-1.9930000000000003
marker:0,1786962050.167,1786962050.167,0.0,-4.063,-6.002,0.79,4.063,6.002,-1.939
marker:0,1786962050.242,1786962050.242,0.0,-3.899,-5.804,0.67,3.899,5.804,-1.9050000000000002
marker:0,1786962050.342,1786962050.342,0.0,-3.707,-5.574,0.52,3.707,5.574,-1.867
marker:0,1786962050.392,1786962050.392,0.0,-3.531,-5.372,0.45,3.531,5.372,-1.8409999999999997
marker:0,1786962050.467,1786962050.467,0.0,-3.431,-5.273,0.45,3.431,5.273,-1.8419999999999996
marker:0,1786962050.542,1786962050.542,0.0,-3.207,-5.052,0.46,3.207,5.052,-1.8449999999999998
marker:0,1786962050.642,1786962050.642,0.0,-3.044,-4.883,0.44,3.044,4.883,-1.839
marker:0,1786962050.742,1786962050.742,0.0,-2.903,-4.715,0.31,2.903,4.715,-1.8119999999999998
marker:0,1786962050.867,1786962050.867,0.0,-2.695,-4.453,0.11,2.695,4.453,-1.7580000000000005
marker:0,1786962050.992,1786962050.992,0.0,-2.488,-4.218,0.06,2.488,4.218,-1.73
marker:0,1786962051.117,1786962051.117,0.0,-2.405,-4.163,0.16,2.405,4.163,-1.7580000000000005
marker:0,1786962051.242,1786962051.242,0.0,-2.22,-4.015,0.29,2.22,4.015,-1.7949999999999995
marker:0,1786962051.342,1786962051.342,0.0,-2.071,-3.909,0.37,2.071,3.909,-1.8379999999999996
marker:0,1786962051.392,1786962051.392,0.0,-1.893,-3.717,0.39,1.893,3.717,-1.824
marker:0,1786962051.492,1786962051.492,0.0,-1.75,-3.594,0.46,1.75,3.594,-1.8439999999999999
marker:0,1786962051.642,1786962051.642,0.0,-1.526,-3.402,0.57,1.526,3.402,-1.8760000000000001
marker:0,1786962051.767,1786962051.767,0.0,-1.295,-3.208,0.7,1.295,3.208,-1.9130000000000003
marker:0,1786962051.867,1786962051.867,0.0,-1.136,-3.055,0.74,1.136,3.055,-1.9190000000000003
marker:0,1786962051.942,1786962051.942,0.0,-1.064,-2.986,0.68,1.064,2.986,-1.9220000000000002
marker:0,1786962052.192,1786962052.192,0.0,-0.783,-2.607,0.39,0.783,2.607,-1.8240000000000003
marker:0,1786962052.242,1786962052.242,0.0,-0.655,-2.464,0.34,0.655,2.464,-1.809
marker:0,1786962052.342,1786962052.342,0.0,0.221,-1.578,0.33,0.221,1.578,-1.357
marker:0,1786962052.467,1786962052.467,0.0,0.935,-0.914,0.48,0.935,0.914,0.02100000000000002
marker:0,1786962052.517,1786962052.517,0.0,1.365,-0.519,0.6,1.365,0.519,0.846
marker:0,1786962052.592,1786962052.592,0.0,1.529,-0.378,0.68,1.529,0.378,1.1509999999999998
marker:0,1786962052.667,1786962052.667,0.0,1.818,-0.086,0.67,1.818,0.086,1.732
marker:0,1786962052.742,1786962052.742,0.0,1.969,0.088,0.56,1.969,0.088,1.881
marker:0,1786962052.842,1786962052.842,0.0,2.066,0.25,0.36,2.066,0.25,1.8159999999999998
marker:0,1786962052.892,1786962052.892,0.0,2.402,0.626,0.22,2.402,0.626,1.7760000000000002
marker:0,1786962052.967,1786962052.967,0.0,2.607,0.878,0.06,2.607,0.878,1.729
marker:0,1786962053.067,1786962053.067,0.0,3.024,1.312,0.01,3.024,1.312,1.712
marker:0,1786962053.117,1786962053.117,0.0,3.328,1.608,0.05,3.328,1.608,1.7199999999999998
marker:0,1786962053.217,1786962053.217,0.0,3.566,1.814,0.14,3.566,1.814,1.7519999999999998
marker:0,1786962053.292,1786962053.292,0.0,3.728,1.936,0.28,3.728,1.936,1.7920000000000003
marker:0,1786962053.392,1786962053.392,0.0,3.908,2.058,0.48,3.908,2.058,1.85
marker:0,1786962053.492,1786962053.492,0.0,4.035,2.131,0.67,4.035,2.131,1.9040000000000004
marker:0,1786962053.592,1786962053.592,0.0,4.181,2.254,0.75,4.181,2.254,1.927
marker:0,1786962053.692,1786962053.692,0.0,4.303,2.382,0.73,4.303,2.382,1.9209999999999998
marker:0,1786962064.742,1786962064.742,0.0,-3.151,-4.677,-0.65,3.151,4.677,-1.5259999999999998
marker:0,1786962064.792,1786962064.792,0.0,-3.213,-4.739,-0.64,3.213,4.739,-1.5259999999999998
marker:0,1786962064.892,1786962064.892,0.0,-3.161,-4.698,-0.61,3.161,4.698,-1.5370000000000004
marker:0,1786962064.942,1786962064.942,0.0,-3.126,-4.669,-0.61,3.126,4.669,-1.5429999999999997
marker:0,1786962065.017,1786962065.017,0.0,-3.145,-4.682,-0.61,3.145,4.682,-1.5370000000000004
marker:0,1786962065.067,1786962065.067,0.0,-3.087,-4.613,-0.65,3.087,4.613,-1.5260000000000002
marker:0,1786962065.142,1786962065.142,0.0,-3.047,-4.576,-0.64,3.047,4.576,-1.5289999999999995
marker:0,1786962065.242,1786962065.242,0.0,-3.482,-5.022,-0.57,3.482,5.022,-1.54
marker:0,1786962065.292,1786962065.292,0.0,-3.275,-4.838,-0.47,3.275,4.838,-1.5630000000000002
marker:0,1786962065.417,1786962065.417,0.0,-3.2,-4.843,-0.17,3.2,4.843,-1.6429999999999998
marker:0,1786962065.492,1786962065.492,0.0,-3.162,-4.874,0.0,3.162,4.874,-1.7119999999999997
marker:0,1786962065.592,1786962065.592,0.0,-3.003,-4.819,0.19,3.003,4.819,-1.8159999999999998
marker:0,1786962065.667,1786962065.667,0.0,-2.911,-4.689,0.23,2.911,4.689,-1.778
marker:0,1786962065.717,1786962065.717,0.0,-2.958,-4.736,0.23,2.958,4.736,-1.7779999999999996
marker:0,1786962065.842,1786962065.842,0.0,-3.117,-4.849,0.07,3.117,4.849,-1.7320000000000002
marker:0,1786962065.892,1786962065.892,0.0,-2.815,-4.524,-0.01,2.815,4.524,-1.709
marker:0,1786962065.967,1786962065.967,0.0,-2.652,-4.33,-0.12,2.652,4.33,-1.678
marker:0,1786962066.017,1786962066.017,0.0,-2.426,-4.093,-0.16,2.426,4.093,-1.6669999999999998
marker:0,1786962066.117,1786962066.117,0.0,-2.243,-3.935,-0.07,2.243,3.935,-1.6920000000000002
marker:0,1786962066.217,1786962066.217,0.0,-2.388,-4.109,0.03,2.388,4.109,-1.721
marker:0,1786962066.292,1786962066.292,0.0,-2.473,-4.217,0.11,2.473,4.217,-1.7439999999999998
marker:0,1786962066.392,1786962066.392,0.0,-2.732,-4.487,0.15,2.732,4.487,-1.755
marker:0,1786962066.492,1786962066.492,0.0,-2.753,-4.5,0.08,2.753,4.5,-1.7469999999999999
marker:0,1786962066.567,1786962066.567,0.0,-2.639,-4.363,0.04,2.639,4.363,-1.7240000000000006
marker:0,1786962066.642,1786962066.642,0.0,-2.474,-4.192,-0.04,2.474,4.192,-1.718
marker:0,1786962066.717,1786962066.717,0.0,-1.786,-3.467,-0.11,1.786,3.467,-1.681
marker:0,1786962066.817,1786962066.817,0.0,-1.644,-3.324,-0.11,1.644,3.324,-1.68
marker:0,1786962066.917,1786962066.917,0.0,-1.438,-3.153,0.01,1.438,3.153,-1.715
marker:0,1786962066.992,1786962066.992,0.0,-0.66,-2.413,0.14,0.66,2.413,-1.7529999999999997
marker:0,1786962067.092,1786962067.092,0.0,-0.675,-2.487,0.35,0.675,2.487,-1.812
marker:0,1786962067.167,1786962067.167,0.0,-0.546,-2.379,0.42,0.546,2.379,-1.833
marker:0,1786962067.267,1786962067.267,0.0,-2.376,-4.229,0.49,2.376,4.229,-1.8530000000000002
marker:0,1786962067.342,1786962067.342,0.0,-2.263,-4.119,0.5,2.263,4.119,-1.8559999999999999
marker:0,1786962067.467,1786962067.467,0.0,-2.179,-4.049,0.55,2.179,4.049,-1.8700000000000006
marker:0,1786962067.542,1786962067.542,0.0,-0.96,-2.83,0.55,0.96,2.83,-1.87
marker:0,1786962067.642,1786962067.642,0.0,-0.733,-2.611,0.58,0.733,2.611,-1.8780000000000001
marker:0,1786962067.717,1786962067.717,0.0,-0.707,-2.586,0.58,0.707,2.586,-1.879
marker:0,1786962067.792,1786962067.792,0.0,-0.68,-2.541,0.52,0.68,2.541,-1.8609999999999998
marker:0,1786962067.867,1786962067.867,0.0,-0.659,-2.488,0.41,0.659,2.488,-1.829
marker:0,1786962067.917,1786962067.917,0.0,-2.127,-3.946,0.37,2.127,3.946,-1.8190000000000004
marker:0,1786962067.992,1786962067.992,0.0,-2.047,-3.857,0.32,2.047,3.857,-1.81
marker:0,1786962068.092,1786962068.092,0.0,-1.92,-3.744,0.39,1.92,3.744,-1.8240000000000003
marker:0,1786962068.167,1786962068.167,0.0,-1.848,-3.701,0.49,1.848,3.701,-1.853
marker:0,1786962068.242,1786962068.242,0.0,-0.918,-2.82,0.66,0.918,2.82,-1.9019999999999997
marker:0,1786962068.342,1786962068.342,0.0,-0.109,-2.057,0.82,0.109,2.057,-1.948
marker:0,1786962068.417,1786962068.417,0.0,-0.357,-2.327,0.93,0.357,2.327,-1.97
marker:0,1786962068.492,1786962068.492,0.0,-0.334,-2.302,0.89,0.334,2.302,-1.968
marker:0,1786962068.567,1786962068.567,0.0,-1.891,-3.812,0.73,1.891,3.812,-1.9209999999999998
marker:0,1786962068.642,1786962068.642,0.0,-1.858,-3.737,0.58,1.858,3.737,-1.879
marker:0,1786962068.717,1786962068.717,0.0,-1.812,-3.659,0.42,1.812,3.659,-1.8469999999999998
marker:0,1786962068.792,1786962068.792,0.0,-0.878,-2.702,0.39,0.878,2.702,-1.8239999999999998
marker:0,1786962068.892,1786962068.892,0.0,-0.861,-2.7,0.44,0.861,2.7,-1.8390000000000002
marker:0,1786962068.967,1786962068.967,0.0,-0.518,-2.394,0.57,0.518,2.394,-1.8760000000000001
marker:0,1786962069.067,1786962069.067,0.0,-1.752,-3.699,0.82,1.752,3.699,-1.9469999999999998
marker:0,1786962069.142,1786962069.142,0.0,-1.16,-3.153,0.98,1.16,3.153,-1.993
marker:0,1786962069.242,1786962069.242,0.0,0.471,-1.531,1.01,0.471,1.531,-1.06
marker:0,1786962069.342,1786962069.342,0.0,0.41,-1.575,0.95,0.41,1.575,-1.165
marker:0,1786962069.442,1786962069.442,0.0,-1.979,-3.912,0.73,1.979,3.912,-1.9329999999999998
marker:0,1786962069.517,1786962069.517,0.0,-2.074,-3.97,0.58,2.074,3.97,-1.8960000000000004
marker:0,1786962069.592,1786962069.592,0.0,0.322,-1.556,0.53,0.322,1.556,-1.234
marker:0,1786962069.692,1786962069.692,0.0,-0.951,-2.783,0.42,0.951,2.783,-1.8319999999999999
marker:0,1786962069.767,1786962069.767,0.0,-0.916,-2.74,0.39,0.916,2.74,-1.8240000000000003
marker:0,1786962069.867,1786962069.867,0.0,-0.745,-2.58,0.43,0.745,2.58,-1.835
marker:0,1786962070.042,1786962070.042,0.0,0.303,-1.564,0.54,0.303,1.564,-1.2610000000000001
marker:0,1786962070.117,1786962070.117,0.0,0.321,-1.563,0.6,0.321,1.563,-1.242
marker:0,1786962070.217,1786962070.217,0.0,-1.715,-3.579,0.53,1.715,3.579,-1.864
marker:0,1786962070.342,1786962070.342,0.0,-0.039,-1.854,0.36,0.039,1.854,-1.8150000000000002
marker:0,1786962070.392,1786962070.392,0.0,0.1,-1.67,0.2,0.1,1.67,-1.5699999999999998
marker:0,1786962070.467,1786962070.467,0.0,0.169,-1.537,-0.02,0.169,1.537,-1.3679999999999999
marker:0,1786962070.542,1786962070.542,0.0,0.283,-1.383,-0.16,0.283,1.383,-1.1
marker:0,1786962070.667,1786962070.667,0.0,0.423,-1.241,-0.17,0.423,1.241,-0.8180000000000001
marker:0,1786962070.742,1786962070.742,0.0,-1.658,-3.342,-0.1,1.658,3.342,-1.6840000000000002
marker:0,1786962070.842,1786962070.842,0.0,-1.664,-3.368,-0.03,1.664,3.368,-1.704
marker:0,1786962070.892,1786962070.892,0.0,-0.832,-2.541,-0.01,0.832,2.541,-1.709
marker:0,1786962070.967,1786962070.967,0.0,-0.753,-2.456,-0.03,0.753,2.456,-1.7029999999999998
marker:0,1786962071.067,1786962071.067,0.0,-0.986,-2.669,-0.12,0.986,2.669,-1.683
marker:0,1786962071.167,1786962071.167,0.0,-1.018,-2.687,-0.15,1.018,2.687,-1.6689999999999998
marker:0,1786962071.242,1786962071.242,0.0,-0.917,-2.598,-0.11,0.917,2.598,-1.6809999999999998
marker:0,1786962071.342,1786962071.342,0.0,-0.907,-2.622,0.0,0.907,2.622,-1.7149999999999999
marker:0,1786962071.442,1786962071.442,0.0,-0.094,-1.829,0.11,0.094,1.829,-1.7349999999999999
marker:0,1786962071.517,1786962071.517,0.0,-0.042,-1.786,0.11,0.042,1.786,-1.744
marker:0,1786962071.617,1786962071.617,0.0,-0.243,-1.955,0.0,0.243,1.955,-1.7120000000000002
marker:0,1786962071.742,1786962071.742,0.0,-0.1,-1.766,-0.2,0.1,1.766,-1.666
marker:0,1786962071.892,1786962071.892,0.0,0.147,-1.505,-0.21,0.147,1.505,-1.3579999999999999
marker:0,1786962071.967,1786962071.967,0.0,-0.114,-1.812,-0.05,0.114,1.812,-1.698
marker:0,1786962072.142,1786962072.142,0.0,-1.549,-3.27,0.27,1.549,3.27,-1.721
marker:0,1786962072.217,1786962072.217,0.0,-1.585,-3.36,0.22,1.585,3.36,-1.775
marker:0,1786962072.292,1786962072.292,0.0,-0.68,-2.409,0.06,0.68,2.409,-1.7289999999999996
marker:0,1786962072.367,1786962072.367,0.0,-0.663,-2.332,-0.15,0.663,2.332,-1.6689999999999998
marker:0,1786962072.442,1786962072.442,0.0,-1.683,-3.287,-0.46,1.683,3.287,-1.6039999999999999
marker:0,1786962072.517,1786962072.517,0.0,-0.62,-2.146,-0.69,0.62,2.146,-1.5259999999999998
marker:0,1786962072.617,1786962072.617,0.0,-0.398,-1.901,-0.73,0.398,1.901,-1.5030000000000001
marker:0,1786962072.717,1786962072.717,0.0,-0.262,-1.802,-0.6,0.262,1.802,-1.54
marker:0,1786962072.792,1786962072.792,0.0,-0.252,-1.85,-0.4,0.252,1.85,-1.598
marker:0,1786962073.192,1786962073.192,0.0,-1.092,-2.569,-0.82,1.092,2.569,-1.4769999999999999
marker:0,1786962073.342,1786962073.342,0.0,-0.883,-2.212,-1.43,0.883,2.212,-1.3290000000000002
marker:0,1786962073.417,1786962073.417,0.0,-0.702,-2.027,-1.64,0.702,2.027,-1.3250000000000002
marker:0,1786962073.517,1786962073.517,0.0,-0.696,-2.021,-1.63,0.696,2.021,-1.325
marker:0,1786962073.592,1786962073.592,0.0,-0.761,-2.088,-1.51,0.761,2.088,-1.327
marker:0,1786962073.692,1786962073.692,0.0,-0.941,-2.271,-1.36,0.941,2.271,-1.33
marker:0,1786962073.767,1786962073.767,0.0,-1.151,-2.533,-1.15,1.151,2.533,-1.382
marker:0,1786962073.842,1786962073.842,0.0,-1.337,-2.736,-1.09,1.337,2.736,-1.3990000000000002
marker:0,1786962073.917,1786962073.917,0.0,-1.396,-2.787,-1.12,1.396,2.787,-1.391
marker:0,1786962074.092,1786962074.092,0.0,-1.793,-3.511,-1.28,1.793,3.511,-1.7180000000000002
marker:0,1786962074.392,1786962074.392,0.0,-1.998,-3.317,-1.9,1.998,3.317,-1.3190000000000002
marker:0,1786962074.792,1786962074.792,0.0,-2.183,-3.513,-1.39,2.183,3.513,-1.33
marker:0,1786962074.892,1786962074.892,0.0,-2.318,-3.677,-1.23,2.318,3.677,-1.359
marker:0,1786962075.092,1786962075.092,0.0,-2.034,-3.365,-1.39,2.034,3.365,-1.3310000000000004
marker:0,1786962075.617,1786962075.617,0.0,-1.528,-2.852,-1.65,1.528,2.852,-1.3239999999999998
marker:0,1786962075.717,1786962075.717,0.0,-1.332,-2.709,-1.17,1.332,2.709,-1.377
marker:0,1786962075.817,1786962075.817,0.0,-1.458,-2.935,-0.82,1.458,2.935,-1.477
marker:0,1786962075.867,1786962075.867,0.0,-1.761,-3.278,-0.68,1.761,3.278,-1.5170000000000001
marker:0,1786962075.942,1786962075.942,0.0,-1.454,-2.98,-0.65,1.454,2.98,-1.526
marker:0,1786962076.092,1786962076.092,0.0,-1.182,-2.616,-0.97,1.182,2.616,-1.4340000000000002
marker:0,1786962076.192,1786962076.192,0.0,-0.303,-1.629,-1.57,0.303,1.629,-1.326
marker:0,1786962076.667,1786962076.667,0.0,-0.458,-1.786,-1.47,0.458,1.786,-1.328
marker:0,1786962076.742,1786962076.742,0.0,-0.604,-1.969,-1.21,0.604,1.969,-1.3650000000000002
marker:0,1786962076.817,1786962076.817,0.0,-0.493,-1.901,-1.01,0.493,1.901,-1.408
marker:0,1786962076.917,1786962076.917,0.0,-0.38,-1.809,-0.99,0.38,1.809,-1.4289999999999998
marker:0,1786962077.017,1786962077.017,0.0,-0.171,-1.565,-1.11,0.171,1.565,-1.394
marker:0,1786962077.092,1786962077.092,0.0,0.033,-1.496,-1.29,0.033,1.496,-1.463
marker:0,1786962077.167,1786962077.167,0.0,-0.092,-1.42,-1.45,0.092,1.42,-1.3279999999999998
marker:0,1786962077.242,1786962077.242,0.0,-0.235,-1.562,-1.52,0.235,1.562,-1.327
marker:0,1786962077.342,1786962077.342,0.0,-0.025,-1.353,-1.48,0.025,1.353,-1.328
marker:0,1786962077.417,1786962077.417,0.0,0.219,-1.112,-1.35,0.219,1.112,-0.8930000000000001
marker:0,1786962077.467,1786962077.467,0.0,0.334,-1.023,-1.24,0.334,1.023,-0.6889999999999998
marker:0,1786962077.567,1786962077.567,0.0,0.07,-1.39,-0.88,0.07,1.39,-1.3199999999999998
marker:0,1786962077.667,1786962077.667,0.0,0.049,-1.499,-0.77,0.049,1.499,-1.4500000000000002
marker:0,1786962077.792,1786962077.792,0.0,0.089,-1.437,-0.65,0.089,1.437,-1.348
marker:0,1786962077.892,1786962077.892,0.0,0.446,-1.068,-0.76,0.446,1.068,-0.6220000000000001
marker:0,1786962077.967,1786962077.967,0.0,0.664,-0.79,-0.9,0.664,0.79,-0.126
marker:0,1786962078.042,1786962078.042,0.0,0.63,-0.773,-1.08,0.63,0.773,-0.14300000000000002
marker:0,1786962078.417,1786962078.417,0.0,0.487,-0.842,-1.44,0.487,0.842,-0.355
marker:0,1786962078.542,1786962078.542,0.0,0.506,-0.823,-1.44,0.506,0.823,-0.31699999999999995
marker:0,1786962078.642,1786962078.642,0.0,0.405,-0.925,-1.38,0.405,0.925,-0.52
marker:0,1786962078.717,1786962078.717,0.0,0.101,-1.233,-1.32,0.101,1.233,-1.1320000000000001
marker:0,1786962078.792,1786962078.792,0.0,0.064,-1.359,-1.28,0.064,1.359,-1.295
marker:0,1786962087.492,1786962087.492,0.0,15.353,13.802,-13.08,15.353,13.802,1.5510000000000002
marker:0,1786962087.567,1786962087.567,0.0,16.14,14.564,-13.21,16.14,14.564,1.5760000000000005
marker:0,1786962087.642,1786962087.642,0.0,16.535,14.946,-13.27,16.535,14.946,1.5890000000000004
marker:0,1786962087.991,1786962087.991,0.0,-0.033,-1.734,-13.83,0.033,1.734,-1.701
marker:0,1786962088.067,1786962088.067,0.0,0.025,-1.708,-13.99,0.025,1.708,-1.683
marker:0,1786962088.192,1786962088.192,0.0,-0.669,-2.446,-14.21,0.669,2.446,-1.7770000000000001
marker:0,1786962088.342,1786962088.342,0.0,-0.407,-2.214,-14.39,0.407,2.214,-1.807
marker:0,1786962088.792,1786962088.792,0.0,-0.818,-2.549,-13.98,0.818,2.549,-1.7309999999999999
marker:0,1786962089.317,1786962089.317,0.0,-1.727,-3.482,-14.1,1.727,3.482,-1.7550000000000001
marker:0,1786962089.367,1786962089.367,0.0,-1.883,-3.646,-14.14,1.883,3.646,-1.763
marker:0,1786962089.767,1786962089.767,0.0,-1.982,-3.721,-14.02,1.982,3.721,-1.739
marker:0,1786962089.867,1786962089.867,0.0,-2.315,-4.07,-14.1,2.315,4.07,-1.7550000000000003
marker:0,1786962090.142,1786962090.142,0.0,-2.013,-3.888,-14.7,2.013,3.888,-1.875
marker:0,1786962090.492,1786962090.492,0.0,-2.003,-3.836,-14.49,2.003,3.836,-1.8329999999999997
marker:0,1786962090.592,1786962090.592,0.0,-1.619,-3.4,-14.23,1.619,3.4,-1.781
marker:0,1786962090.667,1786962090.667,0.0,-1.792,-3.557,-14.15,1.792,3.557,-1.765
marker:0,1786962090.742,1786962090.742,0.0,-1.415,-3.184,-14.17,1.415,3.184,-1.7690000000000001
marker:0,1786962090.842,1786962090.842,0.0,-1.537,-3.332,-14.34,1.537,3.332,-1.795
marker:0,1786962090.917,1786962090.917,0.0,-1.591,-3.419,-14.46,1.591,3.419,-1.828
marker:0,1786962090.992,1786962090.992,0.0,-2.278,-4.131,-14.59,2.278,4.131,-1.8530000000000002
marker:0,1786962091.092,1786962091.092,0.0,-2.226,-4.081,-14.6,2.226,4.081,-1.8550000000000004
marker:0,1786962091.167,1786962091.167,0.0,-2.262,-4.103,-14.52,2.262,4.103,-1.8409999999999997
marker:0,1786962091.242,1786962091.242,0.0,-1.886,-3.707,-14.43,1.886,3.707,-1.821
marker:0,1786962091.342,1786962091.342,0.0,-2.89,-4.659,-14.17,2.89,4.659,-1.7689999999999997
marker:0,1786962091.416,1786962091.416,0.0,-3.021,-4.766,-14.05,3.021,4.766,-1.745
marker:0,1786962091.516,1786962091.516,0.0,-2.181,-3.928,-14.06,2.181,3.928,-1.7469999999999999
marker:0,1786962091.591,1786962091.591,0.0,-2.38,-4.141,-14.13,2.38,4.141,-1.7610000000000001
marker:0,1786962091.667,1786962091.642,-0.02500009536743164,-2.418,-4.191,-14.24,2.418,4.191,-1.7729999999999997
marker:0,1786962091.716,1786962091.716,0.0,-3.205,-5.01,-14.35,3.205,5.01,-1.8049999999999997
marker:0,1786962091.817,1786962091.817,0.0,-2.103,-3.941,-14.51,2.103,3.941,-1.8379999999999996
marker:0,1786962091.866,1786962091.866,0.0,-2.243,-4.116,-14.69,2.243,4.116,-1.8729999999999998
marker:0,1786962091.942,1786962091.942,0.0,-2.272,-4.152,-14.72,2.272,4.152,-1.8800000000000003
marker:0,1786962092.016,1786962092.016,0.0,-2.334,-4.219,-14.75,2.334,4.219,-1.8850000000000002
marker:0,1786962092.117,1786962092.117,0.0,-2.629,-4.518,-14.63,2.629,4.518,-1.8889999999999998
marker:0,1786962092.266,1786962092.266,0.0,-7.49,-9.357,0.54,7.49,9.357,-1.866999999999999
marker:0,1786962092.342,1786962092.342,0.0,-14.175,-17.57,6.76,14.175,17.57,-3.3949999999999996
marker:0,1786962092.441,1786962092.441,0.0,-24.164,-27.952,8.22,24.164,27.952,-3.7880000000000003
marker:0,1786962092.542,1786962092.542,0.0,-26.02,-29.868,8.66,26.02,29.868,-3.847999999999999
marker:0,1786962092.591,1786962092.591,0.0,-25.914,-29.774,8.74,25.914,29.774,-3.8599999999999994
marker:0,1786962092.691,1786962092.691,0.0,-26.126,-29.983,8.72,26.126,29.983,-3.8569999999999993
marker:0,1786962092.791,1786962092.791,0.0,-26.332,-30.188,8.75,26.332,30.188,-3.855999999999998
marker:0,1786962094.916,1786962094.916,0.0,4.433,2.351,1.29,4.433,2.351,2.082
marker:0,1786962094.966,1786962094.966,0.0,3.291,1.269,1.03,3.291,1.269,2.0220000000000002
marker:0,1786962095.041,1786962095.041,0.0,3.164,1.199,0.88,3.164,1.199,1.965
marker:0,1786962095.091,1786962095.091,0.0,2.605,0.723,0.59,2.605,0.723,1.8820000000000001
marker:0,1786962095.166,1786962095.166,0.0,2.303,0.464,0.44,2.303,0.464,1.839
marker:0,1786962095.316,1786962095.316,0.0,1.995,0.188,0.33,1.995,0.188,1.8070000000000002
marker:0,1786962095.391,1786962095.391,0.0,1.576,-0.296,0.56,1.576,0.296,1.28
marker:0,1786962095.491,1786962095.491,0.0,1.652,-0.281,0.77,1.652,0.281,1.371
marker:0,1786962095.566,1786962095.566,0.0,1.198,-0.798,0.99,1.198,0.798,0.3999999999999999
marker:0,1786962095.641,1786962095.641,0.0,1.151,-0.862,1.06,1.151,0.862,0.28900000000000003
marker:0,1786962095.691,1786962095.691,0.0,1.049,-0.967,1.06,1.049,0.967,0.08199999999999996
marker:0,1786962095.741,1786962095.741,0.0,1.483,-0.501,0.95,1.483,0.501,0.9820000000000001
marker:0,1786962095.792,1786962095.792,0.0,1.297,-0.628,0.74,1.297,0.628,0.6689999999999999
marker:0,1786962095.891,1786962095.891,0.0,0.937,-0.875,0.2,0.937,0.875,0.062000000000000055
marker:0,1786962095.966,1786962095.966,0.0,0.993,-0.69,-0.21,0.993,0.69,0.30300000000000005
marker:0,1786962096.041,1786962096.041,0.0,0.848,-0.741,-0.48,0.848,0.741,0.10699999999999998
marker:0,1786962096.141,1786962096.141,0.0,0.633,-0.904,-0.61,0.633,0.904,-0.271
marker:0,1786962096.216,1786962096.216,0.0,2.147,0.601,-0.58,2.147,0.601,1.5459999999999998
marker:0,1786962096.291,1786962096.291,0.0,1.998,0.401,-0.32,1.998,0.401,1.597
marker:0,1786962096.391,1786962096.391,0.0,1.891,0.101,0.27,1.891,0.101,1.79
marker:0,1786962096.466,1786962096.466,0.0,1.883,0.002,0.59,1.883,0.002,1.881
marker:0,1786962096.541,1786962096.541,0.0,1.639,-0.343,0.94,1.639,0.343,1.296
marker:0,1786962096.641,1786962096.641,0.0,1.383,-0.644,1.1,1.383,0.644,0.739
marker:0,1786962096.716,1786962096.716,0.0,1.18,-0.833,1.05,1.18,0.833,0.347
marker:0,1786962096.791,1786962096.791,0.0,0.899,-1.028,0.63,0.899,1.028,-0.129
marker:0,1786962096.866,1786962096.866,0.0,0.914,-0.925,0.44,0.914,0.925,-0.01100000000000001
marker:0,1786962096.941,1786962096.941,0.0,0.89,-0.814,-0.03,0.89,0.814,0.07600000000000007
marker:0,1786962097.016,1786962097.016,0.0,1.035,-0.629,-0.17,1.035,0.629,0.4059999999999999
marker:0,1786962097.091,1786962097.091,0.0,1.179,-0.433,-0.35,1.179,0.433,0.746
marker:0,1786962097.166,1786962097.166,0.0,1.027,-0.602,-0.26,1.027,0.602,0.42499999999999993
marker:0,1786962097.241,1786962097.241,0.0,1.04,-0.652,-0.07,1.04,0.652,0.388
marker:0,1786962097.341,1786962097.341,0.0,0.021,-1.735,0.15,0.021,1.735,-1.7140000000000002
marker:0,1786962097.466,1786962097.466,0.0,-0.135,-1.942,0.33,0.135,1.942,-1.807
marker:0,1786962097.591,1786962097.591,0.0,0.188,-1.513,-0.04,0.188,1.513,-1.325
marker:0,1786962097.691,1786962097.691,0.0,0.814,-0.775,-0.43,0.814,0.775,0.038999999999999924
marker:0,1786962097.816,1786962097.816,0.0,-0.222,-1.682,-0.88,0.222,1.682,-1.46
marker:0,1786962097.866,1786962097.866,0.0,-0.303,-1.708,-1.11,0.303,1.708,-1.405
marker:0,1786962097.941,1786962097.941,0.0,0.89,-0.493,-1.15,0.89,0.493,0.397
marker:0,1786962098.041,1786962098.041,0.0,0.461,-0.919,-1.12,0.461,0.919,-0.458
marker:0,1786962098.141,1786962098.141,0.0,-0.084,-1.526,-0.86,0.084,1.526,-1.442
marker:0,1786962098.241,1786962098.241,0.0,0.325,-1.244,-0.5,0.325,1.244,-0.919
marker:0,1786962098.341,1786962098.341,0.0,0.203,-1.444,-0.23,0.203,1.444,-1.2409999999999999
marker:0,1786962098.416,1786962098.416,0.0,0.685,-1.015,-0.04,0.685,1.015,-0.32999999999999985
marker:0,1786962098.516,1786962098.516,0.0,0.411,-1.304,0.01,0.411,1.304,-0.893
marker:0,1786962098.616,1786962098.616,0.0,-0.063,-1.747,-0.1,0.063,1.747,-1.6840000000000002
marker:0,1786962098.691,1786962098.691,0.0,-0.057,-1.687,-0.29,0.057,1.687,-1.6300000000000001
marker:0,1786962098.766,1786962098.766,0.0,-0.181,-1.728,-0.58,0.181,1.728,-1.547
marker:0,1786962098.841,1786962098.841,0.0,0.639,-0.876,-0.69,0.639,0.876,-0.237
marker:0,1786962098.941,1786962098.941,0.0,0.681,-0.831,-0.8,0.681,0.831,-0.1499999999999999
marker:0,1786962102.041,1786962102.041,0.0,0.009,-1.488,-0.75,0.009,1.488,-1.479
marker:0,1786962102.116,1786962102.116,0.0,-0.046,-1.644,-0.4,0.046,1.644,-1.5979999999999999
marker:0,1786962102.191,1786962102.191,0.0,-0.056,-1.731,-0.13,0.056,1.731,-1.675
marker:0,1786962102.266,1786962102.266,0.0,-0.081,-1.788,-0.02,0.081,1.788,-1.707
marker:0,1786962102.366,1786962102.366,0.0,-0.275,-2.064,0.27,0.275,2.064,-1.7890000000000001
marker:0,1786962102.466,1786962102.466,0.0,0.596,-1.222,0.37,0.596,1.222,-0.626
marker:0,1786962102.566,1786962102.566,0.0,0.497,-1.333,0.41,0.497,1.333,-0.836
marker:0,1786962102.641,1786962102.641,0.0,0.246,-1.549,0.29,0.246,1.549,-1.303
marker:0,1786962102.716,1786962102.716,0.0,0.569,-1.172,0.1,0.569,1.172,-0.603
marker:0,1786962102.816,1786962102.816,0.0,-0.061,-1.744,-0.16,0.061,1.744,-1.683
marker:0,1786962102.892,1786962102.892,0.0,0.001,-1.623,-0.31,0.001,1.623,-1.622
marker:0,1786962102.966,1786962102.966,0.0,0.602,-0.981,-0.45,0.602,0.981,-0.379
marker:0,1786962103.066,1786962103.066,0.0,0.651,-0.892,-0.59,0.651,0.892,-0.241
marker:0,1786962103.091,1786962103.091,0.0,0.639,-0.887,-0.65,0.639,0.887,-0.248
marker:0,1786962103.191,1786962103.191,0.0,0.595,-0.891,-0.79,0.595,0.891,-0.29600000000000004
marker:0,1786962103.291,1786962103.291,0.0,0.597,-0.87,-0.89,0.597,0.87,-0.273
marker:0,1786962103.366,1786962103.366,0.0,0.434,-0.992,-1.0,0.434,0.992,-0.558
marker:0,1786962103.441,1786962103.441,0.0,-0.183,-1.586,-1.1,0.183,1.586,-1.403
marker:0,1786962103.516,1786962103.516,0.0,-0.252,-1.632,-1.16,0.252,1.632,-1.38
marker:0,1786962103.591,1786962103.591,0.0,-0.387,-1.752,-1.21,0.387,1.752,-1.365
marker:0,1786962103.716,1786962103.716,0.0,0.535,-0.841,-1.17,0.535,0.841,-0.30599999999999994
marker:0,1786962103.766,1786962103.766,0.0,0.508,-0.877,-1.14,0.508,0.877,-0.369
marker:0,1786962103.866,1786962103.866,0.0,0.485,-0.932,-1.03,0.485,0.932,-0.44700000000000006
marker:0,1786962103.916,1786962103.916,0.0,0.687,-0.773,-0.88,0.687,0.773,-0.08599999999999997
marker:0,1786962104.016,1786962104.016,0.0,0.662,-0.87,-0.63,0.662,0.87,-0.20799999999999996
marker:0,1786962104.091,1786962104.091,0.0,0.591,-0.992,-0.45,0.591,0.992,-0.401
marker:0,1786962104.191,1786962104.191,0.0,0.495,-1.186,-0.11,0.495,1.186,-0.691
marker:0,1786962104.266,1786962104.266,0.0,0.429,-1.318,0.12,0.429,1.318,-0.889
marker:0,1786962104.366,1786962104.366,0.0,0.259,-1.554,0.35,0.259,1.554,-1.295
marker:0,1786962104.441,1786962104.441,0.0,0.133,-1.703,0.43,0.133,1.703,-1.57
marker:0,1786962104.541,1786962104.541,0.0,0.055,-1.775,0.41,0.055,1.775,-1.72
marker:0,1786962104.641,1786962104.641,0.0,-0.009,-1.783,0.33,0.009,1.783,-1.774
marker:0,1786962104.791,1786962104.791,0.0,0.162,-1.579,0.1,0.162,1.579,-1.417
marker:0,1786962104.866,1786962104.866,0.0,0.084,-1.625,-0.01,0.084,1.625,-1.541
marker:0,1786962105.041,1786962105.041,0.0,0.129,-1.477,-0.43,0.129,1.477,-1.348
marker:0,1786962105.141,1786962105.141,0.0,-0.063,-1.598,-0.62,0.063,1.598,-1.5350000000000001
marker:0,1786962105.241,1786962105.241,0.0,-0.119,-1.628,-0.71,0.119,1.628,-1.509
marker:0,1786962105.316,1786962105.316,0.0,0.594,-0.926,-0.67,0.594,0.926,-0.3320000000000001
marker:0,1786962105.491,1786962105.491,0.0,0.431,-1.213,-0.24,0.431,1.213,-0.782
marker:0,1786962105.616,1786962105.616,0.0,0.251,-1.479,0.06,0.251,1.479,-1.2280000000000002
marker:0,1786962105.766,1786962105.766,0.0,0.665,-1.099,0.18,0.665,1.099,-0.43399999999999994
marker:0,1786962105.891,1786962105.891,0.0,0.518,-1.243,0.17,0.518,1.243,-0.7250000000000001
marker:0,1786962106.016,1786962106.016,0.0,0.708,-1.058,0.19,0.708,1.058,-0.3500000000000001
marker:0,1786962106.116,1786962106.116,0.0,2.985,1.196,0.27,2.985,1.196,1.789
marker:0,1786962106.216,1786962106.216,0.0,0.646,-1.178,0.39,0.646,1.178,-0.5319999999999999
marker:0,1786962106.291,1786962106.291,0.0,0.553,-1.297,0.48,0.553,1.297,-0.7439999999999999
marker:0,1786962106.391,1786962106.391,0.0,0.431,-1.428,0.51,0.431,1.428,-0.9969999999999999
marker:0,1786962106.441,1786962106.441,0.0,0.199,-1.645,0.46,0.199,1.645,-1.446
marker:0,1786962106.566,1786962106.566,0.0,0.903,-0.872,0.22,0.903,0.872,0.031000000000000028
marker:0,1786962106.666,1786962106.666,0.0,0.088,-1.618,-0.02,0.088,1.618,-1.53
marker:0,1786962106.716,1786962106.716,0.0,0.084,-1.545,-0.29,0.084,1.545,-1.4609999999999999
marker:0,1786962106.816,1786962106.816,0.0,0.792,-0.782,-0.48,0.792,0.782,0.010000000000000009
marker:0,1786962106.866,1786962106.866,0.0,0.691,-0.852,-0.59,0.691,0.852,-0.16100000000000003
marker:0,1786962106.916,1786962106.916,0.0,1.095,-0.433,-0.64,1.095,0.433,0.6619999999999999
marker:0,1786962106.991,1786962106.991,0.0,1.03,-0.493,-0.66,1.03,0.493,0.537
marker:0,1786962107.041,1786962107.041,0.0,0.948,-0.59,-0.61,0.948,0.59,0.358
marker:0,1786962107.116,1786962107.116,0.0,0.75,-0.81,-0.53,0.75,0.81,-0.06000000000000005
marker:0,1786962107.191,1786962107.191,0.0,0.574,-1.027,-0.39,0.574,1.027,-0.45299999999999996
marker:0,1786962107.291,1786962107.291,0.0,0.34,-1.326,-0.06,0.34,1.326,-0.986
marker:0,1786962107.416,1786962107.416,0.0,1.235,-0.526,0.17,1.235,0.526,0.7090000000000001
marker:0,1786962107.491,1786962107.491,0.0,1.228,-0.576,0.32,1.228,0.576,0.652
marker:0,1786962107.591,1786962107.591,0.0,0.646,-1.215,0.52,0.646,1.215,-0.5690000000000001
marker:0,1786962107.691,1786962107.691,0.0,0.528,-1.388,0.71,0.528,1.388,-0.8599999999999999
marker:0,1786962107.766,1786962107.766,0.0,0.341,-1.584,0.74,0.341,1.584,-1.243
marker:0,1786962107.841,1786962107.841,0.0,0.197,-1.742,0.79,0.197,1.742,-1.545
marker:0,1786962107.941,1786962107.941,0.0,0.111,-1.775,0.63,0.111,1.775,-1.664
marker:0,1786962108.041,1786962108.041,0.0,0.282,-1.663,0.38,0.282,1.663,-1.381
marker:0,1786962108.116,1786962108.116,0.0,0.193,-1.594,0.26,0.193,1.594,-1.401
marker:0,1786962108.191,1786962108.191,0.0,0.092,-1.643,0.08,0.092,1.643,-1.551
marker:0,1786962108.241,1786962108.241,0.0,0.13,-1.583,0.0,0.13,1.583,-1.4529999999999998
marker:0,1786962108.341,1786962108.341,0.0,0.673,-1.011,-0.1,0.673,1.011,-0.33799999999999986
marker:0,1786962108.391,1786962108.391,0.0,0.66,-1.018,-0.11,0.66,1.018,-0.358
marker:0,1786962108.491,1786962108.491,0.0,0.324,-1.349,-0.14,0.324,1.349,-1.025
marker:0,1786962108.566,1786962108.566,0.0,-0.558,-2.228,-0.15,0.558,2.228,-1.6700000000000002
marker:0,1786962108.666,1786962108.666,0.0,0.316,-1.333,-0.22,0.316,1.333,-1.017
marker:0,1786962108.741,1786962108.741,0.0,0.19,-1.447,-0.29,0.19,1.447,-1.2570000000000001
marker:0,1786962108.816,1786962108.816,0.0,0.326,-1.3,-0.3,0.326,1.3,-0.974
marker:0,1786962108.866,1786962108.866,0.0,0.295,-1.323,-0.33,0.295,1.323,-1.028
marker:0,1786962108.966,1786962108.966,0.0,0.183,-1.441,-0.31,0.183,1.441,-1.258
marker:0,1786962109.066,1786962109.066,0.0,0.344,-1.302,-0.23,0.344,1.302,-0.9580000000000001
marker:0,1786962109.216,1786962109.216,0.0,0.086,-1.589,-0.13,0.086,1.589,-1.503
marker:0,1786962109.291,1786962109.291,0.0,0.018,-1.725,-0.09,0.018,1.725,-1.707
marker:0,1786962109.366,1786962109.366,0.0,-0.054,-1.758,-0.03,0.054,1.758,-1.704
marker:0,1786962109.441,1786962109.441,0.0,0.095,-1.603,-0.05,0.095,1.603,-1.508
marker:0,1786962109.541,1786962109.541,0.0,0.004,-1.68,-0.1,0.004,1.68,-1.676
marker:0,1786962109.591,1786962109.591,0.0,-0.066,-1.736,-0.2,0.066,1.736,-1.67
marker:0,1786962109.666,1786962109.666,0.0,-0.102,-1.72,-0.35,0.102,1.72,-1.6179999999999999
marker:0,1786962109.766,1786962109.766,0.0,-0.498,-2.041,-0.59,0.498,2.041,-1.543
marker:0,1786962109.841,1786962109.841,0.0,-0.297,-1.817,-0.67,0.297,1.817,-1.52
marker:0,1786962109.966,1786962109.966,0.0,-0.109,-1.595,-0.79,0.109,1.595,-1.486
marker:0,1786962110.016,1786962110.016,0.0,0.017,-1.466,-0.8,0.017,1.466,-1.449
marker:0,1786962110.091,1786962110.091,0.0,-0.074,-1.571,-0.75,0.074,1.571,-1.4969999999999999
marker:0,1786962110.191,1786962110.191,0.0,-0.814,-2.323,-0.71,0.814,2.323,-1.509
marker:0,1786962110.266,1786962110.266,0.0,-0.429,-1.941,-0.7,0.429,1.941,-1.512
marker:0,1786962110.341,1786962110.341,0.0,-0.565,-2.085,-0.63,0.565,2.085,-1.52
marker:0,1786962110.441,1786962110.441,0.0,-0.465,-2.006,-0.6,0.465,2.006,-1.5409999999999997
marker:0,1786962110.541,1786962110.541,0.0,-0.398,-1.95,-0.57,0.398,1.95,-1.552
marker:0,1786962110.616,1786962110.616,0.0,-0.252,-1.804,-0.55,0.252,1.804,-1.552
marker:0,1786962110.716,1786962110.716,0.0,-0.933,-2.511,-0.47,0.933,2.511,-1.578
marker:0,1786962110.766,1786962110.766,0.0,-0.992,-2.581,-0.43,0.992,2.581,-1.589
marker:0,1786962110.866,1786962110.866,0.0,-0.86,-2.492,-0.28,0.86,2.492,-1.6320000000000001
marker:0,1786962110.941,1786962110.941,0.0,-0.462,-2.097,-0.24,0.462,2.097,-1.635
marker:0,1786962111.016,1786962111.016,0.0,-0.482,-2.143,-0.18,0.482,2.143,-1.6609999999999998
marker:0,1786962111.066,1786962111.066,0.0,0.099,-1.587,-0.09,0.099,1.587,-1.488
marker:0,1786962111.191,1786962111.191,0.0,-0.08,-1.783,-0.03,0.08,1.783,-1.7029999999999998
marker:0,1786962111.266,1786962111.266,0.0,0.1,-1.61,-0.01,0.1,1.61,-1.51
marker:0,1786962111.341,1786962111.341,0.0,0.07,-1.628,-0.05,0.07,1.628,-1.5579999999999998
marker:0,1786962111.441,1786962111.441,0.0,-0.362,-2.02,-0.19,0.362,2.02,-1.658
marker:0,1786962111.516,1786962111.516,0.0,-0.464,-2.093,-0.33,0.464,2.093,-1.629
marker:0,1786962111.616,1786962111.616,0.0,-0.496,-2.059,-0.52,0.496,2.059,-1.5630000000000002
marker:0,1786962111.691,1786962111.691,0.0,0.631,-0.89,-0.67,0.631,0.89,-0.259
marker:0,1786962111.791,1786962111.791,0.0,-0.727,-2.224,-0.75,0.727,2.224,-1.4970000000000003
marker:0,1786962111.841,1786962111.841,0.0,-0.763,-2.26,-0.75,0.763,2.26,-1.4969999999999999
marker:0,1786962111.966,1786962111.966,0.0,-0.859,-2.364,-0.72,0.859,2.364,-1.505
marker:0,1786962112.041,1786962112.041,0.0,0.143,-1.392,-0.62,0.143,1.392,-1.2489999999999999
marker:0,1786962112.116,1786962112.116,0.0,0.058,-1.49,-0.57,0.058,1.49,-1.432
marker:0,1786962112.191,1786962112.191,0.0,-0.225,-1.791,-0.51,0.225,1.791,-1.5659999999999998
marker:0,1786962112.266,1786962112.266,0.0,0.323,-1.26,-0.45,0.323,1.26,-0.937
marker:0,1786962112.366,1786962112.366,0.0,0.263,-1.329,-0.42,0.263,1.329,-1.0659999999999998
marker:0,1786962112.441,1786962112.441,0.0,0.265,-1.347,-0.35,0.265,1.347,-1.0819999999999999
marker:0,1786962112.516,1786962112.516,0.0,0.265,-1.37,-0.23,0.265,1.37,-1.105
marker:0,1786962112.591,1786962112.591,0.0,0.251,-1.415,-0.16,0.251,1.415,-1.1640000000000001
marker:0,1786962112.666,1786962112.666,0.0,0.623,-1.072,-0.01,0.623,1.072,-0.44900000000000007
marker:0,1786962112.741,1786962112.741,0.0,0.529,-1.2,0.06,0.529,1.2,-0.6709999999999999
marker:0,1786962112.841,1786962112.841,0.0,0.506,-1.244,0.11,0.506,1.244,-0.738
marker:0,1786962112.916,1786962112.916,0.0,0.815,-0.943,0.16,0.815,0.943,-0.128
marker:0,1786962112.991,1786962112.991,0.0,0.626,-1.12,0.12,0.626,1.12,-0.4940000000000001
marker:0,1786962113.091,1786962113.091,0.0,0.557,-1.226,0.06,0.557,1.226,-0.6689999999999999
marker:0,1786962113.191,1786962113.191,0.0,0.269,-1.446,0.01,0.269,1.446,-1.177
marker:0,1786962113.266,1786962113.266,0.0,0.23,-1.468,-0.05,0.23,1.468,-1.238
marker:0,1786962113.341,1786962113.341,0.0,-0.256,-1.942,-0.09,0.256,1.942,-1.686
marker:0,1786962113.441,1786962113.441,0.0,0.342,-1.344,-0.08,0.342,1.344,-1.002
marker:0,1786962113.516,1786962113.516,0.0,0.413,-1.276,-0.08,0.413,1.276,-0.863
marker:0,1786962113.591,1786962113.591,0.0,-0.013,-1.7,-0.09,0.013,1.7,-1.687
marker:0,1786962113.666,1786962113.666,0.0,0.004,-1.676,-0.11,0.004,1.676,-1.672
marker:0,1786962113.766,1786962113.766,0.0,0.018,-1.646,-0.19,0.018,1.646,-1.628
marker:0,1786962113.841,1786962113.841,0.0,-0.002,-1.651,-0.23,0.002,1.651,-1.649
marker:0,1786962113.891,1786962113.891,0.0,-0.027,-1.664,-0.27,0.027,1.664,-1.637
marker:0,1786962113.966,1786962113.966,0.0,-0.164,-1.796,-0.28,0.164,1.796,-1.6320000000000001
marker:0,1786962114.066,1786962114.066,0.0,-0.086,-1.721,-0.26,0.086,1.721,-1.635
marker:0,1786962114.116,1786962114.116,0.0,-0.097,-1.743,-0.23,0.097,1.743,-1.6460000000000001
marker:0,1786962114.191,1786962114.191,0.0,-0.147,-1.814,-0.15,0.147,1.814,-1.667
marker:0,1786962114.291,1786962114.291,0.0,-0.212,-1.901,-0.05,0.212,1.901,-1.689
marker:0,1786962114.341,1786962114.341,0.0,-0.235,-1.948,0.0,0.235,1.948,-1.713
marker:0,1786962114.441,1786962114.441,0.0,-0.274,-2.024,0.13,0.274,2.024,-1.75
marker:0,1786962114.516,1786962114.516,0.0,-0.339,-2.112,0.21,0.339,2.112,-1.7730000000000001
marker:0,1786962114.591,1786962114.591,0.0,0.127,-1.672,0.3,0.127,1.672,-1.545
marker:0,1786962114.666,1786962114.666,0.0,0.05,-1.783,0.42,0.05,1.783,-1.7329999999999999
marker:0,1786962114.716,1786962114.716,0.0,0.005,-1.862,0.54,0.005,1.862,-1.8570000000000002
marker:0,1786962114.816,1786962114.816,0.0,-0.056,-1.978,0.73,0.056,1.978,-1.922
marker:0,1786962114.891,1786962114.891,0.0,-0.119,-2.06,0.8,0.119,2.06,-1.941
marker:0,1786962114.966,1786962114.966,0.0,-0.14,-2.099,0.86,0.14,2.099,-1.959
marker:0,1786962115.041,1786962115.041,0.0,1.195,-0.753,0.82,1.195,0.753,0.44200000000000006
marker:0,1786962115.141,1786962115.141,0.0,0.465,-1.369,0.65,0.465,1.369,-0.9039999999999999
marker:0,1786962115.191,1786962115.191,0.0,0.487,-1.383,0.51,0.487,1.383,-0.896
marker:0,1786962115.316,1786962115.316,0.0,0.866,-0.92,0.19,0.866,0.92,-0.05400000000000005
marker:0,1786962115.391,1786962115.391,0.0,0.751,-0.985,0.08,0.751,0.985,-0.23399999999999999
marker:0,1786962115.466,1786962115.466,0.0,0.799,-0.911,-0.01,0.799,0.911,-0.11199999999999999
marker:0,1786962115.541,1786962115.541,0.0,0.815,-0.888,-0.03,0.815,0.888,-0.07300000000000006
marker:0,1786962115.591,1786962115.591,0.0,1.54,-0.172,0.0,1.54,0.172,1.368
marker:0,1786962115.716,1786962115.716,0.0,1.655,-0.118,0.23,1.655,0.118,1.537
marker:0,1786962115.791,1786962115.791,0.0,1.547,-0.263,0.34,1.547,0.263,1.2839999999999998
marker:0,1786962115.866,1786962115.866,0.0,1.496,-0.334,0.41,1.496,0.334,1.162
marker:0,1786962115.941,1786962115.941,0.0,0.834,-0.996,0.41,0.834,0.996,-0.16200000000000003
marker:0,1786962116.016,1786962116.016,0.0,-0.198,-2.031,0.42,0.198,2.031,-1.8330000000000002
marker:0,1786962116.091,1786962116.091,0.0,-0.377,-2.186,0.31,0.377,2.186,-1.809
marker:0,1786962116.166,1786962116.166,0.0,0.465,-1.31,0.22,0.465,1.31,-0.845
marker:0,1786962116.216,1786962116.216,0.0,0.483,-1.284,0.19,0.483,1.284,-0.801
marker:0,1786962116.291,1786962116.291,0.0,0.425,-1.322,0.12,0.425,1.322,-0.897
marker:0,1786962116.366,1786962116.366,0.0,0.382,-1.345,0.05,0.382,1.345,-0.963
marker:0,1786962116.466,1786962116.466,0.0,0.716,-1.019,0.08,0.716,1.019,-0.30299999999999994
marker:0,1786962116.516,1786962116.516,0.0,0.249,-1.495,0.11,0.249,1.495,-1.246
marker:0,1786962116.591,1786962116.591,0.0,0.21,-1.563,0.21,0.21,1.563,-1.353
marker:0,1786962116.666,1786962116.666,0.0,0.735,-1.06,0.29,0.735,1.06,-0.32500000000000007
marker:0,1786962116.766,1786962116.766,0.0,0.669,-1.152,0.4,0.669,1.152,-0.4829999999999999
marker:0,1786962116.866,1786962116.866,0.0,0.617,-1.245,0.52,0.617,1.245,-0.6280000000000001
marker:0,1786962116.941,1786962116.941,0.0,0.657,-1.239,0.64,0.657,1.239,-0.5820000000000001
marker:0,1786962117.016,1786962117.016,0.0,0.449,-1.45,0.65,0.449,1.45,-1.001
marker:0,1786962117.091,1786962117.091,0.0,0.301,-1.603,0.65,0.301,1.603,-1.302
marker:0,1786962117.166,1786962117.166,0.0,0.309,-1.567,0.57,0.309,1.567,-1.258
marker:0,1786962117.241,1786962117.241,0.0,0.243,-1.598,0.46,0.243,1.598,-1.355
marker:0,1786962117.341,1786962117.341,0.0,0.169,-1.652,0.38,0.169,1.652,-1.4829999999999999
marker:0,1786962117.416,1786962117.416,0.0,0.145,-1.667,0.35,0.145,1.667,-1.522
marker:0,1786962117.516,1786962117.516,0.0,0.169,-1.658,0.4,0.169,1.658,-1.4889999999999999
marker:0,1786962117.591,1786962117.591,0.0,0.236,-1.614,0.48,0.236,1.614,-1.3780000000000001
marker:0,1786962117.691,1786962117.691,0.0,0.062,-1.817,0.58,0.062,1.817,-1.755
marker:0,1786962117.766,1786962117.766,0.0,0.011,-1.856,0.54,0.011,1.856,-1.8450000000000002
marker:0,1786962117.816,1786962117.816,0.0,0.353,-1.479,0.37,0.353,1.479,-1.1260000000000001
marker:0,1786962117.866,1786962117.866,0.0,0.295,-1.478,0.13,0.295,1.478,-1.183
marker:0,1786962117.966,1786962117.966,0.0,-0.148,-1.826,-0.23,0.148,1.826,-1.6780000000000002
marker:0,1786962118.041,1786962118.041,0.0,-0.19,-1.776,-0.44,0.19,1.776,-1.586
marker:0,1786962118.141,1786962118.141,0.0,-0.136,-1.64,-0.68,0.136,1.64,-1.504
marker:0,1786962118.216,1786962118.216,0.0,-0.042,-1.582,-0.57,0.042,1.582,-1.54
marker:0,1786962118.291,1786962118.291,0.0,-0.214,-1.826,-0.35,0.214,1.826,-1.612
marker:0,1786962118.366,1786962118.366,0.0,-0.256,-1.969,0.0,0.256,1.969,-1.713
marker:0,1786962118.441,1786962118.441,0.0,0.515,-1.264,0.32,0.515,1.264,-0.749
marker:0,1786962118.491,1786962118.491,0.0,0.373,-1.474,0.47,0.373,1.474,-1.101
marker:0,1786962118.566,1786962118.566,0.0,0.349,-1.526,0.57,0.349,1.526,-1.177
marker:0,1786962118.666,1786962118.666,0.0,0.219,-1.648,0.54,0.219,1.648,-1.4289999999999998
marker:0,1786962118.741,1786962118.741,0.0,0.406,-1.421,0.4,0.406,1.421,-1.0150000000000001
marker:0,1786962118.816,1786962118.816,0.0,0.447,-1.305,0.08,0.447,1.305,-0.8579999999999999
marker:0,1786962118.891,1786962118.891,0.0,-0.311,-1.998,-0.09,0.311,1.998,-1.687
marker:0,1786962118.966,1786962118.966,0.0,-0.053,-1.699,-0.23,0.053,1.699,-1.6460000000000001
marker:0,1786962119.066,1786962119.066,0.0,-0.021,-1.699,-0.12,0.021,1.699,-1.6780000000000002
marker:0,1786962119.116,1786962119.116,0.0,1.233,-0.485,0.02,1.233,0.485,0.7480000000000001
marker:0,1786962119.191,1786962119.191,0.0,1.249,-0.535,0.25,1.249,0.535,0.7140000000000001
marker:0,1786962119.291,1786962119.291,0.0,1.202,-0.706,0.68,1.202,0.706,0.496
marker:0,1786962119.366,1786962119.366,0.0,0.639,-1.357,0.99,0.639,1.357,-0.718
marker:0,1786962119.441,1786962119.441,0.0,0.427,-1.609,1.13,0.427,1.609,-1.182
marker:0,1786962119.541,1786962119.541,0.0,0.286,-1.742,1.1,0.286,1.742,-1.456
marker:0,1786962119.616,1786962119.616,0.0,0.007,-1.989,0.99,0.007,1.989,-1.9820000000000002
marker:0,1786962119.666,1786962119.691,0.02500009536743164,-0.345,-2.275,0.69,0.345,2.275,-1.93
marker:0,1786962119.741,1786962119.741,0.0,0.873,-0.962,0.36,0.873,0.962,-0.08899999999999997
marker:0,1786962119.816,1786962119.816,0.0,1.046,-0.732,0.23,1.046,0.732,0.31400000000000006
marker:0,1786962119.866,1786962119.866,0.0,0.921,-0.782,-0.03,0.921,0.782,0.139
marker:0,1786962119.941,1786962119.941,0.0,1.011,-0.652,-0.17,1.011,0.652,0.3589999999999999
marker:0,1786962120.041,1786962120.041,0.0,1.121,-0.525,-0.23,1.121,0.525,0.596
marker:0,1786962120.116,1786962120.116,0.0,0.208,-1.444,-0.19,0.208,1.444,-1.236
marker:0,1786962120.191,1786962120.191,0.0,0.545,-1.147,-0.07,0.545,1.147,-0.602
marker:0,1786962120.291,1786962120.291,0.0,0.392,-1.331,0.04,0.392,1.331,-0.939
marker:0,1786962120.366,1786962120.366,0.0,-0.174,-1.93,0.15,0.174,1.93,-1.756
marker:0,1786962120.466,1786962120.466,0.0,0.058,-1.708,0.19,0.058,1.708,-1.65
marker:0,1786962120.516,1786962120.516,0.0,1.719,-0.042,0.17,1.719,0.042,1.677
marker:0,1786962120.616,1786962120.616,0.0,1.696,-0.028,0.04,1.696,0.028,1.668
marker:0,1786962120.766,1786962120.766,0.0,0.861,-0.805,-0.16,0.861,0.805,0.05599999999999994
marker:0,1786962120.866,1786962120.866,0.0,0.526,-1.112,-0.26,0.526,1.112,-0.5860000000000001
marker:0,1786962121.016,1786962121.016,0.0,-0.391,-2.054,-0.14,0.391,2.054,-1.6629999999999998
marker:0,1786962121.066,1786962121.066,0.0,-0.605,-2.303,-0.05,0.605,2.303,-1.698
marker:0,1786962121.141,1786962121.141,0.0,-0.682,-2.4,0.02,0.682,2.4,-1.718
marker:0,1786962121.241,1786962121.241,0.0,-0.896,-2.665,0.2,0.896,2.665,-1.7690000000000001
marker:0,1786962121.266,1786962121.266,0.0,-0.878,-2.656,0.23,0.878,2.656,-1.778
marker:0,1786962121.341,1786962121.341,0.0,-1.564,-3.35,0.24,1.564,3.35,-1.786
marker:0,1786962121.416,1786962121.416,0.0,-0.976,-2.743,0.19,0.976,2.743,-1.767
marker:0,1786962121.516,1786962121.516,0.0,-1.021,-2.751,0.06,1.021,2.751,-1.73
marker:0,1786962121.591,1786962121.591,0.0,-0.686,-2.358,-0.14,0.686,2.358,-1.6720000000000002
marker:0,1786962121.766,1786962121.766,0.0,0.5,-1.092,-0.42,0.5,1.092,-0.5920000000000001
marker:0,1786962121.841,1786962121.841,0.0,0.456,-1.124,-0.46,0.456,1.124,-0.6680000000000001
marker:0,1786962121.941,1786962121.941,0.0,-0.237,-1.863,-0.3,0.237,1.863,-1.626
marker:0,1786962122.041,1786962122.041,0.0,-0.727,-2.399,-0.14,0.727,2.399,-1.6720000000000002
marker:0,1786962122.116,1786962122.116,0.0,0.222,-1.488,-0.01,0.222,1.488,-1.266
marker:0,1786962122.191,1786962122.191,0.0,-0.339,-2.068,0.08,0.339,2.068,-1.729
marker:0,1786962122.266,1786962122.266,0.0,-0.371,-2.109,0.1,0.371,2.109,-1.738
marker:0,1786962122.316,1786962122.316,0.0,-0.24,-1.969,0.04,0.24,1.969,-1.729
marker:0,1786962122.391,1786962122.391,0.0,-0.343,-2.035,-0.07,0.343,2.035,-1.6920000000000002
marker:0,1786962122.466,1786962122.466,0.0,-0.335,-1.987,-0.24,0.335,1.987,-1.6520000000000001
marker:0,1786962122.591,1786962122.591,0.0,-0.649,-2.207,-0.54,0.649,2.207,-1.5579999999999998
marker:0,1786962122.666,1786962122.666,0.0,-0.666,-2.204,-0.61,0.666,2.204,-1.5380000000000003
marker:0,1786962122.766,1786962122.766,0.0,-0.43,-1.956,-0.65,0.43,1.956,-1.526
marker:0,1786962122.841,1786962122.841,0.0,-0.287,-1.807,-0.67,0.287,1.807,-1.52
marker:0,1786962122.916,1786962122.916,0.0,-0.274,-1.8,-0.65,0.274,1.8,-1.526
marker:0,1786962122.991,1786962122.991,0.0,0.107,-1.421,-0.64,0.107,1.421,-1.314
marker:0,1786962123.066,1786962123.066,0.0,-0.977,-2.506,-0.64,0.977,2.506,-1.529
marker:0,1786962123.141,1786962123.141,0.0,-1.058,-2.581,-0.66,1.058,2.581,-1.523
marker:0,1786962123.191,1786962123.191,0.0,-1.332,-2.832,-0.76,1.332,2.832,-1.4999999999999998
marker:0,1786962123.266,1786962123.266,0.0,-1.314,-2.78,-0.89,1.314,2.78,-1.4659999999999997
marker:0,1786962123.341,1786962123.341,0.0,0.163,-1.29,-0.98,0.163,1.29,-1.127
marker:0,1786962123.416,1786962123.416,0.0,-0.639,-2.048,-1.06,0.639,2.048,-1.409
marker:0,1786962123.491,1786962123.491,0.0,-0.72,-2.141,-1.05,0.72,2.141,-1.421
marker:0,1786962123.566,1786962123.566,0.0,-1.021,-2.449,-0.89,1.021,2.449,-1.428
marker:0,1786962123.641,1786962123.641,0.0,-0.859,-2.353,-0.72,0.859,2.353,-1.4940000000000002
marker:0,1786962123.716,1786962123.716,0.0,-1.058,-2.595,-0.61,1.058,2.595,-1.5370000000000001
marker:0,1786962123.791,1786962123.791,0.0,-1.139,-2.722,-0.45,1.139,2.722,-1.583
marker:0,1786962123.866,1786962123.866,0.0,-1.269,-2.87,-0.39,1.269,2.87,-1.6010000000000002
marker:0,1786962123.916,1786962123.916,0.0,-0.76,-2.358,-0.4,0.76,2.358,-1.598
marker:0,1786962124.016,1786962124.016,0.0,-1.157,-2.732,-0.48,1.157,2.732,-1.5750000000000002
marker:0,1786962124.066,1786962124.066,0.0,-1.041,-2.589,-0.57,1.041,2.589,-1.548
marker:0,1786962124.166,1786962124.166,0.0,-1.077,-2.6,-0.73,1.077,2.6,-1.5230000000000001
marker:0,1786962124.241,1786962124.241,0.0,-0.696,-2.162,-0.86,0.696,2.162,-1.466
marker:0,1786962124.366,1786962124.366,0.0,-0.445,-1.865,-1.02,0.445,1.865,-1.42
marker:0,1786962124.466,1786962124.466,0.0,-0.267,-1.673,-1.07,0.267,1.673,-1.4060000000000001
marker:0,1786962124.591,1786962124.591,0.0,-0.295,-1.692,-1.1,0.295,1.692,-1.397
marker:0,1786962124.666,1786962124.666,0.0,-0.345,-1.742,-1.1,0.345,1.742,-1.397
marker:0,1786962124.741,1786962124.741,0.0,-0.516,-1.913,-1.08,0.516,1.913,-1.397
marker:0,1786962124.841,1786962124.841,0.0,-0.641,-2.058,-1.03,0.641,2.058,-1.4169999999999998
marker:0,1786962124.941,1786962124.941,0.0,-0.715,-2.161,-0.89,0.715,2.161,-1.4460000000000002
marker:0,1786962124.991,1786962124.991,0.0,-0.898,-2.384,-0.79,0.898,2.384,-1.4859999999999998
marker:0,1786962125.091,1786962125.091,0.0,-0.992,-2.529,-0.61,0.992,2.529,-1.537
marker:0,1786962125.166,1786962125.166,0.0,-1.019,-2.583,-0.52,1.019,2.583,-1.5640000000000003
marker:0,1786962125.216,1786962125.216,0.0,-1.104,-2.699,-0.41,1.104,2.699,-1.5949999999999998
marker:0,1786962125.291,1786962125.291,0.0,-1.097,-2.681,-0.45,1.097,2.681,-1.584
marker:0,1786962125.391,1786962125.391,0.0,-1.131,-2.691,-0.55,1.131,2.691,-1.5599999999999998
marker:0,1786962125.466,1786962125.466,0.0,-1.059,-2.593,-0.62,1.059,2.593,-1.534
marker:0,1786962125.566,1786962125.566,0.0,-1.004,-2.533,-0.64,1.004,2.533,-1.529
marker:0,1786962125.666,1786962125.666,0.0,-1.051,-2.586,-0.62,1.051,2.586,-1.535
marker:0,1786962125.716,1786962125.716,0.0,-1.08,-2.618,-0.61,1.08,2.618,-1.5379999999999998
marker:0,1786962125.791,1786962125.791,0.0,-1.099,-2.666,-0.6,1.099,2.666,-1.567
marker:0,1786962125.866,1786962125.866,0.0,-1.149,-2.695,-0.58,1.149,2.695,-1.5459999999999998
marker:0,1786962125.941,1786962125.941,0.0,-1.19,-2.721,-0.63,1.19,2.721,-1.5310000000000001
marker:0,1786962126.016,1786962126.016,0.0,-1.193,-2.722,-0.64,1.193,2.722,-1.529
marker:0,1786962126.116,1786962126.116,0.0,-0.221,-1.727,-0.72,0.221,1.727,-1.506
marker:0,1786962126.166,1786962126.166,0.0,-0.233,-1.731,-0.75,0.233,1.731,-1.498
marker:0,1786962126.241,1786962126.241,0.0,-0.261,-1.744,-0.8,0.261,1.744,-1.483
marker:0,1786962126.316,1786962126.316,0.0,-0.247,-1.727,-0.81,0.247,1.727,-1.48
marker:0,1786962126.391,1786962126.391,0.0,-0.784,-2.309,-0.79,0.784,2.309,-1.5250000000000001
marker:0,1786962126.441,1786962126.441,0.0,-0.827,-2.313,-0.79,0.827,2.313,-1.4860000000000002
marker:0,1786962126.541,1786962126.541,0.0,-0.321,-1.824,-0.73,0.321,1.824,-1.5030000000000001
marker:0,1786962126.641,1786962126.641,0.0,-0.729,-2.261,-0.63,0.729,2.261,-1.532
marker:0,1786962126.716,1786962126.716,0.0,0.166,-1.386,-0.53,0.166,1.386,-1.22
marker:0,1786962126.766,1786962126.766,0.0,0.138,-1.436,-0.48,0.138,1.436,-1.298
marker:0,1786962126.866,1786962126.866,0.0,-0.059,-1.653,-0.41,0.059,1.653,-1.594
marker:0,1786962126.966,1786962126.966,0.0,-1.105,-2.696,-0.42,1.105,2.696,-1.5910000000000002
marker:0,1786962127.016,1786962127.016,0.0,-1.099,-2.7,-0.37,1.099,2.7,-1.6010000000000002
marker:0,1786962127.141,1786962127.141,0.0,-0.789,-2.386,-0.4,0.789,2.386,-1.597
marker:0,1786962127.191,1786962127.191,0.0,-0.79,-2.391,-0.39,0.79,2.391,-1.601
marker:0,1786962127.266,1786962127.266,0.0,-0.806,-2.398,-0.42,0.806,2.398,-1.592
marker:0,1786962127.366,1786962127.366,0.0,-0.827,-2.43,-0.38,0.827,2.43,-1.6030000000000002
marker:0,1786962127.441,1786962127.441,0.0,-0.833,-2.413,-0.46,0.833,2.413,-1.5799999999999998
marker:0,1786962127.541,1786962127.541,0.0,0.097,-1.475,-0.5,0.097,1.475,-1.3780000000000001
marker:0,1786962127.641,1786962127.641,0.0,-0.564,-2.101,-0.64,0.564,2.101,-1.537
marker:0,1786962127.741,1786962127.741,0.0,-1.565,-3.068,-0.75,1.565,3.068,-1.5030000000000001
marker:0,1786962127.791,1786962127.791,0.0,-1.574,-3.049,-0.83,1.574,3.049,-1.4749999999999999
marker:0,1786962127.866,1786962127.866,0.0,-1.556,-3.022,-0.9,1.556,3.022,-1.4659999999999997
marker:0,1786962127.991,1786962127.991,0.0,-1.663,-3.132,-0.85,1.663,3.132,-1.469
marker:0,1786962128.116,1786962128.116,0.0,-1.782,-3.305,-0.66,1.782,3.305,-1.5230000000000001
marker:0,1786962128.216,1786962128.216,0.0,-0.753,-2.325,-0.49,0.753,2.325,-1.572
marker:0,1786962128.316,1786962128.316,0.0,-0.937,-2.555,-0.33,0.937,2.555,-1.618
marker:0,1786962128.416,1786962128.441,0.02500009536743164,-1.182,-2.843,-0.18,1.182,2.843,-1.661
marker:0,1786962128.541,1786962128.541,0.0,-0.243,-1.904,-0.18,0.243,1.904,-1.661
marker:0,1786962128.641,1786962128.641,0.0,-0.889,-2.509,-0.32,0.889,2.509,-1.6199999999999999
marker:0,1786962128.766,1786962128.766,0.0,-1.023,-2.581,-0.6,1.023,2.581,-1.558
marker:0,1786962128.866,1786962128.866,0.0,-0.83,-2.295,-0.86,0.83,2.295,-1.4649999999999999
marker:0,1786962128.991,1786962128.991,0.0,-0.484,-1.869,-0.95,0.484,1.869,-1.385
marker:0,1786962129.141,1786962129.141,0.0,0.034,-1.395,-0.97,0.034,1.395,-1.361
marker:0,1786962129.216,1786962129.216,0.0,0.009,-1.425,-0.99,0.009,1.425,-1.4160000000000001
marker:0,1786962129.316,1786962129.316,0.0,-0.271,-1.711,-0.95,0.271,1.711,-1.44
marker:0,1786962129.391,1786962129.391,0.0,-0.903,-2.34,-0.96,0.903,2.34,-1.4369999999999998
marker:0,1786962129.491,1786962129.491,0.0,-0.881,-2.318,-0.96,0.881,2.318,-1.437
marker:0,1786962129.566,1786962129.566,0.0,-0.982,-2.416,-0.97,0.982,2.416,-1.434
marker:0,1786962129.666,1786962129.666,0.0,-1.59,-3.042,-0.91,1.59,3.042,-1.4519999999999997
marker:0,1786962129.741,1786962129.741,0.0,-1.738,-3.21,-0.84,1.738,3.21,-1.472
marker:0,1786962129.816,1786962129.816,0.0,-0.996,-2.493,-0.72,0.996,2.493,-1.4969999999999999
marker:0,1786962129.916,1786962129.916,0.0,-1.384,-2.924,-0.6,1.384,2.924,-1.54
marker:0,1786962129.991,1786962129.991,0.0,-1.59,-3.168,-0.47,1.59,3.168,-1.578
marker:0,1786962130.066,1786962130.066,0.0,-1.672,-3.27,-0.4,1.672,3.27,-1.598
marker:0,1786962130.141,1786962130.141,0.0,-1.165,-2.794,-0.27,1.165,2.794,-1.629
marker:0,1786962130.191,1786962130.191,0.0,-1.543,-3.181,-0.26,1.543,3.181,-1.6380000000000001
marker:0,1786962130.291,1786962130.291,0.0,-1.533,-3.157,-0.31,1.533,3.157,-1.624
marker:0,1786962130.366,1786962130.366,0.0,-1.786,-3.372,-0.5,1.786,3.372,-1.5859999999999999
marker:0,1786962130.441,1786962130.441,0.0,-1.22,-2.763,-0.59,1.22,2.763,-1.543
marker:0,1786962130.541,1786962130.541,0.0,-1.29,-2.779,-0.78,1.29,2.779,-1.4889999999999999
marker:0,1786962130.616,1786962130.616,0.0,-1.574,-3.028,-0.94,1.574,3.028,-1.454
marker:0,1786962130.666,1786962130.666,0.0,-1.717,-3.123,-1.07,1.717,3.123,-1.4060000000000001
marker:0,1786962130.741,1786962130.741,0.0,-1.695,-3.105,-1.1,1.695,3.105,-1.41
marker:0,1786962130.791,1786962130.791,0.0,0.298,-1.108,-1.07,0.298,1.108,-0.81
marker:0,1786962130.866,1786962130.866,0.0,0.254,-1.175,-0.99,0.254,1.175,-0.921
marker:0,1786962130.941,1786962130.941,0.0,0.295,-1.171,-0.86,0.295,1.171,-0.8760000000000001
marker:0,1786962131.016,1786962131.016,0.0,0.288,-1.212,-0.74,0.288,1.212,-0.9239999999999999
marker:0,1786962131.066,1786962131.066,0.0,0.252,-1.273,-0.65,0.252,1.273,-1.021
marker:0,1786962131.141,1786962131.141,0.0,0.197,-1.402,-0.54,0.197,1.402,-1.2049999999999998
marker:0,1786962131.266,1786962131.266,0.0,0.081,-1.471,-0.56,0.081,1.471,-1.3900000000000001
marker:0,1786962131.366,1786962131.366,0.0,-0.013,-1.519,-0.72,0.013,1.519,-1.506
marker:0,1786962131.466,1786962131.466,0.0,-0.153,-1.591,-0.99,0.153,1.591,-1.438
marker:0,1786962131.541,1786962131.541,0.0,-0.374,-1.774,-1.09,0.374,1.774,-1.4
marker:0,1786962131.616,1786962131.616,0.0,-0.432,-1.814,-1.14,0.432,1.814,-1.3820000000000001
marker:0,1786962131.691,1786962131.691,0.0,-0.489,-1.871,-1.11,0.489,1.871,-1.3820000000000001
marker:0,1786962131.766,1786962131.766,0.0,-0.653,-2.072,-1.02,0.653,2.072,-1.419
marker:0,1786962131.841,1786962131.841,0.0,-0.69,-2.15,-0.88,0.69,2.15,-1.46
marker:0,1786962131.966,1786962131.966,0.0,-1.598,-3.115,-0.68,1.598,3.115,-1.5170000000000001
marker:0,1786962132.066,1786962132.066,0.0,-1.588,-3.109,-0.67,1.588,3.109,-1.521
marker:0,1786962132.141,1786962132.141,0.0,-1.583,-3.063,-0.81,1.583,3.063,-1.4800000000000002
marker:0,1786962132.241,1786962132.241,0.0,-1.627,-3.064,-0.96,1.627,3.064,-1.437
marker:0,1786962132.341,1786962132.341,0.0,-1.667,-3.041,-1.18,1.667,3.041,-1.3739999999999999
marker:0,1786962132.391,1786962132.391,0.0,-1.616,-2.979,-1.22,1.616,2.979,-1.363
marker:0,1786962132.491,1786962132.491,0.0,-1.728,-3.118,-1.19,1.728,3.118,-1.39
marker:0,1786962132.541,1786962132.541,0.0,-1.843,-3.237,-1.11,1.843,3.237,-1.3940000000000001
marker:0,1786962132.591,1786962132.591,0.0,-1.896,-3.316,-1.02,1.896,3.316,-1.42
marker:0,1786962132.666,1786962132.666,0.0,-1.365,-2.819,-0.9,1.365,2.819,-1.454
marker:0,1786962132.741,1786962132.741,0.0,-1.464,-2.929,-0.86,1.464,2.929,-1.4649999999999999
marker:0,1786962132.816,1786962132.816,0.0,-1.667,-3.145,-0.82,1.667,3.145,-1.478
marker:0,1786962132.916,1786962132.916,0.0,-0.985,-2.442,-0.89,0.985,2.442,-1.4570000000000003
marker:0,1786962132.966,1786962132.966,0.0,-1.019,-2.453,-0.97,1.019,2.453,-1.434
marker:0,1786962133.066,1786962133.066,0.0,-1.718,-3.135,-1.04,1.718,3.135,-1.4169999999999998
marker:0,1786962133.141,1786962133.141,0.0,-0.935,-2.335,-1.04,0.935,2.335,-1.4
marker:0,1786962133.216,1786962133.216,0.0,-0.913,-2.333,-1.02,0.913,2.333,-1.4200000000000002
marker:0,1786962133.341,1786962133.341,0.0,-1.59,-3.056,-0.86,1.59,3.056,-1.466
marker:0,1786962133.441,1786962133.441,0.0,-1.774,-3.243,-0.85,1.774,3.243,-1.4689999999999999
marker:0,1786962133.491,1786962133.491,0.0,-0.942,-2.408,-0.86,0.942,2.408,-1.466
marker:0,1786962133.591,1786962133.591,0.0,-0.912,-2.361,-0.92,0.912,2.361,-1.4490000000000003
marker:0,1786962133.666,1786962133.666,0.0,-1.805,-3.213,-1.06,1.805,3.213,-1.4080000000000001
marker:0,1786962133.766,1786962133.766,0.0,-1.883,-3.26,-1.17,1.883,3.26,-1.3769999999999998
marker:0,1786962133.866,1786962133.866,0.0,-1.729,-3.083,-1.25,1.729,3.083,-1.354
marker:0,1786962134.391,1786962134.391,0.0,-1.609,-3.132,-0.66,1.609,3.132,-1.5230000000000001
marker:0,1786962134.466,1786962134.466,0.0,-1.541,-3.023,-0.78,1.541,3.023,-1.4820000000000002
marker:0,1786962134.541,1786962134.541,0.0,-1.498,-2.938,-0.95,1.498,2.938,-1.4400000000000002
marker:0,1786962134.591,1786962134.591,0.0,-1.511,-2.905,-1.13,1.511,2.905,-1.394
marker:0,1786962134.666,1786962134.666,0.0,-2.031,-3.402,-1.19,2.031,3.402,-1.371
marker:0,1786962134.741,1786962134.741,0.0,-2.021,-3.375,-1.24,2.021,3.375,-1.354
marker:0,1786962134.841,1786962134.841,0.0,-2.076,-3.468,-1.12,2.076,3.468,-1.392
marker:0,1786962134.916,1786962134.916,0.0,-2.101,-3.543,-0.94,2.101,3.543,-1.4420000000000002
marker:0,1786962134.966,1786962134.966,0.0,-1.338,-2.823,-0.79,1.338,2.823,-1.4849999999999999
marker:0,1786962135.066,1786962135.066,0.0,-1.476,-3.031,-0.55,1.476,3.031,-1.5550000000000002
marker:0,1786962135.141,1786962135.141,0.0,-1.552,-3.124,-0.49,1.552,3.124,-1.572
marker:0,1786962135.266,1786962135.266,0.0,-0.143,-1.669,-0.65,0.143,1.669,-1.526
marker:0,1786962135.316,1786962135.316,0.0,-0.249,-1.72,-0.84,0.249,1.72,-1.471
marker:0,1786962135.391,1786962135.391,0.0,-0.202,-1.701,-1.08,0.202,1.701,-1.499
marker:0,1786962135.441,1786962135.441,0.0,-0.248,-1.596,-1.27,0.248,1.596,-1.348
marker:0,1786962135.516,1786962135.516,0.0,-0.152,-1.482,-1.4,0.152,1.482,-1.33
marker:0,1786962135.566,1786962135.566,0.0,-0.213,-1.542,-1.4,0.213,1.542,-1.329
marker:0,1786962135.641,1786962135.641,0.0,-0.232,-1.598,-1.21,0.232,1.598,-1.366
marker:0,1786962135.691,1786962135.691,0.0,-0.236,-1.639,-1.08,0.236,1.639,-1.403
marker:0,1786962135.791,1786962135.791,0.0,-0.385,-1.942,-0.54,0.385,1.942,-1.557
marker:0,1786962135.866,1786962135.866,0.0,-0.447,-2.059,-0.27,0.447,2.059,-1.612
marker:0,1786962135.941,1786962135.941,0.0,-0.758,-2.456,-0.05,0.758,2.456,-1.698
marker:0,1786962136.041,1786962136.041,0.0,-0.877,-2.641,0.27,0.877,2.641,-1.764
marker:0,1786962136.091,1786962136.091,0.0,-1.046,-2.844,0.3,1.046,2.844,-1.7979999999999998
marker:0,1786962136.191,1786962136.191,0.0,-1.443,-3.233,0.27,1.443,3.233,-1.79
marker:0,1786962136.266,1786962136.266,0.0,-1.381,-3.102,0.03,1.381,3.102,-1.7209999999999999
marker:0,1786962136.366,1786962136.366,0.0,-1.428,-3.043,-0.34,1.428,3.043,-1.6150000000000002
marker:0,1786962136.466,1786962136.466,0.0,-1.6,-3.097,-0.75,1.6,3.097,-1.4969999999999999
marker:0,1786962136.541,1786962136.541,0.0,-1.602,-3.01,-1.06,1.602,3.01,-1.4079999999999997
marker:0,1786962136.591,1786962136.591,0.0,-1.609,-2.963,-1.25,1.609,2.963,-1.354
marker:0,1786962136.691,1786962136.691,0.0,-1.538,-2.878,-1.3,1.538,2.878,-1.34
marker:0,1786962136.766,1786962136.766,0.0,-1.531,-2.893,-1.22,1.531,2.893,-1.3619999999999999
marker:0,1786962136.941,1786962136.941,0.0,-1.6,-3.085,-0.77,1.6,3.085,-1.4849999999999999
marker:0,1786962137.016,1786962137.016,0.0,-1.103,-2.646,-0.58,1.103,2.646,-1.543
marker:0,1786962137.066,1786962137.066,0.0,-1.188,-2.743,-0.55,1.188,2.743,-1.555
marker:0,1786962137.141,1786962137.141,0.0,-1.385,-2.948,-0.52,1.385,2.948,-1.563
marker:0,1786962137.291,1786962137.291,0.0,-1.555,-3.239,-0.7,1.555,3.239,-1.684
marker:0,1786962137.366,1786962137.366,0.0,-1.652,-3.138,-0.79,1.652,3.138,-1.486
marker:0,1786962137.466,1786962137.466,0.0,-1.594,-3.052,-0.92,1.594,3.052,-1.458
marker:0,1786962137.516,1786962137.516,0.0,-1.582,-3.027,-0.93,1.582,3.027,-1.445
marker:0,1786962137.591,1786962137.591,0.0,-1.51,-2.962,-0.91,1.51,2.962,-1.4520000000000002
marker:0,1786962137.741,1786962137.741,0.0,-1.541,-3.026,-0.77,1.541,3.026,-1.4849999999999999
marker:0,1786962137.791,1786962137.791,0.0,-1.596,-3.108,-0.7,1.596,3.108,-1.512
marker:0,1786962137.866,1786962137.866,0.0,-1.615,-3.15,-0.62,1.615,3.15,-1.535
marker:0,1786962137.941,1786962137.941,0.0,-1.664,-3.215,-0.52,1.664,3.215,-1.551
marker:0,1786962138.041,1786962138.041,0.0,-1.834,-3.397,-0.52,1.834,3.397,-1.5629999999999997
marker:0,1786962138.066,1786962138.066,0.0,-1.897,-3.463,-0.51,1.897,3.463,-1.566
marker:0,1786962138.191,1786962138.191,0.0,-1.96,-3.497,-0.61,1.96,3.497,-1.537
marker:0,1786962138.241,1786962138.241,0.0,-2.013,-3.499,-0.79,2.013,3.499,-1.4860000000000002
marker:0,1786962138.391,1786962138.391,0.0,-2.165,-3.594,-0.99,2.165,3.594,-1.4289999999999998
marker:0,1786962138.466,1786962138.466,0.0,-2.073,-3.484,-1.05,2.073,3.484,-1.411
marker:0,1786962138.541,1786962138.541,0.0,-2.173,-3.548,-1.08,2.173,3.548,-1.375
marker:0,1786962138.591,1786962138.591,0.0,-1.873,-3.273,-1.09,1.873,3.273,-1.4000000000000001
marker:0,1786962138.691,1786962138.691,0.0,-1.887,-3.287,-1.09,1.887,3.287,-1.4
marker:0,1786962138.766,1786962138.766,0.0,-1.923,-3.34,-1.03,1.923,3.34,-1.4169999999999998
marker:0,1786962138.866,1786962138.866,0.0,-1.658,-3.104,-0.93,1.658,3.104,-1.4460000000000002
marker:0,1786962138.966,1786962138.966,0.0,-1.377,-2.84,-0.87,1.377,2.84,-1.4629999999999999
marker:0,1786962139.016,1786962139.016,0.0,-1.447,-2.921,-0.82,1.447,2.921,-1.4739999999999998
marker:0,1786962139.091,1786962139.091,0.0,-1.468,-2.942,-0.83,1.468,2.942,-1.4740000000000002
marker:0,1786962139.166,1786962139.166,0.0,-1.462,-2.924,-0.93,1.462,2.924,-1.462
marker:0,1786962139.216,1786962139.216,0.0,-1.596,-3.022,-1.0,1.596,3.022,-1.4259999999999997
marker:0,1786962139.316,1786962139.316,0.0,-1.783,-3.123,-1.34,1.783,3.123,-1.3400000000000003
marker:0,1786962139.416,1786962139.416,0.0,-1.855,-3.182,-1.54,1.855,3.182,-1.327
marker:0,1786962139.491,1786962139.491,0.0,-1.802,-3.128,-1.59,1.802,3.128,-1.326
marker:0,1786962139.566,1786962139.566,0.0,-2.165,-3.491,-1.55,2.165,3.491,-1.326
marker:0,1786962139.641,1786962139.641,0.0,-2.177,-3.506,-1.44,2.177,3.506,-1.3289999999999997
marker:0,1786962139.716,1786962139.716,0.0,-2.157,-3.531,-1.11,2.157,3.531,-1.374
marker:0,1786962139.816,1786962139.816,0.0,-2.337,-3.803,-0.79,2.337,3.803,-1.4659999999999997
marker:0,1786962139.866,1786962139.866,0.0,-2.313,-3.833,-0.59,2.313,3.833,-1.52
marker:0,1786962139.966,1786962139.966,0.0,-2.026,-3.615,-0.43,2.026,3.615,-1.5890000000000004
marker:0,1786962140.041,1786962140.041,0.0,-2.126,-3.711,-0.4,2.126,3.711,-1.585
marker:0,1786962140.141,1786962140.141,0.0,-1.91,-3.482,-0.49,1.91,3.482,-1.5720000000000003
marker:0,1786962140.216,1786962140.241,0.02499985694885254,-1.476,-2.994,-0.68,1.476,2.994,-1.5180000000000002
marker:0,1786962140.316,1786962140.316,0.0,-1.864,-3.302,-1.01,1.864,3.302,-1.438
marker:0,1786962140.391,1786962140.391,0.0,-1.87,-3.244,-1.18,1.87,3.244,-1.374
marker:0,1786962140.441,1786962140.441,0.0,-1.946,-3.285,-1.3,1.946,3.285,-1.3390000000000002
marker:0,1786962140.516,1786962140.516,0.0,-1.991,-3.32,-1.44,1.991,3.32,-1.3289999999999997
marker:0,1786962140.566,1786962140.566,0.0,-2.058,-3.386,-1.49,2.058,3.386,-1.3280000000000003
marker:0,1786962140.641,1786962140.641,0.0,-1.692,-3.021,-1.45,1.692,3.021,-1.329
marker:0,1786962140.741,1786962140.741,0.0,-1.713,-3.05,-1.31,1.713,3.05,-1.3369999999999997
marker:0,1786962140.791,1786962140.791,0.0,-1.777,-3.176,-1.09,1.777,3.176,-1.3990000000000002
marker:0,1786962140.916,1786962140.916,0.0,-1.871,-3.354,-0.8,1.871,3.354,-1.483
marker:0,1786962141.016,1786962141.016,0.0,-1.845,-3.391,-0.58,1.845,3.391,-1.546
marker:0,1786962141.066,1786962141.066,0.0,-1.733,-3.281,-0.57,1.733,3.281,-1.548
marker:0,1786962141.141,1786962141.141,0.0,-1.432,-2.973,-0.6,1.432,2.973,-1.541
marker:0,1786962141.216,1786962141.216,0.0,-1.55,-3.07,-0.67,1.55,3.07,-1.5199999999999998
marker:0,1786962141.266,1786962141.266,0.0,-1.384,-2.887,-0.73,1.384,2.887,-1.5030000000000001
marker:0,1786962141.366,1786962141.366,0.0,-1.441,-2.912,-0.84,1.441,2.912,-1.4709999999999999
marker:0,1786962141.416,1786962141.416,0.0,-1.455,-2.901,-0.93,1.455,2.901,-1.4459999999999997
marker:0,1786962141.516,1786962141.516,0.0,-1.478,-2.93,-0.9,1.478,2.93,-1.4520000000000002
marker:0,1786962141.566,1786962141.566,0.0,-1.635,-3.115,-0.81,1.635,3.115,-1.4800000000000002
marker:0,1786962141.641,1786962141.641,0.0,-1.511,-2.964,-0.67,1.511,2.964,-1.453
marker:0,1786962141.741,1786962141.741,0.0,-1.621,-3.193,-0.49,1.621,3.193,-1.572
marker:0,1786962141.841,1786962141.841,0.0,-1.8,-3.426,-0.3,1.8,3.426,-1.6260000000000001
marker:0,1786962141.916,1786962141.916,0.0,-1.998,-3.653,-0.19,1.998,3.653,-1.655
marker:0,1786962141.991,1786962141.991,0.0,-1.86,-3.535,-0.13,1.86,3.535,-1.675
marker:0,1786962142.091,1786962142.091,0.0,-1.678,-3.359,-0.11,1.678,3.359,-1.681
marker:0,1786962142.191,1786962142.191,0.0,-1.529,-3.189,-0.3,1.529,3.189,-1.6600000000000001
marker:0,1786962142.266,1786962142.266,0.0,-1.515,-3.078,-0.52,1.515,3.078,-1.563
marker:0,1786962142.341,1786962142.341,0.0,-1.526,-3.003,-0.82,1.526,3.003,-1.477
marker:0,1786962142.441,1786962142.441,0.0,-1.602,-3.019,-1.03,1.602,3.019,-1.417
marker:0,1786962142.541,1786962142.541,0.0,-1.189,-2.58,-1.12,1.189,2.58,-1.391
marker:0,1786962142.641,1786962142.641,0.0,-1.19,-2.587,-1.1,1.19,2.587,-1.3970000000000002
marker:0,1786962142.716,1786962142.716,0.0,-1.261,-2.709,-0.92,1.261,2.709,-1.4480000000000002
marker:0,1786962142.791,1786962142.791,0.0,-1.415,-2.913,-0.75,1.415,2.913,-1.4979999999999998
marker:0,1786962142.866,1786962142.866,0.0,-1.497,-3.043,-0.58,1.497,3.043,-1.546
marker:0,1786962142.941,1786962142.941,0.0,-1.707,-3.278,-0.5,1.707,3.278,-1.571
marker:0,1786962143.016,1786962143.016,0.0,-1.859,-3.442,-0.45,1.859,3.442,-1.5830000000000002
marker:0,1786962143.091,1786962143.091,0.0,-1.341,-2.927,-0.44,1.341,2.927,-1.586
marker:0,1786962143.141,1786962143.141,0.0,-1.508,-3.083,-0.48,1.508,3.083,-1.5750000000000002
marker:0,1786962143.241,1786962143.241,0.0,-1.585,-3.142,-0.54,1.585,3.142,-1.557
marker:0,1786962143.366,1786962143.366,0.0,-1.561,-3.096,-0.62,1.561,3.096,-1.5350000000000001
marker:0,1786962143.441,1786962143.441,0.0,-1.615,-3.144,-0.64,1.615,3.144,-1.5290000000000001
marker:0,1786962143.491,1786962143.491,0.0,-1.213,-2.745,-0.62,1.213,2.745,-1.532
marker:0,1786962143.591,1786962143.591,0.0,-1.315,-2.875,-0.53,1.315,2.875,-1.56
marker:0,1786962143.666,1786962143.666,0.0,-1.363,-2.938,-0.47,1.363,2.938,-1.5750000000000002
marker:0,1786962143.716,1786962143.716,0.0,-1.439,-3.028,-0.41,1.439,3.028,-1.589
marker:0,1786962143.791,1786962143.791,0.0,-1.523,-3.138,-0.34,1.523,3.138,-1.615
marker:0,1786962143.866,1786962143.866,0.0,-1.557,-3.186,-0.29,1.557,3.186,-1.629
marker:0,1786962143.966,1786962143.966,0.0,-0.98,-2.615,-0.27,0.98,2.615,-1.6350000000000002
marker:0,1786962144.016,1786962144.016,0.0,-1.43,-3.042,-0.36,1.43,3.042,-1.6119999999999999
marker:0,1786962144.091,1786962144.091,0.0,-1.26,-2.858,-0.4,1.26,2.858,-1.598
marker:0,1786962144.166,1786962144.166,0.0,-1.28,-2.857,-0.47,1.28,2.857,-1.5770000000000002
marker:0,1786962144.241,1786962144.241,0.0,-1.814,-3.369,-0.55,1.814,3.369,-1.5550000000000002
marker:0,1786962144.341,1786962144.341,0.0,-1.691,-3.237,-0.58,1.691,3.237,-1.546
marker:0,1786962144.441,1786962144.441,0.0,-1.853,-3.39,-0.63,1.853,3.39,-1.5370000000000001
marker:0,1786962144.516,1786962144.516,0.0,-2.054,-3.566,-0.7,2.054,3.566,-1.512
marker:0,1786962144.591,1786962144.591,0.0,-2.132,-3.609,-0.82,2.132,3.609,-1.4769999999999999
marker:0,1786962144.666,1786962144.666,0.0,-2.013,-3.467,-0.91,2.013,3.467,-1.4540000000000002
marker:0,1786962144.766,1786962144.766,0.0,-2.111,-3.548,-0.96,2.111,3.548,-1.4369999999999998
marker:0,1786962144.816,1786962144.816,0.0,-2.107,-3.536,-0.99,2.107,3.536,-1.4289999999999998
marker:0,1786962144.916,1786962144.916,0.0,-1.55,-2.979,-0.99,1.55,2.979,-1.429
marker:0,1786962144.966,1786962144.966,0.0,-1.641,-3.093,-0.91,1.641,3.093,-1.452
marker:0,1786962145.091,1786962145.091,0.0,-1.518,-3.001,-0.8,1.518,3.001,-1.4829999999999999
marker:0,1786962145.166,1786962145.166,0.0,-1.426,-2.918,-0.77,1.426,2.918,-1.4920000000000002
marker:0,1786962145.241,1786962145.241,0.0,-1.49,-2.979,-0.77,1.49,2.979,-1.489
marker:0,1786962145.341,1786962145.341,0.0,-1.042,-2.577,-0.79,1.042,2.577,-1.535
marker:0,1786962145.416,1786962145.416,0.0,-1.108,-2.6,-0.78,1.108,2.6,-1.492
marker:0,1786962145.466,1786962145.466,0.0,-1.227,-2.724,-0.75,1.227,2.724,-1.497
marker:0,1786962145.516,1786962145.516,0.0,-1.355,-2.847,-0.77,1.355,2.847,-1.492
marker:0,1786962145.591,1786962145.591,0.0,-1.643,-3.164,-0.67,1.643,3.164,-1.5210000000000001
marker:0,1786962145.691,1786962145.691,0.0,-1.454,-3.0,-0.52,1.454,3.0,-1.546
marker:0,1786962145.766,1786962145.766,0.0,-1.639,-3.243,-0.38,1.639,3.243,-1.6039999999999999
marker:0,1786962145.866,1786962145.866,0.0,-1.767,-3.422,-0.17,1.767,3.422,-1.6550000000000002
marker:0,1786962145.916,1786962145.916,0.0,-1.553,-3.26,0.0,1.553,3.26,-1.7069999999999999
marker:0,1786962146.016,1786962146.016,0.0,-1.793,-3.548,0.15,1.793,3.548,-1.7550000000000001
marker:0,1786962146.116,1786962146.116,0.0,-1.908,-3.666,0.16,1.908,3.666,-1.758
marker:0,1786962146.216,1786962146.216,0.0,-1.607,-3.331,0.04,1.607,3.331,-1.724
marker:0,1786962146.266,1786962146.266,0.0,-1.696,-3.394,-0.05,1.696,3.394,-1.6980000000000002
marker:0,1786962146.366,1786962146.366,0.0,-1.39,-3.036,-0.23,1.39,3.036,-1.6460000000000001
marker:0,1786962146.441,1786962146.441,0.0,-1.317,-2.915,-0.4,1.317,2.915,-1.598
marker:0,1786962146.541,1786962146.541,0.0,-1.148,-2.705,-0.54,1.148,2.705,-1.5570000000000002
marker:0,1786962146.616,1786962146.616,0.0,-1.213,-2.756,-0.6,1.213,2.756,-1.5429999999999997
marker:0,1786962146.716,1786962146.716,0.0,-1.107,-2.644,-0.59,1.107,2.644,-1.5370000000000001
marker:0,1786962146.791,1786962146.791,0.0,-1.317,-2.886,-0.5,1.317,2.886,-1.5690000000000002
marker:0,1786962146.916,1786962146.916,0.0,-1.431,-3.048,-0.33,1.431,3.048,-1.617
marker:0,1786962147.016,1786962147.016,0.0,-1.785,-3.485,0.0,1.785,3.485,-1.7
marker:0,1786962147.091,1786962147.091,0.0,-1.563,-3.315,0.14,1.563,3.315,-1.752
marker:0,1786962147.191,1786962147.191,0.0,-1.645,-3.401,0.13,1.645,3.401,-1.7559999999999998
marker:0,1786962147.341,1786962147.341,0.0,-1.731,-3.395,-0.17,1.731,3.395,-1.664
marker:0,1786962147.466,1786962147.466,0.0,-1.931,-3.537,-0.38,1.931,3.537,-1.6059999999999999
marker:0,1786962147.566,1786962147.566,0.0,-2.102,-3.711,-0.36,2.102,3.711,-1.609
marker:0,1786962147.616,1786962147.616,0.0,-2.149,-3.773,-0.31,2.149,3.773,-1.624
marker:0,1786962147.716,1786962147.716,0.0,-2.359,-4.039,-0.11,2.359,4.039,-1.6799999999999997
marker:0,1786962147.791,1786962147.791,0.0,-2.572,-4.298,0.05,2.572,4.298,-1.726
marker:0,1786962147.866,1786962147.866,0.0,-2.732,-4.471,0.1,2.732,4.471,-1.7389999999999999
marker:0,1786962147.941,1786962147.941,0.0,-3.024,-4.777,0.14,3.024,4.777,-1.7530000000000001
marker:0,1786962148.016,1786962148.016,0.0,-3.248,-4.974,0.05,3.248,4.974,-1.726
marker:0,1786962148.091,1786962148.091,0.0,-3.396,-5.094,-0.05,3.396,5.094,-1.6980000000000004
marker:0,1786962148.166,1786962148.166,0.0,-3.495,-5.159,-0.17,3.495,5.159,-1.6639999999999997
marker:0,1786962148.241,1786962148.241,0.0,-3.725,-5.371,-0.23,3.725,5.371,-1.6460000000000004
marker:0,1786962148.341,1786962148.341,0.0,-3.891,-5.57,-0.23,3.891,5.57,-1.6790000000000003
marker:0,1786962148.416,1786962148.416,0.0,-4.119,-5.768,-0.21,4.119,5.768,-1.649
marker:0,1786962148.491,1786962148.491,0.0,-4.157,-5.824,-0.14,4.157,5.824,-1.6669999999999998
marker:0,1786962148.566,1786962148.566,0.0,-4.287,-5.971,-0.07,4.287,5.971,-1.6840000000000002
marker:0,1786962148.666,1786962148.666,0.0,-4.401,-6.09,-0.07,4.401,6.09,-1.689
marker:0,1786962148.741,1786962148.741,0.0,-4.553,-6.248,-0.06,4.553,6.248,-1.6950000000000003
marker:0,1786962148.816,1786962148.816,0.0,-4.645,-6.317,-0.14,4.645,6.317,-1.6720000000000006
marker:0,1786962148.891,1786962148.891,0.0,-4.771,-6.418,-0.23,4.771,6.418,-1.6470000000000002
marker:0,1786962149.041,1786962149.041,0.0,-5.335,-6.959,-0.32,5.335,6.959,-1.6239999999999997
marker:0,1786962149.116,1786962149.116,0.0,-5.83,-7.45,-0.32,5.83,7.45,-1.62
marker:0,1786962149.166,1786962149.166,0.0,-5.84,-7.469,-0.28,5.84,7.469,-1.6290000000000004
marker:0,1786962149.241,1786962149.241,0.0,-5.844,-7.493,-0.22,5.844,7.493,-1.649
marker:0,1786962149.316,1786962149.316,0.0,-5.902,-7.562,-0.18,5.902,7.562,-1.6600000000000001
marker:0,1786962149.441,1786962149.441,0.0,-6.186,-7.881,-0.06,6.186,7.881,-1.6950000000000003
marker:0,1786962149.516,1786962149.516,0.0,-6.523,-8.235,0.02,6.523,8.235,-1.7119999999999997
marker:0,1786962149.616,1786962149.616,0.0,-6.867,-8.588,0.03,6.867,8.588,-1.7209999999999992
marker:0,1786962149.716,1786962149.716,0.0,-7.087,-8.811,0.04,7.087,8.811,-1.7240000000000002
marker:0,1786962149.766,1786962149.766,0.0,-7.282,-8.997,0.01,7.282,8.997,-1.7149999999999999
marker:0,1786962149.841,1786962149.841,0.0,-7.411,-9.121,0.01,7.411,9.121,-1.7100000000000009
marker:0,1786962149.916,1786962149.916,0.0,-2.39,-4.088,-0.05,2.39,4.088,-1.698
marker:0,1786962150.016,1786962150.016,0.0,-2.228,-3.96,0.07,2.228,3.96,-1.7319999999999998
marker:0,1786962150.116,1786962150.116,0.0,-2.245,-4.012,0.25,2.245,4.012,-1.7669999999999995
marker:0,1786962150.191,1786962150.191,0.0,-2.41,-4.225,0.36,2.41,4.225,-1.8149999999999995
marker:0,1786962150.266,1786962150.266,0.0,-2.652,-4.496,0.49,2.652,4.496,-1.8440000000000003
marker:0,1786962150.391,1786962150.391,0.0,-2.157,-4.019,0.52,2.157,4.019,-1.862
marker:0,1786962150.466,1786962150.466,0.0,-2.418,-4.268,0.48,2.418,4.268,-1.8499999999999996
marker:0,1786962150.541,1786962150.541,0.0,-2.648,-4.481,0.42,2.648,4.481,-1.8329999999999997
marker:0,1786962150.641,1786962150.641,0.0,-2.883,-4.684,0.31,2.883,4.684,-1.8010000000000002
marker:0,1786962150.716,1786962150.716,0.0,-2.978,-4.753,0.22,2.978,4.753,-1.775
marker:0,1786962150.791,1786962150.791,0.0,-3.121,-4.905,0.25,3.121,4.905,-1.7840000000000003
marker:0,1786962150.866,1786962150.866,0.0,-2.177,-3.972,0.33,2.177,3.972,-1.795
marker:0,1786962150.916,1786962150.916,0.0,-2.277,-4.124,0.47,2.277,4.124,-1.8469999999999995
marker:0,1786962150.991,1786962150.991,0.0,-2.285,-4.155,0.66,2.285,4.155,-1.87
marker:0,1786962151.066,1786962151.066,0.0,-2.337,-4.259,0.73,2.337,4.259,-1.9220000000000002
marker:0,1786962151.141,1786962151.141,0.0,-1.484,-3.443,0.86,1.484,3.443,-1.959
marker:0,1786962151.216,1786962151.216,0.0,-4.072,-6.034,0.92,4.072,6.034,-1.9619999999999997
marker:0,1786962151.341,1786962151.341,0.0,-4.186,-6.148,0.83,4.186,6.148,-1.9619999999999997
marker:0,1786962151.416,1786962151.416,0.0,-1.283,-3.199,0.68,1.283,3.199,-1.916
marker:0,1786962151.491,1786962151.491,0.0,-0.766,-2.639,0.64,0.766,2.639,-1.8729999999999998
marker:0,1786962151.566,1786962151.566,0.0,-0.854,-2.675,0.29,0.854,2.675,-1.8209999999999997
marker:0,1786962151.641,1786962151.641,0.0,-1.093,-2.877,0.23,1.093,2.877,-1.7839999999999998
marker:0,1786962151.716,1786962151.716,0.0,-1.401,-3.122,0.03,1.401,3.122,-1.7209999999999999
marker:0,1786962151.841,1786962151.841,0.0,-1.745,-3.48,0.15,1.745,3.48,-1.7349999999999999
marker:0,1786962151.941,1786962151.941,0.0,-1.646,-3.461,0.44,1.646,3.461,-1.815
marker:0,1786962152.066,1786962152.066,0.0,-1.681,-3.646,0.94,1.681,3.646,-1.9649999999999999
marker:0,1786962152.166,1786962152.166,0.0,-1.723,-3.747,1.12,1.723,3.747,-2.024
marker:0,1786962152.616,1786962152.616,0.0,-2.658,-4.367,-0.01,2.658,4.367,-1.709
marker:0,1786962152.666,1786962152.666,0.0,-1.721,-3.387,-0.16,1.721,3.387,-1.666
marker:0,1786962152.716,1786962152.716,0.0,-1.92,-3.572,-0.21,1.92,3.572,-1.6520000000000001
marker:0,1786962152.791,1786962152.791,0.0,-2.095,-3.761,-0.16,2.095,3.761,-1.666
marker:0,1786962152.841,1786962152.841,0.0,-2.385,-4.078,-0.07,2.385,4.078,-1.6930000000000005
marker:0,1786962152.916,1786962152.916,0.0,-1.94,-3.692,0.22,1.94,3.692,-1.7520000000000002
marker:0,1786962152.991,1786962152.991,0.0,-3.233,-5.114,0.59,3.233,5.114,-1.8809999999999998
marker:0,1786962153.066,1786962153.066,0.0,-3.88,-5.839,0.97,3.88,5.839,-1.9590000000000005
marker:0,1786962153.166,1786962153.166,0.0,-4.118,-6.208,1.32,4.118,6.208,-2.09
marker:0,1786962153.266,1786962153.266,0.0,-3.008,-5.162,1.54,3.008,5.162,-2.154
marker:0,1786962153.341,1786962153.341,0.0,-2.706,-4.849,1.5,2.706,4.849,-2.1430000000000002
marker:0,1786962153.416,1786962153.416,0.0,-2.786,-4.894,1.38,2.786,4.894,-2.108
marker:0,1786962153.491,1786962153.491,0.0,-2.731,-4.702,1.25,2.731,4.702,-1.971
marker:0,1786962153.541,1786962153.541,0.0,-2.791,-4.816,1.09,2.791,4.816,-2.025
marker:0,1786962153.641,1786962153.641,0.0,-2.74,-4.702,0.87,2.74,4.702,-1.9619999999999997
marker:0,1786962153.741,1786962153.741,0.0,-2.945,-4.881,0.78,2.945,4.881,-1.9360000000000004
marker:0,1786962153.816,1786962153.816,0.0,-2.946,-4.876,0.76,2.946,4.876,-1.9300000000000002
marker:0,1786962153.891,1786962153.891,0.0,-2.965,-4.924,0.86,2.965,4.924,-1.9590000000000005
marker:0,1786962153.966,1786962153.966,0.0,-3.121,-5.108,0.96,3.121,5.108,-1.9869999999999997
marker:0,1786962154.041,1786962154.041,0.0,-1.462,-3.467,1.02,1.462,3.467,-2.005
marker:0,1786962154.116,1786962154.116,0.0,-1.5,-3.522,1.08,1.5,3.522,-2.022
marker:0,1786962154.216,1786962154.216,0.0,-1.626,-3.656,1.11,1.626,3.656,-2.0300000000000002
marker:0,1786962154.291,1786962154.291,0.0,-1.747,-3.762,1.05,1.747,3.762,-2.0149999999999997
marker:0,1786962154.366,1786962154.366,0.0,-1.946,-3.916,0.9,1.946,3.916,-1.97
marker:0,1786962154.441,1786962154.441,0.0,-1.977,-3.899,0.73,1.977,3.899,-1.922
marker:0,1786962154.541,1786962154.541,0.0,-2.032,-3.896,0.53,2.032,3.896,-1.8639999999999999
marker:0,1786962154.616,1786962154.616,0.0,-2.099,-3.955,0.48,2.099,3.955,-1.8559999999999999
marker:0,1786962154.716,1786962154.716,0.0,-2.001,-3.842,0.45,2.001,3.842,-1.8410000000000002
marker:0,1786962154.791,1786962154.791,0.0,-1.875,-3.765,0.62,1.875,3.765,-1.8900000000000001
marker:0,1786962154.866,1786962154.866,0.0,-1.964,-3.888,0.74,1.964,3.888,-1.924
marker:0,1786962154.966,1786962154.966,0.0,-1.893,-3.858,0.88,1.893,3.858,-1.965
marker:0,1786962155.016,1786962155.016,0.0,-2.067,-4.043,0.97,2.067,4.043,-1.976
marker:0,1786962155.091,1786962155.091,0.0,-2.052,-4.066,1.05,2.052,4.066,-2.014
marker:0,1786962155.166,1786962155.166,0.0,-1.983,-4.014,1.11,1.983,4.014,-2.031
marker:0,1786962155.266,1786962155.266,0.0,-2.035,-4.069,1.12,2.035,4.069,-2.034
marker:0,1786962155.366,1786962155.366,0.0,-2.154,-4.17,1.06,2.154,4.17,-2.016
marker:0,1786962155.441,1786962155.441,0.0,-2.315,-4.348,1.12,2.315,4.348,-2.033
marker:0,1786962155.516,1786962155.516,0.0,-2.499,-4.535,1.13,2.499,4.535,-2.036
marker:0,1786962155.641,1786962155.641,0.0,-2.773,-4.849,1.33,2.773,4.849,-2.076
marker:0,1786962155.716,1786962155.716,0.0,-2.783,-4.908,1.44,2.783,4.908,-2.1250000000000004
marker:0,1786962155.791,1786962155.791,0.0,2.793,0.711,1.6,2.793,0.711,2.0820000000000003
marker:0,1786962155.891,1786962155.891,0.0,2.806,0.657,1.73,2.806,0.657,2.149
marker:0,1786962155.966,1786962155.966,0.0,2.681,0.464,1.76,2.681,0.464,2.217
marker:0,1786962156.066,1786962156.041,-0.02500009536743164,3.675,1.493,1.64,3.675,1.493,2.1819999999999995
marker:0,1786962156.116,1786962156.116,0.0,3.567,1.428,1.49,3.567,1.428,2.1390000000000002
marker:0,1786962156.166,1786962156.166,0.0,3.441,1.347,1.17,3.441,1.347,2.094
marker:0,1786962156.266,1786962156.266,0.0,3.534,1.552,0.94,3.534,1.552,1.9819999999999998
marker:0,1786962156.341,1786962156.341,0.0,3.577,1.773,0.65,3.577,1.773,1.804
marker:0,1786962156.391,1786962156.391,0.0,3.735,1.888,0.47,3.735,1.888,1.847
marker:0,1786962156.741,1786962156.741,0.0,4.843,3.131,0.0,4.843,3.131,1.7120000000000002
marker:0,1786962156.816,1786962156.816,0.0,4.686,2.976,-0.01,4.686,2.976,1.71
marker:0,1786962199.59,1786962199.59,0.0,-2.975,-7.372,61.32,2.975,7.372,-4.397
marker:0,1786962199.64,1786962199.64,0.0,-4.092,-8.51,61.32,4.092,8.51,-4.418
marker:0,1786962199.715,1786962199.715,0.0,-12.331,-16.748,61.32,12.331,16.748,-4.417000000000002
marker:0,1786962199.79,1786962199.79,0.0,-12.545,-16.963,61.32,12.545,16.963,-4.418000000000001
marker:0,1786962199.865,1786962199.865,0.0,-12.213,-16.643,60.45,12.213,16.643,-4.4300000000000015
marker:0,1786962199.965,1786962199.965,0.0,-11.407,-15.835,60.58,11.407,15.835,-4.428000000000001
marker:0,1786962200.065,1786962200.065,0.0,-12.203,-16.632,60.48,12.203,16.632,-4.429000000000002
marker:0,1786962200.14,1786962200.14,0.0,-11.461,-15.893,60.3,11.461,15.893,-4.432
marker:0,1786962200.215,1786962200.215,0.0,-11.521,-15.959,59.88,11.521,15.959,-4.437999999999999
marker:0,1786962200.265,1786962200.265,0.0,-11.008,-15.451,59.53,11.008,15.451,-4.443000000000001
marker:0,1786962200.365,1786962200.365,0.0,-10.432,-14.88,59.0,10.432,14.88,-4.448
marker:0,1786962200.44,1786962200.44,0.0,-10.147,-14.599,58.84,10.147,14.599,-4.452
marker:0,1786962200.49,1786962200.49,0.0,-9.72,-14.172,58.84,9.72,14.172,-4.452
marker:0,1786962200.59,1786962200.59,0.0,-9.643,-14.095,58.84,9.643,14.095,-4.452
marker:0,1786962200.64,1786962200.64,0.0,-14.35,-18.799,59.08,14.35,18.799,-4.449
marker:0,1786962200.74,1786962200.74,0.0,-13.678,-18.119,59.69,13.678,18.119,-4.440999999999999
marker:0,1786962200.84,1786962200.84,0.0,-13.651,-17.976,60.45,13.651,17.976,-4.324999999999999
marker:0,1786962200.94,1786962200.94,0.0,-13.507,-17.93,60.94,13.507,17.93,-4.423
marker:0,1786962201.015,1786962201.015,0.0,-13.669,-18.093,60.87,13.669,18.093,-4.4239999999999995
marker:0,1786962201.115,1786962201.115,0.0,-13.626,-18.054,60.54,13.626,18.054,-4.427999999999999
marker:0,1786962201.165,1786962201.165,0.0,-13.102,-17.535,60.21,13.102,17.535,-4.433
marker:0,1786962201.265,1786962201.265,0.0,-13.394,-17.832,59.78,13.394,17.832,-4.438000000000001
marker:0,1786962201.34,1786962201.34,0.0,-13.058,-17.499,59.61,13.058,17.499,-4.440999999999999
marker:0,1786962201.415,1786962201.415,0.0,-12.398,-16.84,59.56,12.398,16.84,-4.442
marker:0,1786962201.465,1786962201.465,0.0,-11.914,-16.357,59.53,11.914,16.357,-4.443
marker:0,1786962201.565,1786962201.565,0.0,-11.617,-16.06,59.5,11.617,16.06,-4.442999999999998
marker:0,1786962201.64,1786962201.64,0.0,-11.315,-15.758,59.52,11.315,15.758,-4.443
marker:0,1786962201.715,1786962201.715,0.0,-12.455,-16.905,58.99,12.455,16.905,-4.450000000000001
marker:0,1786962201.765,1786962201.765,0.0,-12.449,-16.906,58.41,12.449,16.906,-4.456999999999999
marker:0,1786962201.815,1786962201.815,0.0,-11.668,-16.132,57.98,11.668,16.132,-4.464000000000002
marker:0,1786962201.89,1786962201.89,0.0,-10.644,-15.118,57.23,10.644,15.118,-4.474
marker:0,1786962201.965,1786962201.965,0.0,-10.237,-14.724,56.26,10.237,14.724,-4.487
marker:0,1786962202.04,1786962202.04,0.0,-8.381,-12.875,55.51,8.381,12.875,-4.494
marker:0,1786962202.115,1786962202.115,0.0,-7.157,-11.666,54.71,7.157,11.666,-4.509
marker:0,1786962202.19,1786962202.19,0.0,-7.796,-11.646,53.86,7.796,11.646,-3.8500000000000005
marker:0,1786962202.54,1786962202.54,0.0,-4.956,-10.156,50.79,4.956,10.156,-5.2
marker:0,1786962202.74,1786962202.74,0.0,-6.09,-11.498,49.26,6.09,11.498,-5.4079999999999995
marker:0,1786962202.815,1786962202.815,0.0,-5.981,-11.643,47.83,5.981,11.643,-5.662000000000001
marker:0,1786962202.99,1786962202.99,0.0,-3.747,-9.901,45.43,3.747,9.901,-6.154
marker:0,1786962203.315,1786962203.315,0.0,-3.792,-10.396,42.84,3.792,10.396,-6.604000000000001
marker:0,1786962203.365,1786962203.365,0.0,-3.394,-10.031,42.72,3.394,10.031,-6.6370000000000005
marker:0,1786962203.415,1786962203.415,0.0,-4.373,-11.02,42.65,4.373,11.02,-6.646999999999999
marker:0,1786962203.49,1786962203.49,0.0,-6.787,-13.441,42.48,6.787,13.441,-6.654000000000001
marker:0,1786962203.665,1786962203.665,0.0,-5.933,-12.599,42.24,5.933,12.599,-6.666
marker:0,1786962203.765,1786962203.765,0.0,-5.477,-12.145,42.18,5.477,12.145,-6.667999999999999
marker:0,1786962203.865,1786962203.865,0.0,-6.667,-13.342,42.04,6.667,13.342,-6.675000000000001
marker:0,1786962203.94,1786962203.94,0.0,-7.212,-14.053,41.85,7.212,14.053,-6.841000000000001
marker:0,1786962204.04,1786962204.04,0.0,-7.281,-13.972,41.65,7.281,13.972,-6.691
marker:0,1786962204.09,1786962204.09,0.0,-7.192,-13.817,41.51,7.192,13.817,-6.625
marker:0,1786962204.215,1786962204.215,0.0,-8.191,-14.921,40.82,8.191,14.921,-6.729999999999999
marker:0,1786962204.315,1786962204.315,0.0,-7.801,-14.55,40.42,7.801,14.55,-6.7490000000000006
marker:0,1786962204.44,1786962204.44,0.0,-6.506,-13.292,39.58,6.506,13.292,-6.786
marker:0,1786962204.515,1786962204.515,0.0,-8.16,-14.963,39.19,8.16,14.963,-6.802999999999999
marker:0,1786962204.565,1786962204.565,0.0,-8.04,-14.855,38.95,8.04,14.855,-6.815000000000001
marker:0,1786962204.615,1786962204.615,0.0,-6.828,-13.646,38.77,6.828,13.646,-6.8180000000000005
marker:0,1786962204.715,1786962204.715,0.0,-6.713,-13.559,38.26,6.713,13.559,-6.845999999999999
marker:0,1786962204.79,1786962204.79,0.0,-6.178,-13.047,37.75,6.178,13.047,-6.869000000000001
marker:0,1786962204.865,1786962204.865,0.0,-6.16,-13.047,37.37,6.16,13.047,-6.8870000000000005
marker:0,1786962204.915,1786962204.915,0.0,-7.058,-13.972,36.78,7.058,13.972,-6.914
marker:0,1786962205.015,1786962205.015,0.0,-7.08,-14.024,36.13,7.08,14.024,-6.943999999999999
marker:0,1786962205.09,1786962205.09,0.0,-6.235,-13.188,35.91,6.235,13.188,-6.953
marker:0,1786962205.165,1786962205.165,0.0,-6.25,-13.206,35.84,6.25,13.206,-6.9559999999999995
marker:0,1786962205.24,1786962205.24,0.0,-6.277,-13.232,35.86,6.277,13.232,-6.954999999999999
marker:0,1786962205.34,1786962205.34,0.0,-5.659,-12.604,36.09,5.659,12.604,-6.944999999999999
marker:0,1786962205.44,1786962205.44,0.0,-6.238,-13.177,36.21,6.238,13.177,-6.938999999999999
marker:0,1786962205.54,1786962205.54,0.0,-6.574,-13.516,36.17,6.574,13.516,-6.942
marker:0,1786962205.64,1786962205.64,0.0,-4.346,-11.298,35.95,4.346,11.298,-6.952
marker:0,1786962205.74,1786962205.74,0.0,-3.909,-10.869,35.75,3.909,10.869,-6.96
marker:0,1786962205.815,1786962205.815,0.0,-3.313,-10.282,35.56,3.313,10.282,-6.968999999999999
marker:0,1786962205.915,1786962205.915,0.0,-4.673,-11.662,35.14,4.673,11.662,-6.989000000000001
marker:0,1786962206.065,1786962206.065,0.0,-6.084,-13.107,34.38,6.084,13.107,-7.023
marker:0,1786962206.14,1786962206.14,0.0,-5.685,-13.076,33.89,5.685,13.076,-7.391000000000001
marker:0,1786962206.215,1786962206.215,0.0,-6.659,-13.711,33.73,6.659,13.711,-7.0520000000000005
marker:0,1786962206.29,1786962206.29,0.0,-6.144,-13.2,33.68,6.144,13.2,-7.055999999999999
marker:0,1786962206.415,1786962206.415,0.0,-5.891,-12.953,33.5,5.891,12.953,-7.061999999999999
marker:0,1786962206.465,1786962206.465,0.0,-5.64,-12.71,33.35,5.64,12.71,-7.070000000000001
marker:0,1786962206.54,1786962206.54,0.0,-4.632,-11.701,33.35,4.632,11.701,-7.069000000000001
marker:0,1786962206.615,1786962206.615,0.0,-4.621,-11.689,33.41,4.621,11.689,-7.068
marker:0,1786962206.69,1786962206.69,0.0,-4.283,-11.343,33.55,4.283,11.343,-7.06
marker:0,1786962206.765,1786962206.765,0.0,-4.086,-11.141,33.66,4.086,11.141,-7.055
marker:0,1786962206.79,1786962206.79,0.0,-3.564,-10.617,33.74,3.564,10.617,-7.053000000000001
marker:0,1786962206.865,1786962206.865,0.0,-3.606,-10.655,33.77,3.606,10.655,-7.0489999999999995
marker:0,1786962206.94,1786962206.94,0.0,-3.035,-10.079,34.0,3.035,10.079,-7.0440000000000005
marker:0,1786962206.99,1786962206.99,0.0,-2.712,-9.741,34.26,2.712,9.741,-7.029
marker:0,1786962207.065,1786962207.065,0.0,-2.99,-10.018,34.26,2.99,10.018,-7.0280000000000005
marker:0,1786962207.14,1786962207.14,0.0,-3.405,-10.456,33.76,3.405,10.456,-7.051
marker:0,1786962207.215,1786962207.215,0.0,-3.529,-10.608,33.14,3.529,10.608,-7.079000000000001
marker:0,1786962207.34,1786962207.34,0.0,-3.343,-10.458,32.16,3.343,10.458,-7.115
marker:0,1786962207.415,1786962207.415,0.0,-3.347,-10.394,31.61,3.347,10.394,-7.047000000000001
marker:0,1786962207.49,1786962207.49,0.0,-2.87,-9.896,31.39,2.87,9.896,-7.026000000000001
marker:0,1786962207.565,1786962207.565,0.0,-2.49,-9.527,31.51,2.49,9.527,-7.036999999999999
marker:0,1786962207.64,1786962207.64,0.0,-1.9,-9.0,32.16,1.9,9.0,-7.1
marker:0,1786962207.715,1786962207.715,0.0,-0.941,-8.018,33.4,0.941,8.018,-7.077000000000001
marker:0,1786962207.865,1786962207.865,0.0,-0.262,-7.211,36.01,0.262,7.211,-6.949
marker:0,1786962207.915,1786962207.915,0.0,-3.798,-10.693,37.2,3.798,10.693,-6.895
marker:0,1786962208.015,1786962208.015,0.0,-2.574,-9.402,38.66,2.574,9.402,-6.827999999999999
marker:0,1786962208.165,1786962208.165,0.0,-0.605,-7.265,42.37,0.605,7.265,-6.66
marker:0,1786962208.265,1786962208.265,0.0,-0.25,-6.816,43.07,0.25,6.816,-6.566
marker:0,1786962208.44,1786962208.44,0.0,-1.225,-7.577,44.32,1.225,7.577,-6.352
marker:0,1786962208.515,1786962208.515,0.0,-2.078,-8.458,44.16,2.078,8.458,-6.380000000000001
marker:0,1786962208.615,1786962208.615,0.0,-5.381,-11.909,43.16,5.381,11.909,-6.5280000000000005
marker:0,1786962208.69,1786962208.69,0.0,-5.213,-11.86,42.65,5.213,11.86,-6.646999999999999
marker:0,1786962208.79,1786962208.79,0.0,-5.455,-12.123,42.19,5.455,12.123,-6.667999999999999
marker:0,1786962208.865,1786962208.865,0.0,-6.295,-12.96,42.3,6.295,12.96,-6.665000000000001
marker:0,1786962208.965,1786962208.965,0.0,-7.635,-14.242,42.89,7.635,14.242,-6.607000000000001
marker:0,1786962209.065,1786962209.065,0.0,-8.146,-14.471,44.47,8.146,14.471,-6.324999999999999
marker:0,1786962209.14,1786962209.14,0.0,-7.369,-13.312,46.62,7.369,13.312,-5.943
marker:0,1786962209.215,1786962209.215,0.0,-7.545,-13.334,47.9,7.545,13.334,-5.789
marker:0,1786962209.29,1786962209.29,0.0,-10.185,-15.226,49.78,10.185,15.226,-5.041
marker:0,1786962209.39,1786962209.39,0.0,-9.661,-14.489,52.88,9.661,14.489,-4.828000000000001
marker:0,1786962209.49,1786962209.49,0.0,-9.237,-13.738,55.27,9.237,13.738,-4.5009999999999994
marker:0,1786962209.64,1786962209.64,0.0,-9.358,-13.813,58.58,9.358,13.813,-4.455
marker:0,1786962209.74,1786962209.74,0.0,-9.085,-13.514,60.51,9.085,13.514,-4.4289999999999985
marker:0,1786962209.815,1786962209.815,0.0,-9.694,-14.108,61.6,9.694,14.108,-4.414
marker:0,1786962209.94,1786962209.94,0.0,-9.948,-14.342,63.05,9.948,14.342,-4.394
marker:0,1786962210.015,1786962210.015,0.0,-10.976,-15.362,63.66,10.976,15.362,-4.385999999999999
marker:0,1786962210.165,1786962210.165,0.0,-10.845,-15.229,63.69,10.845,15.229,-4.383999999999999
marker:0,1786962210.415,1786962210.415,0.0,-13.069,-17.451,64.0,13.069,17.451,-4.382
marker:0,1786962210.515,1786962210.515,0.0,-13.492,-17.868,64.5,13.492,17.868,-4.375999999999998
marker:0,1786962210.615,1786962210.615,0.0,-13.783,-18.285,65.38,13.783,18.285,-4.502000000000001
marker:0,1786962210.715,1786962210.715,0.0,-13.863,-18.507,66.15,13.863,18.507,-4.644000000000002
marker:0,1786962210.765,1786962210.765,0.0,-13.729,-18.489,66.78,13.729,18.489,-4.760000000000002
marker:0,1786962210.84,1786962210.84,0.0,-12.995,-17.925,67.71,12.995,17.925,-4.9300000000000015
marker:0,1786962210.94,1786962210.94,0.0,-10.184,-15.261,68.79,10.184,15.261,-5.077
marker:0,1786962210.99,1786962210.99,0.0,-10.076,-15.321,69.43,10.076,15.321,-5.244999999999999
marker:0,1786962211.065,1786962211.065,0.0,-9.738,-15.195,70.84,9.738,15.195,-5.457000000000001
marker:0,1786962211.165,1786962211.165,0.0,-12.916,-18.578,71.7,12.916,18.578,-5.661999999999999
marker:0,1786962211.265,1786962211.265,0.0,-16.323,-22.109,72.52,16.323,22.109,-5.786000000000001
marker:0,1786962211.315,1786962211.315,0.0,-16.511,-22.372,72.78,16.511,22.372,-5.861000000000001
marker:0,1786962211.39,1786962211.39,0.0,-14.101,-20.025,73.24,14.101,20.025,-5.923999999999998
marker:0,1786962211.465,1786962211.465,0.0,-14.002,-19.956,73.55,14.002,19.956,-5.953999999999999
marker:0,1786962211.54,1786962211.54,0.0,-13.762,-19.734,73.78,13.762,19.734,-5.972000000000001
marker:0,1786962211.615,1786962211.615,0.0,-11.847,-17.832,73.9,11.847,17.832,-5.985000000000001
marker:0,1786962211.715,1786962211.715,0.0,-13.236,-19.217,73.83,13.236,19.217,-5.980999999999998
marker:0,1786962211.865,1786962211.865,0.0,-12.865,-18.81,73.46,12.865,18.81,-5.9449999999999985
marker:0,1786962211.94,1786962211.94,0.0,-12.056,-17.985,73.3,12.056,17.985,-5.929
marker:0,1786962211.99,1786962211.99,0.0,-11.662,-17.581,73.18,11.662,17.581,-5.918999999999999
marker:0,1786962212.065,1786962212.065,0.0,-11.856,-17.771,73.14,11.856,17.771,-5.915000000000001
marker:0,1786962212.14,1786962212.14,0.0,-11.526,-17.447,73.2,11.526,17.447,-5.920999999999999
marker:0,1786962212.24,1786962212.24,0.0,-11.103,-17.037,73.34,11.103,17.037,-5.933999999999999
marker:0,1786962212.315,1786962212.315,0.0,-10.644,-16.588,73.47,10.644,16.588,-5.944000000000001
marker:0,1786962212.415,1786962212.415,0.0,-10.381,-16.354,73.75,10.381,16.354,-5.972999999999999
marker:0,1786962212.465,1786962212.465,0.0,-11.261,-17.261,74.03,11.261,17.261,-6.0
marker:0,1786962212.565,1786962212.565,0.0,-10.684,-16.711,74.41,10.684,16.711,-6.026999999999999
marker:0,1786962212.64,1786962212.64,0.0,-10.221,-16.3,74.86,10.221,16.3,-6.079000000000001
marker:0,1786962212.715,1786962212.715,0.0,-10.549,-16.67,75.29,10.549,16.67,-6.121000000000002
marker:0,1786962212.765,1786962212.765,0.0,-10.388,-16.527,75.48,10.388,16.527,-6.139000000000001
marker:0,1786962212.89,1786962212.89,0.0,-11.965,-18.128,75.74,11.965,18.128,-6.163
marker:0,1786962212.965,1786962212.965,0.0,-11.8,-17.969,75.81,11.8,17.969,-6.1690000000000005
marker:0,1786962213.04,1786962213.065,0.02500009536743164,-11.771,-17.938,75.77,11.771,17.938,-6.166999999999998
marker:0,1786962213.115,1786962213.115,0.0,-11.7,-17.858,75.65,11.7,17.858,-6.158000000000001
marker:0,1786962213.24,1786962213.24,0.0,-11.063,-17.196,75.37,11.063,17.196,-6.133000000000001
marker:0,1786962213.34,1786962213.34,0.0,-12.646,-18.718,75.19,12.646,18.718,-6.071999999999999
marker:0,1786962213.415,1786962213.415,0.0,-12.257,-18.336,74.85,12.257,18.336,-6.078999999999999
marker:0,1786962213.49,1786962213.49,0.0,-10.418,-16.483,74.66,10.418,16.483,-6.065000000000001
marker:0,1786962213.565,1786962213.565,0.0,-10.905,-16.955,74.55,10.905,16.955,-6.049999999999999
marker:0,1786962213.64,1786962213.64,0.0,-10.362,-16.393,74.35,10.362,16.393,-6.031000000000001
marker:0,1786962213.74,1786962213.74,0.0,-10.006,-16.011,74.08,10.006,16.011,-6.004999999999999
marker:0,1786962213.84,1786962213.84,0.0,-10.22,-16.275,73.91,10.22,16.275,-6.054999999999998
marker:0,1786962213.915,1786962213.915,0.0,-9.856,-15.842,73.87,9.856,15.842,-5.986000000000001
marker:0,1786962213.965,1786962213.965,0.0,-9.688,-15.679,73.94,9.688,15.679,-5.991
marker:0,1786962214.04,1786962214.04,0.0,-10.057,-16.046,73.92,10.057,16.046,-5.988999999999999
marker:0,1786962214.14,1786962214.14,0.0,-10.016,-16.004,73.91,10.016,16.004,-5.988000000000001
marker:0,1786962214.19,1786962214.19,0.0,-9.659,-15.651,73.95,9.659,15.651,-5.991999999999999
marker:0,1786962214.29,1786962214.29,0.0,-9.783,-15.779,73.99,9.783,15.779,-5.996
marker:0,1786962214.39,1786962214.39,0.0,-9.591,-15.585,73.99,9.591,15.585,-5.9940000000000015
marker:0,1786962214.49,1786962214.49,0.0,-9.396,-15.385,73.91,9.396,15.385,-5.988999999999999
marker:0,1786962214.54,1786962214.54,0.0,-9.16,-15.136,73.78,9.16,15.136,-5.975999999999999
marker:0,1786962214.615,1786962214.615,0.0,-9.056,-15.005,73.5,9.056,15.005,-5.949000000000002
marker:0,1786962214.69,1786962214.69,0.0,-8.847,-14.775,73.24,8.847,14.775,-5.928000000000001
marker:0,1786962214.765,1786962214.765,0.0,-10.21,-16.115,73.04,10.21,16.115,-5.904999999999998
marker:0,1786962214.84,1786962214.84,0.0,-10.018,-15.726,72.74,10.018,15.726,-5.708
marker:0,1786962214.89,1786962214.89,0.0,-9.846,-15.618,72.3,9.846,15.618,-5.772
marker:0,1786962215.015,1786962215.015,0.0,-10.515,-16.192,71.78,10.515,16.192,-5.677
marker:0,1786962215.09,1786962215.09,0.0,-10.248,-15.886,71.45,10.248,15.886,-5.638
marker:0,1786962215.165,1786962215.165,0.0,-10.115,-15.678,71.16,10.115,15.678,-5.563000000000001
marker:0,1786962215.24,1786962215.24,0.0,-9.832,-15.329,70.8,9.832,15.329,-5.497
marker:0,1786962215.34,1786962215.34,0.0,-9.696,-15.118,70.39,9.696,15.118,-5.422000000000001
marker:0,1786962215.415,1786962215.415,0.0,-9.535,-14.873,69.93,9.535,14.873,-5.337999999999999
marker:0,1786962215.54,1786962215.54,0.0,-9.462,-14.731,69.52,9.462,14.731,-5.269
marker:0,1786962215.615,1786962215.615,0.0,-9.119,-14.384,69.54,9.119,14.384,-5.265000000000001
marker:0,1786962215.74,1786962215.74,0.0,-8.961,-14.282,69.84,8.961,14.282,-5.321
marker:0,1786962215.815,1786962215.815,0.0,-8.721,-14.104,70.18,8.721,14.104,-5.382999999999999
marker:0,1786962215.89,1786962215.89,0.0,-8.549,-13.943,70.43,8.549,13.943,-5.394
marker:0,1786962215.965,1786962215.965,0.0,-8.307,-13.755,70.53,8.307,13.755,-5.448
marker:0,1786962216.065,1786962216.065,0.0,-7.95,-13.405,70.48,7.95,13.405,-5.454999999999999
marker:0,1786962216.14,1786962216.14,0.0,-7.882,-13.256,70.13,7.882,13.256,-5.3740000000000006
marker:0,1786962216.24,1786962216.24,0.0,-7.97,-13.264,69.69,7.97,13.264,-5.294
marker:0,1786962216.34,1786962216.34,0.0,-8.046,-13.252,69.07,8.046,13.252,-5.206000000000001
marker:0,1786962216.415,1786962216.415,0.0,-8.124,-13.253,68.67,8.124,13.253,-5.129
marker:0,1786962216.465,1786962216.465,0.0,-8.351,-13.424,68.49,8.351,13.424,-5.072999999999999
marker:0,1786962216.565,1786962216.565,0.0,-8.024,-13.024,68.09,8.024,13.024,-5.0
marker:0,1786962216.64,1786962216.64,0.0,-7.483,-12.446,67.89,7.483,12.446,-4.963
marker:0,1786962216.715,1786962216.715,0.0,-11.679,-16.613,67.73,11.679,16.613,-4.933999999999999
marker:0,1786962216.765,1786962216.765,0.0,-11.401,-16.307,67.58,11.401,16.307,-4.905999999999999
marker:0,1786962216.815,1786962216.815,0.0,-10.943,-15.819,67.42,10.943,15.819,-4.876000000000001
marker:0,1786962216.89,1786962216.89,0.0,-10.352,-15.17,67.1,10.352,15.17,-4.818
marker:0,1786962216.965,1786962216.965,0.0,-11.306,-16.083,66.88,11.306,16.083,-4.776999999999999
marker:0,1786962217.065,1786962217.065,0.0,-11.243,-15.99,66.71,11.243,15.99,-4.747
marker:0,1786962217.165,1786962217.165,0.0,-11.058,-15.777,66.56,11.058,15.777,-4.718999999999999
marker:0,1786962217.24,1786962217.24,0.0,-11.005,-15.745,66.47,11.005,15.745,-4.739999999999998
marker:0,1786962217.315,1786962217.315,0.0,-10.928,-15.634,66.49,10.928,15.634,-4.7059999999999995
marker:0,1786962217.39,1786962217.39,0.0,-11.304,-16.023,66.56,11.304,16.023,-4.718999999999999
marker:0,1786962217.465,1786962217.465,0.0,-11.434,-16.171,66.66,11.434,16.171,-4.737
marker:0,1786962217.565,1786962217.565,0.0,-11.464,-16.204,66.68,11.464,16.204,-4.74
marker:0,1786962217.615,1786962217.615,0.0,-11.42,-16.15,66.62,11.42,16.15,-4.729999999999999
marker:0,1786962217.69,1786962217.69,0.0,-11.207,-15.915,66.5,11.207,15.915,-4.707999999999998
marker:0,1786962217.79,1786962217.79,0.0,-11.055,-15.697,66.21,11.055,15.697,-4.6419999999999995
marker:0,1786962217.865,1786962217.865,0.0,-10.964,-15.575,65.9,10.964,15.575,-4.610999999999999
marker:0,1786962217.94,1786962217.94,0.0,-12.211,-16.737,65.51,12.211,16.737,-4.525999999999998
marker:0,1786962218.015,1786962218.015,0.0,-12.131,-16.542,64.88,12.131,16.542,-4.411000000000001
marker:0,1786962218.09,1786962218.09,0.0,-11.651,-16.028,64.31,11.651,16.028,-4.376999999999999
marker:0,1786962218.215,1786962218.215,0.0,-12.337,-16.728,63.13,12.337,16.728,-4.391000000000002
marker:0,1786962218.365,1786962218.365,0.0,-12.057,-16.46,62.36,12.057,16.46,-4.4030000000000005
marker:0,1786962218.465,1786962218.465,0.0,-12.354,-16.761,62.05,12.354,16.761,-4.407
marker:0,1786962218.515,1786962218.515,0.0,-11.902,-16.31,61.94,11.902,16.31,-4.4079999999999995
marker:0,1786962218.615,1786962218.615,0.0,-11.253,-15.661,62.03,11.253,15.661,-4.4079999999999995
marker:0,1786962218.715,1786962218.715,0.0,-11.652,-16.058,62.16,11.652,16.058,-4.406000000000001
marker:0,1786962218.765,1786962218.765,0.0,-11.448,-15.852,62.33,11.448,15.852,-4.404
marker:0,1786962218.865,1786962218.865,0.0,-10.723,-15.127,62.36,10.723,15.127,-4.404
marker:0,1786962218.94,1786962218.94,0.0,-10.947,-15.354,62.07,10.947,15.354,-4.407
marker:0,1786962219.015,1786962219.015,0.0,-10.841,-15.253,61.73,10.841,15.253,-4.412000000000001
marker:0,1786962219.09,1786962219.09,0.0,-10.641,-15.063,60.99,10.641,15.063,-4.422000000000001
marker:0,1786962219.19,1786962219.19,0.0,-10.617,-15.049,60.32,10.617,15.049,-4.431999999999999
marker:0,1786962219.29,1786962219.29,0.0,-10.998,-15.437,59.74,10.998,15.437,-4.439
marker:0,1786962219.415,1786962219.415,0.0,-11.532,-15.978,59.27,11.532,15.978,-4.446
marker:0,1786962219.465,1786962219.465,0.0,-11.924,-16.372,59.12,11.924,16.372,-4.448
marker:0,1786962219.54,1786962219.54,0.0,-12.011,-16.461,58.87,12.011,16.461,-4.449999999999999
marker:0,1786962219.615,1786962219.615,0.0,-11.782,-16.237,58.6,11.782,16.237,-4.454999999999998
marker:0,1786962219.715,1786962219.715,0.0,-11.181,-15.642,58.22,11.181,15.642,-4.461
marker:0,1786962219.79,1786962219.79,0.0,-10.729,-15.193,57.91,10.729,15.193,-4.464
marker:0,1786962219.867,1786962219.867,0.0,-11.974,-16.443,57.46,11.974,16.443,-4.469000000000001
marker:0,1786962219.94,1786962219.94,0.0,-11.607,-16.085,56.92,11.607,16.085,-4.4780000000000015
marker:0,1786962219.99,1786962219.99,0.0,-11.114,-15.6,56.4,11.114,15.6,-4.485999999999999
marker:0,1786962220.065,1786962220.065,0.0,-10.855,-15.348,55.9,10.855,15.348,-4.493
marker:0,1786962220.265,1786962220.265,0.0,-11.282,-15.79,54.77,11.282,15.79,-4.507999999999999
marker:0,1786962220.34,1786962220.34,0.0,-10.947,-15.485,54.51,10.947,15.485,-4.538
marker:0,1786962220.39,1786962220.39,0.0,-10.615,-15.166,54.43,10.615,15.166,-4.551
marker:0,1786962220.49,1786962220.49,0.0,-10.498,-14.922,54.38,10.498,14.922,-4.424000000000001
marker:0,1786962220.565,1786962220.565,0.0,-10.836,-15.402,54.35,10.836,15.402,-4.565999999999999
marker:0,1786962220.64,1786962220.64,0.0,-10.467,-15.021,54.42,10.467,15.021,-4.554
marker:0,1786962220.715,1786962220.715,0.0,-10.166,-14.723,54.4,10.166,14.723,-4.557
marker:0,1786962220.79,1786962220.79,0.0,-10.078,-14.685,54.12,10.078,14.685,-4.607000000000001
marker:0,1786962220.865,1786962220.865,0.0,-9.843,-14.497,53.86,9.843,14.497,-4.654
marker:0,1786962220.915,1786962220.915,0.0,-9.549,-14.282,53.41,9.549,14.282,-4.7330000000000005
marker:0,1786962221.015,1786962221.015,0.0,-10.231,-15.073,52.64,10.231,15.073,-4.8420000000000005
marker:0,1786962221.09,1786962221.09,0.0,-10.041,-15.026,52.0,10.041,15.026,-4.984999999999999
marker:0,1786962221.165,1786962221.165,0.0,-10.502,-15.631,51.05,10.502,15.631,-5.129
marker:0,1786962221.29,1786962221.29,0.0,-9.847,-15.126,50.35,9.847,15.126,-5.279
marker:0,1786962221.34,1786962221.34,0.0,-9.542,-14.884,49.99,9.542,14.884,-5.3420000000000005
marker:0,1786962221.465,1786962221.465,0.0,-9.908,-15.382,49.25,9.908,15.382,-5.474
marker:0,1786962221.515,1786962221.515,0.0,-9.635,-15.171,48.9,9.635,15.171,-5.536
marker:0,1786962221.615,1786962221.615,0.0,-9.011,-14.619,48.5,9.011,14.619,-5.6080000000000005
marker:0,1786962221.715,1786962221.715,0.0,-8.439,-14.108,48.16,8.439,14.108,-5.6690000000000005
marker:0,1786962221.79,1786962221.79,0.0,-8.218,-13.959,47.75,8.218,13.959,-5.741
marker:0,1786962221.865,1786962221.865,0.0,-7.778,-13.593,47.34,7.778,13.593,-5.815
marker:0,1786962221.965,1786962221.965,0.0,-7.376,-13.281,46.69,7.376,13.281,-5.905
marker:0,1786962222.04,1786962222.04,0.0,-7.354,-13.359,46.27,7.354,13.359,-6.005
marker:0,1786962222.165,1786962222.165,0.0,-6.808,-12.945,45.53,6.808,12.945,-6.1370000000000005
marker:0,1786962225.34,1786962225.34,0.0,-4.776,-11.383,27.02,4.776,11.383,-6.606999999999999
marker:0,1786962225.44,1786962225.44,0.0,-4.685,-11.156,26.53,4.685,11.156,-6.471000000000001
marker:0,1786962225.515,1786962225.515,0.0,-4.234,-10.77,26.28,4.234,10.77,-6.536
marker:0,1786962225.59,1786962225.59,0.0,-3.765,-10.248,25.73,3.765,10.248,-6.482999999999999
marker:0,1786962225.665,1786962225.665,0.0,-4.116,-10.58,25.53,4.116,10.58,-6.464
marker:0,1786962225.715,1786962225.715,0.0,-3.722,-10.163,25.25,3.722,10.163,-6.441000000000001
marker:0,1786962225.765,1786962225.765,0.0,-3.565,-9.984,24.98,3.565,9.984,-6.4190000000000005
marker:0,1786962225.865,1786962225.865,0.0,-3.097,-9.485,24.74,3.097,9.485,-6.388
marker:0,1786962225.94,1786962225.94,0.0,-3.602,-9.982,24.65,3.602,9.982,-6.379999999999999
marker:0,1786962226.04,1786962226.04,0.0,-3.273,-9.612,24.23,3.273,9.612,-6.339
marker:0,1786962226.14,1786962226.14,0.0,-2.937,-9.228,23.54,2.937,9.228,-6.291
marker:0,1786962226.215,1786962226.215,0.0,-3.47,-9.65,22.93,3.47,9.65,-6.18
marker:0,1786962226.34,1786962226.34,0.0,-3.013,-9.034,21.85,3.013,9.034,-6.021000000000001
marker:0,1786962226.39,1786962226.39,0.0,-2.25,-8.091,21.09,2.25,8.091,-5.840999999999999
marker:0,1786962226.465,1786962226.465,0.0,-2.067,-7.817,20.59,2.067,7.817,-5.75
marker:0,1786962226.54,1786962226.54,0.0,-2.313,-7.988,20.07,2.313,7.988,-5.675000000000001
marker:0,1786962226.59,1786962226.59,0.0,-1.6,-7.209,19.82,1.6,7.209,-5.609
marker:0,1786962226.64,1786962226.64,0.0,-1.434,-6.998,19.58,1.434,6.998,-5.564
marker:0,1786962226.74,1786962226.74,0.0,-1.12,-6.666,19.48,1.12,6.666,-5.546
marker:0,1786962226.84,1786962226.84,0.0,-2.429,-7.916,19.16,2.429,7.916,-5.487
marker:0,1786962226.915,1786962226.915,0.0,-1.879,-7.32,18.91,1.879,7.32,-5.441000000000001
marker:0,1786962226.965,1786962226.965,0.0,-1.687,-7.095,18.73,1.687,7.095,-5.4079999999999995
marker:0,1786962227.065,1786962227.065,0.0,-1.57,-6.923,18.43,1.57,6.923,-5.353
marker:0,1786962227.14,1786962227.14,0.0,-1.23,-6.513,18.05,1.23,6.513,-5.2829999999999995
marker:0,1786962227.265,1786962227.265,0.0,-1.112,-6.242,17.22,1.112,6.242,-5.13
marker:0,1786962227.365,1786962227.365,0.0,-1.219,-6.245,16.65,1.219,6.245,-5.026
marker:0,1786962227.465,1786962227.465,0.0,-1.024,-5.995,16.28,1.024,5.995,-4.971
marker:0,1786962227.515,1786962227.515,0.0,-0.947,-5.886,16.14,0.947,5.886,-4.939
marker:0,1786962227.615,1786962227.615,0.0,-0.803,-5.719,16.05,0.803,5.719,-4.916
marker:0,1786962227.715,1786962227.715,0.0,-1.386,-6.245,15.69,1.386,6.245,-4.859
marker:0,1786962227.815,1786962227.815,0.0,-0.985,-5.815,15.58,0.985,5.815,-4.83
marker:0,1786962227.89,1786962227.89,0.0,-1.758,-6.536,15.3,1.758,6.536,-4.778
marker:0,1786962227.965,1786962227.965,0.0,-1.545,-6.29,15.07,1.545,6.29,-4.745
marker:0,1786962228.065,1786962228.065,0.0,-1.297,-6.002,14.77,1.297,6.002,-4.705
marker:0,1786962228.14,1786962228.14,0.0,-0.916,-5.553,14.38,0.916,5.553,-4.637
marker:0,1786962228.215,1786962228.215,0.0,-1.011,-5.62,14.12,1.011,5.62,-4.609
marker:0,1786962228.29,1786962228.29,0.0,-0.678,-5.252,13.92,0.678,5.252,-4.574
marker:0,1786962228.39,1786962228.39,0.0,-0.482,-5.005,13.55,0.482,5.005,-4.523
marker:0,1786962228.49,1786962228.49,0.0,-0.624,-5.064,12.95,0.624,5.064,-4.44
marker:0,1786962228.59,1786962228.59,0.0,-0.453,-4.823,12.44,0.453,4.823,-4.37
marker:0,1786962228.665,1786962228.665,0.0,-0.487,-4.785,11.92,0.487,4.785,-4.298
marker:0,1786962228.765,1786962228.765,0.0,-0.878,-5.134,11.61,0.878,5.134,-4.256
marker:0,1786962228.865,1786962228.865,0.0,-1.443,-5.679,11.47,1.443,5.679,-4.236000000000001
marker:0,1786962228.965,1786962228.965,0.0,-1.093,-5.321,11.41,1.093,5.321,-4.228
marker:0,1786962229.04,1786962229.04,0.0,-0.365,-4.595,11.43,0.365,4.595,-4.2299999999999995
marker:0,1786962229.14,1786962229.14,0.0,-0.463,-4.686,11.38,0.463,4.686,-4.223
marker:0,1786962229.24,1786962229.24,0.0,-0.207,-4.36,10.87,0.207,4.36,-4.1530000000000005
marker:0,1786962229.365,1786962229.365,0.0,0.147,-3.903,10.12,0.147,3.903,-3.7560000000000002
marker:0,1786962229.415,1786962229.415,0.0,0.392,-3.612,9.79,0.392,3.612,-3.22
marker:0,1786962229.465,1786962229.465,0.0,0.542,-3.422,9.5,0.542,3.422,-2.88
marker:0,1786962229.54,1786962229.54,0.0,1.094,-2.835,9.12,1.094,2.835,-1.7409999999999999
marker:0,1786962229.615,1786962229.615,0.0,1.603,-2.262,8.78,1.603,2.262,-0.659
marker:0,1786962229.69,1786962229.69,0.0,1.883,-1.917,8.31,1.883,1.917,-0.03400000000000003
marker:0,1786962229.765,1786962229.765,0.0,2.335,-1.418,7.97,2.335,1.418,0.917
marker:0,1786962229.84,1786962229.84,0.0,2.708,-1.005,7.55,2.708,1.005,1.7030000000000003
marker:0,1786962229.94,1786962229.94,0.0,2.903,-0.759,7.24,2.903,0.759,2.144
marker:0,1786962229.99,1786962229.99,0.0,3.153,-0.458,6.94,3.153,0.458,2.695
marker:0,1786962230.065,1786962230.065,0.0,3.092,-0.467,6.56,3.092,0.467,2.625
marker:0,1786962230.165,1786962230.165,0.0,3.491,-0.013,6.25,3.491,0.013,3.478
marker:0,1786962230.24,1786962230.24,0.0,4.107,0.712,5.87,4.107,0.712,3.3950000000000005
marker:0,1786962230.34,1786962230.34,0.0,4.395,1.051,5.69,4.395,1.051,3.3439999999999994
marker:0,1786962230.39,1786962230.39,0.0,4.448,1.418,5.53,4.448,1.418,3.0300000000000002
marker:0,1786962230.44,1786962230.44,0.0,4.815,1.451,5.34,4.815,1.451,3.3640000000000003
marker:0,1786962230.515,1786962230.515,0.0,4.84,1.7,4.98,4.84,1.7,3.1399999999999997
marker:0,1786962230.565,1786962230.565,0.0,4.954,1.9,4.68,4.954,1.9,3.054
marker:0,1786962230.64,1786962230.64,0.0,4.957,1.955,4.41,4.957,1.955,3.002
marker:0,1786962230.69,1786962230.69,0.0,5.142,2.229,4.19,5.142,2.229,2.9130000000000003
marker:0,1786962230.765,1786962230.765,0.0,5.134,2.318,3.85,5.134,2.318,2.8160000000000003
marker:0,1786962230.84,1786962230.84,0.0,5.15,2.408,3.59,5.15,2.408,2.7420000000000004
marker:0,1786962230.89,1786962230.89,0.0,5.136,2.441,3.43,5.136,2.441,2.6950000000000003
marker:0,1786962230.99,1786962230.99,0.0,5.236,2.621,3.15,5.236,2.621,2.6149999999999998
marker:0,1786962231.065,1786962231.065,0.0,0.603,-1.907,2.73,0.603,1.907,-1.304
marker:0,1786962231.165,1786962231.165,0.0,0.94,-1.451,2.37,0.94,1.451,-0.5110000000000001
marker:0,1786962231.24,1786962231.24,0.0,1.002,-1.304,2.07,1.002,1.304,-0.30200000000000005
marker:0,1786962231.315,1786962231.315,0.0,1.225,-1.0,1.67,1.225,1.0,0.2250000000000001
marker:0,1786962231.415,1786962231.415,0.0,1.343,-0.711,1.1,1.343,0.711,0.632
marker:0,1786962231.465,1786962231.465,0.0,1.268,-0.676,0.81,1.268,0.676,0.592
marker:0,1786962231.565,1786962231.565,0.0,1.541,-0.309,0.48,1.541,0.309,1.232
marker:0,1786962231.665,1786962231.665,0.0,1.625,-0.125,0.13,1.625,0.125,1.5
marker:0,1786962231.74,1786962231.74,0.0,-0.52,-2.193,-0.14,0.52,2.193,-1.673
marker:0,1786962231.865,1786962231.865,0.0,-0.654,-2.206,-0.56,0.654,2.206,-1.552
marker:0,1786962231.94,1786962231.94,0.0,-0.614,-2.12,-0.72,0.614,2.12,-1.5060000000000002
marker:0,1786962231.99,1786962231.99,0.0,-1.497,-2.966,-0.85,1.497,2.966,-1.469
marker:0,1786962232.09,1786962232.09,0.0,-1.607,-3.009,-1.08,1.607,3.009,-1.402
marker:0,1786962232.19,1786962232.19,0.0,-1.378,-2.757,-1.16,1.378,2.757,-1.3790000000000002
marker:0,1786962232.29,1786962232.29,0.0,-1.263,-2.629,-1.21,1.263,2.629,-1.366
marker:0,1786962232.39,1786962232.39,0.0,-1.203,-2.568,-1.25,1.203,2.568,-1.365
marker:0,1786962232.44,1786962232.44,0.0,-0.938,-2.289,-1.26,0.938,2.289,-1.3510000000000002
marker:0,1786962232.54,1786962232.54,0.0,-0.696,-2.045,-1.31,0.696,2.045,-1.349
marker:0,1786962232.64,1786962232.64,0.0,-0.615,-1.944,-1.43,0.615,1.944,-1.329
marker:0,1786962232.715,1786962232.715,0.0,-0.598,-1.922,-1.7,0.598,1.922,-1.3239999999999998
marker:0,1786962232.815,1786962232.815,0.0,-0.544,-1.858,-2.14,0.544,1.858,-1.314
marker:0,1786962232.89,1786962232.89,0.0,-0.375,-1.685,-2.35,0.375,1.685,-1.31
marker:0,1786962233.015,1786962233.015,0.0,-2.121,-3.415,-3.11,2.121,3.415,-1.294
marker:0,1786962233.14,1786962233.14,0.0,-1.939,-3.228,-3.38,1.939,3.228,-1.2890000000000001
marker:0,1786962233.24,1786962233.24,0.0,-1.708,-2.995,-3.49,1.708,2.995,-1.2870000000000001
marker:0,1786962233.34,1786962233.34,0.0,-2.496,-3.78,-3.65,2.496,3.78,-1.2839999999999998
marker:0,1786962233.44,1786962233.44,0.0,-2.269,-3.499,-3.78,2.269,3.499,-1.23
marker:0,1786962233.515,1786962233.515,0.0,-1.97,-3.248,-4.02,1.97,3.248,-1.2780000000000002
marker:0,1786962233.69,1786962233.69,0.0,-2.544,-3.81,-4.5,2.544,3.81,-1.266
marker:0,1786962233.815,1786962233.815,0.0,-2.047,-3.303,-5.01,2.047,3.303,-1.2559999999999998
marker:0,1786962233.89,1786962233.89,0.0,-1.528,-2.779,-5.25,1.528,2.779,-1.251
marker:0,1786962234.04,1786962234.04,0.0,-1.306,-2.55,-5.59,1.306,2.55,-1.2439999999999998
marker:0,1786962234.14,1786962234.14,0.0,-1.04,-2.278,-5.91,1.04,2.278,-1.238
marker:0,1786962234.315,1786962234.315,0.0,-1.646,-2.869,-6.65,1.646,2.869,-1.2230000000000003
marker:0,1786962234.39,1786962234.39,0.0,-1.236,-2.452,-6.95,1.236,2.452,-1.216
marker:0,1786962234.515,1786962234.515,0.0,-1.506,-2.713,-7.39,1.506,2.713,-1.207
marker:0,1786962234.59,1786962234.59,0.0,-1.177,-2.376,-7.87,1.177,2.376,-1.1989999999999998
marker:0,1786962234.69,1786962234.69,0.0,-0.95,-1.989,-8.05,0.95,1.989,-1.0390000000000001
marker:0,1786962234.79,1786962234.79,0.0,-0.551,-1.736,-8.49,0.551,1.736,-1.185
marker:0,1786962234.865,1786962234.865,0.0,-0.261,-1.442,-8.69,0.261,1.442,-1.181
marker:0,1786962234.965,1786962234.965,0.0,-1.086,-2.261,-9.02,1.086,2.261,-1.175
marker:0,1786962235.065,1786962235.065,0.0,-1.018,-2.183,-9.44,1.018,2.183,-1.1649999999999998
marker:0,1786962235.165,1786962235.165,0.0,-1.15,-2.305,-9.97,1.15,2.305,-1.1550000000000002
marker:0,1786962235.265,1786962235.265,0.0,-1.453,-2.599,-10.44,1.453,2.599,-1.1460000000000001
marker:0,1786962235.365,1786962235.365,0.0,-0.934,-2.071,-10.85,0.934,2.071,-1.137
marker:0,1786962235.44,1786962235.44,0.0,-0.819,-2.013,-11.3,0.819,2.013,-1.194
marker:0,1786962235.515,1786962235.515,0.0,-0.886,-2.176,-11.78,0.886,2.176,-1.29
marker:0,1786962235.615,1786962235.615,0.0,-1.06,-2.465,-12.35,1.06,2.465,-1.4049999999999998
marker:0,1786962235.715,1786962235.715,0.0,-1.087,-2.555,-12.67,1.087,2.555,-1.4680000000000002
marker:0,1786962235.815,1786962235.815,0.0,-1.376,-2.434,-13.18,1.376,2.434,-1.0580000000000003
marker:0,1786962235.915,1786962235.915,0.0,-1.258,-2.883,-13.45,1.258,2.883,-1.625
marker:0,1786962236.015,1786962236.015,0.0,-1.081,-2.79,-13.87,1.081,2.79,-1.709
marker:0,1786962236.09,1786962236.09,0.0,-1.218,-2.993,-14.2,1.218,2.993,-1.775
marker:0,1786962236.19,1786962236.19,0.0,-1.232,-3.058,-14.45,1.232,3.058,-1.8259999999999998
marker:0,1786962236.315,1786962236.315,0.0,-1.833,-3.72,-14.76,1.833,3.72,-1.8870000000000002
marker:0,1786962236.39,1786962236.39,0.0,-1.791,-3.752,-15.13,1.791,3.752,-1.9609999999999999
marker:0,1786962236.465,1786962236.465,0.0,-1.931,-3.97,-15.52,1.931,3.97,-2.039
marker:0,1786962236.515,1786962236.515,0.0,-1.471,-3.551,-15.79,1.471,3.551,-2.08
marker:0,1786962236.59,1786962236.59,0.0,-1.273,-3.423,-16.07,1.273,3.423,-2.1500000000000004
marker:0,1786962236.64,1786962236.64,0.0,-1.85,-4.047,-16.42,1.85,4.047,-2.1969999999999996
marker:0,1786962236.69,1786962236.69,0.0,-1.786,-4.046,-16.62,1.786,4.046,-2.2600000000000002
marker:0,1786962236.765,1786962236.765,0.0,-1.836,-4.136,-16.87,1.836,4.136,-2.3
marker:0,1786962236.815,1786962236.815,0.0,-1.625,-3.967,-17.03,1.625,3.967,-2.342
marker:0,1786962236.865,1786962236.865,0.0,-2.344,-4.726,-17.28,2.344,4.726,-2.382
marker:0,1786962236.965,1786962236.99,0.02500009536743164,-2.313,-4.761,-17.56,2.313,4.761,-2.448
marker:0,1786962237.065,1786962237.065,0.0,-2.151,-4.659,-17.86,2.151,4.659,-2.508
marker:0,1786962237.165,1786962237.165,0.0,-2.016,-4.591,-18.19,2.016,4.591,-2.575
marker:0,1786962237.24,1786962237.24,0.0,-1.96,-4.616,-18.6,1.96,4.616,-2.6559999999999997
marker:0,1786962237.315,1786962237.315,0.0,-2.117,-4.866,-19.06,2.117,4.866,-2.7489999999999997
marker:0,1786962237.39,1786962237.39,0.0,-1.922,-4.723,-19.32,1.922,4.723,-2.801
marker:0,1786962237.465,1786962237.465,0.0,-1.67,-4.511,-19.52,1.67,4.511,-2.841
marker:0,1786962237.515,1786962237.515,0.0,-1.446,-4.302,-19.6,1.446,4.302,-2.856
marker:0,1786962237.59,1786962237.59,0.0,-1.31,-4.166,-19.57,1.31,4.166,-2.8560000000000003
marker:0,1786962237.69,1786962237.69,0.0,-1.46,-4.303,-19.53,1.46,4.303,-2.843
marker:0,1786962237.765,1786962237.765,0.0,-1.466,-4.315,-19.56,1.466,4.315,-2.849
marker:0,1786962237.84,1786962237.84,0.0,-1.392,-4.247,-19.63,1.392,4.247,-2.855
marker:0,1786962237.915,1786962237.915,0.0,-1.505,-4.386,-19.72,1.505,4.386,-2.8810000000000002
marker:0,1786962237.99,1786962237.99,0.0,-1.481,-4.396,-19.89,1.481,4.396,-2.915
marker:0,1786962238.065,1786962238.065,0.0,-1.359,-4.318,-20.11,1.359,4.318,-2.9589999999999996
marker:0,1786962238.14,1786962238.14,0.0,-1.268,-4.269,-20.32,1.268,4.269,-3.0010000000000003
marker:0,1786962238.19,1786962238.19,0.0,-1.117,-4.15,-20.48,1.117,4.15,-3.0330000000000004
marker:0,1786962238.265,1786962238.265,0.0,-1.127,-4.216,-20.76,1.127,4.216,-3.0890000000000004
marker:0,1786962238.34,1786962238.34,0.0,-0.862,-3.981,-20.91,0.862,3.981,-3.1189999999999998
marker:0,1786962238.415,1786962238.415,0.0,-0.747,-3.902,-21.14,0.747,3.902,-3.1550000000000002
marker:0,1786962238.49,1786962238.49,0.0,-0.586,-3.78,-21.28,0.586,3.78,-3.194
marker:0,1786962238.59,1786962238.59,0.0,-0.465,-3.755,-21.76,0.465,3.755,-3.29
marker:0,1786962238.665,1786962238.665,0.0,-0.181,-3.549,-22.15,0.181,3.549,-3.368
marker:0,1786962238.79,1786962238.79,0.0,-0.173,-3.663,-22.76,0.173,3.663,-3.4899999999999998
marker:0,1786962238.865,1786962238.865,0.0,0.084,-3.492,-23.19,0.084,3.492,-3.408
marker:0,1786962238.965,1786962238.965,0.0,0.317,-3.337,-23.51,0.317,3.337,-3.02
marker:0,1786962239.065,1786962239.065,0.0,0.531,-3.154,-23.65,0.531,3.154,-2.6229999999999998
marker:0,1786962239.14,1786962239.14,0.0,0.828,-2.851,-23.6,0.828,2.851,-2.023
marker:0,1786962239.215,1786962239.215,0.0,1.063,-2.616,-23.6,1.063,2.616,-1.5530000000000002
marker:0,1786962239.265,1786962239.265,0.0,1.118,-2.547,-23.55,1.118,2.547,-1.429
marker:0,1786962239.415,1786962239.415,0.0,1.329,-2.392,-23.75,1.329,2.392,-1.063
marker:0,1786962239.515,1786962239.515,0.0,1.412,-2.356,-23.92,1.412,2.356,-0.944
marker:0,1786962239.64,1786962239.64,0.0,-5.217,-9.085,-24.28,5.217,9.085,-3.868000000000001
marker:0,1786962239.715,1786962239.715,0.0,-5.006,-8.964,-24.6,5.006,8.964,-3.958
marker:0,1786962239.84,1786962239.84,0.0,-4.664,-8.674,-24.85,4.664,8.674,-4.01
marker:0,1786962239.915,1786962239.915,0.0,-4.42,-8.511,-25.08,4.42,8.511,-4.090999999999999
marker:0,1786962240.065,1786962240.04,-0.02500009536743164,-4.406,-8.639,-25.59,4.406,8.639,-4.233
marker:0,1786962240.14,1786962240.14,0.0,-4.253,-8.597,-25.99,4.253,8.597,-4.343999999999999
marker:0,1786962240.265,1786962240.265,0.0,-5.034,-9.503,-26.57,5.034,9.503,-4.469
marker:0,1786962240.365,1786962240.365,0.0,-4.703,-9.342,-27.05,4.703,9.342,-4.639
marker:0,1786962240.44,1786962240.415,-0.02500009536743164,-4.704,-9.435,-27.38,4.704,9.435,-4.731000000000001
marker:0,1786962240.49,1786962240.49,0.0,-4.448,-9.274,-27.81,4.448,9.274,-4.825999999999999
marker:0,1786962240.565,1786962240.54,-0.02500009536743164,-4.46,-9.372,-28.13,4.46,9.372,-4.912
marker:0,1786962240.615,1786962240.615,0.0,-4.279,-9.28,-28.35,4.279,9.28,-5.0009999999999994
marker:0,1786962240.69,1786962240.69,0.0,-3.725,-8.795,-28.6,3.725,8.795,-5.07
marker:0,1786962240.765,1786962240.765,0.0,-3.882,-8.989,-28.84,3.882,8.989,-5.107000000000001
marker:0,1786962240.79,1786962240.79,0.0,-3.806,-8.968,-29.03,3.806,8.968,-5.162
marker:0,1786962240.865,1786962240.865,0.0,-3.73,-8.97,-29.21,3.73,8.97,-5.24
marker:0,1786962240.94,1786962240.94,0.0,-3.33,-8.606,-29.35,3.33,8.606,-5.276
marker:0,1786962240.99,1786962240.99,0.0,-3.134,-8.427,-29.4,3.134,8.427,-5.292999999999999
marker:0,1786962241.09,1786962241.09,0.0,-3.119,-8.437,-29.49,3.119,8.437,-5.318
marker:0,1786962241.24,1786962241.24,0.0,-2.944,-8.409,-30.08,2.944,8.409,-5.465000000000001
marker:0,1786962241.34,1786962241.34,0.0,-4.693,-10.273,-30.55,4.693,10.273,-5.58
marker:0,1786962241.415,1786962241.415,0.0,-4.476,-10.159,-30.8,4.476,10.159,-5.683000000000001
marker:0,1786962241.49,1786962241.49,0.0,-4.319,-10.155,-31.35,4.319,10.155,-5.835999999999999
marker:0,1786962241.59,1786962241.59,0.0,-5.556,-11.556,-31.94,5.556,11.556,-5.999999999999999
marker:0,1786962241.69,1786962241.69,0.0,-5.404,-11.385,-32.6,5.404,11.385,-5.981
marker:0,1786962241.815,1786962241.815,0.0,-5.625,-11.984,-33.34,5.625,11.984,-6.359
marker:0,1786962241.89,1786962241.89,0.0,-5.559,-12.08,-33.81,5.559,12.08,-6.521
marker:0,1786962241.965,1786962241.965,0.0,-5.545,-12.149,-34.11,5.545,12.149,-6.603999999999999
marker:0,1786962242.04,1786962242.04,0.0,-5.369,-12.048,-34.38,5.369,12.048,-6.679
marker:0,1786962242.115,1786962242.115,0.0,-5.314,-12.048,-34.61,5.314,12.048,-6.734
marker:0,1786962242.19,1786962242.19,0.0,-4.876,-11.65,-34.72,4.876,11.65,-6.774
marker:0,1786962242.29,1786962242.29,0.0,-4.766,-11.59,-34.9,4.766,11.59,-6.824
marker:0,1786962242.365,1786962242.365,0.0,-5.521,-12.391,-35.14,5.521,12.391,-6.87
marker:0,1786962242.465,1786962242.465,0.0,-5.299,-12.265,-35.52,5.299,12.265,-6.966
marker:0,1786962242.54,1786962242.54,0.0,-5.211,-12.279,-35.78,5.211,12.279,-7.068
marker:0,1786962242.59,1786962242.59,0.0,-4.79,-11.911,-35.97,4.79,11.911,-7.1209999999999996
marker:0,1786962242.665,1786962242.665,0.0,-5.272,-12.471,-36.25,5.272,12.471,-7.199
marker:0,1786962242.765,1786962242.765,0.0,-5.322,-12.635,-36.66,5.322,12.635,-7.313
marker:0,1786962242.865,1786962242.865,0.0,-5.553,-13.003,-37.24,5.553,13.003,-7.45
marker:0,1786962242.965,1786962242.965,0.0,-5.258,-12.753,-37.49,5.258,12.753,-7.495
marker:0,1786962243.09,1786962243.115,0.02500009536743164,-5.12,-12.667,-37.81,5.12,12.667,-7.547
marker:0,1786962243.19,1786962243.19,0.0,-5.17,-12.741,-37.92,5.17,12.741,-7.571
marker:0,1786962243.315,1786962243.315,0.0,-4.96,-12.557,-38.06,4.96,12.557,-7.597
marker:0,1786962243.39,1786962243.39,0.0,-4.846,-12.478,-38.26,4.846,12.478,-7.632
marker:0,1786962243.465,1786962243.465,0.0,-4.734,-12.411,-38.51,4.734,12.411,-7.677
marker:0,1786962243.565,1786962243.565,0.0,-4.647,-12.435,-39.13,4.647,12.435,-7.788
marker:0,1786962243.64,1786962243.64,0.0,-4.529,-12.399,-39.59,4.529,12.399,-7.869999999999999
marker:0,1786962243.765,1786962243.765,0.0,-4.314,-12.267,-40.13,4.314,12.267,-7.952999999999999
marker:0,1786962243.865,1786962243.865,0.0,-4.048,-12.042,-40.33,4.048,12.042,-7.994
marker:0,1786962243.965,1786962243.965,0.0,-3.854,-11.86,-40.36,3.854,11.86,-8.006
marker:0,1786962244.065,1786962244.065,0.0,-3.69,-11.701,-40.39,3.69,11.701,-8.011000000000001
marker:0,1786962244.165,1786962244.165,0.0,-3.538,-11.58,-40.56,3.538,11.58,-8.042
marker:0,1786962244.265,1786962244.265,0.0,-3.434,-11.515,-40.89,3.434,11.515,-8.081
marker:0,1786962244.34,1786962244.34,0.0,-3.429,-11.601,-41.29,3.429,11.601,-8.172
marker:0,1786962244.44,1786962244.44,0.0,-3.403,-11.702,-42.0,3.403,11.702,-8.299
marker:0,1786962244.54,1786962244.54,0.0,-3.367,-11.771,-42.58,3.367,11.771,-8.404
marker:0,1786962244.615,1786962244.615,0.0,-3.252,-11.748,-43.23,3.252,11.748,-8.495999999999999
marker:0,1786962244.715,1786962244.715,0.0,-2.958,-11.541,-43.6,2.958,11.541,-8.583
marker:0,1786962244.79,1786962244.79,0.0,-2.816,-11.444,-43.85,2.816,11.444,-8.628
marker:0,1786962244.84,1786962244.84,0.0,-2.752,-11.408,-44.01,2.752,11.408,-8.655999999999999
marker:0,1786962244.94,1786962244.94,0.0,-2.534,-11.246,-44.38,2.534,11.246,-8.712
marker:0,1786962244.99,1786962244.99,0.0,-2.198,-10.948,-44.54,2.198,10.948,-8.75
marker:0,1786962245.09,1786962245.09,0.0,-2.112,-10.92,-44.86,2.112,10.92,-8.808
marker:0,1786962245.19,1786962245.19,0.0,-1.893,-10.764,-45.22,1.893,10.764,-8.870999999999999
marker:0,1786962245.29,1786962245.29,0.0,-1.709,-10.69,-45.83,1.709,10.69,-8.981
marker:0,1786962245.39,1786962245.39,0.0,-1.636,-10.684,-46.21,1.636,10.684,-9.048
marker:0,1786962245.84,1786962245.84,0.0,-3.057,-12.395,-47.84,3.057,12.395,-9.338
marker:0,1786962245.94,1786962245.94,0.0,-2.837,-12.267,-48.35,2.837,12.267,-9.43
marker:0,1786962246.04,1786962246.04,0.0,-3.107,-12.627,-48.86,3.107,12.627,-9.52
marker:0,1786962246.14,1786962246.115,-0.02500009536743164,-3.274,-12.867,-49.31,3.274,12.867,-9.593
marker:0,1786962246.19,1786962246.19,0.0,-3.258,-12.907,-49.67,3.258,12.907,-9.649000000000001
marker:0,1786962246.265,1786962246.265,0.0,-3.333,-13.042,-50.06,3.333,13.042,-9.709
marker:0,1786962246.34,1786962246.34,0.0,-3.447,-13.218,-50.56,3.447,13.218,-9.771
marker:0,1786962246.49,1786962246.49,0.0,-3.185,-13.084,-51.29,3.185,13.084,-9.899
marker:0,1786962246.64,1786962246.64,0.0,-3.162,-13.161,-52.01,3.162,13.161,-9.998999999999999
marker:0,1786962246.715,1786962246.715,0.0,-2.98,-13.029,-52.35,2.98,13.029,-10.049
marker:0,1786962246.815,1786962246.815,0.0,-2.826,-12.93,-52.62,2.826,12.93,-10.104
marker:0,1786962246.89,1786962246.89,0.0,-3.51,-13.653,-52.87,3.51,13.653,-10.143
marker:0,1786962247.065,1786962247.065,0.0,-3.213,-13.437,-53.39,3.213,13.437,-10.224
marker:0,1786962247.165,1786962247.165,0.0,-3.015,-13.248,-53.45,3.015,13.248,-10.232999999999999
marker:0,1786962247.24,1786962247.24,0.0,-2.252,-12.421,-53.48,2.252,12.421,-10.169
marker:0,1786962247.59,1786962247.59,0.0,-2.246,-12.578,-54.26,2.246,12.578,-10.331999999999999
marker:0,1786962247.665,1786962247.665,0.0,-2.159,-12.563,-54.56,2.159,12.563,-10.404
marker:0,1786962247.765,1786962247.765,0.0,-2.705,-13.196,-55.12,2.705,13.196,-10.491
marker:0,1786962247.865,1786962247.865,0.0,-2.551,-13.117,-55.6,2.551,13.117,-10.566
marker:0,1786962247.965,1786962247.965,0.0,-2.579,-13.2,-56.03,2.579,13.2,-10.620999999999999
marker:0,1786962248.04,1786962248.04,0.0,-2.845,-13.517,-56.29,2.845,13.517,-10.671999999999999
marker:0,1786962248.115,1786962248.115,0.0,-2.791,-13.499,-56.6,2.791,13.499,-10.708
marker:0,1786962248.19,1786962248.19,0.0,-2.637,-13.408,-56.93,2.637,13.408,-10.770999999999999
marker:0,1786962248.34,1786962248.34,0.0,-2.665,-13.505,-57.38,2.665,13.505,-10.84
marker:0,1786962248.44,1786962248.44,0.0,-2.376,-13.255,-57.69,2.376,13.255,-10.879000000000001
marker:0,1786962248.49,1786962248.49,0.0,-2.311,-13.242,-57.96,2.311,13.242,-10.931000000000001
marker:0,1786962248.565,1786962248.565,0.0,-2.296,-13.243,-58.07,2.296,13.243,-10.947000000000001
marker:0,1786962248.64,1786962248.64,0.0,-2.214,-13.174,-58.15,2.214,13.174,-10.959999999999999
marker:0,1786962248.69,1786962248.69,0.0,-2.124,-13.084,-58.15,2.124,13.084,-10.959999999999999
marker:0,1786962248.74,1786962248.74,0.0,-2.058,-13.018,-58.11,2.058,13.018,-10.96
marker:0,1786962248.79,1786962248.79,0.0,-1.901,-12.849,-58.07,1.901,12.849,-10.948
marker:0,1786962248.865,1786962248.865,0.0,-1.968,-12.897,-57.95,1.968,12.897,-10.929
marker:0,1786962248.915,1786962248.915,0.0,-1.969,-12.888,-57.89,1.969,12.888,-10.919
marker:0,1786962248.99,1786962248.99,0.0,-2.089,-12.995,-57.8,2.089,12.995,-10.905999999999999
marker:0,1786962249.09,1786962249.09,0.0,-2.369,-13.274,-57.79,2.369,13.274,-10.905
marker:0,1786962249.19,1786962249.19,0.0,-1.961,-12.881,-57.89,1.961,12.881,-10.92
marker:0,1786962249.265,1786962249.265,0.0,-2.04,-12.984,-58.05,2.04,12.984,-10.943999999999999
marker:0,1786962249.365,1786962249.365,0.0,-2.176,-13.166,-58.35,2.176,13.166,-10.99
marker:0,1786962249.465,1786962249.465,0.0,-3.152,-14.187,-58.64,3.152,14.187,-11.035
marker:0,1786962249.665,1786962249.665,0.0,-1.776,-12.861,-58.96,1.776,12.861,-11.085
marker:0,1786962249.74,1786962249.74,0.0,-1.717,-12.794,-58.91,1.717,12.794,-11.077
marker:0,1786962249.79,1786962249.79,0.0,-0.979,-12.039,-58.8,0.979,12.039,-11.06
marker:0,1786962249.94,1786962249.94,0.0,-2.467,-13.487,-58.54,2.467,13.487,-11.02
marker:0,1786962250.015,1786962250.015,0.0,-1.884,-12.904,-58.54,1.884,12.904,-11.02
marker:0,1786962250.09,1786962250.09,0.0,-1.872,-12.935,-58.62,1.872,12.935,-11.063
marker:0,1786962250.165,1786962250.165,0.0,-2.28,-13.344,-58.83,2.28,13.344,-11.064
marker:0,1786962250.29,1786962250.29,0.0,-2.236,-13.356,-59.28,2.236,13.356,-11.12
marker:0,1786962250.465,1786962250.465,0.0,-2.825,-14.018,-59.7,2.825,14.018,-11.193000000000001
marker:0,1786962250.54,1786962250.54,0.0,-2.003,-13.212,-59.74,2.003,13.212,-11.209
marker:0,1786962250.59,1786962250.59,0.0,-1.952,-13.144,-59.65,1.952,13.144,-11.192
marker:0,1786962250.665,1786962250.665,0.0,-2.182,-13.35,-59.5,2.182,13.35,-11.168
marker:0,1786962250.765,1786962250.765,0.0,-1.448,-12.575,-59.23,1.448,12.575,-11.126999999999999
marker:0,1786962250.84,1786962250.84,0.0,-1.504,-12.603,-59.05,1.504,12.603,-11.099
marker:0,1786962250.965,1786962250.965,0.0,-2.511,-13.6,-58.99,2.511,13.6,-11.088999999999999
marker:0,1786962251.04,1786962251.04,0.0,-1.661,-12.779,-59.11,1.661,12.779,-11.118
marker:0,1786962251.115,1786962251.115,0.0,-1.783,-12.913,-59.25,1.783,12.913,-11.13
marker:0,1786962251.19,1786962251.19,0.0,-1.834,-12.991,-59.43,1.834,12.991,-11.157
marker:0,1786962251.29,1786962251.29,0.0,-2.237,-13.424,-59.62,2.237,13.424,-11.187
marker:0,1786962251.365,1786962251.365,0.0,-2.333,-13.532,-59.7,2.333,13.532,-11.199
marker:0,1786962251.44,1786962251.44,0.0,-1.862,-13.053,-59.65,1.862,13.053,-11.191
marker:0,1786962251.515,1786962251.515,0.0,-1.963,-13.134,-59.52,1.963,13.134,-11.171
marker:0,1786962251.59,1786962251.59,0.0,-2.027,-13.143,-59.23,2.027,13.143,-11.116
marker:0,1786962251.665,1786962251.665,0.0,-1.922,-12.996,-58.89,1.922,12.996,-11.074
marker:0,1786962251.74,1786962251.74,0.0,-1.576,-12.597,-58.55,1.576,12.597,-11.020999999999999
marker:0,1786962251.865,1786962251.865,0.0,-1.015,-11.987,-58.23,1.015,11.987,-10.972
marker:0,1786962251.965,1786962251.965,0.0,-1.284,-12.265,-58.29,1.284,12.265,-10.981
marker:0,1786962252.09,1786962252.09,0.0,-1.476,-12.474,-58.43,1.476,12.474,-10.998000000000001
marker:0,1786962252.14,1786962252.14,0.0,-1.601,-12.613,-58.49,1.601,12.613,-11.012
marker:0,1786962252.24,1786962252.24,0.0,-1.703,-12.732,-58.6,1.703,12.732,-11.029
marker:0,1786962252.315,1786962252.315,0.0,-2.155,-13.19,-58.64,2.155,13.19,-11.035
marker:0,1786962252.415,1786962252.415,0.0,-1.831,-12.849,-58.53,1.831,12.849,-11.018
marker:0,1786962252.49,1786962252.49,0.0,-1.841,-12.831,-58.35,1.841,12.831,-10.99
marker:0,1786962252.59,1786962252.59,0.0,-1.956,-12.88,-57.92,1.956,12.88,-10.924000000000001
marker:0,1786962252.665,1786962252.665,0.0,-2.756,-13.641,-57.58,2.756,13.641,-10.885
marker:0,1786962252.74,1786962252.74,0.0,-2.961,-13.797,-57.35,2.961,13.797,-10.836
marker:0,1786962252.79,1786962252.79,0.0,-2.158,-13.017,-57.19,2.158,13.017,-10.859
marker:0,1786962252.84,1786962252.84,0.0,-2.329,-13.1,-56.93,2.329,13.1,-10.770999999999999
marker:0,1786962252.89,1786962252.89,0.0,-2.452,-13.209,-56.84,2.452,13.209,-10.757
marker:0,1786962252.965,1786962252.965,0.0,-2.368,-13.113,-56.76,2.368,13.113,-10.745
marker:0,1786962253.015,1786962253.015,0.0,-2.998,-13.739,-56.74,2.998,13.739,-10.741
marker:0,1786962253.14,1786962253.14,0.0,-2.651,-13.402,-56.8,2.651,13.402,-10.751
marker:0,1786962253.24,1786962253.24,0.0,-2.558,-13.321,-56.88,2.558,13.321,-10.763
marker:0,1786962253.29,1786962253.29,0.0,-2.472,-13.235,-56.88,2.472,13.235,-10.763
marker:0,1786962253.365,1786962253.365,0.0,-2.564,-13.315,-56.8,2.564,13.315,-10.751
marker:0,1786962253.415,1786962253.415,0.0,-2.513,-13.248,-56.63,2.513,13.248,-10.735
marker:0,1786962253.54,1786962253.54,0.0,-1.931,-12.563,-56.03,1.931,12.563,-10.632000000000001
marker:0,1786962253.64,1786962253.64,0.0,-2.091,-12.671,-55.58,2.091,12.671,-10.579999999999998
marker:0,1786962253.69,1786962253.69,0.0,-2.279,-12.812,-55.28,2.279,12.812,-10.533
marker:0,1786962254.09,1786962254.09,0.0,-2.688,-13.109,-54.67,2.688,13.109,-10.421
marker:0,1786962254.24,1786962254.24,0.0,-2.536,-12.986,-54.85,2.536,12.986,-10.450000000000001
marker:0,1786962254.64,1786962254.64,0.0,-2.83,-13.319,-55.11,2.83,13.319,-10.489
marker:0,1786962254.715,1786962254.715,0.0,-3.098,-13.547,-54.85,3.098,13.547,-10.449000000000002
marker:0,1786962254.815,1786962254.815,0.0,-3.304,-13.663,-54.27,3.304,13.663,-10.359
marker:0,1786962254.865,1786962254.865,0.0,-3.495,-13.79,-53.85,3.495,13.79,-10.294999999999998
marker:0,1786962254.965,1786962254.965,0.0,-3.636,-13.815,-53.1,3.636,13.815,-10.178999999999998
marker:0,1786962255.04,1786962255.04,0.0,-3.945,-14.055,-52.55,3.945,14.055,-10.11
marker:0,1786962255.14,1786962255.14,0.0,-3.848,-13.877,-52.13,3.848,13.877,-10.029
marker:0,1786962255.265,1786962255.265,0.0,-4.019,-14.007,-51.84,4.019,14.007,-9.988
marker:0,1786962255.39,1786962255.39,0.0,-4.095,-14.071,-51.79,4.095,14.071,-9.975999999999999
marker:0,1786962255.54,1786962255.54,0.0,-4.281,-14.259,-51.8,4.281,14.259,-9.978000000000002
marker:0,1786962255.69,1786962255.69,0.0,-4.374,-14.29,-51.4,4.374,14.29,-9.916
marker:0,1786962255.79,1786962255.79,0.0,-4.476,-14.334,-51.02,4.476,14.334,-9.858
marker:0,1786962256.115,1786962256.115,0.0,-4.47,-14.142,-49.82,4.47,14.142,-9.672
marker:0,1786962256.165,1786962256.165,0.0,-4.51,-14.18,-49.81,4.51,14.18,-9.67
marker:0,1786962256.29,1786962256.29,0.0,-4.661,-14.328,-49.79,4.661,14.328,-9.667
marker:0,1786962256.34,1786962256.34,0.0,-4.696,-14.359,-49.76,4.696,14.359,-9.663
marker:0,1786962256.49,1786962256.49,0.0,-5.062,-14.726,-49.77,5.062,14.726,-9.664000000000001
marker:0,1786962256.614,1786962256.614,0.0,-4.611,-14.261,-49.68,4.611,14.261,-9.649999999999999
marker:0,1786962256.715,1786962256.715,0.0,-4.749,-14.396,-49.66,4.749,14.396,-9.647000000000002
marker:0,1786962256.789,1786962256.789,0.0,-4.859,-14.503,-49.64,4.859,14.503,-9.644
marker:0,1786962256.889,1786962256.889,0.0,-4.907,-14.555,-49.67,4.907,14.555,-9.648
marker:0,1786962256.965,1786962256.965,0.0,-4.668,-14.312,-49.64,4.668,14.312,-9.643999999999998
marker:0,1786962257.04,1786962257.04,0.0,-4.699,-14.335,-49.59,4.699,14.335,-9.636000000000001
marker:0,1786962257.114,1786962257.114,0.0,-4.654,-14.264,-49.42,4.654,14.264,-9.61
marker:0,1786962257.24,1786962257.24,0.0,-4.141,-13.686,-49.0,4.141,13.686,-9.545
marker:0,1786962257.34,1786962257.34,0.0,-4.592,-14.038,-48.44,4.592,14.038,-9.446000000000002
marker:0,1786962257.439,1786962257.439,0.0,-3.959,-13.334,-48.05,3.959,13.334,-9.375
marker:0,1786962257.514,1786962257.514,0.0,-4.978,-14.283,-47.65,4.978,14.283,-9.305
marker:0,1786962257.614,1786962257.614,0.0,-5.204,-14.468,-47.42,5.204,14.468,-9.264
marker:0,1786962257.715,1786962257.74,0.02500009536743164,-5.424,-14.645,-47.18,5.424,14.645,-9.221
marker:0,1786962257.789,1786962257.789,0.0,-4.778,-13.965,-46.99,4.778,13.965,-9.187000000000001
marker:0,1786962257.889,1786962257.889,0.0,-4.845,-14.105,-46.89,4.845,14.105,-9.260000000000002
marker:0,1786962257.964,1786962257.964,0.0,-5.044,-14.197,-46.8,5.044,14.197,-9.152999999999999
marker:0,1786962258.039,1786962258.039,0.0,-5.006,-14.146,-46.71,5.006,14.146,-9.14
marker:0,1786962258.139,1786962258.139,0.0,-4.984,-14.12,-46.7,4.984,14.12,-9.136
marker:0,1786962258.19,1786962258.19,0.0,-4.961,-14.1,-46.7,4.961,14.1,-9.139
marker:0,1786962258.289,1786962258.289,0.0,-4.664,-13.8,-46.7,4.664,13.8,-9.136000000000001
marker:0,1786962258.364,1786962258.364,0.0,-5.029,-14.168,-46.72,5.029,14.168,-9.139
marker:0,1786962258.44,1786962258.44,0.0,-5.251,-14.39,-46.72,5.251,14.39,-9.139
marker:0,1786962258.564,1786962258.564,0.0,-5.133,-14.264,-46.67,5.133,14.264,-9.131
marker:0,1786962258.739,1786962258.739,0.0,-5.37,-14.477,-46.54,5.37,14.477,-9.107
marker:0,1786962258.864,1786962258.864,0.0,-5.3,-14.401,-46.51,5.3,14.401,-9.100999999999999
marker:0,1786962258.965,1786962258.965,0.0,-4.56,-13.618,-46.27,4.56,13.618,-9.058
marker:0,1786962259.064,1786962259.064,0.0,-4.759,-13.772,-46.01,4.759,13.772,-9.013
marker:0,1786962259.165,1786962259.165,0.0,-5.206,-14.181,-45.8,5.206,14.181,-8.974999999999998
marker:0,1786962259.264,1786962259.264,0.0,-5.366,-14.318,-45.58,5.366,14.318,-8.952
marker:0,1786962259.364,1786962259.364,0.0,-5.482,-14.396,-45.43,5.482,14.396,-8.914000000000001
marker:0,1786962259.439,1786962259.439,0.0,-5.478,-14.356,-45.19,5.478,14.356,-8.878
marker:0,1786962259.514,1786962259.514,0.0,-5.645,-14.483,-45.03,5.645,14.483,-8.838000000000001
marker:0,1786962259.589,1786962259.589,0.0,-5.826,-14.639,-44.89,5.826,14.639,-8.812999999999999
marker:0,1786962259.689,1786962259.689,0.0,-5.693,-14.327,-44.67,5.693,14.327,-8.634
marker:0,1786962259.789,1786962259.789,0.0,-5.854,-14.59,-44.46,5.854,14.59,-8.736
marker:0,1786962259.864,1786962259.864,0.0,-5.443,-14.156,-44.27,5.443,14.156,-8.713000000000001
marker:0,1786962259.939,1786962259.939,0.0,-5.64,-14.318,-44.13,5.64,14.318,-8.678
marker:0,1786962260.014,1786962260.014,0.0,-6.161,-14.812,-43.98,6.161,14.812,-8.651
marker:0,1786962260.064,1786962260.064,0.0,-6.226,-14.877,-43.98,6.226,14.877,-8.651
marker:0,1786962260.139,1786962260.139,0.0,-6.026,-14.693,-44.07,6.026,14.693,-8.667
marker:0,1786962260.239,1786962260.239,0.0,-6.106,-14.798,-44.31,6.106,14.798,-8.692
marker:0,1786962260.339,1786962260.339,0.0,-5.845,-14.585,-44.48,5.845,14.585,-8.740000000000002
marker:0,1786962260.414,1786962260.414,0.0,-5.934,-14.692,-44.58,5.934,14.692,-8.758
marker:0,1786962260.489,1786962260.489,0.0,-6.027,-14.776,-44.53,6.027,14.776,-8.748999999999999
marker:0,1786962260.589,1786962260.589,0.0,-5.756,-14.48,-44.39,5.756,14.48,-8.724
marker:0,1786962260.664,1786962260.664,0.0,-5.959,-14.662,-44.27,5.959,14.662,-8.703000000000001
marker:0,1786962260.764,1786962260.764,0.0,-6.18,-14.863,-44.12,6.18,14.863,-8.683
marker:0,1786962260.839,1786962260.839,0.0,-6.274,-14.941,-44.06,6.274,14.941,-8.667000000000002
marker:0,1786962260.889,1786962260.889,0.0,-6.383,-15.043,-44.03,6.383,15.043,-8.66
marker:0,1786962260.964,1786962260.964,0.0,-6.47,-15.119,-43.97,6.47,15.119,-8.649000000000001
marker:0,1786962261.039,1786962261.039,0.0,-6.49,-15.133,-43.93,6.49,15.133,-8.642999999999999
marker:0,1786962261.114,1786962261.114,0.0,-6.664,-15.304,-43.92,6.664,15.304,-8.64
marker:0,1786962261.164,1786962261.164,0.0,-6.602,-15.244,-43.94,6.602,15.244,-8.642
marker:0,1786962261.264,1786962261.264,0.0,-6.932,-15.585,-43.99,6.932,15.585,-8.653
marker:0,1786962261.339,1786962261.339,0.0,-7.083,-15.741,-44.02,7.083,15.741,-8.658
marker:0,1786962261.489,1786962261.489,0.0,-6.732,-15.394,-44.04,6.732,15.394,-8.661999999999999
marker:0,1786962261.564,1786962261.564,0.0,-5.753,-14.416,-44.04,5.753,14.416,-8.663
marker:0,1786962261.639,1786962261.639,0.0,-5.635,-14.288,-43.99,5.635,14.288,-8.653
marker:0,1786962261.739,1786962261.739,0.0,-5.493,-14.133,-43.92,5.493,14.133,-8.639999999999999
marker:0,1786962261.814,1786962261.814,0.0,-5.577,-14.202,-43.83,5.577,14.202,-8.625
marker:0,1786962261.914,1786962261.914,0.0,-5.678,-14.276,-43.68,5.678,14.276,-8.597999999999999
marker:0,1786962261.989,1786962261.989,0.0,-5.934,-14.508,-43.55,5.934,14.508,-8.573999999999998
marker:0,1786962262.064,1786962262.064,0.0,-5.492,-14.049,-43.45,5.492,14.049,-8.556999999999999
marker:0,1786962262.139,1786962262.139,0.0,-5.033,-13.583,-43.41,5.033,13.583,-8.55
marker:0,1786962262.214,1786962262.214,0.0,-5.174,-13.723,-43.42,5.174,13.723,-8.549
marker:0,1786962262.264,1786962262.264,0.0,-5.923,-14.482,-43.46,5.923,14.482,-8.559
marker:0,1786962262.339,1786962262.339,0.0,-6.144,-14.719,-43.55,6.144,14.719,-8.575
marker:0,1786962262.414,1786962262.414,0.0,-6.254,-14.861,-43.73,6.254,14.861,-8.607000000000001
marker:0,1786962262.464,1786962262.464,0.0,-6.345,-14.976,-43.87,6.345,14.976,-8.631
marker:0,1786962262.539,1786962262.539,0.0,-6.087,-14.729,-43.93,6.087,14.729,-8.642
marker:0,1786962262.614,1786962262.614,0.0,-5.986,-14.649,-44.05,5.986,14.649,-8.663
marker:0,1786962262.714,1786962262.714,0.0,-5.903,-14.579,-44.12,5.903,14.579,-8.676000000000002
marker:0,1786962262.814,1786962262.814,0.0,-5.923,-14.604,-44.15,5.923,14.604,-8.681
marker:0,1786962262.939,1786962262.939,0.0,-5.713,-14.393,-44.14,5.713,14.393,-8.68
marker:0,1786962263.04,1786962263.04,0.0,-5.704,-14.369,-44.06,5.704,14.369,-8.665
marker:0,1786962263.214,1786962263.214,0.0,-5.313,-13.93,-43.74,5.313,13.93,-8.617
marker:0,1786962263.314,1786962263.314,0.0,-5.9,-14.496,-43.67,5.9,14.496,-8.596
marker:0,1786962263.439,1786962263.439,0.0,-6.081,-14.708,-43.88,6.081,14.708,-8.626999999999999
marker:0,1786962263.489,1786962263.489,0.0,-6.055,-14.699,-43.95,6.055,14.699,-8.644
marker:0,1786962263.59,1786962263.59,0.0,-5.957,-14.635,-44.13,5.957,14.635,-8.678
marker:0,1786962263.689,1786962263.689,0.0,-6.457,-15.188,-44.43,6.457,15.188,-8.731000000000002
marker:0,1786962263.764,1786962263.764,0.0,-6.33,-15.058,-44.41,6.33,15.058,-8.728
marker:0,1786962263.814,1786962263.814,0.0,-6.307,-15.015,-44.3,6.307,15.015,-8.708
marker:0,1786962263.864,1786962263.864,0.0,-6.526,-15.209,-44.08,6.526,15.209,-8.683
marker:0,1786962263.964,1786962263.964,0.0,-5.894,-14.498,-43.56,5.894,14.498,-8.604
marker:0,1786962264.039,1786962264.039,0.0,-5.968,-14.516,-43.4,5.968,14.516,-8.548
marker:0,1786962264.189,1786962264.189,0.0,-6.193,-14.698,-43.15,6.193,14.698,-8.505
marker:0,1786962264.439,1786962264.439,0.0,-6.376,-15.005,-43.37,6.376,15.005,-8.629000000000001
marker:0,1786962264.589,1786962264.589,0.0,-6.509,-15.043,-43.32,6.509,15.043,-8.533999999999999
marker:0,1786962264.714,1786962264.714,0.0,-6.528,-15.035,-43.17,6.528,15.035,-8.507000000000001
marker:0,1786962264.864,1786962264.864,0.0,-5.357,-13.84,-43.04,5.357,13.84,-8.483
marker:0,1786962264.989,1786962264.989,0.0,-5.5,-14.015,-43.22,5.5,14.015,-8.515
marker:0,1786962265.064,1786962265.064,0.0,-5.544,-14.106,-43.48,5.544,14.106,-8.562000000000001
marker:0,1786962265.139,1786962265.139,0.0,-5.732,-14.353,-43.77,5.732,14.353,-8.620999999999999
marker:0,1786962265.214,1786962265.214,0.0,-5.822,-14.477,-44.0,5.822,14.477,-8.655000000000001
marker:0,1786962265.364,1786962265.364,0.0,-5.984,-14.742,-44.58,5.984,14.742,-8.758000000000001
marker:0,1786962265.439,1786962265.464,0.02500009536743164,-5.977,-14.756,-44.7,5.977,14.756,-8.779
marker:0,1786962265.539,1786962265.539,0.0,-6.303,-15.214,-44.76,6.303,15.214,-8.911000000000001
marker:0,1786962265.614,1786962265.614,0.0,-6.583,-15.378,-44.79,6.583,15.378,-8.795
marker:0,1786962265.689,1786962265.689,0.0,-6.345,-15.133,-44.75,6.345,15.133,-8.788
marker:0,1786962265.764,1786962265.764,0.0,-6.405,-15.166,-44.6,6.405,15.166,-8.761
marker:0,1786962265.84,1786962265.84,0.0,-6.505,-15.237,-44.44,6.505,15.237,-8.732
marker:0,1786962265.914,1786962265.914,0.0,-6.532,-15.249,-44.35,6.532,15.249,-8.717
marker:0,1786962266.014,1786962266.014,0.0,-6.555,-15.256,-44.25,6.555,15.256,-8.701
marker:0,1786962266.089,1786962266.089,0.0,-6.78,-15.486,-44.29,6.78,15.486,-8.706
marker:0,1786962266.214,1786962266.214,0.0,-5.95,-14.678,-44.41,5.95,14.678,-8.728000000000002
marker:0,1786962266.289,1786962266.289,0.0,-6.017,-14.752,-44.45,6.017,14.752,-8.735
marker:0,1786962266.389,1786962266.389,0.0,-6.034,-14.784,-44.54,6.034,14.784,-8.75
marker:0,1786962266.464,1786962266.464,0.0,-6.058,-14.802,-44.47,6.058,14.802,-8.744
marker:0,1786962266.539,1786962266.539,0.0,-4.739,-13.465,-44.4,4.739,13.465,-8.725999999999999
marker:0,1786962266.589,1786962266.589,0.0,-4.826,-13.544,-44.36,4.826,13.544,-8.718
marker:0,1786962266.664,1786962266.664,0.0,-5.508,-14.224,-44.34,5.508,14.224,-8.716000000000001
marker:0,1786962266.739,1786962266.739,0.0,-5.425,-14.156,-44.43,5.425,14.156,-8.731000000000002
marker:0,1786962266.814,1786962266.814,0.0,-5.588,-14.337,-44.53,5.588,14.337,-8.748999999999999
marker:0,1786962266.889,1786962266.889,0.0,-5.634,-14.431,-44.8,5.634,14.431,-8.796999999999999
marker:0,1786962266.964,1786962266.964,0.0,-4.723,-13.572,-45.09,4.723,13.572,-8.849
marker:0,1786962267.039,1786962267.039,0.0,-4.615,-13.506,-45.33,4.615,13.506,-8.891
marker:0,1786962267.114,1786962267.114,0.0,-4.618,-13.542,-45.51,4.618,13.542,-8.924
marker:0,1786962267.189,1786962267.189,0.0,-4.869,-13.814,-45.63,4.869,13.814,-8.945
marker:0,1786962267.289,1786962267.289,0.0,-5.264,-14.239,-45.8,5.264,14.239,-8.975000000000001
marker:0,1786962267.389,1786962267.389,0.0,-5.7,-14.67,-45.79,5.7,14.67,-8.969999999999999
marker:0,1786962267.464,1786962267.464,0.0,-4.367,-13.333,-45.75,4.367,13.333,-8.966000000000001
marker:0,1786962267.564,1786962267.564,0.0,-4.5,-13.463,-45.76,4.5,13.463,-8.963
marker:0,1786962267.639,1786962267.639,0.0,-4.669,-13.637,-45.8,4.669,13.637,-8.968
marker:0,1786962267.714,1786962267.714,0.0,-4.404,-13.388,-45.85,4.404,13.388,-8.984
marker:0,1786962267.764,1786962267.764,0.0,-4.458,-13.46,-45.98,4.458,13.46,-9.002
marker:0,1786962267.839,1786962267.839,0.0,-5.053,-14.073,-46.05,5.053,14.073,-9.02
marker:0,1786962267.914,1786962267.914,0.0,-5.126,-14.158,-46.12,5.126,14.158,-9.032
marker:0,1786962267.989,1786962267.989,0.0,-5.128,-14.16,-46.12,5.128,14.16,-9.032
marker:0,1786962268.089,1786962268.089,0.0,-5.266,-14.295,-46.1,5.266,14.295,-9.029
marker:0,1786962268.189,1786962268.189,0.0,-5.384,-14.402,-46.04,5.384,14.402,-9.017999999999999
marker:0,1786962268.289,1786962268.289,0.0,-5.631,-14.624,-45.86,5.631,14.624,-8.993
marker:0,1786962268.364,1786962268.364,0.0,-5.737,-14.714,-45.81,5.737,14.714,-8.977
marker:0,1786962268.414,1786962268.414,0.0,-5.722,-14.671,-45.65,5.722,14.671,-8.948999999999998
marker:0,1786962268.489,1786962268.489,0.0,-5.952,-14.886,-45.57,5.952,14.886,-8.934
marker:0,1786962268.539,1786962268.539,0.0,-6.087,-15.005,-45.48,6.087,15.005,-8.918000000000001
marker:0,1786962268.639,1786962268.639,0.0,-5.389,-14.279,-45.32,5.389,14.279,-8.89
marker:0,1786962268.714,1786962268.714,0.0,-5.538,-14.404,-45.19,5.538,14.404,-8.866
marker:0,1786962268.764,1786962268.764,0.0,-5.602,-14.463,-45.16,5.602,14.463,-8.860999999999999
marker:0,1786962268.839,1786962268.839,0.0,-5.826,-14.666,-45.04,5.826,14.666,-8.84
marker:0,1786962268.939,1786962268.939,0.0,-5.295,-14.119,-44.95,5.295,14.119,-8.824
marker:0,1786962269.039,1786962269.039,0.0,-5.778,-14.519,-44.91,5.778,14.519,-8.741
marker:0,1786962269.114,1786962269.114,0.0,-5.947,-14.776,-44.98,5.947,14.776,-8.829
marker:0,1786962269.239,1786962269.239,0.0,-5.206,-14.063,-45.14,5.206,14.063,-8.857
marker:0,1786962269.314,1786962269.314,0.0,-5.254,-14.133,-45.29,5.254,14.133,-8.879
marker:0,1786962269.364,1786962269.364,0.0,-5.265,-14.164,-45.37,5.265,14.164,-8.899000000000001
marker:0,1786962269.439,1786962269.439,0.0,-5.353,-14.268,-45.46,5.353,14.268,-8.915000000000001
marker:0,1786962269.514,1786962269.514,0.0,-5.41,-14.33,-45.52,5.41,14.33,-8.92
marker:0,1786962269.589,1786962269.589,0.0,-5.541,-14.473,-45.56,5.541,14.473,-8.932
marker:0,1786962269.664,1786962269.664,0.0,-5.571,-14.507,-45.58,5.571,14.507,-8.936
marker:0,1786962269.739,1786962269.739,0.0,-5.724,-14.655,-45.55,5.724,14.655,-8.931
marker:0,1786962269.814,1786962269.814,0.0,-5.873,-14.782,-45.43,5.873,14.782,-8.908999999999999
marker:0,1786962269.889,1786962269.889,0.0,-6.257,-15.141,-45.22,6.257,15.141,-8.884
marker:0,1786962269.964,1786962269.964,0.0,-6.287,-15.123,-45.02,6.287,15.123,-8.835999999999999
marker:0,1786962270.039,1786962270.039,0.0,-6.387,-15.186,-44.81,6.387,15.186,-8.799
marker:0,1786962270.114,1786962270.114,0.0,-6.709,-15.469,-44.59,6.709,15.469,-8.76
marker:0,1786962270.214,1786962270.214,0.0,-5.295,-14.021,-44.4,5.295,14.021,-8.726
marker:0,1786962270.364,1786962270.364,0.0,-5.334,-13.992,-44.02,5.334,13.992,-8.658000000000001
marker:0,1786962270.439,1786962270.439,0.0,-5.403,-14.001,-43.68,5.403,14.001,-8.597999999999999
marker:0,1786962270.539,1786962270.539,0.0,-5.314,-13.851,-43.34,5.314,13.851,-8.537
marker:0,1786962270.614,1786962270.614,0.0,-6.351,-14.846,-43.1,6.351,14.846,-8.495000000000001
marker:0,1786962270.714,1786962270.714,0.0,-6.548,-14.996,-42.84,6.548,14.996,-8.448
marker:0,1786962270.814,1786962270.814,0.0,-5.688,-14.124,-42.77,5.688,14.124,-8.436
marker:0,1786962270.864,1786962270.864,0.0,-5.841,-14.28,-42.79,5.841,14.28,-8.439
marker:0,1786962273.939,1786962273.939,0.0,-4.917,-13.183,-41.82,4.917,13.183,-8.266
marker:0,1786962274.039,1786962274.039,0.0,-4.732,-13.002,-41.84,4.732,13.002,-8.27
marker:0,1786962274.114,1786962274.114,0.0,-5.571,-13.812,-41.62,5.571,13.812,-8.241
marker:0,1786962274.264,1786962274.264,0.0,-5.879,-14.005,-41.03,5.879,14.005,-8.126000000000001
marker:0,1786962274.364,1786962274.364,0.0,-5.721,-13.763,-40.56,5.721,13.763,-8.042
marker:0,1786962274.464,1786962274.464,0.0,-6.175,-14.178,-40.31,6.175,14.178,-8.003
marker:0,1786962274.539,1786962274.539,0.0,-6.115,-14.061,-40.02,6.115,14.061,-7.946
marker:0,1786962274.614,1786962274.614,0.0,-6.387,-14.272,-39.68,6.387,14.272,-7.885000000000001
marker:0,1786962274.664,1786962274.664,0.0,-6.83,-14.644,-39.28,6.83,14.644,-7.814
marker:0,1786962274.789,1786962274.789,0.0,-7.264,-14.936,-38.48,7.264,14.936,-7.672
marker:0,1786962274.864,1786962274.864,0.0,-7.887,-15.468,-37.77,7.887,15.468,-7.581
marker:0,1786962274.939,1786962274.939,0.0,-8.105,-15.57,-37.32,8.105,15.57,-7.465
marker:0,1786962275.039,1786962275.039,0.0,-8.333,-15.743,-36.91,8.333,15.743,-7.41
marker:0,1786962275.114,1786962275.114,0.0,-8.792,-16.099,-36.64,8.792,16.099,-7.307
marker:0,1786962275.164,1786962275.164,0.0,-8.762,-15.997,-36.38,8.762,15.997,-7.234999999999999
marker:0,1786962275.264,1786962275.264,0.0,-9.193,-16.359,-36.13,9.193,16.359,-7.166000000000002
marker:0,1786962275.364,1786962275.364,0.0,-9.352,-16.476,-35.98,9.352,16.476,-7.123999999999999
marker:0,1786962275.464,1786962275.464,0.0,-9.371,-16.464,-35.87,9.371,16.464,-7.092999999999998
marker:0,1786962275.539,1786962275.539,0.0,-7.752,-14.798,-35.7,7.752,14.798,-7.046
marker:0,1786962275.614,1786962275.614,0.0,-7.622,-14.599,-35.45,7.622,14.599,-6.977
marker:0,1786962275.714,1786962275.714,0.0,-7.564,-14.443,-35.1,7.564,14.443,-6.879
marker:0,1786962275.789,1786962275.789,0.0,-9.023,-15.83,-34.84,9.023,15.83,-6.807
marker:0,1786962275.864,1786962275.864,0.0,-7.628,-14.357,-34.56,7.628,14.357,-6.728999999999999
marker:0,1786962275.964,1786962275.964,0.0,-7.597,-14.232,-34.22,7.597,14.232,-6.634999999999999
marker:0,1786962276.064,1786962276.064,0.0,-7.418,-14.003,-34.04,7.418,14.003,-6.585
marker:0,1786962276.165,1786962276.165,0.0,-6.545,-13.123,-34.02,6.545,13.123,-6.577999999999999
marker:0,1786962276.264,1786962276.264,0.0,-6.313,-12.891,-34.02,6.313,12.891,-6.578
marker:0,1786962276.339,1786962276.339,0.0,-6.062,-12.63,-33.98,6.062,12.63,-6.5680000000000005
marker:0,1786962276.389,1786962276.389,0.0,-6.167,-12.706,-33.88,6.167,12.706,-6.539
marker:0,1786962276.564,1786962276.564,0.0,-5.731,-12.198,-33.62,5.731,12.198,-6.4670000000000005
marker:0,1786962276.639,1786962276.639,0.0,-5.857,-12.288,-33.49,5.857,12.288,-6.431
marker:0,1786962276.739,1786962276.739,0.0,-6.524,-12.911,-33.33,6.524,12.911,-6.387
marker:0,1786962276.839,1786962276.839,0.0,-5.901,-12.251,-33.19,5.901,12.251,-6.35
marker:0,1786962276.914,1786962276.914,0.0,-5.827,-12.15,-33.06,5.827,12.15,-6.323
marker:0,1786962277.264,1786962277.264,0.0,-6.92,-13.112,-32.63,6.92,13.112,-6.192
marker:0,1786962277.364,1786962277.364,0.0,-6.277,-12.436,-32.51,6.277,12.436,-6.159
marker:0,1786962277.489,1786962277.489,0.0,-6.424,-12.568,-32.46,6.424,12.568,-6.143999999999999
marker:0,1786962277.664,1786962277.664,0.0,-7.495,-13.668,-32.59,7.495,13.668,-6.172999999999999
marker:0,1786962278.039,1786962278.039,0.0,-7.666,-13.852,-32.55,7.666,13.852,-6.186
marker:0,1786962278.164,1786962278.164,0.0,-7.451,-13.532,-32.17,7.451,13.532,-6.081
marker:0,1786962278.239,1786962278.239,0.0,-7.254,-13.397,-31.82,7.254,13.397,-6.143000000000001
marker:0,1786962280.064,1786962280.064,0.0,-7.57,-13.678,-32.33,7.57,13.678,-6.1080000000000005
marker:0,1786962280.214,1786962280.214,0.0,-8.078,-14.086,-31.97,8.078,14.086,-6.008000000000001
marker:0,1786962280.314,1786962280.314,0.0,-8.397,-14.366,-31.79,8.397,14.366,-5.968999999999999
marker:0,1786962280.389,1786962280.389,0.0,-7.326,-13.254,-31.68,7.326,13.254,-5.928
marker:0,1786962280.889,1786962280.889,0.0,-7.786,-13.596,-31.26,7.786,13.596,-5.8100000000000005
marker:0,1786962281.389,1786962281.389,0.0,-8.001,-13.642,-30.69,8.001,13.642,-5.641
marker:0,1786962281.839,1786962281.839,0.0,-7.541,-13.093,-30.33,7.541,13.093,-5.552
marker:0,1786962281.939,1786962281.939,0.0,-7.621,-13.178,-30.35,7.621,13.178,-5.557
marker:0,1786962282.039,1786962282.039,0.0,-7.878,-13.46,-30.44,7.878,13.46,-5.582000000000001
marker:0,1786962282.614,1786962282.614,0.0,-7.811,-13.366,-30.34,7.811,13.366,-5.555
marker:0,1786962285.689,1786962285.689,0.0,-7.275,-12.443,-28.95,7.275,12.443,-5.167999999999999
marker:0,1786962285.789,1786962285.789,0.0,-6.896,-12.098,-29.07,6.896,12.098,-5.202000000000001
marker:0,1786962285.839,1786962285.839,0.0,-6.496,-11.73,-29.19,6.496,11.73,-5.234
marker:0,1786962285.939,1786962285.939,0.0,-6.814,-12.038,-29.15,6.814,12.038,-5.224
marker:0,1786962286.014,1786962286.014,0.0,-7.527,-12.74,-29.11,7.527,12.74,-5.213
marker:0,1786962286.114,1786962286.114,0.0,-7.073,-12.235,-28.93,7.073,12.235,-5.161999999999999
marker:0,1786962286.189,1786962286.189,0.0,-8.318,-13.433,-28.76,8.318,13.433,-5.115
marker:0,1786962286.264,1786962286.264,0.0,-8.519,-13.551,-28.46,8.519,13.551,-5.032
marker:0,1786962286.414,1786962286.414,0.0,-7.796,-12.649,-27.82,7.796,12.649,-4.852999999999999
marker:0,1786962286.464,1786962286.464,0.0,-8.027,-12.788,-27.49,8.027,12.788,-4.761000000000001
marker:0,1786962286.564,1786962286.564,0.0,-9.142,-13.77,-27.01,9.142,13.77,-4.628
marker:0,1786962286.639,1786962286.639,0.0,-8.744,-13.314,-26.8,8.744,13.314,-4.57
marker:0,1786962286.714,1786962286.714,0.0,-8.721,-13.262,-26.69,8.721,13.262,-4.541
marker:0,1786962286.789,1786962286.789,0.0,-8.264,-12.811,-26.72,8.264,12.811,-4.547000000000001
marker:0,1786962286.864,1786962286.864,0.0,-8.052,-12.597,-26.71,8.052,12.597,-4.545
marker:0,1786962286.939,1786962286.939,0.0,-8.091,-12.628,-26.68,8.091,12.628,-4.537000000000001
marker:0,1786962287.039,1786962287.039,0.0,-7.673,-12.201,-26.65,7.673,12.201,-4.5280000000000005
marker:0,1786962287.089,1786962287.089,0.0,-8.178,-12.7,-26.63,8.178,12.7,-4.5219999999999985
marker:0,1786962287.164,1786962287.164,0.0,-8.157,-12.677,-26.59,8.157,12.677,-4.52
marker:0,1786962287.264,1786962287.264,0.0,-7.675,-12.175,-26.55,7.675,12.175,-4.500000000000001
marker:0,1786962287.339,1786962287.339,0.0,-7.389,-11.876,-26.5,7.389,11.876,-4.486999999999999
marker:0,1786962287.439,1786962287.439,0.0,-7.404,-11.848,-26.35,7.404,11.848,-4.444000000000001
marker:0,1786962287.514,1786962287.514,0.0,-7.326,-11.759,-26.26,7.326,11.759,-4.433000000000001
marker:0,1786962287.589,1786962287.589,0.0,-7.304,-11.695,-26.14,7.304,11.695,-4.391
marker:0,1786962287.689,1786962287.689,0.0,-6.991,-11.324,-25.95,6.991,11.324,-4.333
marker:0,1786962287.764,1786962287.764,0.0,-6.6,-10.908,-25.86,6.6,10.908,-4.308
marker:0,1786962287.864,1786962287.864,0.0,-6.782,-11.052,-25.72,6.782,11.052,-4.27
marker:0,1786962287.939,1786962287.939,0.0,-6.79,-11.037,-25.64,6.79,11.037,-4.247000000000001
marker:0,1786962288.064,1786962288.064,0.0,-6.462,-10.684,-25.55,6.462,10.684,-4.2219999999999995
marker:0,1786962288.139,1786962288.139,0.0,-7.364,-11.572,-25.48,7.364,11.572,-4.207999999999999
marker:0,1786962288.189,1786962288.189,0.0,-6.121,-10.326,-25.49,6.121,10.326,-4.205
marker:0,1786962288.314,1786962288.314,0.0,-5.979,-10.198,-25.54,5.979,10.198,-4.219
marker:0,1786962288.414,1786962288.414,0.0,-6.011,-10.241,-25.58,6.011,10.241,-4.2299999999999995
marker:0,1786962288.489,1786962288.489,0.0,-6.152,-10.377,-25.56,6.152,10.377,-4.2250000000000005
marker:0,1786962288.864,1786962288.864,0.0,-6.134,-10.192,-24.93,6.134,10.192,-4.058
marker:0,1786962288.914,1786962288.914,0.0,-6.244,-10.277,-24.87,6.244,10.277,-4.0329999999999995
marker:0,1786962289.039,1786962289.039,0.0,-6.534,-10.58,-24.92,6.534,10.58,-4.046
marker:0,1786962289.164,1786962289.164,0.0,-6.661,-10.802,-25.26,6.661,10.802,-4.141
marker:0,1786962289.239,1786962289.239,0.0,-6.964,-11.144,-25.44,6.964,11.144,-4.18
marker:0,1786962289.314,1786962289.314,0.0,-7.163,-11.394,-25.63,7.163,11.394,-4.231
marker:0,1786962289.389,1786962289.389,0.0,-6.469,-10.746,-25.69,6.469,10.746,-4.277
marker:0,1786962289.464,1786962289.464,0.0,-6.58,-10.869,-25.79,6.58,10.869,-4.289
marker:0,1786962289.539,1786962289.539,0.0,-6.723,-11.017,-25.82,6.723,11.017,-4.294
marker:0,1786962289.614,1786962289.614,0.0,-6.68,-10.963,-25.77,6.68,10.963,-4.2829999999999995
marker:0,1786962289.689,1786962289.689,0.0,-6.409,-10.648,-25.57,6.409,10.648,-4.239
marker:0,1786962289.789,1786962289.789,0.0,-6.403,-10.539,-25.15,6.403,10.539,-4.136
marker:0,1786962289.864,1786962289.864,0.0,-6.495,-10.533,-24.89,6.495,10.533,-4.037999999999999
marker:0,1786962289.964,1786962289.964,0.0,-5.856,-9.819,-24.56,5.856,9.819,-3.963000000000001
marker:0,1786962290.039,1786962290.014,-0.02500009536743164,-5.872,-9.79,-24.46,5.872,9.79,-3.9179999999999993
marker:0,1786962290.089,1786962290.089,0.0,-6.021,-9.942,-24.47,6.021,9.942,-3.9210000000000003
marker:0,1786962290.164,1786962290.164,0.0,-6.086,-10.004,-24.46,6.086,10.004,-3.9179999999999993
marker:0,1786962290.264,1786962290.264,0.0,-6.646,-10.573,-24.47,6.646,10.573,-3.9270000000000005
marker:0,1786962290.289,1786962290.289,0.0,-6.708,-10.632,-24.48,6.708,10.632,-3.9239999999999995
marker:0,1786962290.389,1786962290.389,0.0,-6.909,-10.82,-24.43,6.909,10.82,-3.9110000000000005
marker:0,1786962290.464,1786962290.464,0.0,-7.032,-10.917,-24.34,7.032,10.917,-3.885
marker:0,1786962290.539,1786962290.539,0.0,-6.909,-10.752,-24.14,6.909,10.752,-3.843000000000001
marker:0,1786962290.614,1786962290.614,0.0,-7.095,-10.894,-23.96,7.095,10.894,-3.7990000000000004
marker:0,1786962290.664,1786962290.664,0.0,-7.104,-10.864,-23.89,7.104,10.864,-3.7600000000000007
marker:0,1786962290.739,1786962290.739,0.0,-7.232,-10.905,-23.58,7.232,10.905,-3.672999999999999
marker:0,1786962290.814,1786962290.814,0.0,-7.155,-10.737,-23.22,7.155,10.737,-3.582
marker:0,1786962290.914,1786962290.914,0.0,-7.104,-10.576,-22.67,7.104,10.576,-3.4720000000000004
marker:0,1786962290.989,1786962290.989,0.0,-7.254,-10.684,-22.46,7.254,10.684,-3.4299999999999997
marker:0,1786962291.089,1786962291.089,0.0,-7.041,-10.461,-22.41,7.041,10.461,-3.42
marker:0,1786962291.264,1786962291.264,0.0,-6.923,-10.362,-22.51,6.923,10.362,-3.439
marker:0,1786962291.339,1786962291.339,0.0,-7.227,-10.705,-22.7,7.227,10.705,-3.4779999999999998
marker:0,1786962291.414,1786962291.414,0.0,-6.323,-9.808,-22.74,6.323,9.808,-3.4849999999999994
marker:0,1786962291.464,1786962291.464,0.0,-6.421,-9.923,-22.82,6.421,9.923,-3.502
marker:0,1786962291.539,1786962291.539,0.0,-6.545,-10.057,-22.87,6.545,10.057,-3.5120000000000005
marker:0,1786962291.614,1786962291.614,0.0,-6.457,-9.958,-22.82,6.457,9.958,-3.5010000000000003
marker:0,1786962291.689,1786962291.689,0.0,-5.95,-9.432,-22.72,5.95,9.432,-3.482
marker:0,1786962291.764,1786962291.764,0.0,-5.978,-9.42,-22.48,5.978,9.42,-3.442
marker:0,1786962291.839,1786962291.839,0.0,-5.86,-9.253,-22.21,5.86,9.253,-3.393
marker:0,1786962291.939,1786962291.939,0.0,-5.712,-9.084,-21.99,5.712,9.084,-3.372
marker:0,1786962292.014,1786962292.014,0.0,-5.431,-8.747,-21.89,5.431,8.747,-3.316
marker:0,1786962292.089,1786962292.089,0.0,-5.465,-8.781,-21.89,5.465,8.781,-3.3160000000000007
marker:0,1786962292.139,1786962292.164,0.02500009536743164,-5.657,-8.985,-21.95,5.657,8.985,-3.3279999999999994
marker:0,1786962292.239,1786962292.239,0.0,-5.736,-9.082,-22.1,5.736,9.082,-3.346000000000001
marker:0,1786962292.339,1786962292.339,0.0,-5.618,-8.982,-22.13,5.618,8.982,-3.363999999999999
marker:0,1786962292.414,1786962292.414,0.0,-5.697,-9.055,-22.1,5.697,9.055,-3.3579999999999997
marker:0,1786962292.489,1786962292.489,0.0,-5.077,-8.406,-21.96,5.077,8.406,-3.3290000000000006
marker:0,1786962292.564,1786962292.564,0.0,-5.25,-8.52,-21.66,5.25,8.52,-3.2699999999999996
marker:0,1786962292.639,1786962292.639,0.0,-5.341,-8.549,-21.35,5.341,8.549,-3.2079999999999993
marker:0,1786962292.739,1786962292.739,0.0,-5.374,-8.523,-20.99,5.374,8.523,-3.149
marker:0,1786962292.814,1786962292.814,0.0,-5.546,-8.657,-20.82,5.546,8.657,-3.1109999999999998
marker:0,1786962292.914,1786962292.914,0.0,-5.169,-8.234,-20.64,5.169,8.234,-3.0650000000000004
marker:0,1786962292.989,1786962292.989,0.0,-5.555,-8.602,-20.55,5.555,8.602,-3.0470000000000006
marker:0,1786962293.089,1786962293.089,0.0,-5.272,-8.303,-20.47,5.272,8.303,-3.0310000000000006
marker:0,1786962293.189,1786962293.189,0.0,-6.339,-9.34,-20.32,6.339,9.34,-3.0009999999999994
marker:0,1786962293.314,1786962293.314,0.0,-6.293,-9.272,-20.18,6.293,9.272,-2.979
marker:0,1786962293.464,1786962293.464,0.0,-5.084,-8.003,-19.88,5.084,8.003,-2.9190000000000005
marker:0,1786962293.539,1786962293.539,0.0,-5.994,-8.883,-19.76,5.994,8.883,-2.8889999999999993
marker:0,1786962293.614,1786962293.614,0.0,-6.207,-9.096,-19.71,6.207,9.096,-2.8890000000000002
marker:0,1786962293.814,1786962293.814,0.0,-5.956,-8.82,-19.64,5.956,8.82,-2.864
marker:0,1786962294.064,1786962294.064,0.0,-5.889,-8.708,-19.41,5.889,8.708,-2.819
marker:0,1786962294.164,1786962294.164,0.0,-6.298,-9.106,-19.36,6.298,9.106,-2.808
marker:0,1786962294.364,1786962294.364,0.0,-6.709,-9.502,-19.28,6.709,9.502,-2.793000000000001
marker:0,1786962294.489,1786962294.489,0.0,-5.76,-8.535,-19.19,5.76,8.535,-2.7750000000000004
marker:0,1786962294.639,1786962294.639,0.0,-5.157,-7.875,-18.91,5.157,7.875,-2.718
marker:0,1786962294.689,1786962294.689,0.0,-5.197,-7.883,-18.75,5.197,7.883,-2.686
marker:0,1786962294.839,1786962294.839,0.0,-5.015,-7.629,-18.39,5.015,7.629,-2.614
marker:0,1786962294.914,1786962294.914,0.0,-4.866,-7.434,-18.16,4.866,7.434,-2.5680000000000005
marker:0,1786962294.989,1786962294.989,0.0,-4.944,-7.478,-17.99,4.944,7.478,-2.534
marker:0,1786962295.089,1786962295.089,0.0,-4.958,-7.458,-17.82,4.958,7.458,-2.5
marker:0,1786962295.139,1786962295.139,0.0,-4.885,-7.363,-17.71,4.885,7.363,-2.4780000000000006
marker:0,1786962295.214,1786962295.214,0.0,-4.648,-7.104,-17.6,4.648,7.104,-2.4560000000000004
marker:0,1786962295.289,1786962295.289,0.0,-4.996,-7.429,-17.48,4.996,7.429,-2.433
marker:0,1786962295.364,1786962295.364,0.0,-4.28,-6.71,-17.48,4.28,6.71,-2.4299999999999997
marker:0,1786962295.464,1786962295.464,0.0,-5.374,-7.79,-17.4,5.374,7.79,-2.4160000000000004
marker:0,1786962295.564,1786962295.564,0.0,-5.61,-8.006,-17.3,5.61,8.006,-2.396
marker:0,1786962295.639,1786962295.639,0.0,-5.804,-8.19,-17.22,5.804,8.19,-2.3859999999999992
marker:0,1786962295.739,1786962295.739,0.0,-6.017,-8.363,-17.05,6.017,8.363,-2.345999999999999
marker:0,1786962295.864,1786962295.864,0.0,-5.5,-7.784,-16.74,5.5,7.784,-2.284
marker:0,1786962296.014,1786962296.014,0.0,-6.147,-8.355,-16.36,6.147,8.355,-2.208
marker:0,1786962296.089,1786962296.089,0.0,-5.68,-7.882,-16.33,5.68,7.882,-2.202
marker:0,1786962296.164,1786962296.164,0.0,-5.402,-7.614,-16.38,5.402,7.614,-2.2119999999999997
marker:0,1786962296.264,1786962296.264,0.0,-5.607,-7.826,-16.44,5.607,7.826,-2.2189999999999994
marker:0,1786962296.464,1786962296.464,0.0,-4.906,-7.114,-16.36,4.906,7.114,-2.208
marker:0,1786962296.539,1786962296.539,0.0,-4.292,-6.486,-16.26,4.292,6.486,-2.194
marker:0,1786962296.639,1786962296.639,0.0,-4.949,-7.093,-16.04,4.949,7.093,-2.144
marker:0,1786962296.714,1786962296.714,0.0,-5.047,-7.157,-15.87,5.047,7.157,-2.1100000000000003
marker:0,1786962296.789,1786962296.789,0.0,-5.17,-7.334,-15.67,5.17,7.334,-2.1639999999999997
marker:0,1786962296.839,1786962296.839,0.0,-5.677,-7.733,-15.6,5.677,7.733,-2.056
marker:0,1786962296.939,1786962296.939,0.0,-5.086,-7.127,-15.53,5.086,7.127,-2.0409999999999995
marker:0,1786962297.039,1786962297.039,0.0,-5.647,-7.654,-15.36,5.647,7.654,-2.0069999999999997
marker:0,1786962297.164,1786962297.164,0.0,-5.714,-7.69,-15.2,5.714,7.69,-1.976
marker:0,1786962297.364,1786962297.364,0.0,-5.363,-7.243,-14.72,5.363,7.243,-1.88
marker:0,1786962297.464,1786962297.464,0.0,-5.231,-7.068,-14.46,5.231,7.068,-1.8369999999999997
marker:0,1786962297.564,1786962297.564,0.0,-4.687,-6.47,-14.24,4.687,6.47,-1.7829999999999995
marker:0,1786962297.664,1786962297.664,0.0,-5.231,-6.982,-14.08,5.231,6.982,-1.7510000000000003
marker:0,1786962297.739,1786962297.739,0.0,-4.664,-6.373,-13.87,4.664,6.373,-1.7090000000000005
marker:0,1786962297.814,1786962297.814,0.0,-4.88,-6.553,-13.69,4.88,6.553,-1.673
marker:0,1786962297.889,1786962297.889,0.0,-5.47,-7.111,-13.53,5.47,7.111,-1.641
marker:0,1786962297.989,1786962297.989,0.0,-3.767,-5.346,-13.22,3.767,5.346,-1.5790000000000002
marker:0,1786962298.064,1786962298.064,0.0,-3.973,-5.528,-13.09,3.973,5.528,-1.5549999999999997
marker:0,1786962298.114,1786962298.114,0.0,-4.611,-6.144,-12.99,4.611,6.144,-1.5330000000000004
marker:0,1786962298.164,1786962298.164,0.0,-4.555,-6.062,-12.86,4.555,6.062,-1.5070000000000006
marker:0,1786962298.264,1786962298.264,0.0,-3.707,-5.191,-12.75,3.707,5.191,-1.484
marker:0,1786962298.339,1786962298.339,0.0,-4.208,-5.697,-12.8,4.208,5.697,-1.4889999999999999
marker:0,1786962298.439,1786962298.439,0.0,-4.001,-5.528,-12.96,4.001,5.528,-1.5269999999999992
marker:0,1786962298.489,1786962298.489,0.0,-4.07,-5.617,-13.06,4.07,5.617,-1.5469999999999997
marker:0,1786962298.614,1786962298.614,0.0,-3.891,-5.48,-13.27,3.891,5.48,-1.5890000000000004
marker:0,1786962298.714,1786962298.714,0.0,-3.426,-5.007,-13.23,3.426,5.007,-1.5809999999999995
marker:0,1786962298.789,1786962298.789,0.0,-4.198,-5.745,-13.06,4.198,5.745,-1.5469999999999997
marker:0,1786962298.864,1786962298.864,0.0,-4.586,-6.078,-12.79,4.586,6.078,-1.492
marker:0,1786962298.939,1786962298.939,0.0,-4.768,-6.223,-12.53,4.768,6.223,-1.455
marker:0,1786962298.989,1786962298.989,0.0,-4.931,-6.367,-12.43,4.931,6.367,-1.436
marker:0,1786962299.064,1786962299.064,0.0,-4.952,-6.336,-12.2,4.952,6.336,-1.3840000000000003
marker:0,1786962299.414,1786962299.414,0.0,-4.711,-5.995,-11.75,4.711,5.995,-1.2839999999999998
marker:0,1786962299.489,1786962299.489,0.0,-4.787,-6.046,-11.61,4.787,6.046,-1.2590000000000003
marker:0,1786962299.564,1786962299.564,0.0,-5.014,-6.228,-11.28,5.014,6.228,-1.2139999999999995
marker:0,1786962299.639,1786962299.639,0.0,-5.066,-6.202,-10.89,5.066,6.202,-1.1360000000000001
marker:0,1786962299.714,1786962299.714,0.0,-4.656,-5.8,-10.55,4.656,5.8,-1.1440000000000001
marker:0,1786962299.789,1786962299.789,0.0,-4.458,-5.612,-10.03,4.458,5.612,-1.154
marker:0,1786962299.889,1786962299.889,0.0,-4.681,-5.844,-9.55,4.681,5.844,-1.1630000000000003
marker:0,1786962299.964,1786962299.964,0.0,-4.691,-5.86,-9.32,4.691,5.86,-1.1690000000000005
marker:0,1786962300.014,1786962300.014,0.0,-4.952,-6.123,-9.17,4.952,6.123,-1.1710000000000003
marker:0,1786962300.139,1786962300.139,0.0,-4.975,-6.149,-9.01,4.975,6.149,-1.1740000000000004
marker:0,1786962300.239,1786962300.239,0.0,-4.058,-5.232,-9.03,4.058,5.232,-1.1740000000000004
marker:0,1786962300.314,1786962300.314,0.0,-3.808,-4.982,-9.0,3.808,4.982,-1.1740000000000004
marker:0,1786962300.414,1786962300.414,0.0,-4.391,-5.567,-8.92,4.391,5.567,-1.1760000000000002
marker:0,1786962300.514,1786962300.514,0.0,-3.666,-4.846,-8.73,3.666,4.846,-1.1800000000000002
marker:0,1786962300.589,1786962300.589,0.0,-3.196,-4.401,-8.56,3.196,4.401,-1.2049999999999996
marker:0,1786962300.739,1786962300.739,0.0,-3.162,-4.355,-8.03,3.162,4.355,-1.1930000000000005
marker:0,1786962300.814,1786962300.814,0.0,-4.754,-5.952,-7.86,4.754,5.952,-1.1980000000000004
marker:0,1786962300.964,1786962300.964,0.0,-3.56,-4.761,-7.62,3.56,4.761,-1.201
marker:0,1786962301.064,1786962301.064,0.0,-3.814,-5.02,-7.47,3.814,5.02,-1.2059999999999995
marker:0,1786962301.139,1786962301.139,0.0,-4.034,-5.244,-7.29,4.034,5.244,-1.21
marker:0,1786962301.214,1786962301.214,0.0,-3.589,-4.806,-6.95,3.589,4.806,-1.217
marker:0,1786962301.264,1786962301.264,0.0,-3.661,-4.88,-6.73,3.661,4.88,-1.2189999999999999
marker:0,1786962301.389,1786962301.389,0.0,-3.663,-4.897,-6.12,3.663,4.897,-1.2340000000000004
marker:0,1786962301.489,1786962301.489,0.0,-3.993,-5.238,-5.57,3.993,5.238,-1.2450000000000006
marker:0,1786962301.614,1786962301.614,0.0,-3.319,-4.57,-5.07,3.319,4.57,-1.2510000000000003
marker:0,1786962301.664,1786962301.664,0.0,-3.272,-4.529,-4.96,3.272,4.529,-1.2570000000000001
marker:0,1786962301.764,1786962301.764,0.0,-3.37,-4.631,-4.74,3.37,4.631,-1.2610000000000001
marker:0,1786962301.989,1786962301.989,0.0,-2.934,-4.206,-4.2,2.934,4.206,-1.2720000000000002
marker:0,1786962302.064,1786962302.064,0.0,-2.469,-3.746,-3.99,2.469,3.746,-1.2770000000000001
marker:0,1786962302.414,1786962302.414,0.0,-3.949,-5.253,-2.64,3.949,5.253,-1.3040000000000003
marker:0,1786962302.464,1786962302.464,0.0,-4.119,-5.427,-2.46,4.119,5.427,-1.3079999999999998
marker:0,1786962302.539,1786962302.539,0.0,-2.713,-4.025,-2.29,2.713,4.025,-1.3120000000000003
marker:0,1786962302.614,1786962302.614,0.0,-2.753,-4.066,-2.24,2.753,4.066,-1.3129999999999997
marker:0,1786962302.714,1786962302.714,0.0,-2.789,-4.103,-2.18,2.789,4.103,-1.3139999999999996
marker:0,1786962302.814,1786962302.814,0.0,-2.557,-3.869,-2.24,2.557,3.869,-1.3120000000000003
marker:0,1786962302.864,1786962302.864,0.0,-2.196,-3.508,-2.28,2.196,3.508,-1.3119999999999998
marker:0,1786962302.964,1786962302.964,0.0,-2.752,-4.065,-2.17,2.752,4.065,-1.3130000000000006
marker:0,1786962303.064,1786962303.064,0.0,-2.795,-4.114,-1.92,2.795,4.114,-1.319
marker:0,1786962303.139,1786962303.139,0.0,-2.86,-4.186,-1.56,2.86,4.186,-1.326
marker:0,1786962303.214,1786962303.214,0.0,-2.212,-3.566,-1.13,2.212,3.566,-1.3539999999999996
marker:0,1786962303.289,1786962303.289,0.0,-2.184,-3.655,-0.84,2.184,3.655,-1.4709999999999996
marker:0,1786962303.364,1786962303.364,0.0,-1.8,-3.355,-0.55,1.8,3.355,-1.555
marker:0,1786962303.414,1786962303.414,0.0,-2.709,-4.269,-0.5,2.709,4.269,-1.56
marker:0,1786962303.564,1786962303.564,0.0,-1.92,-3.432,-0.7,1.92,3.432,-1.512
marker:0,1786962303.864,1786962303.864,0.0,-1.936,-3.433,-0.75,1.936,3.433,-1.4969999999999999
marker:0,1786962303.964,1786962303.964,0.0,-1.926,-3.578,-0.21,1.926,3.578,-1.652
marker:0,1786962304.064,1786962304.064,0.0,-1.527,-3.454,0.75,1.527,3.454,-1.9270000000000003
marker:0,1786962304.139,1786962304.139,0.0,-2.32,-4.421,1.18,2.32,4.421,-2.1010000000000004
marker:0,1786962304.189,1786962304.189,0.0,-2.656,-4.801,1.51,2.656,4.801,-2.145
marker:0,1786962304.264,1786962304.264,0.0,-2.704,-4.904,1.7,2.704,4.904,-2.1999999999999997
marker:0,1786962304.364,1786962304.364,0.0,-2.609,-4.826,1.74,2.609,4.826,-2.2169999999999996
marker:0,1786962304.464,1786962304.464,0.0,-2.87,-5.041,1.54,2.87,5.041,-2.1710000000000003
marker:0,1786962304.539,1786962304.539,0.0,-2.912,-4.974,1.22,2.912,4.974,-2.0620000000000003
marker:0,1786962304.614,1786962304.614,0.0,-2.849,-4.865,1.06,2.849,4.865,-2.016
marker:0,1786962304.689,1786962304.689,0.0,-2.703,-4.682,0.93,2.703,4.682,-1.9790000000000005
marker:0,1786962304.764,1786962304.764,0.0,-2.504,-4.454,0.83,2.504,4.454,-1.9499999999999997
marker:0,1786962304.864,1786962304.864,0.0,-2.499,-4.449,0.83,2.499,4.449,-1.9499999999999997
marker:0,1786962304.914,1786962304.914,0.0,-2.467,-4.429,0.87,2.467,4.429,-1.9620000000000002
marker:0,1786962305.064,1786962305.064,0.0,-2.492,-4.523,1.14,2.492,4.523,-2.0309999999999997
marker:0,1786962305.139,1786962305.139,0.0,-2.625,-4.71,1.3,2.625,4.71,-2.085
marker:0,1786962305.264,1786962305.264,0.0,-2.681,-4.834,1.54,2.681,4.834,-2.1529999999999996
marker:0,1786962305.339,1786962305.339,0.0,-2.741,-4.909,1.59,2.741,4.909,-2.1679999999999997
marker:0,1786962305.414,1786962305.414,0.0,-2.828,-4.997,1.59,2.828,4.997,-2.169
marker:0,1786962305.489,1786962305.489,0.0,-2.838,-5.006,1.59,2.838,5.006,-2.168
marker:0,1786962305.539,1786962305.539,0.0,-3.053,-5.221,1.59,3.053,5.221,-2.168
marker:0,1786962305.614,1786962305.614,0.0,-3.179,-5.347,1.59,3.179,5.347,-2.1680000000000006
marker:0,1786962305.664,1786962305.664,0.0,-3.351,-5.519,1.59,3.351,5.519,-2.168
marker:0,1786962305.764,1786962305.764,0.0,-3.648,-5.816,1.59,3.648,5.816,-2.1679999999999997
marker:0,1786962305.839,1786962305.839,0.0,-3.738,-5.907,1.59,3.738,5.907,-2.169
marker:0,1786962305.889,1786962305.889,0.0,-3.68,-5.828,1.52,3.68,5.828,-2.148
marker:0,1786962305.964,1786962305.964,0.0,-2.93,-5.138,1.73,2.93,5.138,-2.2079999999999997
marker:0,1786962306.039,1786962306.039,0.0,-2.722,-5.005,1.99,2.722,5.005,-2.283
marker:0,1786962306.114,1786962306.114,0.0,-2.846,-5.2,2.24,2.846,5.2,-2.354
marker:0,1786962306.164,1786962306.164,0.0,-2.847,-5.233,2.4,2.847,5.233,-2.3859999999999997
marker:0,1786962306.364,1786962306.364,0.0,-3.135,-5.569,2.49,3.135,5.569,-2.434
marker:0,1786962306.439,1786962306.439,0.0,-3.358,-5.784,2.49,3.358,5.784,-2.4259999999999997
marker:0,1786962306.514,1786962306.514,0.0,-3.525,-5.951,2.49,3.525,5.951,-2.4259999999999997
marker:0,1786962306.589,1786962306.589,0.0,-3.903,-6.169,1.93,3.903,6.169,-2.2659999999999996
marker:0,1786962306.689,1786962306.689,0.0,-3.699,-5.934,1.82,3.699,5.934,-2.2350000000000003
marker:0,1786962306.789,1786962306.789,0.0,-3.425,-5.679,1.92,3.425,5.679,-2.2540000000000004
marker:0,1786962306.864,1786962306.864,0.0,-3.419,-5.71,2.04,3.419,5.71,-2.291
marker:0,1786962306.939,1786962306.939,0.0,-3.397,-5.749,2.23,3.397,5.749,-2.352
marker:0,1786962307.014,1786962307.014,0.0,-3.456,-5.879,2.48,3.456,5.879,-2.4229999999999996
marker:0,1786962307.114,1786962307.114,0.0,-3.597,-6.097,2.75,3.597,6.097,-2.5000000000000004
marker:0,1786962307.189,1786962307.189,0.0,-3.692,-6.244,2.93,3.692,6.244,-2.5519999999999996
marker:0,1786962307.289,1786962307.314,0.02499985694885254,-3.886,-6.475,3.06,3.886,6.475,-2.5889999999999995
marker:0,1786962307.389,1786962307.389,0.0,-4.052,-6.65,3.09,4.052,6.65,-2.5980000000000008
marker:0,1786962307.464,1786962307.464,0.0,-4.003,-6.595,3.07,4.003,6.595,-2.5919999999999996
marker:0,1786962307.539,1786962307.539,0.0,-3.996,-6.577,3.03,3.996,6.577,-2.581
marker:0,1786962307.589,1786962307.589,0.0,-3.976,-6.557,3.03,3.976,6.557,-2.5810000000000004
marker:0,1786962307.664,1786962307.664,0.0,-3.933,-6.508,3.01,3.933,6.508,-2.575
marker:0,1786962307.714,1786962307.714,0.0,-3.898,-6.464,2.98,3.898,6.464,-2.5660000000000003
marker:0,1786962307.864,1786962307.864,0.0,-3.969,-6.51,2.89,3.969,6.51,-2.541
marker:0,1786962307.914,1786962307.914,0.0,-3.968,-6.492,2.83,3.968,6.492,-2.524
marker:0,1786962307.964,1786962307.964,0.0,-4.002,-6.506,2.76,4.002,6.506,-2.5040000000000004
marker:0,1786962308.064,1786962308.064,0.0,-4.076,-6.525,2.57,4.076,6.525,-2.4490000000000007
marker:0,1786962308.139,1786962308.139,0.0,-4.187,-6.587,2.4,4.187,6.587,-2.3999999999999995
marker:0,1786962308.214,1786962308.214,0.0,-4.11,-6.487,2.32,4.11,6.487,-2.377
marker:0,1786962308.289,1786962308.289,0.0,-4.208,-6.594,2.35,4.208,6.594,-2.386
marker:0,1786962308.464,1786962308.464,0.0,-4.089,-6.521,2.54,4.089,6.521,-2.4319999999999995
marker:0,1786962308.514,1786962308.514,0.0,-4.069,-6.529,2.61,4.069,6.529,-2.46
marker:0,1786962308.589,1786962308.589,0.0,-4.049,-6.556,2.77,4.049,6.556,-2.5069999999999997
marker:0,1786962308.689,1786962308.689,0.0,-4.155,-6.685,2.85,4.155,6.685,-2.5299999999999994
marker:0,1786962308.789,1786962308.789,0.0,-4.196,-6.766,2.99,4.196,6.766,-2.5700000000000003
marker:0,1786962308.864,1786962308.864,0.0,-4.29,-6.865,3.01,4.29,6.865,-2.575
marker:0,1786962308.939,1786962308.939,0.0,-4.453,-7.017,2.94,4.453,7.017,-2.564
marker:0,1786962309.014,1786962309.014,0.0,-4.518,-7.053,2.87,4.518,7.053,-2.535
marker:0,1786962309.089,1786962309.089,0.0,-4.513,-7.008,2.73,4.513,7.008,-2.495
marker:0,1786962309.139,1786962309.139,0.0,-4.519,-6.991,2.65,4.519,6.991,-2.4719999999999995
marker:0,1786962309.214,1786962309.214,0.0,-4.528,-6.975,2.53,4.528,6.975,-2.447
marker:0,1786962309.314,1786962309.314,0.0,-1.461,-3.884,2.48,1.461,3.884,-2.423
marker:0,1786962309.464,1786962309.464,0.0,-1.511,-3.951,2.54,1.511,3.951,-2.4400000000000004
marker:0,1786962309.564,1786962309.564,0.0,-1.672,-4.124,2.58,1.672,4.124,-2.452
marker:0,1786962309.639,1786962309.639,0.0,-2.015,-4.467,2.58,2.015,4.467,-2.4519999999999995
marker:0,1786962309.739,1786962309.739,0.0,-1.735,-4.187,2.58,1.735,4.187,-2.452
marker:0,1786962309.789,1786962309.789,0.0,-1.893,-4.322,2.5,1.893,4.322,-2.4290000000000003
marker:0,1786962309.864,1786962309.864,0.0,-1.924,-4.336,2.41,1.924,4.336,-2.4120000000000004
marker:0,1786962309.939,1786962309.939,0.0,-1.954,-4.361,2.32,1.954,4.361,-2.407
marker:0,1786962310.014,1786962310.014,0.0,-2.078,-4.421,2.2,2.078,4.421,-2.3430000000000004
marker:0,1786962310.064,1786962310.064,0.0,-2.132,-4.461,2.15,2.132,4.461,-2.329
marker:0,1786962310.139,1786962310.139,0.0,-2.206,-4.515,2.08,2.206,4.515,-2.3089999999999997
marker:0,1786962310.239,1786962310.239,0.0,-2.215,-4.515,2.05,2.215,4.515,-2.3
marker:0,1786962310.289,1786962310.289,0.0,-2.219,-4.513,2.03,2.219,4.513,-2.294
marker:0,1786962310.339,1786962310.339,0.0,-2.269,-4.566,2.05,2.269,4.566,-2.2969999999999997
marker:0,1786962310.439,1786962310.439,0.0,-2.325,-4.622,2.05,2.325,4.622,-2.2969999999999997
marker:0,1786962310.514,1786962310.514,0.0,-2.363,-4.669,2.07,2.363,4.669,-2.3059999999999996
marker:0,1786962310.564,1786962310.564,0.0,-2.346,-4.652,2.07,2.346,4.652,-2.306
marker:0,1786962310.639,1786962310.639,0.0,-2.307,-4.615,2.08,2.307,4.615,-2.3080000000000003
marker:0,1786962310.714,1786962310.714,0.0,-2.281,-4.581,2.05,2.281,4.581,-2.3000000000000003
marker:0,1786962310.789,1786962310.789,0.0,-2.282,-4.553,1.94,2.282,4.553,-2.271
marker:0,1786962310.864,1786962310.864,0.0,-2.235,-4.504,1.93,2.235,4.504,-2.2689999999999997
marker:0,1786962310.889,1786962310.889,0.0,-2.286,-4.523,1.78,2.286,4.523,-2.2369999999999997
marker:0,1786962310.964,1786962310.964,0.0,-2.333,-4.515,1.64,2.333,4.515,-2.1819999999999995
marker:0,1786962311.039,1786962311.039,0.0,-2.372,-4.522,1.53,2.372,4.522,-2.1500000000000004
marker:0,1786962311.139,1786962311.139,0.0,-2.437,-4.591,1.54,2.437,4.591,-2.1540000000000004
marker:0,1786962311.239,1786962311.239,0.0,-2.429,-4.631,1.71,2.429,4.631,-2.2020000000000004
marker:0,1786962311.389,1786962311.389,0.0,-2.52,-4.809,2.01,2.52,4.809,-2.289
marker:0,1786962311.439,1786962311.439,0.0,-2.446,-4.772,2.14,2.446,4.772,-2.326
marker:0,1786962311.539,1786962311.539,0.0,-2.425,-4.759,2.17,2.425,4.759,-2.3340000000000005
marker:0,1786962311.639,1786962311.639,0.0,-2.53,-4.83,2.05,2.53,4.83,-2.3000000000000003
marker:0,1786962311.739,1786962311.739,0.0,-2.512,-4.752,1.8,2.512,4.752,-2.2399999999999998
marker:0,1786962311.789,1786962311.789,0.0,-2.549,-4.714,1.58,2.549,4.714,-2.1650000000000005
marker:0,1786962311.939,1786962311.939,0.0,-2.566,-4.651,1.3,2.566,4.651,-2.085
marker:0,1786962312.064,1786962312.064,0.0,-2.559,-4.633,1.26,2.559,4.633,-2.074
marker:0,1786962312.164,1786962312.164,0.0,-2.664,-4.726,1.22,2.664,4.726,-2.062
marker:0,1786962312.239,1786962312.239,0.0,-2.721,-4.771,1.18,2.721,4.771,-2.05
marker:0,1786962312.314,1786962312.314,0.0,-2.746,-4.773,1.1,2.746,4.773,-2.0269999999999997
marker:0,1786962312.364,1786962312.364,0.0,-2.742,-4.761,1.07,2.742,4.761,-2.019
marker:0,1786962312.464,1786962312.464,0.0,-2.726,-4.694,0.89,2.726,4.694,-1.968
marker:0,1786962312.539,1786962312.539,0.0,-2.665,-4.589,0.74,2.665,4.589,-1.9240000000000004
marker:0,1786962312.614,1786962312.614,0.0,-2.605,-4.498,0.56,2.605,4.498,-1.8930000000000002
marker:0,1786962312.689,1786962312.689,0.0,-2.524,-4.371,0.45,2.524,4.371,-1.8470000000000004
marker:0,1786962312.764,1786962312.764,0.0,-2.453,-4.263,0.34,2.453,4.263,-1.81
marker:0,1786962312.889,1786962312.889,0.0,-2.573,-4.377,0.32,2.573,4.377,-1.8039999999999998
marker:0,1786962312.964,1786962312.964,0.0,-2.646,-4.456,0.34,2.646,4.456,-1.8100000000000005
marker:0,1786962313.064,1786962313.064,0.0,-1.347,-3.165,0.37,1.347,3.165,-1.818
marker:0,1786962313.139,1786962313.139,0.0,-1.508,-3.332,0.39,1.508,3.332,-1.8239999999999998
marker:0,1786962313.239,1786962313.239,0.0,-1.604,-3.428,0.39,1.604,3.428,-1.8239999999999998
marker:0,1786962313.314,1786962313.314,0.0,-2.374,-4.198,0.39,2.374,4.198,-1.8240000000000003
marker:0,1786962313.364,1786962313.364,0.0,-2.358,-4.188,0.42,2.358,4.188,-1.8299999999999996
marker:0,1786962313.439,1786962313.439,0.0,-2.338,-4.179,0.51,2.338,4.179,-1.8410000000000002
marker:0,1786962313.514,1786962313.514,0.0,-2.258,-4.14,0.62,2.258,4.14,-1.8819999999999997
marker:0,1786962313.589,1786962313.589,0.0,-2.079,-4.004,0.74,2.079,4.004,-1.9249999999999994
marker:0,1786962313.689,1786962313.689,0.0,-2.553,-4.512,0.86,2.553,4.512,-1.9589999999999996
marker:0,1786962313.764,1786962313.764,0.0,-2.501,-4.48,0.93,2.501,4.48,-1.9790000000000005
marker:0,1786962313.814,1786962313.814,0.0,-2.579,-4.553,0.91,2.579,4.553,-1.9739999999999998
marker:0,1786962313.964,1786962313.964,0.0,-2.732,-4.651,0.72,2.732,4.651,-1.9189999999999996
marker:0,1786962314.014,1786962314.014,0.0,-2.8,-4.665,0.53,2.8,4.665,-1.8650000000000002
marker:0,1786962314.089,1786962314.089,0.0,-2.782,-4.612,0.41,2.782,4.612,-1.83
marker:0,1786962314.164,1786962314.164,0.0,-2.771,-4.584,0.35,2.771,4.584,-1.8129999999999997
marker:0,1786962314.264,1786962314.264,0.0,-2.723,-4.579,0.5,2.723,4.579,-1.8559999999999999
marker:0,1786962314.339,1786962314.339,0.0,-2.465,-4.341,0.57,2.465,4.341,-1.8760000000000003
marker:0,1786962314.414,1786962314.414,0.0,-2.352,-4.262,0.69,2.352,4.262,-1.9099999999999997
marker:0,1786962314.489,1786962314.489,0.0,-2.295,-4.213,0.72,2.295,4.213,-1.9180000000000001
marker:0,1786962314.564,1786962314.564,0.0,-2.206,-4.096,0.61,2.206,4.096,-1.8900000000000001
marker:0,1786962314.639,1786962314.639,0.0,-2.118,-3.976,0.51,2.118,3.976,-1.858
marker:0,1786962314.689,1786962314.689,0.0,-2.51,-4.323,0.35,2.51,4.323,-1.8130000000000006
marker:0,1786962314.764,1786962314.764,0.0,-2.458,-4.194,0.08,2.458,4.194,-1.7359999999999998
marker:0,1786962314.839,1786962314.839,0.0,-2.387,-4.068,-0.11,2.387,4.068,-1.6809999999999996
marker:0,1786962314.914,1786962314.914,0.0,-2.329,-3.993,-0.17,2.329,3.993,-1.6639999999999997
marker:0,1786962314.989,1786962314.989,0.0,-2.388,-4.054,-0.16,2.388,4.054,-1.6660000000000004
marker:0,1786962315.089,1786962315.089,0.0,-2.323,-4.055,0.2,2.323,4.055,-1.7319999999999998
marker:0,1786962315.164,1786962315.164,0.0,-2.344,-4.168,0.39,2.344,4.168,-1.8240000000000003
marker:0,1786962315.264,1786962315.264,0.0,-2.324,-4.254,0.76,2.324,4.254,-1.9299999999999997
marker:0,1786962315.364,1786962315.364,0.0,-2.403,-4.388,0.95,2.403,4.388,-1.9849999999999999
marker:0,1786962315.389,1786962315.389,0.0,-1.642,-3.641,1.0,1.642,3.641,-1.999
marker:0,1786962315.464,1786962315.464,0.0,-1.64,-3.647,1.02,1.64,3.647,-2.0069999999999997
marker:0,1786962315.514,1786962315.514,0.0,-1.765,-3.761,0.99,1.765,3.761,-1.9960000000000002
marker:0,1786962315.614,1786962315.614,0.0,-1.911,-3.853,0.8,1.911,3.853,-1.9420000000000002
marker:0,1786962315.664,1786962315.664,0.0,-1.887,-3.783,0.64,1.887,3.783,-1.896
marker:0,1786962315.739,1786962315.739,0.0,-1.719,-3.58,0.52,1.719,3.58,-1.861
marker:0,1786962315.864,1786962315.864,0.0,-1.638,-3.465,0.39,1.638,3.465,-1.827
marker:0,1786962315.939,1786962315.939,0.0,-1.853,-3.691,0.44,1.853,3.691,-1.8379999999999999
marker:0,1786962315.989,1786962315.989,0.0,-1.777,-3.647,0.55,1.777,3.647,-1.8699999999999999
marker:0,1786962316.064,1786962316.064,0.0,-2.636,-4.531,0.7,2.636,4.531,-1.8949999999999996
marker:0,1786962316.139,1786962316.139,0.0,-2.549,-4.502,0.88,2.549,4.502,-1.9529999999999998
marker:0,1786962316.214,1786962316.214,0.0,-2.417,-4.419,1.04,2.417,4.419,-2.002
marker:0,1786962316.314,1786962316.314,0.0,-2.495,-4.5,1.02,2.495,4.5,-2.005
marker:0,1786962316.389,1786962316.389,0.0,-1.183,-3.141,0.86,1.183,3.141,-1.958
marker:0,1786962316.464,1786962316.464,0.0,-1.308,-3.198,0.62,1.308,3.198,-1.89
marker:0,1786962316.539,1786962316.539,0.0,-1.954,-3.787,0.42,1.954,3.787,-1.833
marker:0,1786962316.614,1786962316.614,0.0,-1.852,-3.647,0.28,1.852,3.647,-1.7949999999999997
marker:0,1786962316.739,1786962316.739,0.0,-1.845,-3.666,0.38,1.845,3.666,-1.821
marker:0,1786962316.839,1786962316.839,0.0,-1.864,-3.805,0.8,1.864,3.805,-1.941
marker:0,1786962316.914,1786962316.914,0.0,-1.871,-3.864,0.98,1.871,3.864,-1.9929999999999999
marker:0,1786962316.989,1786962316.989,0.0,-2.173,-4.241,1.24,2.173,4.241,-2.0679999999999996
marker:0,1786962317.164,1786962317.164,0.0,-2.162,-4.178,1.06,2.162,4.178,-2.016
marker:0,1786962317.264,1786962317.264,0.0,-2.181,-4.126,0.81,2.181,4.126,-1.9450000000000003
marker:0,1786962317.364,1786962317.364,0.0,-2.372,-4.277,0.63,2.372,4.277,-1.9050000000000002
marker:0,1786962317.439,1786962317.439,0.0,-2.382,-4.263,0.59,2.382,4.263,-1.8809999999999998
marker:0,1786962317.514,1786962317.514,0.0,-2.348,-4.252,0.67,2.348,4.252,-1.904
marker:0,1786962317.614,1786962317.614,0.0,-2.397,-4.374,0.92,2.397,4.374,-1.9769999999999999
marker:0,1786962317.739,1786962317.739,0.0,-2.538,-4.598,1.21,2.538,4.598,-2.06
marker:0,1786962317.789,1786962317.789,0.0,-2.563,-4.623,1.21,2.563,4.623,-2.06
marker:0,1786962317.864,1786962317.864,0.0,-1.737,-3.773,1.13,1.737,3.773,-2.036
marker:0,1786962317.939,1786962317.939,0.0,-1.811,-3.807,0.99,1.811,3.807,-1.996
marker:0,1786962318.064,1786962318.064,0.0,-1.724,-3.626,0.59,1.724,3.626,-1.902
marker:0,1786962318.364,1786962318.364,0.0,-2.372,-4.331,0.86,2.372,4.331,-1.9590000000000005
marker:0,1786962318.439,1786962318.439,0.0,-2.491,-4.521,1.11,2.491,4.521,-2.03
marker:0,1786962318.539,1786962318.539,0.0,-1.424,-3.494,1.27,1.424,3.494,-2.0700000000000003
marker:0,1786962318.614,1786962318.614,0.0,-1.709,-3.777,1.24,1.709,3.777,-2.068
marker:0,1786962318.664,1786962318.664,0.0,-1.597,-3.639,1.15,1.597,3.639,-2.042
marker:0,1786962318.739,1786962318.739,0.0,-1.587,-3.569,0.94,1.587,3.569,-1.982
marker:0,1786962318.864,1786962318.864,0.0,-1.561,-3.451,0.62,1.561,3.451,-1.8900000000000001
marker:0,1786962318.939,1786962318.939,0.0,-1.424,-3.3,0.57,1.424,3.3,-1.876
marker:0,1786962319.014,1786962319.014,0.0,-1.284,-3.162,0.58,1.284,3.162,-1.878
marker:0,1786962319.064,1786962319.064,0.0,-1.405,-3.312,0.73,1.405,3.312,-1.9069999999999998
marker:0,1786962319.164,1786962319.164,0.0,-1.302,-3.27,0.95,1.302,3.27,-1.968
marker:0,1786962319.239,1786962319.239,0.0,-1.817,-3.856,1.18,1.817,3.856,-2.0389999999999997
marker:0,1786962319.389,1786962319.389,0.0,-1.929,-4.048,1.42,1.929,4.048,-2.1189999999999998
marker:0,1786962319.464,1786962319.464,0.0,-2.507,-4.638,1.46,2.507,4.638,-2.131
marker:0,1786962319.564,1786962319.564,0.0,-2.622,-4.727,1.37,2.622,4.727,-2.1050000000000004
marker:0,1786962319.639,1786962319.639,0.0,-2.785,-4.838,1.19,2.785,4.838,-2.053
marker:0,1786962319.739,1786962319.739,0.0,-2.929,-4.891,0.87,2.929,4.891,-1.9620000000000002
marker:0,1786962319.789,1786962319.789,0.0,-2.847,-4.766,0.72,2.847,4.766,-1.919
marker:0,1786962319.864,1786962319.864,0.0,-2.863,-4.721,0.51,2.863,4.721,-1.858
marker:0,1786962319.914,1786962319.914,0.0,-2.846,-4.682,0.41,2.846,4.682,-1.8360000000000003
marker:0,1786962319.964,1786962319.964,0.0,-2.86,-4.696,0.43,2.86,4.696,-1.8359999999999999
marker:0,1786962320.064,1786962320.064,0.0,-2.227,-4.071,0.46,2.227,4.071,-1.8439999999999999
marker:0,1786962320.139,1786962320.139,0.0,-2.155,-4.022,0.54,2.155,4.022,-1.8670000000000004
marker:0,1786962320.214,1786962320.214,0.0,-2.078,-3.965,0.61,2.078,3.965,-1.887
marker:0,1786962320.314,1786962320.314,0.0,-1.902,-3.835,0.77,1.902,3.835,-1.933
marker:0,1786962320.414,1786962320.414,0.0,-2.166,-4.099,0.77,2.166,4.099,-1.9330000000000003
marker:0,1786962320.489,1786962320.489,0.0,-2.149,-4.062,0.65,2.149,4.062,-1.9130000000000003
marker:0,1786962320.589,1786962320.589,0.0,-2.234,-4.07,0.43,2.234,4.07,-1.8360000000000003
marker:0,1786962320.664,1786962320.664,0.0,-2.204,-3.986,0.24,2.204,3.986,-1.782
marker:0,1786962320.739,1786962320.739,0.0,-2.207,-3.957,0.13,2.207,3.957,-1.75
marker:0,1786962320.864,1786962320.864,0.0,-2.634,-4.369,0.08,2.634,4.369,-1.7349999999999999
marker:0,1786962320.939,1786962320.939,0.0,-2.593,-4.36,0.22,2.593,4.36,-1.7670000000000003
marker:0,1786962321.014,1786962321.014,0.0,-2.528,-4.335,0.33,2.528,4.335,-1.807
marker:0,1786962321.139,1786962321.139,0.0,-2.439,-4.306,0.6,2.439,4.306,-1.867
marker:0,1786962321.214,1786962321.214,0.0,-1.21,-3.103,0.63,1.21,3.103,-1.8930000000000002
marker:0,1786962321.289,1786962321.289,0.0,-1.135,-3.071,0.78,1.135,3.071,-1.9360000000000002
marker:0,1786962321.389,1786962321.389,0.0,-1.222,-3.183,0.87,1.222,3.183,-1.9609999999999999
marker:0,1786962321.464,1786962321.464,0.0,-1.183,-3.165,0.94,1.183,3.165,-1.982
marker:0,1786962321.539,1786962321.539,0.0,-1.272,-3.285,1.05,1.272,3.285,-2.013
marker:0,1786962321.639,1786962321.639,0.0,-1.358,-3.395,1.13,1.358,3.395,-2.037
marker:0,1786962321.689,1786962321.689,0.0,-2.705,-4.744,1.14,2.705,4.744,-2.0389999999999997
marker:0,1786962321.764,1786962321.764,0.0,-2.75,-4.795,1.16,2.75,4.795,-2.045
marker:0,1786962321.839,1786962321.839,0.0,-2.625,-4.67,1.16,2.625,4.67,-2.045
marker:0,1786962321.889,1786962321.889,0.0,-2.71,-4.743,1.12,2.71,4.743,-2.0330000000000004
marker:0,1786962322.064,1786962322.064,0.0,-2.121,-4.126,1.02,2.121,4.126,-2.0050000000000003
marker:0,1786962322.164,1786962322.164,0.0,-1.991,-3.982,0.96,1.991,3.982,-1.991
marker:0,1786962322.239,1786962322.239,0.0,-1.88,-3.871,0.96,1.88,3.871,-1.991
marker:0,1786962322.289,1786962322.289,0.0,-1.758,-3.749,0.97,1.758,3.749,-1.991
marker:0,1786962322.389,1786962322.389,0.0,-2.126,-4.125,1.0,2.126,4.125,-1.999
marker:0,1786962322.464,1786962322.464,0.0,-2.134,-4.148,1.05,2.134,4.148,-2.014
marker:0,1786962322.564,1786962322.564,0.0,-2.108,-4.089,0.94,2.108,4.089,-1.9810000000000003
marker:0,1786962322.639,1786962322.639,0.0,-1.932,-3.891,0.86,1.932,3.891,-1.959
marker:0,1786962322.714,1786962322.714,0.0,-1.976,-3.912,0.78,1.976,3.912,-1.936
marker:0,1786962322.789,1786962322.789,0.0,-2.013,-3.9,0.61,2.013,3.9,-1.887
marker:0,1786962322.864,1786962322.864,0.0,-1.991,-3.858,0.54,1.991,3.858,-1.867
marker:0,1786962322.964,1786962322.964,0.0,-2.088,-3.941,0.51,2.088,3.941,-1.8529999999999998
marker:0,1786962323.039,1786962323.039,0.0,-2.015,-3.888,0.56,2.015,3.888,-1.8729999999999998
marker:0,1786962323.114,1786962323.114,0.0,-1.99,-3.911,0.73,1.99,3.911,-1.921
marker:0,1786962323.164,1786962323.164,0.0,-2.023,-3.999,0.92,2.023,3.999,-1.976
marker:0,1786962323.264,1786962323.264,0.0,-1.713,-3.778,1.23,1.713,3.778,-2.065
marker:0,1786962323.339,1786962323.339,0.0,-1.776,-3.913,1.48,1.776,3.913,-2.1369999999999996
marker:0,1786962323.414,1786962323.414,0.0,-1.8,-3.968,1.59,1.8,3.968,-2.168
marker:0,1786962323.464,1786962323.464,0.0,-1.781,-3.966,1.67,1.781,3.966,-2.1850000000000005
marker:0,1786962323.564,1786962323.564,0.0,-1.872,-4.063,1.67,1.872,4.063,-2.191
marker:0,1786962323.614,1786962323.614,0.0,-1.958,-4.154,1.69,1.958,4.154,-2.1959999999999997
marker:0,1786962323.689,1786962323.689,0.0,-2.037,-4.231,1.7,2.037,4.231,-2.194
marker:0,1786962323.789,1786962323.789,0.0,-2.034,-4.259,1.79,2.034,4.259,-2.2250000000000005
marker:0,1786962323.864,1786962323.864,0.0,-2.083,-4.322,1.84,2.083,4.322,-2.239
marker:0,1786962323.964,1786962323.964,0.0,-2.181,-4.455,1.96,2.181,4.455,-2.274
marker:0,1786962324.064,1786962324.064,0.0,-1.839,-4.092,1.99,1.839,4.092,-2.2529999999999997
marker:0,1786962324.139,1786962324.139,0.0,-1.824,-4.109,1.95,1.824,4.109,-2.285
marker:0,1786962324.239,1786962324.239,0.0,-1.741,-4.01,1.89,1.741,4.01,-2.2689999999999997
marker:0,1786962324.339,1786962324.339,0.0,-2.399,-4.604,1.69,2.399,4.604,-2.205
marker:0,1786962324.389,1786962324.389,0.0,-2.287,-4.444,1.51,2.287,4.444,-2.157
marker:0,1786962324.489,1786962324.489,0.0,-2.148,-4.25,1.36,2.148,4.25,-2.102
marker:0,1786962324.539,1786962324.539,0.0,-2.09,-4.177,1.28,2.09,4.177,-2.0869999999999997
marker:0,1786962324.614,1786962324.614,0.0,-2.767,-4.806,1.14,2.767,4.806,-2.039
marker:0,1786962324.689,1786962324.689,0.0,-2.718,-4.732,1.05,2.718,4.732,-2.0140000000000002
marker:0,1786962324.739,1786962324.739,0.0,-2.607,-4.612,0.98,2.607,4.612,-2.005
marker:0,1786962324.789,1786962324.789,0.0,-2.517,-4.504,0.96,2.517,4.504,-1.9869999999999997
marker:0,1786962324.914,1786962324.914,0.0,-2.155,-4.154,1.04,2.155,4.154,-1.999
marker:0,1786962324.989,1786962324.989,0.0,-2.131,-4.138,1.07,2.131,4.138,-2.007
marker:0,1786962325.089,1786962325.089,0.0,-1.991,-4.073,1.29,1.991,4.073,-2.0820000000000003
marker:0,1786962325.289,1786962325.289,0.0,-1.292,-3.432,1.49,1.292,3.432,-2.1399999999999997
marker:0,1786962325.364,1786962325.364,0.0,-1.37,-3.51,1.47,1.37,3.51,-2.1399999999999997
marker:0,1786962325.414,1786962325.414,0.0,-1.434,-3.556,1.43,1.434,3.556,-2.122
marker:0,1786962325.489,1786962325.489,0.0,-1.563,-3.665,1.33,1.563,3.665,-2.1020000000000003
marker:0,1786962325.564,1786962325.564,0.0,-1.56,-3.639,1.28,1.56,3.639,-2.0789999999999997
marker:0,1786962325.764,1786962325.764,0.0,-2.025,-4.139,1.4,2.025,4.139,-2.1140000000000003
marker:0,1786962325.839,1786962325.839,0.0,-2.223,-4.391,1.59,2.223,4.391,-2.168
marker:0,1786962325.939,1786962325.939,0.0,-1.133,-3.39,1.9,1.133,3.39,-2.257
marker:0,1786962326.014,1786962326.014,0.0,-1.223,-3.5,1.97,1.223,3.5,-2.277
marker:0,1786962326.114,1786962326.114,0.0,-1.165,-3.439,1.96,1.165,3.439,-2.274
marker:0,1786962326.189,1786962326.189,0.0,-1.096,-3.356,1.91,1.096,3.356,-2.26
marker:0,1786962326.289,1786962326.289,0.0,-1.586,-3.789,1.71,1.586,3.789,-2.2030000000000003
marker:0,1786962326.364,1786962326.364,0.0,-1.285,-3.427,1.5,1.285,3.427,-2.1420000000000003
marker:0,1786962326.464,1786962326.464,0.0,-1.524,-3.621,1.34,1.524,3.621,-2.097
marker:0,1786962326.514,1786962326.514,0.0,-1.579,-3.63,1.18,1.579,3.63,-2.051
marker:0,1786962326.614,1786962326.614,0.0,-2.471,-4.472,1.01,2.471,4.472,-2.0010000000000003
marker:0,1786962326.689,1786962326.689,0.0,-2.077,-4.071,0.98,2.077,4.071,-1.9939999999999998
marker:0,1786962326.764,1786962326.764,0.0,-2.09,-4.098,1.03,2.09,4.098,-2.008
marker:0,1786962326.839,1786962326.839,0.0,-1.619,-3.63,1.04,1.619,3.63,-2.011
marker:0,1786962327.014,1786962327.014,0.0,-1.422,-3.467,1.16,1.422,3.467,-2.045
marker:0,1786962327.064,1786962327.064,0.0,-1.389,-3.44,1.2,1.389,3.44,-2.051
marker:0,1786962327.139,1786962327.139,0.0,-2.066,-4.123,1.2,2.066,4.123,-2.0570000000000004
marker:0,1786962327.264,1786962327.264,0.0,-1.404,-3.441,1.13,1.404,3.441,-2.037
marker:0,1786962327.364,1786962327.364,0.0,-1.902,-3.907,1.02,1.902,3.907,-2.005
marker:0,1786962327.439,1786962327.464,0.02500009536743164,-2.168,-4.141,0.91,2.168,4.141,-1.9729999999999999
marker:0,1786962327.539,1786962327.539,0.0,-2.163,-4.122,0.85,2.163,4.122,-1.959
marker:0,1786962327.614,1786962327.614,0.0,-2.158,-4.123,0.88,2.158,4.123,-1.9650000000000003
marker:0,1786962327.714,1786962327.714,0.0,-1.13,-3.135,1.02,1.13,3.135,-2.005
marker:0,1786962327.814,1786962327.814,0.0,-2.328,-4.393,1.23,2.328,4.393,-2.065
marker:0,1786962327.864,1786962327.864,0.0,-2.455,-4.56,1.37,2.455,4.56,-2.1049999999999995
marker:0,1786962327.914,1786962327.914,0.0,-1.448,-3.567,1.42,1.448,3.567,-2.119
marker:0,1786962327.964,1786962327.964,0.0,-1.466,-3.623,1.55,1.466,3.623,-2.157
marker:0,1786962328.064,1786962328.064,0.0,-1.654,-3.853,1.7,1.654,3.853,-2.1990000000000003
marker:0,1786962328.189,1786962328.189,0.0,-1.439,-3.67,1.81,1.439,3.67,-2.231
marker:0,1786962328.264,1786962328.264,0.0,-2.395,-4.637,1.85,2.395,4.637,-2.2419999999999995
marker:0,1786962328.364,1786962328.364,0.0,-2.584,-4.792,1.73,2.584,4.792,-2.2079999999999997
marker:0,1786962328.439,1786962328.439,0.0,-2.638,-4.801,1.57,2.638,4.801,-2.1630000000000003
marker:0,1786962328.514,1786962328.514,0.0,-1.449,-3.572,1.43,1.449,3.572,-2.123
marker:0,1786962328.639,1786962328.639,0.0,-2.225,-4.299,1.26,2.225,4.299,-2.0740000000000003
marker:0,1786962328.689,1786962328.689,0.0,-2.197,-4.242,1.16,2.197,4.242,-2.045
marker:0,1786962328.764,1786962328.764,0.0,-2.991,-5.025,1.12,2.991,5.025,-2.0340000000000003
marker:0,1786962328.839,1786962328.839,0.0,-2.227,-4.269,1.15,2.227,4.269,-2.0420000000000003
marker:0,1786962328.914,1786962328.914,0.0,-2.15,-4.212,1.22,2.15,4.212,-2.062
marker:0,1786962328.964,1786962328.964,0.0,-1.449,-3.525,1.27,1.449,3.525,-2.0759999999999996
marker:0,1786962329.039,1786962329.039,0.0,-1.374,-3.476,1.36,1.374,3.476,-2.102
marker:0,1786962329.139,1786962329.139,0.0,-0.937,-3.042,1.37,0.937,3.042,-2.1049999999999995
marker:0,1786962329.214,1786962329.214,0.0,-2.399,-4.467,1.21,2.399,4.467,-2.0679999999999996
marker:0,1786962329.289,1786962329.289,0.0,-2.294,-4.307,1.05,2.294,4.307,-2.0130000000000003
marker:0,1786962329.389,1786962329.389,0.0,-2.331,-4.27,0.79,2.331,4.27,-1.9389999999999996
marker:0,1786962329.489,1786962329.489,0.0,-2.392,-4.288,0.57,2.392,4.288,-1.8960000000000004
marker:0,1786962329.539,1786962329.539,0.0,-2.607,-4.471,0.52,2.607,4.471,-1.8639999999999999
marker:0,1786962329.614,1786962329.614,0.0,-1.427,-3.306,0.58,1.427,3.306,-1.879
marker:0,1786962329.689,1786962329.689,0.0,-1.38,-3.296,0.71,1.38,3.296,-1.916
marker:0,1786962329.789,1786962329.789,0.0,-1.552,-3.551,1.0,1.552,3.551,-1.999
marker:0,1786962329.864,1786962329.864,0.0,-2.16,-4.256,1.34,2.16,4.256,-2.096
marker:0,1786962329.939,1786962329.939,0.0,-2.234,-4.385,1.53,2.234,4.385,-2.151
marker:0,1786962330.014,1786962330.014,0.0,-1.373,-3.576,1.71,1.373,3.576,-2.2030000000000003
marker:0,1786962330.139,1786962330.139,0.0,-2.608,-4.833,1.79,2.608,4.833,-2.225
marker:0,1786962330.289,1786962330.289,0.0,-1.685,-3.848,1.57,1.685,3.848,-2.163
marker:0,1786962330.389,1786962330.389,0.0,-2.727,-4.817,1.32,2.727,4.817,-2.0900000000000003
marker:0,1786962330.489,1786962330.489,0.0,-2.23,-4.301,1.25,2.23,4.301,-2.071
marker:0,1786962330.564,1786962330.564,0.0,-2.756,-4.798,1.15,2.756,4.798,-2.0420000000000003
marker:0,1786962330.639,1786962330.639,0.0,-2.69,-4.737,1.22,2.69,4.737,-2.047
marker:0,1786962330.689,1786962330.689,0.0,-2.6,-4.682,1.29,2.6,4.682,-2.0820000000000003
marker:0,1786962330.814,1786962330.814,0.0,-2.702,-4.824,1.43,2.702,4.824,-2.122
marker:0,1786962330.889,1786962330.889,0.0,-2.54,-4.69,1.53,2.54,4.69,-2.1500000000000004
marker:0,1786962331.014,1786962331.014,0.0,-2.425,-4.573,1.52,2.425,4.573,-2.1480000000000006
marker:0,1786962331.089,1786962331.089,0.0,-2.559,-4.684,1.44,2.559,4.684,-2.125
marker:0,1786962331.189,1786962331.189,0.0,-2.534,-4.608,1.26,2.534,4.608,-2.074
marker:0,1786962331.264,1786962331.264,0.0,-2.622,-4.659,1.08,2.622,4.659,-2.037
marker:0,1786962331.364,1786962331.364,0.0,-2.569,-4.531,0.87,2.569,4.531,-1.9619999999999997
marker:0,1786962331.439,1786962331.439,0.0,-2.386,-4.29,0.76,2.386,4.29,-1.904
marker:0,1786962331.514,1786962331.514,0.0,-2.335,-4.245,0.68,2.335,4.245,-1.9100000000000001
marker:0,1786962331.589,1786962331.589,0.0,-2.165,-4.067,0.66,2.165,4.067,-1.9020000000000001
marker:0,1786962331.664,1786962331.664,0.0,-2.346,-4.251,0.67,2.346,4.251,-1.9050000000000002
marker:0,1786962331.764,1786962331.764,0.0,-2.296,-4.206,0.69,2.296,4.206,-1.9100000000000006
marker:0,1786962331.839,1786962331.839,0.0,-2.278,-4.203,0.74,2.278,4.203,-1.9250000000000003
marker:0,1786962331.914,1786962331.914,0.0,-2.16,-4.091,0.76,2.16,4.091,-1.931
marker:0,1786962331.989,1786962331.989,0.0,-2.361,-4.305,0.81,2.361,4.305,-1.9439999999999995
marker:0,1786962332.064,1786962332.064,0.0,-2.39,-4.349,0.86,2.39,4.349,-1.959
marker:0,1786962332.164,1786962332.164,0.0,-2.448,-4.415,0.89,2.448,4.415,-1.967
marker:0,1786962332.214,1786962332.214,0.0,-2.677,-4.653,0.92,2.677,4.653,-1.9759999999999995
marker:0,1786962332.289,1786962332.289,0.0,-2.733,-4.726,0.98,2.733,4.726,-1.9929999999999999
marker:0,1786962332.464,1786962332.464,0.0,-2.473,-4.495,1.08,2.473,4.495,-2.0220000000000002
marker:0,1786962332.564,1786962332.564,0.0,-2.271,-4.298,1.11,2.271,4.298,-2.027
marker:0,1786962332.639,1786962332.639,0.0,-2.144,-4.244,1.1,2.144,4.244,-2.0999999999999996
marker:0,1786962332.714,1786962332.714,0.0,-2.365,-4.381,1.06,2.365,4.381,-2.016
marker:0,1786962332.789,1786962332.789,0.0,-1.883,-3.89,1.03,1.883,3.89,-2.007
marker:0,1786962332.864,1786962332.864,0.0,-1.912,-3.925,1.05,1.912,3.925,-2.013
marker:0,1786962332.964,1786962332.964,0.0,-1.926,-3.94,1.05,1.926,3.94,-2.0140000000000002
marker:0,1786962333.039,1786962333.039,0.0,-2.533,-4.552,1.1,2.533,4.552,-2.0189999999999997
marker:0,1786962333.114,1786962333.114,0.0,-2.46,-4.493,1.12,2.46,4.493,-2.0330000000000004
marker:0,1786962333.214,1786962333.214,0.0,-2.226,-4.283,1.2,2.226,4.283,-2.0570000000000004
marker:0,1786962333.314,1786962333.314,0.0,-2.295,-4.363,1.24,2.295,4.363,-2.0680000000000005
marker:0,1786962333.389,1786962333.389,0.0,-2.687,-4.749,1.22,2.687,4.749,-2.062
marker:0,1786962333.464,1786962333.464,0.0,-2.834,-4.873,1.14,2.834,4.873,-2.039
marker:0,1786962333.539,1786962333.539,0.0,-2.81,-4.792,1.08,2.81,4.792,-1.9819999999999998
marker:0,1786962333.614,1786962333.614,0.0,-2.456,-4.441,0.95,2.456,4.441,-1.9849999999999999
marker:0,1786962333.689,1786962333.689,0.0,-2.314,-4.252,0.76,2.314,4.252,-1.9379999999999997
marker:0,1786962333.764,1786962333.764,0.0,-2.311,-4.216,0.67,2.311,4.216,-1.9050000000000002
marker:0,1786962333.839,1786962333.839,0.0,-2.272,-4.169,0.62,2.272,4.169,-1.8969999999999998
marker:0,1786962333.889,1786962333.889,0.0,-2.275,-4.153,0.59,2.275,4.153,-1.8779999999999997
marker:0,1786962333.964,1786962333.964,0.0,-2.417,-4.293,0.57,2.417,4.293,-1.8760000000000003
marker:0,1786962334.089,1786962334.089,0.0,-2.354,-4.227,0.57,2.354,4.227,-1.8730000000000002
marker:0,1786962334.164,1786962334.164,0.0,-1.934,-3.815,0.59,1.934,3.815,-1.881
marker:0,1786962334.264,1786962334.264,0.0,-2.475,-4.394,0.76,2.475,4.394,-1.919
marker:0,1786962334.339,1786962334.339,0.0,-2.44,-4.393,0.84,2.44,4.393,-1.9529999999999998
marker:0,1786962334.439,1786962334.439,0.0,-2.496,-4.478,0.94,2.496,4.478,-1.9819999999999998
marker:0,1786962334.489,1786962334.489,0.0,-2.404,-4.386,0.94,2.404,4.386,-1.9820000000000002
marker:0,1786962334.589,1786962334.589,0.0,-2.498,-4.468,0.9,2.498,4.468,-1.9699999999999998
marker:0,1786962334.664,1786962334.664,0.0,-2.488,-4.45,0.86,2.488,4.45,-1.9620000000000002
marker:0,1786962334.764,1786962334.764,0.0,-2.348,-4.281,0.75,2.348,4.281,-1.9329999999999998
marker:0,1786962334.814,1786962334.814,0.0,-2.622,-4.558,0.77,2.622,4.558,-1.936
marker:0,1786962334.889,1786962334.889,0.0,-2.578,-4.529,0.83,2.578,4.529,-1.951
marker:0,1786962334.989,1786962334.989,0.0,-1.875,-3.891,1.06,1.875,3.891,-2.016
marker:0,1786962335.039,1786962335.039,0.0,-2.287,-4.334,1.21,2.287,4.334,-2.0469999999999997
marker:0,1786962335.139,1786962335.139,0.0,-2.381,-4.503,1.5,2.381,4.503,-2.1220000000000003
marker:0,1786962335.214,1786962335.214,0.0,-2.528,-4.681,1.54,2.528,4.681,-2.153
marker:0,1786962335.289,1786962335.289,0.0,-2.866,-5.037,1.6,2.866,5.037,-2.171
marker:0,1786962335.414,1786962335.414,0.0,-2.664,-4.787,1.43,2.664,4.787,-2.1229999999999998
marker:0,1786962335.489,1786962335.489,0.0,-2.583,-4.639,1.2,2.583,4.639,-2.056
marker:0,1786962335.614,1786962335.589,-0.02500009536743164,-2.617,-4.553,0.78,2.617,4.553,-1.936
marker:0,1786962335.739,1786962335.739,0.0,-2.857,-4.676,0.34,2.857,4.676,-1.819
marker:0,1786962335.814,1786962335.814,0.0,-2.747,-4.545,0.28,2.747,4.545,-1.798
marker:0,1786962335.889,1786962335.889,0.0,-2.538,-4.322,0.25,2.538,4.322,-1.7840000000000003
marker:0,1786962335.989,1786962335.989,0.0,-2.482,-4.309,0.44,2.482,4.309,-1.827
marker:0,1786962336.114,1786962336.114,0.0,-2.417,-4.315,0.65,2.417,4.315,-1.8980000000000006
marker:0,1786962336.239,1786962336.239,0.0,-3.057,-4.947,0.62,3.057,4.947,-1.8900000000000001
marker:0,1786962336.289,1786962336.289,0.0,-2.295,-4.159,0.53,2.295,4.159,-1.8639999999999999
marker:0,1786962336.364,1786962336.364,0.0,-2.208,-4.053,0.38,2.208,4.053,-1.8449999999999998
marker:0,1786962336.464,1786962336.464,0.0,-2.444,-4.193,0.13,2.444,4.193,-1.7489999999999997
marker:0,1786962336.539,1786962336.539,0.0,-2.368,-4.043,-0.13,2.368,4.043,-1.6750000000000003
marker:0,1786962336.639,1786962336.639,0.0,-2.303,-3.964,-0.18,2.303,3.964,-1.661
marker:0,1786962336.714,1786962336.714,0.0,-2.291,-4.0,-0.01,2.291,4.0,-1.709
marker:0,1786962336.789,1786962336.789,0.0,-2.379,-4.137,0.2,2.379,4.137,-1.7579999999999996
marker:0,1786962336.864,1786962336.864,0.0,-2.306,-4.156,0.58,2.306,4.156,-1.8499999999999996
marker:0,1786962336.939,1786962336.939,0.0,-2.269,-4.193,0.74,2.269,4.193,-1.9239999999999995
marker:0,1786962337.014,1786962337.014,0.0,-2.129,-4.151,1.08,2.129,4.151,-2.022
marker:0,1786962337.089,1786962337.089,0.0,-2.511,-4.613,1.36,2.511,4.613,-2.1020000000000003
marker:0,1786962337.164,1786962337.164,0.0,-2.561,-4.672,1.39,2.561,4.672,-2.1109999999999998
marker:0,1786962337.264,1786962337.264,0.0,-2.818,-4.897,1.28,2.818,4.897,-2.079
marker:0,1786962337.339,1786962337.339,0.0,-2.556,-4.598,1.15,2.556,4.598,-2.042
marker:0,1786962337.438,1786962337.438,0.0,-2.505,-4.489,0.9,2.505,4.489,-1.984
marker:0,1786962337.513,1786962337.513,0.0,-2.442,-4.395,0.84,2.442,4.395,-1.9529999999999994
marker:0,1786962337.589,1786962337.589,0.0,-2.997,-4.927,0.75,2.997,4.927,-1.9299999999999997
marker:0,1786962337.688,1786962337.688,0.0,-2.696,-4.603,0.69,2.696,4.603,-1.9069999999999996
marker:0,1786962337.788,1786962337.788,0.0,-2.491,-4.384,0.63,2.491,4.384,-1.8930000000000002
marker:0,1786962337.864,1786962337.864,0.0,-2.422,-4.275,0.49,2.422,4.275,-1.8530000000000002
marker:0,1786962337.938,1786962337.938,0.0,-2.515,-4.331,0.31,2.515,4.331,-1.8160000000000003
marker:0,1786962337.988,1786962337.988,0.0,-2.52,-4.298,0.23,2.52,4.298,-1.778
marker:0,1786962338.064,1786962338.064,0.0,-2.351,-4.078,0.05,2.351,4.078,-1.7270000000000003
marker:0,1786962338.139,1786962338.139,0.0,-2.301,-3.993,-0.07,2.301,3.993,-1.6919999999999997
marker:0,1786962338.238,1786962338.238,0.0,-2.326,-4.006,-0.11,2.326,4.006,-1.6800000000000002
marker:0,1786962338.363,1786962338.363,0.0,-2.351,-4.063,0.0,2.351,4.063,-1.7119999999999997
marker:0,1786962338.463,1786962338.463,0.0,-2.328,-4.086,0.16,2.328,4.086,-1.7580000000000005
marker:0,1786962338.588,1786962338.588,0.0,-2.328,-4.147,0.37,2.328,4.147,-1.8190000000000004
marker:0,1786962338.663,1786962338.663,0.0,-2.027,-3.874,0.47,2.027,3.874,-1.847
marker:0,1786962338.738,1786962338.738,0.0,-2.146,-4.007,0.52,2.146,4.007,-1.8609999999999998
marker:0,1786962338.814,1786962338.814,0.0,-2.672,-4.525,0.5,2.672,4.525,-1.8530000000000002
marker:0,1786962338.913,1786962338.913,0.0,-2.437,-4.284,0.47,2.437,4.284,-1.847
marker:0,1786962338.989,1786962338.989,0.0,-2.428,-4.255,0.4,2.428,4.255,-1.827
marker:0,1786962339.088,1786962339.088,0.0,-2.74,-4.564,0.39,2.74,4.564,-1.8239999999999998
marker:0,1786962339.163,1786962339.163,0.0,-2.431,-4.244,0.35,2.431,4.244,-1.8129999999999997
marker:0,1786962339.263,1786962339.263,0.0,-2.395,-4.202,0.33,2.395,4.202,-1.807
marker:0,1786962339.364,1786962339.364,0.0,-2.351,-4.149,0.3,2.351,4.149,-1.798
marker:0,1786962339.438,1786962339.438,0.0,-2.215,-3.999,0.25,2.215,3.999,-1.7840000000000003
marker:0,1786962339.513,1786962339.513,0.0,-2.295,-4.068,0.21,2.295,4.068,-1.7729999999999997
marker:0,1786962339.588,1786962339.588,0.0,-2.245,-4.001,0.15,2.245,4.001,-1.7560000000000002
marker:0,1786962339.663,1786962339.663,0.0,-2.266,-3.996,0.06,2.266,3.996,-1.73
marker:0,1786962339.763,1786962339.763,0.0,-2.571,-4.289,0.02,2.571,4.289,-1.7179999999999995
marker:0,1786962339.838,1786962339.838,0.0,-2.194,-3.912,0.02,2.194,3.912,-1.718
marker:0,1786962339.913,1786962339.913,0.0,-2.132,-3.873,0.1,2.132,3.873,-1.741
marker:0,1786962340.013,1786962340.013,0.0,-2.109,-3.893,0.25,2.109,3.893,-1.7839999999999998
marker:0,1786962340.113,1786962340.113,0.0,-2.538,-4.386,0.47,2.538,4.386,-1.8480000000000003
marker:0,1786962340.188,1786962340.188,0.0,-1.999,-3.88,0.62,1.999,3.88,-1.8809999999999998
marker:0,1786962340.388,1786962340.388,0.0,-2.492,-4.462,0.9,2.492,4.462,-1.9699999999999998
marker:0,1786962340.538,1786962340.538,0.0,-2.716,-4.669,0.84,2.716,4.669,-1.9529999999999994
marker:0,1786962340.638,1786962340.638,0.0,-2.848,-4.744,0.69,2.848,4.744,-1.896
marker:0,1786962340.763,1786962340.763,0.0,-2.882,-4.778,0.64,2.882,4.778,-1.8959999999999995
marker:0,1786962340.863,1786962340.863,0.0,-2.932,-4.851,0.72,2.932,4.851,-1.919
marker:0,1786962340.963,1786962340.963,0.0,-3.054,-5.036,1.0,3.054,5.036,-1.9819999999999998
marker:0,1786962341.088,1786962341.088,0.0,-3.005,-5.038,1.15,3.005,5.038,-2.0330000000000004
marker:0,1786962341.188,1786962341.188,0.0,-2.821,-4.877,1.18,2.821,4.877,-2.0559999999999996
marker:0,1786962341.338,1786962341.338,0.0,-2.925,-4.924,1.0,2.925,4.924,-1.9990000000000006
marker:0,1786962341.488,1786962341.488,0.0,-2.883,-4.768,0.78,2.883,4.768,-1.8849999999999998
marker:0,1786962341.613,1786962341.613,0.0,-2.565,-4.495,0.76,2.565,4.495,-1.9300000000000002
marker:0,1786962341.688,1786962341.688,0.0,-2.561,-4.525,0.88,2.561,4.525,-1.9640000000000004
marker:0,1786962341.813,1786962341.813,0.0,-2.571,-4.607,1.13,2.571,4.607,-2.036
marker:0,1786962342.063,1786962342.063,0.0,-2.457,-4.714,1.9,2.457,4.714,-2.2570000000000006
marker:0,1786962342.138,1786962342.138,0.0,-2.431,-4.743,2.09,2.431,4.743,-2.3120000000000003
marker:0,1786962342.263,1786962342.263,0.0,-2.777,-5.128,2.26,2.777,5.128,-2.351
marker:0,1786962342.288,1786962342.288,0.0,-2.742,-5.103,2.25,2.742,5.103,-2.3609999999999998
marker:0,1786962342.388,1786962342.388,0.0,-2.858,-5.3,2.2,2.858,5.3,-2.4419999999999997
marker:0,1786962342.463,1786962342.463,0.0,-3.009,-5.341,2.16,3.009,5.341,-2.3320000000000003
marker:0,1786962342.563,1786962342.563,0.0,-2.81,-5.105,2.03,2.81,5.105,-2.2950000000000004
marker:0,1786962342.613,1786962342.613,0.0,-2.911,-5.194,1.99,2.911,5.194,-2.283
marker:0,1786962342.663,1786962342.663,0.0,-2.933,-5.221,2.01,2.933,5.221,-2.2880000000000003
marker:0,1786962342.738,1786962342.738,0.0,-4.475,-6.76,2.05,4.475,6.76,-2.285
marker:0,1786962342.838,1786962342.838,0.0,-2.991,-5.291,2.05,2.991,5.291,-2.3000000000000003
marker:0,1786962342.913,1786962342.913,0.0,-2.967,-5.267,2.05,2.967,5.267,-2.3000000000000003
marker:0,1786962342.963,1786962342.963,0.0,-2.899,-5.305,2.42,2.899,5.305,-2.4059999999999997
marker:0,1786962343.063,1786962343.063,0.0,-2.155,-4.587,2.51,2.155,4.587,-2.432
marker:0,1786962343.138,1786962343.138,0.0,-2.478,-4.901,2.48,2.478,4.901,-2.4229999999999996
marker:0,1786962343.238,1786962343.238,0.0,-2.63,-5.019,2.27,2.63,5.019,-2.3890000000000002
marker:0,1786962343.338,1786962343.338,0.0,-2.706,-4.98,2.1,2.706,4.98,-2.2740000000000005
marker:0,1786962343.463,1786962343.463,0.0,-2.739,-4.993,1.85,2.739,4.993,-2.2540000000000004
marker:0,1786962343.513,1786962343.513,0.0,-2.758,-4.977,1.77,2.758,4.977,-2.2190000000000003
marker:0,1786962343.613,1786962343.613,0.0,-2.658,-4.894,1.83,2.658,4.894,-2.236
marker:0,1786962343.688,1786962343.688,0.0,-2.335,-4.649,2.1,2.335,4.649,-2.314
marker:0,1786962343.813,1786962343.813,0.0,-1.748,-4.172,2.48,1.748,4.172,-2.4239999999999995
marker:0,1786962343.888,1786962343.888,0.0,-1.801,-4.316,2.8,1.801,4.316,-2.5149999999999997
marker:0,1786962343.963,1786962343.963,0.0,-2.412,-5.013,3.1,2.412,5.013,-2.601
marker:0,1786962344.038,1786962344.038,0.0,-2.46,-5.119,3.3,2.46,5.119,-2.659
marker:0,1786962344.088,1786962344.088,0.0,-2.603,-5.264,3.31,2.603,5.264,-2.661
marker:0,1786962344.164,1786962344.164,0.0,-2.608,-5.278,3.34,2.608,5.278,-2.6699999999999995
marker:0,1786962344.238,1786962344.238,0.0,-1.696,-4.466,3.38,1.696,4.466,-2.7700000000000005
marker:0,1786962344.288,1786962344.288,0.0,-1.965,-4.643,3.37,1.965,4.643,-2.678
marker:0,1786962344.364,1786962344.364,0.0,-3.113,-5.82,3.47,3.113,5.82,-2.7070000000000003
marker:0,1786962344.463,1786962344.463,0.0,-3.181,-5.931,3.62,3.181,5.931,-2.75
marker:0,1786962344.588,1786962344.588,0.0,-2.997,-5.827,3.9,2.997,5.827,-2.83
marker:0,1786962344.638,1786962344.638,0.0,-2.964,-5.823,4.0,2.964,5.823,-2.8590000000000004
marker:0,1786962344.738,1786962344.738,0.0,-2.953,-5.824,4.17,2.953,5.824,-2.871
marker:0,1786962344.788,1786962344.788,0.0,-2.348,-5.276,4.24,2.348,5.276,-2.928
marker:0,1786962344.838,1786962344.838,0.0,-2.285,-5.225,4.28,2.285,5.225,-2.9399999999999995
marker:0,1786962344.913,1786962344.913,0.0,-3.223,-6.168,4.3,3.223,6.168,-2.9450000000000003
marker:0,1786962344.963,1786962344.963,0.0,-3.204,-6.126,4.22,3.204,6.126,-2.922
marker:0,1786962345.063,1786962345.063,0.0,-1.779,-4.669,4.11,1.779,4.669,-2.8899999999999997
marker:0,1786962345.163,1786962345.163,0.0,-2.78,-5.619,3.93,2.78,5.619,-2.839
marker:0,1786962345.238,1786962345.238,0.0,-2.856,-5.664,3.82,2.856,5.664,-2.808
marker:0,1786962345.363,1786962345.363,0.0,-0.46,-3.282,3.87,0.46,3.282,-2.822
marker:0,1786962345.488,1786962345.488,0.0,-2.545,-5.415,4.04,2.545,5.415,-2.87
marker:0,1786962345.563,1786962345.563,0.0,-2.475,-5.388,4.19,2.475,5.388,-2.913
marker:0,1786962345.638,1786962345.638,0.0,-1.72,-4.708,4.45,1.72,4.708,-2.9880000000000004
marker:0,1786962345.713,1786962345.713,0.0,-1.77,-4.787,4.55,1.77,4.787,-3.017
marker:0,1786962345.813,1786962345.813,0.0,-2.332,-5.392,4.7,2.332,5.392,-3.0600000000000005
marker:0,1786962345.863,1786962345.863,0.0,-2.27,-5.35,4.77,2.27,5.35,-3.0799999999999996
marker:0,1786962345.938,1786962345.938,0.0,-1.785,-4.871,4.79,1.785,4.871,-3.0860000000000003
marker:0,1786962346.013,1786962346.013,0.0,-1.936,-5.033,4.83,1.936,5.033,-3.0970000000000004
marker:0,1786962346.113,1786962346.113,0.0,-0.077,-3.2,4.92,0.077,3.2,-3.123
marker:0,1786962346.213,1786962346.213,0.0,-2.169,-5.324,5.03,2.169,5.324,-3.155
marker:0,1786962346.313,1786962346.313,0.0,-2.938,-6.13,5.16,2.938,6.13,-3.1919999999999997
marker:0,1786962346.388,1786962346.388,0.0,-3.29,-6.513,5.27,3.29,6.513,-3.223
marker:0,1786962346.463,1786962346.463,0.0,-3.294,-6.549,5.38,3.294,6.549,-3.2550000000000003
marker:0,1786962346.563,1786962346.563,0.0,-2.655,-5.938,5.48,2.655,5.938,-3.283
marker:0,1786962346.638,1786962346.638,0.0,-2.327,-5.619,5.51,2.327,5.619,-3.292
marker:0,1786962346.688,1786962346.688,0.0,-2.307,-5.599,5.51,2.307,5.599,-3.2920000000000003
marker:0,1786962346.788,1786962346.788,0.0,-3.06,-6.357,5.47,3.06,6.357,-3.297
marker:0,1786962346.913,1786962346.913,0.0,-2.738,-6.024,5.49,2.738,6.024,-3.286
marker:0,1786962346.988,1786962346.988,0.0,-2.806,-6.087,5.47,2.806,6.087,-3.2809999999999997
marker:0,1786962347.063,1786962347.063,0.0,-3.327,-6.593,5.39,3.327,6.593,-3.266
marker:0,1786962347.138,1786962347.138,0.0,-3.422,-6.682,5.38,3.422,6.682,-3.2600000000000002
marker:0,1786962347.263,1786962347.263,0.0,-3.978,-7.23,5.37,3.978,7.23,-3.2520000000000002
marker:0,1786962347.363,1786962347.363,0.0,-3.662,-6.903,5.34,3.662,6.903,-3.2409999999999997
marker:0,1786962347.463,1786962347.463,0.0,-3.499,-6.748,5.41,3.499,6.748,-3.249
marker:0,1786962347.513,1786962347.488,-0.02500009536743164,-3.292,-6.561,5.46,3.292,6.561,-3.269
marker:0,1786962347.638,1786962347.638,0.0,-3.049,-6.358,5.57,3.049,6.358,-3.3089999999999997
marker:0,1786962347.713,1786962347.713,0.0,-3.056,-6.405,5.71,3.056,6.405,-3.349
marker:0,1786962347.788,1786962347.788,0.0,-0.032,-3.401,5.78,0.032,3.401,-3.3689999999999998
marker:0,1786962347.888,1786962347.888,0.0,-3.243,-6.636,5.84,3.243,6.636,-3.3930000000000002
marker:0,1786962347.988,1786962347.988,0.0,-5.287,-8.67,5.83,5.287,8.67,-3.383
marker:0,1786962348.063,1786962348.063,0.0,-3.462,-6.837,5.8,3.462,6.837,-3.3749999999999996
marker:0,1786962348.138,1786962348.138,0.0,-4.754,-8.106,5.72,4.754,8.106,-3.3520000000000003
marker:0,1786962348.264,1786962348.264,0.0,-2.94,-6.278,5.67,2.94,6.278,-3.3379999999999996
marker:0,1786962348.338,1786962348.338,0.0,-2.813,-6.187,5.69,2.813,6.187,-3.374
marker:0,1786962348.438,1786962348.438,0.0,-3.22,-6.567,5.69,3.22,6.567,-3.347
marker:0,1786962348.513,1786962348.513,0.0,-3.468,-6.817,5.71,3.468,6.817,-3.349
marker:0,1786962348.613,1786962348.613,0.0,-3.697,-7.026,5.64,3.697,7.026,-3.3289999999999997
marker:0,1786962348.688,1786962348.688,0.0,-3.413,-6.728,5.59,3.413,6.728,-3.315
marker:0,1786962348.763,1786962348.763,0.0,-4.151,-7.437,5.49,4.151,7.437,-3.2860000000000005
marker:0,1786962348.863,1786962348.863,0.0,-4.187,-7.447,5.4,4.187,7.447,-3.26
marker:0,1786962348.913,1786962348.913,0.0,-3.999,-7.248,5.36,3.999,7.248,-3.249
marker:0,1786962349.013,1786962349.013,0.0,-2.843,-6.107,5.41,2.843,6.107,-3.2640000000000002
marker:0,1786962349.063,1786962349.063,0.0,-2.906,-6.198,5.54,2.906,6.198,-3.2920000000000003
marker:0,1786962349.163,1786962349.163,0.0,-3.688,-7.04,5.72,3.688,7.04,-3.352
marker:0,1786962349.288,1786962349.288,0.0,-4.397,-7.826,5.99,4.397,7.826,-3.4289999999999994
marker:0,1786962349.413,1786962349.413,0.0,-4.512,-7.973,6.1,4.512,7.973,-3.4610000000000003
marker:0,1786962349.513,1786962349.513,0.0,-4.498,-7.944,6.05,4.498,7.944,-3.4459999999999997
marker:0,1786962349.588,1786962349.588,0.0,-5.147,-8.574,5.98,5.147,8.574,-3.4269999999999996
marker:0,1786962349.713,1786962349.713,0.0,-5.398,-8.807,5.92,5.398,8.807,-3.4090000000000007
marker:0,1786962349.788,1786962349.788,0.0,-4.963,-8.381,5.95,4.963,8.381,-3.418
marker:0,1786962349.863,1786962349.863,0.0,-4.949,-8.381,6.0,4.949,8.381,-3.4320000000000004
marker:0,1786962349.938,1786962349.938,0.0,-4.971,-8.459,6.1,4.971,8.459,-3.4879999999999995
marker:0,1786962350.013,1786962350.013,0.0,-4.889,-8.376,6.19,4.889,8.376,-3.486999999999999
marker:0,1786962350.113,1786962350.113,0.0,-4.974,-8.47,6.22,4.974,8.47,-3.4960000000000004
marker:0,1786962350.188,1786962350.188,0.0,-5.071,-8.54,6.13,5.071,8.54,-3.4689999999999994
marker:0,1786962350.288,1786962350.288,0.0,-4.874,-8.295,5.96,4.874,8.295,-3.4210000000000003
marker:0,1786962350.363,1786962350.363,0.0,-5.35,-8.737,5.84,5.35,8.737,-3.3870000000000005
marker:0,1786962350.438,1786962350.438,0.0,-4.7,-8.067,5.77,4.7,8.067,-3.367
marker:0,1786962350.513,1786962350.513,0.0,-4.621,-7.982,5.75,4.621,7.982,-3.3609999999999998
marker:0,1786962350.588,1786962350.588,0.0,-4.699,-8.096,5.79,4.699,8.096,-3.3970000000000002
marker:0,1786962350.663,1786962350.663,0.0,-5.517,-8.941,5.97,5.517,8.941,-3.4240000000000004
marker:0,1786962350.763,1786962350.763,0.0,-5.303,-8.809,6.26,5.303,8.809,-3.5059999999999993
marker:0,1786962350.863,1786962350.863,0.0,-5.923,-9.478,6.53,5.923,9.478,-3.5549999999999997
marker:0,1786962350.963,1786962350.963,0.0,-5.692,-9.268,6.67,5.692,9.268,-3.5760000000000005
marker:0,1786962351.063,1786962351.063,0.0,-5.432,-9.006,6.64,5.432,9.006,-3.574
marker:0,1786962351.138,1786962351.138,0.0,-6.625,-10.179,6.52,6.625,10.179,-3.5540000000000003
marker:0,1786962351.238,1786962351.238,0.0,-5.966,-9.505,6.38,5.966,9.505,-3.5390000000000006
marker:0,1786962351.313,1786962351.288,-0.02499985694885254,-6.253,-9.788,6.4,6.253,9.788,-3.535
marker:0,1786962351.438,1786962351.438,0.0,-7.746,-11.324,6.7,7.746,11.324,-3.5779999999999994
marker:0,1786962351.563,1786962351.563,0.0,-6.315,-9.923,6.95,6.315,9.923,-3.6079999999999997
marker:0,1786962351.713,1786962351.713,0.0,-7.546,-11.173,7.05,7.546,11.173,-3.627
marker:0,1786962351.763,1786962351.763,0.0,-5.601,-9.237,7.12,5.601,9.237,-3.636
marker:0,1786962351.863,1786962351.863,0.0,-6.454,-10.093,7.16,6.454,10.093,-3.6390000000000002
marker:0,1786962351.963,1786962351.963,0.0,-6.415,-10.048,7.13,6.415,10.048,-3.633
marker:0,1786962352.038,1786962352.038,0.0,-6.363,-10.01,7.2,6.363,10.01,-3.6469999999999994
marker:0,1786962352.163,1786962352.163,0.0,-6.419,-10.077,7.32,6.419,10.077,-3.6580000000000004
marker:0,1786962352.263,1786962352.263,0.0,-6.437,-10.137,7.58,6.437,10.137,-3.7
marker:0,1786962352.363,1786962352.363,0.0,-6.521,-10.238,7.71,6.521,10.238,-3.7169999999999996
marker:0,1786962352.438,1786962352.438,0.0,-6.724,-10.464,7.87,6.724,10.464,-3.74
marker:0,1786962352.588,1786962352.588,0.0,-6.664,-10.412,7.93,6.664,10.412,-3.748000000000001
marker:0,1786962352.763,1786962352.763,0.0,-6.623,-10.396,8.11,6.623,10.396,-3.7730000000000006
marker:0,1786962352.838,1786962352.838,0.0,-6.637,-10.421,8.2,6.637,10.421,-3.784
marker:0,1786962352.938,1786962352.938,0.0,-6.441,-10.248,8.36,6.441,10.248,-3.8069999999999995
marker:0,1786962353.013,1786962353.013,0.0,-6.35,-10.166,8.43,6.35,10.166,-3.8160000000000007
marker:0,1786962353.113,1786962353.113,0.0,-6.222,-10.033,8.3,6.222,10.033,-3.810999999999999
marker:0,1786962353.213,1786962353.213,0.0,-6.168,-9.946,8.15,6.168,9.946,-3.7779999999999996
marker:0,1786962353.338,1786962353.338,0.0,-6.252,-9.979,7.78,6.252,9.979,-3.7269999999999994
marker:0,1786962353.413,1786962353.413,0.0,-5.999,-9.717,7.69,5.999,9.717,-3.718000000000001
marker:0,1786962353.513,1786962353.513,0.0,-5.909,-9.631,7.74,5.909,9.631,-3.7220000000000004
marker:0,1786962353.638,1786962353.638,0.0,-5.858,-9.63,8.11,5.858,9.63,-3.772000000000001
marker:0,1786962353.738,1786962353.738,0.0,-5.809,-9.638,8.52,5.809,9.638,-3.8289999999999997
marker:0,1786962353.863,1786962353.863,0.0,-5.572,-9.451,8.88,5.572,9.451,-3.8790000000000004
marker:0,1786962353.963,1786962353.963,0.0,-5.637,-9.515,8.88,5.637,9.515,-3.878000000000001
marker:0,1786962354.063,1786962354.063,0.0,-5.877,-9.728,8.68,5.877,9.728,-3.851
marker:0,1786962354.163,1786962354.163,0.0,-5.807,-9.628,8.42,5.807,9.628,-3.8209999999999997
marker:0,1786962354.313,1786962354.313,0.0,-5.893,-9.732,8.59,5.893,9.732,-3.8389999999999995
marker:0,1786962354.438,1786962354.438,0.0,-5.943,-9.826,9.17,5.943,9.826,-3.883000000000001
marker:0,1786962354.513,1786962354.513,0.0,-5.813,-9.766,9.42,5.813,9.766,-3.9530000000000003
marker:0,1786962354.588,1786962354.588,0.0,-6.084,-10.115,9.98,6.084,10.115,-4.031000000000001
marker:0,1786962354.663,1786962354.663,0.0,-6.155,-10.209,10.15,6.155,10.209,-4.053999999999999
marker:0,1786962354.763,1786962354.763,0.0,-6.224,-10.274,10.12,6.224,10.274,-4.049999999999999
marker:0,1786962354.838,1786962354.838,0.0,-6.387,-10.42,9.89,6.387,10.42,-4.033
marker:0,1786962354.913,1786962354.913,0.0,-6.28,-10.267,9.66,6.28,10.267,-3.986999999999999
marker:0,1786962354.988,1786962354.988,0.0,-6.17,-10.122,9.41,6.17,10.122,-3.952
marker:0,1786962355.088,1786962355.088,0.0,-6.206,-10.143,9.3,6.206,10.143,-3.9370000000000003
marker:0,1786962355.163,1786962355.163,0.0,-5.915,-9.848,9.27,5.915,9.848,-3.9330000000000007
marker:0,1786962355.213,1786962355.213,0.0,-5.831,-9.77,9.32,5.831,9.77,-3.938999999999999
marker:0,1786962355.338,1786962355.338,0.0,-5.635,-9.596,9.48,5.635,9.596,-3.9610000000000003
marker:0,1786962355.463,1786962355.463,0.0,-5.516,-9.508,9.75,5.516,9.508,-3.991999999999999
marker:0,1786962355.513,1786962355.513,0.0,-5.424,-9.419,9.72,5.424,9.419,-3.995
marker:0,1786962355.588,1786962355.588,0.0,-5.184,-9.179,9.72,5.184,9.179,-3.995
marker:0,1786962355.663,1786962355.663,0.0,-5.036,-9.038,9.77,5.036,9.038,-4.002000000000001
marker:0,1786962360.113,1786962360.113,0.0,-23.273,-27.278,9.8,23.273,27.278,-4.004999999999999
marker:0,1786962360.238,1786962360.238,0.0,-20.649,-24.671,9.92,20.649,24.671,-4.0219999999999985
marker:0,1786962360.338,1786962360.338,0.0,-20.772,-24.79,9.85,20.772,24.79,-4.018000000000001
marker:0,1786962360.438,1786962360.438,0.0,-20.796,-24.799,9.78,20.796,24.799,-4.003
marker:0,1786962360.838,1786962360.838,0.0,-20.623,-24.622,9.89,20.623,24.622,-3.9989999999999988
marker:0,1786962360.963,1786962360.963,0.0,-20.514,-24.573,10.23,20.514,24.573,-4.059000000000001
marker:0,1786962361.463,1786962361.463,0.0,-26.651,-30.732,10.35,26.651,30.732,-4.0809999999999995
marker:0,1786962361.563,1786962361.563,0.0,-18.279,-22.352,10.29,18.279,22.352,-4.073
marker:0,1786962361.663,1786962361.663,0.0,-18.17,-22.261,10.42,18.17,22.261,-4.0909999999999975
marker:0,1786962362.163,1786962362.163,0.0,-17.38,-21.524,10.8,17.38,21.524,-4.144000000000002
marker:0,1786962362.263,1786962362.263,0.0,-17.189,-21.306,10.61,17.189,21.306,-4.117000000000001
marker:0,1786962362.438,1786962362.438,0.0,-16.959,-21.078,10.62,16.959,21.078,-4.119
marker:0,1786962362.563,1786962362.563,0.0,-16.841,-20.998,10.94,16.841,20.998,-4.157
marker:0,1786962362.713,1786962362.713,0.0,-16.833,-21.037,11.24,16.833,21.037,-4.204000000000001
marker:0,1786962362.788,1786962362.788,0.0,-16.777,-20.993,11.32,16.777,20.993,-4.2159999999999975
marker:0,1786962362.913,1786962362.913,0.0,-16.613,-20.825,11.29,16.613,20.825,-4.212
marker:0,1786962363.013,1786962363.013,0.0,-16.481,-20.694,11.3,16.481,20.694,-4.212999999999997
marker:0,1786962363.138,1786962363.138,0.0,-16.318,-20.523,11.27,16.318,20.523,-4.204999999999998
marker:0,1786962363.238,1786962363.238,0.0,-16.139,-20.361,11.37,16.139,20.361,-4.222000000000001
marker:0,1786962363.288,1786962363.313,0.02499985694885254,-16.001,-20.239,11.49,16.001,20.239,-4.2379999999999995
marker:0,1786962363.363,1786962363.363,0.0,-15.964,-20.219,11.61,15.964,20.219,-4.255000000000001
marker:0,1786962363.463,1786962363.463,0.0,-15.82,-20.099,11.78,15.82,20.099,-4.279
marker:0,1786962363.563,1786962363.563,0.0,-15.678,-19.978,11.93,15.678,19.978,-4.300000000000001
marker:0,1786962363.663,1786962363.663,0.0,-15.695,-19.875,11.06,15.695,19.875,-4.18
marker:0,1786962363.738,1786962363.738,0.0,-12.525,-15.958,6.0,12.525,15.958,-3.433
marker:0,1786962363.788,1786962363.788,0.0,-9.487,-13.09,6.88,9.487,13.09,-3.6029999999999998
marker:0,1786962363.863,1786962363.863,0.0,-9.971,-13.685,7.69,9.971,13.685,-3.7140000000000004
marker:0,1786962363.938,1786962363.938,0.0,-10.718,-14.424,7.63,10.718,14.424,-3.7059999999999995
marker:0,1786962364.013,1786962364.013,0.0,-10.632,-14.337,7.62,10.632,14.337,-3.705
marker:0,1786962364.138,1786962364.138,0.0,-10.23,-13.937,7.64,10.23,13.937,-3.706999999999999
marker:0,1786962364.213,1786962364.213,0.0,-9.938,-13.659,7.74,9.938,13.659,-3.721
marker:0,1786962364.288,1786962364.288,0.0,-9.621,-13.373,7.96,9.621,13.373,-3.751999999999999
marker:0,1786962364.438,1786962364.438,0.0,-11.75,-15.56,8.44,11.75,15.56,-3.8100000000000005
marker:0,1786962364.563,1786962364.563,0.0,-9.755,-13.611,8.71,9.755,13.611,-3.856
marker:0,1786962364.688,1786962364.688,0.0,-9.512,-13.368,8.71,9.512,13.368,-3.856
marker:0,1786962364.863,1786962364.863,0.0,-10.128,-14.043,9.14,10.128,14.043,-3.914999999999999
marker:0,1786962364.988,1786962364.988,0.0,-10.487,-14.372,8.93,10.487,14.372,-3.885
marker:0,1786962368.138,1786962368.138,0.0,4.62,-0.393,16.58,4.62,0.393,4.227
marker:0,1786962368.188,1786962368.188,0.0,4.519,-0.614,17.23,4.519,0.614,3.9050000000000002
marker:0,1786962368.263,1786962368.263,0.0,4.368,-0.829,17.58,4.368,0.829,3.5390000000000006
marker:0,1786962368.363,1786962368.363,0.0,4.524,-0.763,18.07,4.524,0.763,3.761
marker:0,1786962368.463,1786962368.463,0.0,4.549,-0.747,18.12,4.549,0.747,3.8020000000000005
marker:0,1786962368.538,1786962368.538,0.0,4.591,-0.697,18.06,4.591,0.697,3.894
marker:0,1786962368.588,1786962368.588,0.0,-6.626,-11.88,17.89,6.626,11.88,-5.2540000000000004
marker:0,1786962368.688,1786962368.688,0.0,-6.127,-11.372,17.84,6.127,11.372,-5.245
marker:0,1786962368.788,1786962368.788,0.0,-5.972,-11.113,18.06,5.972,11.113,-5.140999999999999
marker:0,1786962368.913,1786962368.913,0.0,8.514,3.13,18.6,8.514,3.13,5.3839999999999995
marker:0,1786962368.988,1786962368.988,0.0,8.724,3.281,18.92,8.724,3.281,5.443
marker:0,1786962369.088,1786962369.088,0.0,3.932,-1.589,19.34,3.932,1.589,2.343
marker:0,1786962369.188,1786962369.188,0.0,4.078,-1.475,19.52,4.078,1.475,2.603
marker:0,1786962369.288,1786962369.288,0.0,3.969,-1.544,19.3,3.969,1.544,2.425
marker:0,1786962369.438,1786962369.438,0.0,9.411,3.979,18.86,9.411,3.979,5.4319999999999995
marker:0,1786962369.538,1786962369.538,0.0,9.809,4.436,18.54,9.809,4.436,5.372999999999999
marker:0,1786962369.613,1786962369.613,0.0,9.893,4.542,18.4,9.893,4.542,5.351000000000001
