group,t_raw,t_corrected,time_difference_s,angle_error_deg_raw,angle_error_deg_corrected,gimbal_yaw_deg,abs_error_raw_deg,abs_error_corrected_deg,improvement_deg
marker:0,1786962004.865,1786962004.865,0.0,0.064,4.285,0.58,0.064,4.285,-4.221
marker:0,1786962004.89,1786962004.89,0.0,-0.015,4.232,0.52,0.015,4.232,-4.2170000000000005
marker:0,1786962004.915,1786962004.915,0.0,-0.072,4.186,0.5,0.072,4.186,-4.114
marker:0,1786962004.94,1786962004.94,0.0,-0.141,4.124,0.5,0.141,4.124,-3.9829999999999997
marker:0,1786962004.94,1786962004.94,0.0,-0.286,3.961,0.61,0.286,3.961,-3.675
marker:0,1786962004.99,1786962004.99,0.0,-0.278,3.914,0.75,0.278,3.914,-3.636
marker:0,1786962005.015,1786962005.015,0.0,-0.42,3.727,0.91,0.42,3.727,-3.307
marker:0,1786962005.065,1786962005.04,-0.02500009536743164,-0.656,3.482,0.93,0.656,3.482,-2.826
marker:0,1786962005.092,1786962005.092,0.0,-0.79,3.385,0.76,0.79,3.385,-2.5949999999999998
marker:0,1786962005.116,1786962005.116,0.0,-0.875,3.347,0.51,0.875,3.347,-2.472
marker:0,1786962005.14,1786962005.14,0.0,-0.852,3.43,0.37,0.852,3.43,-2.5780000000000003
marker:0,1786962005.19,1786962005.19,0.0,-0.847,3.532,0.1,0.847,3.532,-2.685
marker:0,1786962005.241,1786962005.241,0.0,-0.723,3.645,-0.03,0.723,3.645,-2.922
marker:0,1786962005.265,1786962005.265,0.0,-0.72,3.702,-0.05,0.72,3.702,-2.982
marker:0,1786962005.315,1786962005.315,0.0,-0.692,3.736,-0.01,0.692,3.736,-3.0440000000000005
marker:0,1786962005.34,1786962005.34,0.0,-0.239,4.174,-0.02,0.239,4.174,-3.9350000000000005
marker:0,1786962005.365,1786962005.365,0.0,-0.313,4.106,-0.04,0.313,4.106,-3.7929999999999997
marker:0,1786962005.465,1786962005.465,0.0,-0.35,4.086,-0.14,0.35,4.086,-3.736
marker:0,1786962005.515,1786962005.515,0.0,-0.403,4.056,-0.18,0.403,4.056,-3.653
marker:0,1786962005.666,1786962005.666,0.0,-0.455,4.03,-0.26,0.455,4.03,-3.575
marker:0,1786962005.715,1786962005.715,0.0,-0.431,4.051,-0.26,0.431,4.051,-3.62
marker:0,1786962005.815,1786962005.815,0.0,-0.496,3.949,-0.13,0.496,3.949,-3.453
marker:0,1786962005.915,1786962005.915,0.0,-0.708,3.711,-0.04,0.708,3.711,-3.003
marker:0,1786962005.965,1786962005.965,0.0,-0.735,3.67,0.04,0.735,3.67,-2.935
marker:0,1786962006.065,1786962006.065,0.0,-0.828,3.543,0.13,0.828,3.543,-2.7150000000000003
marker:0,1786962006.14,1786962006.14,0.0,-0.909,3.464,0.12,0.909,3.464,-2.5549999999999997
marker:0,1786962006.215,1786962006.215,0.0,-0.68,3.722,0.02,0.68,3.722,-3.042
marker:0,1786962006.29,1786962006.29,0.0,-0.675,3.767,-0.12,0.675,3.767,-3.0919999999999996
marker:0,1786962006.365,1786962006.365,0.0,-0.678,3.79,-0.25,0.678,3.79,-3.112
marker:0,1786962006.465,1786962006.465,0.0,-0.685,3.823,-0.35,0.685,3.823,-3.138
marker:0,1786962006.54,1786962006.54,0.0,-0.453,4.052,-0.34,0.453,4.052,-3.5989999999999998
marker:0,1786962006.615,1786962006.615,0.0,-0.371,4.123,-0.3,0.371,4.123,-3.7520000000000002
marker:0,1786962006.665,1786962006.665,0.0,-0.412,4.062,-0.19,0.412,4.062,-3.6500000000000004
marker:0,1786962006.74,1786962006.74,0.0,-0.484,3.946,-0.08,0.484,3.946,-3.462
marker:0,1786962006.79,1786962006.79,0.0,-0.291,4.131,-0.01,0.291,4.131,-3.8400000000000003
marker:0,1786962006.89,1786962006.89,0.0,-0.33,4.069,0.03,0.33,4.069,-3.739
marker:0,1786962006.965,1786962006.965,0.0,-0.437,3.983,-0.04,0.437,3.983,-3.5460000000000003
marker:0,1786962007.04,1786962007.04,0.0,-0.584,3.867,-0.15,0.584,3.867,-3.283
marker:0,1786962007.14,1786962007.14,0.0,-0.79,3.741,-0.43,0.79,3.741,-2.951
marker:0,1786962007.215,1786962007.215,0.0,-0.829,3.742,-0.57,0.829,3.742,-2.9130000000000003
marker:0,1786962007.29,1786962007.29,0.0,-0.842,3.74,-0.61,0.842,3.74,-2.898
marker:0,1786962007.365,1786962007.365,0.0,-0.907,3.676,-0.61,0.907,3.676,-2.769
marker:0,1786962007.465,1786962007.465,0.0,-0.923,3.637,-0.53,0.923,3.637,-2.714
marker:0,1786962007.54,1786962007.54,0.0,-0.96,3.576,-0.45,0.96,3.576,-2.616
marker:0,1786962007.615,1786962007.615,0.0,-1.031,3.488,-0.39,1.031,3.488,-2.457
marker:0,1786962007.715,1786962007.715,0.0,-0.663,3.845,-0.35,0.663,3.845,-3.1820000000000004
marker:0,1786962007.765,1786962007.765,0.0,-0.686,3.805,-0.29,0.686,3.805,-3.119
marker:0,1786962007.84,1786962007.84,0.0,-0.733,3.755,-0.28,0.733,3.755,-3.022
marker:0,1786962007.915,1786962007.915,0.0,-0.769,3.722,-0.29,0.769,3.722,-2.953
marker:0,1786962008.04,1786962008.04,0.0,-0.845,3.637,-0.26,0.845,3.637,-2.792
marker:0,1786962008.115,1786962008.115,0.0,-0.881,3.593,-0.23,0.881,3.593,-2.7119999999999997
marker:0,1786962008.19,1786962008.19,0.0,-0.942,3.511,-0.16,0.942,3.511,-2.569
marker:0,1786962008.29,1786962008.29,0.0,-0.793,3.655,-0.14,0.793,3.655,-2.8619999999999997
marker:0,1786962008.365,1786962008.365,0.0,-0.816,3.643,-0.18,0.816,3.643,-2.827
marker:0,1786962008.465,1786962008.465,0.0,-0.889,3.61,-0.32,0.889,3.61,-2.721
marker:0,1786962008.54,1786962008.54,0.0,-0.841,3.681,-0.44,0.841,3.681,-2.84
marker:0,1786962008.615,1786962008.615,0.0,-0.806,3.754,-0.54,0.806,3.754,-2.948
marker:0,1786962008.74,1786962008.74,0.0,-0.82,3.757,-0.59,0.82,3.757,-2.9370000000000003
marker:0,1786962008.815,1786962008.815,0.0,-0.699,3.863,-0.54,0.699,3.863,-3.164
marker:0,1786962008.89,1786962008.89,0.0,-0.77,3.755,-0.41,0.77,3.755,-2.985
marker:0,1786962008.94,1786962008.94,0.0,-0.693,3.798,-0.29,0.693,3.798,-3.105
marker:0,1786962009.04,1786962009.04,0.0,-0.935,3.47,0.01,0.935,3.47,-2.535
marker:0,1786962009.14,1786962009.14,0.0,-0.37,3.991,0.16,0.37,3.991,-3.621
marker:0,1786962009.215,1786962009.215,0.0,-0.576,3.783,0.17,0.576,3.783,-3.207
marker:0,1786962009.29,1786962009.29,0.0,-0.607,3.772,0.1,0.607,3.772,-3.165
marker:0,1786962009.365,1786962009.365,0.0,-0.611,3.799,-0.01,0.611,3.799,-3.1879999999999997
marker:0,1786962009.44,1786962009.44,0.0,-0.662,3.777,-0.11,0.662,3.777,-3.115
marker:0,1786962009.54,1786962009.54,0.0,-0.709,3.748,-0.18,0.709,3.748,-3.039
marker:0,1786962009.615,1786962009.615,0.0,-0.768,3.691,-0.18,0.768,3.691,-2.923
marker:0,1786962009.69,1786962009.69,0.0,-0.811,3.654,-0.18,0.811,3.654,-2.843
marker:0,1786962009.79,1786962009.79,0.0,-0.812,3.619,-0.08,0.812,3.619,-2.8070000000000004
marker:0,1786962009.865,1786962009.865,0.0,-0.894,3.511,0.01,0.894,3.511,-2.617
marker:0,1786962009.965,1786962009.965,0.0,-0.967,3.409,0.11,0.967,3.409,-2.4419999999999997
marker:0,1786962010.065,1786962010.065,0.0,-1.016,3.36,0.11,1.016,3.36,-2.344
marker:0,1786962010.115,1786962010.115,0.0,-1.107,3.275,0.09,1.107,3.275,-2.168
marker:0,1786962010.215,1786962010.215,0.0,-1.157,3.254,-0.01,1.157,3.254,-2.097
marker:0,1786962010.29,1786962010.29,0.0,-1.165,3.288,-0.16,1.165,3.288,-2.1229999999999998
marker:0,1786962010.365,1786962010.365,0.0,-1.198,3.299,-0.31,1.198,3.299,-2.101
marker:0,1786962010.44,1786962010.44,0.0,-1.227,3.29,-0.4,1.227,3.29,-2.0629999999999997
marker:0,1786962010.515,1786962010.515,0.0,-1.199,3.326,-0.41,1.199,3.326,-2.127
marker:0,1786962010.59,1786962010.59,0.0,-1.172,3.337,-0.35,1.172,3.337,-2.165
marker:0,1786962010.69,1786962010.69,0.0,-1.3,3.162,-0.15,1.3,3.162,-1.8619999999999999
marker:0,1786962010.765,1786962010.765,0.0,-1.403,3.01,-0.02,1.403,3.01,-1.6069999999999998
marker:0,1786962010.84,1786962010.84,0.0,-1.515,2.83,0.22,1.515,2.83,-1.3150000000000002
marker:0,1786962010.915,1786962010.915,0.0,-1.667,2.638,0.4,1.667,2.638,-0.9709999999999999
marker:0,1786962011.015,1786962011.015,0.0,-1.849,2.424,0.47,1.849,2.424,-0.575
marker:0,1786962011.09,1786962011.09,0.0,-1.888,2.394,0.41,1.888,2.394,-0.5060000000000002
marker:0,1786962011.14,1786962011.14,0.0,-2.01,2.309,0.26,2.01,2.309,-0.2990000000000004
marker:0,1786962011.215,1786962011.215,0.0,-2.001,2.372,0.12,2.001,2.372,-0.371
marker:0,1786962011.315,1786962011.315,0.0,-1.927,2.466,0.05,1.927,2.466,-0.5390000000000001
marker:0,1786962011.39,1786962011.39,0.0,-1.992,2.448,-0.11,1.992,2.448,-0.45599999999999996
marker:0,1786962011.465,1786962011.465,0.0,-2.049,2.417,-0.2,2.049,2.417,-0.3679999999999999
marker:0,1786962011.59,1786962011.59,0.0,-2.182,2.297,-0.25,2.182,2.297,-0.11500000000000021
marker:0,1786962011.665,1786962011.665,0.0,-2.324,2.156,-0.25,2.324,2.156,0.1679999999999997
marker:0,1786962011.765,1786962011.765,0.0,-2.373,2.092,-0.2,2.373,2.092,0.28100000000000014
marker:0,1786962011.84,1786962011.84,0.0,-2.484,1.976,-0.18,2.484,1.976,0.508
marker:0,1786962011.94,1786962011.94,0.0,-2.535,1.884,-0.04,2.535,1.884,0.6510000000000002
marker:0,1786962012.015,1786962012.015,0.0,-2.618,1.781,0.07,2.618,1.781,0.837
marker:0,1786962012.115,1786962012.115,0.0,-2.762,1.605,0.14,2.762,1.605,1.157
marker:0,1786962012.19,1786962012.19,0.0,-2.961,1.409,0.13,2.961,1.409,1.5519999999999998
marker:0,1786962012.265,1786962012.265,0.0,-3.104,1.283,0.07,3.104,1.283,1.8210000000000002
marker:0,1786962012.34,1786962012.34,0.0,-3.228,1.18,0.0,3.228,1.18,2.048
marker:0,1786962012.415,1786962012.415,0.0,-3.327,1.112,-0.17,3.327,1.112,2.215
marker:0,1786962012.54,1786962012.54,0.0,-3.401,1.11,-0.36,3.401,1.11,2.2909999999999995
marker:0,1786962012.64,1786962012.64,0.0,-3.403,1.142,-0.48,3.403,1.142,2.261
marker:0,1786962012.715,1786962012.715,0.0,-3.39,1.167,-0.52,3.39,1.167,2.223
marker:0,1786962012.79,1786962012.79,0.0,-0.473,4.064,-0.45,0.473,4.064,-3.591
marker:0,1786962012.84,1786962012.84,0.0,-0.538,3.958,-0.31,0.538,3.958,-3.42
marker:0,1786962012.94,1786962012.94,0.0,-0.523,3.904,-0.07,0.523,3.904,-3.381
marker:0,1786962013.015,1786962013.015,0.0,-0.616,3.708,0.29,0.616,3.708,-3.092
marker:0,1786962013.115,1786962013.115,0.0,-0.893,3.391,0.44,0.893,3.391,-2.498
marker:0,1786962013.165,1786962013.165,0.0,-0.957,3.316,0.47,0.957,3.316,-2.359
marker:0,1786962013.24,1786962013.24,0.0,-1.122,3.188,0.34,1.122,3.188,-2.066
marker:0,1786962013.315,1786962013.315,0.0,-1.275,3.118,0.05,1.275,3.118,-1.843
marker:0,1786962013.39,1786962013.39,0.0,-1.246,3.207,-0.16,1.246,3.207,-1.9609999999999999
marker:0,1786962013.44,1786962013.44,0.0,-1.302,3.215,-0.38,1.302,3.215,-1.9129999999999998
marker:0,1786962013.54,1786962013.54,0.0,-0.742,3.826,-0.56,0.742,3.826,-3.084
marker:0,1786962013.615,1786962013.615,0.0,-0.751,3.797,-0.47,0.751,3.797,-3.0460000000000003
marker:0,1786962013.665,1786962013.665,0.0,-0.904,3.616,-0.39,0.904,3.616,-2.712
marker:0,1786962013.74,1786962013.74,0.0,-0.74,3.679,-0.04,0.74,3.679,-2.939
marker:0,1786962013.84,1786962013.84,0.0,-0.916,3.446,0.42,0.916,3.446,-2.5300000000000002
marker:0,1786962013.89,1786962013.89,0.0,-1.072,3.178,0.6,1.072,3.178,-2.106
marker:0,1786962013.965,1786962013.965,0.0,-1.159,3.065,0.64,1.159,3.065,-1.906
marker:0,1786962014.04,1786962014.04,0.0,-1.057,3.184,0.53,1.057,3.184,-2.1270000000000002
marker:0,1786962014.115,1786962014.115,0.0,-1.225,3.097,0.3,1.225,3.097,-1.8719999999999999
marker:0,1786962014.165,1786962014.165,0.0,-1.156,3.217,0.03,1.156,3.217,-2.061
marker:0,1786962014.24,1786962014.24,0.0,-1.308,3.186,-0.3,1.308,3.186,-1.878
marker:0,1786962014.34,1786962014.34,0.0,-1.192,3.391,-0.61,1.192,3.391,-2.199
marker:0,1786962014.415,1786962014.415,0.0,-0.83,3.804,-0.79,0.83,3.804,-2.9739999999999998
marker:0,1786962014.465,1786962014.465,0.0,-0.941,3.682,-0.75,0.941,3.682,-2.741
marker:0,1786962014.54,1786962014.54,0.0,-1.09,3.476,-0.55,1.09,3.476,-2.386
marker:0,1786962014.64,1786962014.64,0.0,-0.897,3.559,-0.17,0.897,3.559,-2.662
marker:0,1786962014.69,1786962014.69,0.0,-1.274,3.117,0.15,1.274,3.117,-1.843
marker:0,1786962014.79,1786962014.79,0.0,-1.322,2.968,0.47,1.322,2.968,-1.646
marker:0,1786962014.89,1786962014.89,0.0,-1.187,3.069,0.53,1.187,3.069,-1.882
marker:0,1786962014.94,1786962014.94,0.0,-1.246,3.021,0.49,1.246,3.021,-1.775
marker:0,1786962015.04,1786962015.04,0.0,-1.302,3.02,0.3,1.302,3.02,-1.718
marker:0,1786962015.115,1786962015.115,0.0,-1.45,2.993,-0.12,1.45,2.993,-1.543
marker:0,1786962015.215,1786962015.215,0.0,-1.424,3.116,-0.46,1.424,3.116,-1.6920000000000002
marker:0,1786962015.34,1786962015.34,0.0,-0.934,3.609,-0.47,0.934,3.609,-2.675
marker:0,1786962015.415,1786962015.415,0.0,-1.01,3.492,-0.28,1.01,3.492,-2.482
marker:0,1786962015.465,1786962015.465,0.0,-0.966,3.462,-0.07,0.966,3.462,-2.4960000000000004
marker:0,1786962015.59,1786962015.59,0.0,-1.344,2.978,0.3,1.344,2.978,-1.6340000000000001
marker:0,1786962015.69,1786962015.69,0.0,-1.589,2.687,0.46,1.589,2.687,-1.0979999999999999
marker:0,1786962015.765,1786962015.765,0.0,-1.858,2.423,0.44,1.858,2.423,-0.565
marker:0,1786962015.84,1786962015.84,0.0,-1.689,2.656,0.22,1.689,2.656,-0.9670000000000001
marker:0,1786962015.915,1786962015.915,0.0,-1.767,2.632,0.03,1.767,2.632,-0.8650000000000002
marker:0,1786962015.99,1786962015.99,0.0,-1.745,2.726,-0.22,1.745,2.726,-0.9809999999999999
marker:0,1786962016.065,1786962016.065,0.0,-1.828,2.698,-0.41,1.828,2.698,-0.8699999999999999
marker:0,1786962016.115,1786962016.115,0.0,-1.786,2.745,-0.43,1.786,2.745,-0.9590000000000001
marker:0,1786962016.19,1786962016.19,0.0,-1.75,2.775,-0.41,1.75,2.775,-1.025
marker:0,1786962016.24,1786962016.24,0.0,-1.795,2.704,-0.32,1.795,2.704,-0.9090000000000003
marker:0,1786962016.315,1786962016.315,0.0,-1.739,2.723,-0.16,1.739,2.723,-0.9839999999999998
marker:0,1786962016.39,1786962016.39,0.0,-1.851,2.557,0.0,1.851,2.557,-0.706
marker:0,1786962016.465,1786962016.465,0.0,-1.933,2.472,0.02,1.933,2.472,-0.5389999999999999
marker:0,1786962016.54,1786962016.54,0.0,-2.053,2.354,0.0,2.053,2.354,-0.30100000000000016
marker:0,1786962016.59,1786962016.59,0.0,-2.082,2.34,-0.05,2.082,2.34,-0.258
marker:0,1786962016.69,1786962016.69,0.0,-1.26,3.185,-0.15,1.26,3.185,-1.925
marker:0,1786962016.765,1786962016.765,0.0,-1.333,3.121,-0.16,1.333,3.121,-1.788
marker:0,1786962016.84,1786962016.84,0.0,-1.357,3.079,-0.1,1.357,3.079,-1.7220000000000002
marker:0,1786962016.89,1786962016.89,0.0,-1.426,2.982,0.0,1.426,2.982,-1.5560000000000003
marker:0,1786962016.965,1786962016.965,0.0,-1.446,2.924,0.13,1.446,2.924,-1.478
marker:0,1786962017.04,1786962017.04,0.0,-1.487,2.858,0.29,1.487,2.858,-1.371
marker:0,1786962017.09,1786962017.09,0.0,-1.635,2.669,0.36,1.635,2.669,-1.034
marker:0,1786962017.165,1786962017.165,0.0,-1.741,2.552,0.4,1.741,2.552,-0.8109999999999999
marker:0,1786962017.24,1786962017.24,0.0,-1.841,2.461,0.37,1.841,2.461,-0.6199999999999999
marker:0,1786962017.34,1786962017.34,0.0,-1.869,2.479,0.2,1.869,2.479,-0.6100000000000001
marker:0,1786962017.415,1786962017.415,0.0,-1.905,2.474,0.1,1.905,2.474,-0.5690000000000002
marker:0,1786962017.49,1786962017.49,0.0,-1.918,2.484,0.02,1.918,2.484,-0.5660000000000001
marker:0,1786962017.615,1786962017.615,0.0,-1.978,2.407,0.08,1.978,2.407,-0.42900000000000005
marker:0,1786962017.665,1786962017.665,0.0,-2.098,2.267,0.17,2.098,2.267,-0.16900000000000004
marker:0,1786962017.765,1786962017.765,0.0,-2.172,2.141,0.33,2.172,2.141,0.03100000000000014
marker:0,1786962017.84,1786962017.84,0.0,-2.18,2.098,0.51,2.18,2.098,0.0820000000000003
marker:0,1786962017.89,1786962017.89,0.0,-2.376,1.856,0.61,2.376,1.856,0.5199999999999998
marker:0,1786962017.965,1786962017.965,0.0,-2.466,1.736,0.72,2.466,1.736,0.7300000000000002
marker:0,1786962018.04,1786962018.04,0.0,-2.595,1.579,0.72,2.595,1.579,1.0160000000000002
marker:0,1786962018.14,1786962018.14,0.0,-2.734,1.473,0.7,2.734,1.473,1.261
marker:0,1786962018.215,1786962018.215,0.0,-2.801,1.44,0.58,2.801,1.44,1.3610000000000002
marker:0,1786962018.265,1786962018.265,0.0,-2.826,1.444,0.48,2.826,1.444,1.3820000000000001
marker:0,1786962018.365,1786962018.365,0.0,-2.793,1.531,0.29,2.793,1.531,1.2620000000000002
marker:0,1786962018.465,1786962018.465,0.0,-2.751,1.608,0.14,2.751,1.608,1.1429999999999998
marker:0,1786962018.565,1786962018.565,0.0,-2.83,1.54,0.13,2.83,1.54,1.29
marker:0,1786962018.665,1786962018.665,0.0,-2.862,1.489,0.2,2.862,1.489,1.373
marker:0,1786962018.765,1786962018.765,0.0,-2.871,1.436,0.35,2.871,1.436,1.435
marker:0,1786962018.84,1786962018.84,0.0,-2.963,1.338,0.39,2.963,1.338,1.625
marker:0,1786962018.915,1786962018.915,0.0,-3.174,1.11,0.43,3.174,1.11,2.064
marker:0,1786962019.015,1786962019.015,0.0,-3.292,0.969,0.52,3.292,0.969,2.323
marker:0,1786962019.09,1786962019.09,0.0,-3.492,0.765,0.57,3.492,0.765,2.727
marker:0,1786962019.165,1786962019.165,0.0,-3.613,0.623,0.6,3.613,0.623,2.99
marker:0,1786962019.265,1786962019.265,0.0,-1.93,2.3,0.62,1.93,2.3,-0.3699999999999999
marker:0,1786962019.365,1786962019.365,0.0,-1.964,2.274,0.59,1.964,2.274,-0.31000000000000005
marker:0,1786962019.44,1786962019.44,0.0,-1.999,2.254,0.54,1.999,2.254,-0.2549999999999999
marker:0,1786962019.515,1786962019.515,0.0,-1.48,2.779,0.52,1.48,2.779,-1.299
marker:0,1786962019.565,1786962019.565,0.0,-1.596,2.669,0.5,1.596,2.669,-1.073
marker:0,1786962019.64,1786962019.64,0.0,-1.736,2.528,0.5,1.736,2.528,-0.792
marker:0,1786962019.715,1786962019.715,0.0,-0.632,3.633,0.5,0.632,3.633,-3.001
marker:0,1786962019.765,1786962019.765,0.0,-0.687,3.563,0.55,0.687,3.563,-2.8760000000000003
marker:0,1786962019.84,1786962019.84,0.0,-1.6,2.633,0.61,1.6,2.633,-1.033
marker:0,1786962019.89,1786962019.89,0.0,-1.684,2.54,0.69,1.684,2.54,-0.8560000000000001
marker:0,1786962019.965,1786962019.965,0.0,-1.795,2.394,0.76,1.795,2.394,-0.5990000000000002
marker:0,1786962020.04,1786962020.04,0.0,-1.818,2.349,0.84,1.818,2.349,-0.5310000000000001
marker:0,1786962020.14,1786962020.14,0.0,-1.858,2.298,0.88,1.858,2.298,-0.43999999999999995
marker:0,1786962020.215,1786962020.215,0.0,-1.847,2.292,0.94,1.847,2.292,-0.44499999999999984
marker:0,1786962020.29,1786962020.29,0.0,-1.888,2.233,1.0,1.888,2.233,-0.3450000000000002
marker:0,1786962020.365,1786962020.365,0.0,-1.574,2.524,1.11,1.574,2.524,-0.95
marker:0,1786962020.465,1786962020.465,0.0,-1.74,2.355,1.09,1.74,2.355,-0.615
marker:0,1786962020.54,1786962020.54,0.0,-1.85,2.251,1.03,1.85,2.251,-0.4009999999999998
marker:0,1786962020.59,1786962020.59,0.0,-1.89,2.248,0.94,1.89,2.248,-0.3580000000000003
marker:0,1786962020.74,1786962020.74,0.0,-1.857,2.344,0.72,1.857,2.344,-0.4869999999999999
marker:0,1786962020.79,1786962020.79,0.0,-1.813,2.428,0.58,1.813,2.428,-0.615
marker:0,1786962020.89,1786962020.89,0.0,-1.947,2.335,0.44,1.947,2.335,-0.3879999999999999
marker:0,1786962020.965,1786962020.94,-0.02499985694885254,-1.957,2.327,0.43,1.957,2.327,-0.3699999999999999
marker:0,1786962021.04,1786962021.04,0.0,-1.834,2.447,0.47,1.834,2.447,-0.613
marker:0,1786962021.09,1786962021.09,0.0,-1.82,2.413,0.61,1.82,2.413,-0.5929999999999997
marker:0,1786962021.165,1786962021.165,0.0,-1.943,2.235,0.84,1.943,2.235,-0.2919999999999998
marker:0,1786962021.24,1786962021.24,0.0,-1.965,2.159,0.99,1.965,2.159,-0.19399999999999973
marker:0,1786962021.34,1786962021.34,0.0,-2.066,2.014,1.15,2.066,2.014,0.052000000000000046
marker:0,1786962021.415,1786962021.415,0.0,-2.329,1.738,1.18,2.329,1.738,0.5910000000000002
marker:0,1786962021.465,1786962021.465,0.0,-2.463,1.621,1.13,2.463,1.621,0.8420000000000001
marker:0,1786962021.565,1786962021.565,0.0,-2.671,1.439,1.01,2.671,1.439,1.2319999999999998
marker:0,1786962021.615,1786962021.615,0.0,-2.669,1.506,0.81,2.669,1.506,1.163
marker:0,1786962021.715,1786962021.715,0.0,-2.518,1.7,0.66,2.518,1.7,0.8179999999999998
marker:0,1786962021.765,1786962021.765,0.0,-2.625,1.602,0.63,2.625,1.602,1.023
marker:0,1786962021.815,1786962021.815,0.0,-2.688,1.551,0.59,2.688,1.551,1.1370000000000002
marker:0,1786962021.89,1786962021.89,0.0,-2.719,1.508,0.63,2.719,1.508,1.2109999999999999
marker:0,1786962021.965,1786962021.965,0.0,-2.728,1.471,0.73,2.728,1.471,1.2570000000000001
marker:0,1786962022.015,1786962022.015,0.0,-2.682,1.471,0.89,2.682,1.471,1.2109999999999999
marker:0,1786962022.14,1786962022.14,0.0,-2.651,1.441,1.1,2.651,1.441,1.2099999999999997
marker:0,1786962022.19,1786962022.19,0.0,-2.677,1.392,1.18,2.677,1.392,1.2850000000000001
marker:0,1786962022.265,1786962022.265,0.0,-2.797,1.269,1.19,2.797,1.269,1.5280000000000002
marker:0,1786962022.365,1786962022.365,0.0,-2.814,1.258,1.17,2.814,1.258,1.556
marker:0,1786962022.49,1786962022.49,0.0,-2.741,1.411,0.89,2.741,1.411,1.33
marker:0,1786962022.565,1786962022.565,0.0,-2.791,1.388,0.8,2.791,1.388,1.403
marker:0,1786962022.74,1786962022.74,0.0,-2.899,1.262,0.86,2.899,1.262,1.637
marker:0,1786962022.84,1786962022.84,0.0,-3.267,0.843,1.04,3.267,0.843,2.424
marker:0,1786962022.965,1786962022.965,0.0,-3.343,0.677,1.35,3.343,0.677,2.666
marker:0,1786962023.115,1786962023.115,0.0,-3.635,0.329,1.54,3.635,0.329,3.3059999999999996
marker:0,1786962023.19,1786962023.19,0.0,-3.782,0.193,1.51,3.782,0.193,3.589
marker:0,1786962023.44,1786962023.44,0.0,-3.429,0.746,0.81,3.429,0.746,2.683
marker:0,1786962023.54,1786962023.54,0.0,-3.576,0.637,0.59,3.576,0.637,2.939
marker:0,1786962023.665,1786962023.665,0.0,-3.474,0.797,0.48,3.474,0.797,2.677
marker:0,1786962023.84,1786962023.84,0.0,-3.35,0.865,0.67,3.35,0.865,2.4850000000000003
marker:0,1786962023.94,1786962023.94,0.0,-3.855,0.306,0.86,3.855,0.306,3.549
marker:0,1786962024.54,1786962024.54,0.0,-2.942,1.063,1.28,2.942,1.063,1.8790000000000002
marker:0,1786962024.615,1786962024.615,0.0,-3.013,0.988,1.44,3.013,0.988,2.025
marker:0,1786962024.715,1786962024.715,0.0,-3.035,0.935,1.53,3.035,0.935,2.1
marker:0,1786962024.815,1786962024.815,0.0,-3.057,0.906,1.55,3.057,0.906,2.151
marker:0,1786962024.89,1786962024.89,0.0,-3.128,0.856,1.48,3.128,0.856,2.2720000000000002
marker:0,1786962024.99,1786962024.99,0.0,-3.16,0.852,1.38,3.16,0.852,2.3080000000000003
marker:0,1786962025.09,1786962025.09,0.0,-3.34,0.718,1.22,3.34,0.718,2.622
marker:0,1786962025.165,1786962025.165,0.0,-3.296,0.834,0.97,3.296,0.834,2.4619999999999997
marker:0,1786962025.315,1786962025.315,0.0,-3.447,0.745,0.75,3.447,0.745,2.702
marker:0,1786962025.39,1786962025.39,0.0,-3.467,0.746,0.68,3.467,0.746,2.721
marker:0,1786962025.465,1786962025.465,0.0,-3.56,0.659,0.66,3.56,0.659,2.901
marker:0,1786962025.565,1786962025.565,0.0,-3.377,0.85,0.63,3.377,0.85,2.5269999999999997
marker:0,1786962025.64,1786962025.64,0.0,-3.436,0.774,0.69,3.436,0.774,2.662
marker:0,1786962025.74,1786962025.74,0.0,-3.493,0.706,0.73,3.493,0.706,2.787
marker:0,1786962025.79,1786962025.79,0.0,-3.594,0.61,0.71,3.594,0.61,2.984
marker:0,1786962025.915,1786962025.915,0.0,-3.614,0.576,0.76,3.614,0.576,3.038
marker:0,1786962025.965,1786962025.965,0.0,-3.293,0.891,0.78,3.293,0.891,2.402
marker:0,1786962026.04,1786962026.04,0.0,-3.369,0.809,0.8,3.369,0.809,2.56
marker:0,1786962026.115,1786962026.115,0.0,-3.357,0.807,0.85,3.357,0.807,2.5500000000000003
marker:0,1786962026.19,1786962026.19,0.0,-3.5,0.626,0.98,3.5,0.626,2.874
marker:0,1786962026.24,1786962026.24,0.0,-2.252,1.869,1.03,2.252,1.869,0.3829999999999998
marker:0,1786962026.315,1786962026.315,0.0,-2.304,1.785,1.11,2.304,1.785,0.5189999999999999
marker:0,1786962026.415,1786962026.415,0.0,-2.486,1.598,1.13,2.486,1.598,0.8880000000000001
marker:0,1786962026.49,1786962026.49,0.0,-2.559,1.513,1.17,2.559,1.513,1.0460000000000003
marker:0,1786962026.565,1786962026.565,0.0,-2.67,1.388,1.22,2.67,1.388,1.282
marker:0,1786962026.64,1786962026.64,0.0,-2.752,1.312,1.2,2.752,1.312,1.4399999999999997
marker:0,1786962026.69,1786962026.69,0.0,-2.86,1.361,1.21,2.86,1.361,1.4989999999999999
marker:0,1786962026.815,1786962026.815,0.0,-2.534,1.541,1.16,2.534,1.541,0.9929999999999999
marker:0,1786962026.89,1786962026.89,0.0,-2.464,1.622,1.12,2.464,1.622,0.8419999999999999
marker:0,1786962026.965,1786962026.965,0.0,-2.661,1.454,1.02,2.661,1.454,1.207
marker:0,1786962027.04,1786962027.04,0.0,-2.648,1.49,0.94,2.648,1.49,1.1580000000000001
marker:0,1786962027.14,1786962027.14,0.0,-2.682,1.476,0.87,2.682,1.476,1.206
marker:0,1786962027.19,1786962027.19,0.0,-2.689,1.498,0.77,2.689,1.498,1.191
marker:0,1786962027.265,1786962027.265,0.0,-2.812,1.395,0.7,2.812,1.395,1.4169999999999998
marker:0,1786962027.365,1786962027.365,0.0,-2.75,1.457,0.7,2.75,1.457,1.293
marker:0,1786962027.415,1786962027.415,0.0,-2.749,1.46,0.69,2.749,1.46,1.2890000000000001
marker:0,1786962027.49,1786962027.49,0.0,-2.773,1.437,0.69,2.773,1.437,1.336
marker:0,1786962027.59,1786962027.59,0.0,-2.772,1.435,0.7,2.772,1.435,1.3369999999999997
marker:0,1786962027.665,1786962027.665,0.0,-2.841,1.372,0.68,2.841,1.372,1.469
marker:0,1786962027.74,1786962027.74,0.0,-2.851,1.353,0.71,2.851,1.353,1.498
marker:0,1786962027.84,1786962027.84,0.0,-2.903,1.293,0.74,2.903,1.293,1.61
marker:0,1786962027.89,1786962027.89,0.0,-2.941,1.243,0.82,2.941,1.243,1.6979999999999997
marker:0,1786962027.965,1786962027.965,0.0,-3.108,1.051,0.95,3.108,1.051,2.0570000000000004
marker:0,1786962028.015,1786962028.015,0.0,-3.088,1.024,1.03,3.088,1.024,2.064
marker:0,1786962028.14,1786962028.14,0.0,-3.172,0.892,1.25,3.172,0.892,2.2800000000000002
marker:0,1786962028.215,1786962028.215,0.0,-3.286,0.726,1.38,3.286,0.726,2.56
marker:0,1786962028.29,1786962028.29,0.0,-3.344,0.668,1.38,3.344,0.668,2.6759999999999997
marker:0,1786962028.365,1786962028.365,0.0,-3.337,0.695,1.31,3.337,0.695,2.6420000000000003
marker:0,1786962028.44,1786962028.44,0.0,-3.384,0.656,1.28,3.384,0.656,2.7279999999999998
marker:0,1786962028.54,1786962028.54,0.0,-3.293,0.774,1.19,3.293,0.774,2.519
marker:0,1786962028.64,1786962028.64,0.0,-3.211,0.861,1.19,3.211,0.861,2.3499999999999996
marker:0,1786962028.74,1786962028.74,0.0,-3.272,0.778,1.25,3.272,0.778,2.4939999999999998
marker:0,1786962028.84,1786962028.84,0.0,-3.437,0.59,1.33,3.437,0.59,2.847
marker:0,1786962028.915,1786962028.915,0.0,-3.423,0.592,1.37,3.423,0.592,2.831
marker:0,1786962028.965,1786962028.965,0.0,-3.589,0.435,1.34,3.589,0.435,3.154
marker:0,1786962029.065,1786962029.065,0.0,-3.55,0.497,1.23,3.55,0.497,3.053
marker:0,1786962029.165,1786962029.165,0.0,-3.466,0.635,1.07,3.466,0.635,2.8310000000000004
marker:0,1786962029.24,1786962029.24,0.0,-3.385,0.768,0.89,3.385,0.768,2.617
marker:0,1786962029.315,1786962029.315,0.0,-3.305,0.882,0.77,3.305,0.882,2.423
marker:0,1786962029.514,1786962029.514,0.0,-3.118,1.089,0.7,3.118,1.089,2.029
marker:0,1786962029.565,1786962029.565,0.0,-3.342,0.845,0.77,3.342,0.845,2.497
marker:0,1786962029.665,1786962029.665,0.0,-3.449,0.698,0.91,3.449,0.698,2.751
marker:0,1786962047.964,1786962047.964,0.0,-2.807,1.607,-0.02,2.807,1.607,1.2
marker:0,1786962048.039,1786962048.039,0.0,-2.697,1.711,-0.01,2.697,1.711,0.986
marker:0,1786962048.114,1786962048.114,0.0,-2.615,1.792,0.0,2.615,1.792,0.8230000000000002
marker:0,1786962048.189,1786962048.189,0.0,-2.512,1.879,0.06,2.512,1.879,0.633
marker:0,1786962048.239,1786962048.239,0.0,-2.627,1.732,0.17,2.627,1.732,0.8949999999999998
marker:0,1786962048.314,1786962048.314,0.0,-2.502,1.828,0.27,2.502,1.828,0.6739999999999997
marker:0,1786962048.439,1786962048.439,0.0,-2.236,2.023,0.52,2.236,2.023,0.21300000000000008
marker:0,1786962048.489,1786962048.489,0.0,-2.198,2.052,0.54,2.198,2.052,0.1459999999999999
marker:0,1786962048.614,1786962048.614,0.0,-2.698,1.567,0.43,2.698,1.567,1.131
marker:0,1786962048.664,1786962048.664,0.0,-2.575,1.718,0.35,2.575,1.718,0.8570000000000002
marker:0,1786962048.764,1786962048.764,0.0,-2.497,1.847,0.22,2.497,1.847,0.6499999999999999
marker:0,1786962048.814,1786962048.814,0.0,-3.239,1.125,0.12,3.239,1.125,2.114
marker:0,1786962048.889,1786962048.889,0.0,-3.133,1.263,0.04,3.133,1.263,1.87
marker:0,1786962049.039,1786962049.039,0.0,-2.753,1.623,0.14,2.753,1.623,1.1300000000000001
marker:0,1786962049.139,1786962049.139,0.0,-3.076,1.254,0.27,3.076,1.254,1.822
marker:0,1786962049.189,1786962049.189,0.0,-2.936,1.385,0.3,2.936,1.385,1.551
marker:0,1786962049.314,1786962049.314,0.0,-2.778,1.515,0.4,2.778,1.515,1.2630000000000001
marker:0,1786962049.389,1786962049.389,0.0,-2.681,1.606,0.42,2.681,1.606,1.075
marker:0,1786962049.464,1786962049.464,0.0,-2.64,1.644,0.43,2.64,1.644,0.9960000000000002
marker:0,1786962049.539,1786962049.539,0.0,-2.555,1.712,0.49,2.555,1.712,0.8430000000000002
marker:0,1786962049.639,1786962049.639,0.0,-2.483,1.747,0.63,2.483,1.747,0.736
marker:0,1786962049.739,1786962049.739,0.0,-2.37,1.82,0.81,2.37,1.82,0.55
marker:0,1786962049.839,1786962049.839,0.0,-2.227,1.902,1.01,2.227,1.902,0.32499999999999996
marker:0,1786962049.914,1786962049.914,0.0,-3.585,0.516,1.07,3.585,0.516,3.069
marker:0,1786962050.014,1786962050.014,0.0,-3.477,0.629,1.05,3.477,0.629,2.848
marker:0,1786962050.089,1786962050.089,0.0,-3.314,0.813,0.98,3.314,0.813,2.5010000000000003
marker:0,1786962050.164,1786962050.164,0.0,-3.218,0.963,0.79,3.218,0.963,2.255
marker:0,1786962050.239,1786962050.239,0.0,-3.899,0.316,0.67,3.899,0.316,3.583
marker:0,1786962050.339,1786962050.339,0.0,-3.707,0.546,0.52,3.707,0.546,3.1609999999999996
marker:0,1786962050.389,1786962050.389,0.0,-3.531,0.748,0.45,3.531,0.748,2.7830000000000004
marker:0,1786962050.464,1786962050.464,0.0,-3.431,0.847,0.45,3.431,0.847,2.584
marker:0,1786962050.539,1786962050.539,0.0,-3.207,1.068,0.46,3.207,1.068,2.139
marker:0,1786962050.639,1786962050.639,0.0,-3.044,1.237,0.44,3.044,1.237,1.807
marker:0,1786962050.739,1786962050.739,0.0,-4.231,0.076,0.31,4.231,0.076,4.155
marker:0,1786962050.864,1786962050.864,0.0,-4.025,0.337,0.11,4.025,0.337,3.688
marker:0,1786962050.989,1786962050.989,0.0,-3.82,0.57,0.06,3.82,0.57,3.25
marker:0,1786962051.114,1786962051.114,0.0,-4.29,0.072,0.16,4.29,0.072,4.218
marker:0,1786962051.239,1786962051.239,0.0,-4.106,0.219,0.29,4.106,0.219,3.887
marker:0,1786962051.339,1786962051.339,0.0,-3.987,0.323,0.37,3.987,0.323,3.664
marker:0,1786962051.389,1786962051.389,0.0,-3.782,0.514,0.39,3.782,0.514,3.268
marker:0,1786962051.489,1786962051.489,0.0,-3.64,0.636,0.46,3.64,0.636,3.004
marker:0,1786962051.639,1786962051.639,0.0,-3.418,0.827,0.57,3.418,0.827,2.591
marker:0,1786962051.764,1786962051.764,0.0,-3.189,1.018,0.7,3.189,1.018,2.1710000000000003
marker:0,1786962051.864,1786962051.864,0.0,-3.031,1.17,0.72,3.031,1.17,1.8610000000000002
marker:0,1786962051.939,1786962051.939,0.0,-2.961,1.238,0.68,2.961,1.238,1.7229999999999999
marker:0,1786962052.189,1786962052.189,0.0,-2.684,1.612,0.39,2.684,1.612,1.072
marker:0,1786962052.264,1786962052.239,-0.02499985694885254,-2.555,1.755,0.34,2.555,1.755,0.8000000000000003
marker:0,1786962052.339,1786962052.339,0.0,-1.671,2.629,0.34,1.671,2.629,-0.958
marker:0,1786962052.464,1786962052.464,0.0,-0.969,3.301,0.48,0.969,3.301,-2.3320000000000003
marker:0,1786962052.514,1786962052.514,0.0,-0.54,3.696,0.6,0.54,3.696,-3.156
marker:0,1786962052.589,1786962052.589,0.0,-0.377,3.835,0.68,0.377,3.835,-3.458
marker:0,1786962052.664,1786962052.664,0.0,-0.089,4.127,0.67,0.089,4.127,-4.037999999999999
marker:0,1786962052.739,1786962052.739,0.0,0.06,4.299,0.56,0.06,4.299,-4.239000000000001
marker:0,1786962052.839,1786962052.839,0.0,0.156,4.461,0.36,0.156,4.461,-4.305000000000001
marker:0,1786962052.889,1786962052.889,0.0,0.491,4.835,0.22,0.491,4.835,-4.344
marker:0,1786962052.964,1786962052.964,0.0,0.696,5.086,0.06,0.696,5.086,-4.390000000000001
marker:0,1786962053.064,1786962053.064,0.0,1.112,5.52,0.01,1.112,5.52,-4.4079999999999995
marker:0,1786962053.114,1786962053.114,0.0,1.415,5.814,0.05,1.415,5.814,-4.399
marker:0,1786962053.214,1786962053.214,0.0,1.652,6.019,0.14,1.652,6.019,-4.367
marker:0,1786962053.289,1786962053.289,0.0,1.813,6.14,0.28,1.813,6.14,-4.327
marker:0,1786962053.389,1786962053.389,0.0,1.991,6.261,0.48,1.991,6.261,-4.27
marker:0,1786962053.489,1786962053.489,0.0,2.116,6.332,0.67,2.116,6.332,-4.215999999999999
marker:0,1786962053.589,1786962053.589,0.0,2.261,6.454,0.75,2.261,6.454,-4.193
marker:0,1786962053.689,1786962053.689,0.0,2.381,6.58,0.73,2.381,6.58,-4.199
marker:0,1786962053.764,1786962053.764,0.0,2.611,6.823,0.68,2.611,6.823,-4.212
marker:0,1786962053.814,1786962053.814,0.0,3.033,7.26,0.63,3.033,7.26,-4.227
marker:0,1786962053.864,1786962053.864,0.0,3.368,7.598,0.62,3.368,7.598,-4.23
marker:0,1786962053.939,1786962053.939,0.0,3.643,7.881,0.59,3.643,7.881,-4.238
marker:0,1786962054.039,1786962054.039,0.0,3.921,8.142,0.65,3.921,8.142,-4.221
marker:0,1786962054.089,1786962054.089,0.0,4.046,8.259,0.68,4.046,8.259,-4.213
marker:0,1786962054.164,1786962054.164,0.0,4.218,8.408,0.76,4.218,8.408,-4.1899999999999995
marker:0,1786962054.239,1786962054.239,0.0,4.527,8.717,0.76,4.527,8.717,-4.19
marker:0,1786962054.314,1786962054.314,0.0,4.674,8.861,0.77,4.674,8.861,-4.187
marker:0,1786962054.389,1786962054.389,0.0,4.919,9.1,0.79,4.919,9.1,-4.181
marker:0,1786962054.464,1786962054.464,0.0,5.163,9.356,0.75,5.163,9.356,-4.193
marker:0,1786962054.539,1786962054.539,0.0,5.461,9.665,0.71,5.461,9.665,-4.203999999999999
marker:0,1786962062.789,1786962062.789,0.0,-1.528,2.871,0.03,1.528,2.871,-1.343
marker:0,1786962062.864,1786962062.864,0.0,-1.434,2.968,0.01,1.434,2.968,-1.534
marker:0,1786962062.939,1786962062.939,0.0,-1.384,3.015,0.03,1.384,3.015,-1.6310000000000002
marker:0,1786962063.014,1786962063.014,0.0,-1.291,3.117,0.0,1.291,3.117,-1.826
marker:0,1786962063.089,1786962063.089,0.0,-3.601,0.877,0.0,3.601,0.877,2.724
marker:0,1786962063.164,1786962063.164,0.0,-3.457,0.959,-0.03,3.457,0.959,2.4979999999999998
marker:0,1786962063.264,1786962063.264,0.0,-3.334,1.074,0.0,3.334,1.074,2.26
marker:0,1786962063.339,1786962063.339,0.0,-3.229,1.179,0.0,3.229,1.179,2.05
marker:0,1786962063.414,1786962063.414,0.0,-3.161,1.246,0.0,3.161,1.246,1.915
marker:0,1786962063.489,1786962063.489,0.0,-2.894,1.497,0.06,2.894,1.497,1.397
marker:0,1786962063.564,1786962063.564,0.0,-2.837,1.548,0.08,2.837,1.548,1.2890000000000001
marker:0,1786962063.664,1786962063.664,0.0,-3.301,1.078,0.11,3.301,1.078,2.223
marker:0,1786962063.714,1786962063.714,0.0,-3.252,1.127,0.09,3.252,1.127,2.125
marker:0,1786962063.814,1786962063.814,0.0,-3.295,1.092,0.07,3.295,1.092,2.203
marker:0,1786962063.864,1786962063.864,0.0,-3.392,1.007,0.03,3.392,1.007,2.385
marker:0,1786962063.964,1786962063.964,0.0,-3.26,1.153,-0.02,3.26,1.153,2.1069999999999998
marker:0,1786962064.039,1786962064.039,0.0,-3.023,1.408,-0.15,3.023,1.408,1.6150000000000002
marker:0,1786962064.114,1786962064.114,0.0,-2.998,1.487,-0.27,2.998,1.487,1.5110000000000001
marker:0,1786962064.214,1786962064.214,0.0,-3.02,1.505,-0.41,3.02,1.505,1.5150000000000001
marker:0,1786962064.339,1786962064.339,0.0,-2.889,1.702,-0.64,2.889,1.702,1.1869999999999998
marker:0,1786962064.389,1786962064.389,0.0,-2.53,2.078,-0.7,2.53,2.078,0.45199999999999996
marker:0,1786962064.464,1786962064.464,0.0,-2.988,1.629,-0.73,2.988,1.629,1.359
marker:0,1786962064.539,1786962064.539,0.0,-2.859,1.758,-0.73,2.859,1.758,1.101
marker:0,1786962064.639,1786962064.639,0.0,-2.836,1.766,-0.71,2.836,1.766,1.0699999999999998
marker:0,1786962064.739,1786962064.739,0.0,-3.151,1.443,-0.65,3.151,1.443,1.7079999999999997
marker:0,1786962064.789,1786962064.789,0.0,-3.213,1.381,-0.64,3.213,1.381,1.832
marker:0,1786962064.889,1786962064.889,0.0,-3.161,1.422,-0.61,3.161,1.422,1.739
marker:0,1786962064.964,1786962064.964,0.0,-3.128,1.448,-0.61,3.128,1.448,1.6800000000000002
marker:0,1786962065.014,1786962065.014,0.0,-3.183,1.396,-0.61,3.183,1.396,1.787
marker:0,1786962065.064,1786962065.064,0.0,-3.126,1.468,-0.65,3.126,1.468,1.658
marker:0,1786962065.139,1786962065.139,0.0,-3.086,1.505,-0.64,3.086,1.505,1.581
marker:0,1786962065.239,1786962065.239,0.0,-3.031,1.587,-0.57,3.031,1.587,1.4440000000000002
marker:0,1786962065.289,1786962065.289,0.0,-2.786,1.771,-0.47,2.786,1.771,1.0150000000000001
marker:0,1786962065.439,1786962065.439,0.0,-3.116,1.34,-0.17,3.116,1.34,1.776
marker:0,1786962065.489,1786962065.489,0.0,-3.078,1.33,0.0,3.078,1.33,1.7479999999999998
marker:0,1786962065.589,1786962065.589,0.0,-3.251,1.151,0.19,3.251,1.151,2.0999999999999996
marker:0,1786962065.664,1786962065.664,0.0,-3.111,1.231,0.23,3.111,1.231,1.8800000000000001
marker:0,1786962065.714,1786962065.714,0.0,-3.157,1.185,0.23,3.157,1.185,1.972
marker:0,1786962065.839,1786962065.839,0.0,-3.042,1.345,0.07,3.042,1.345,1.6969999999999998
marker:0,1786962065.889,1786962065.889,0.0,-2.73,1.68,-0.01,2.73,1.68,1.05
marker:0,1786962065.964,1786962065.964,0.0,-2.568,1.874,-0.12,2.568,1.874,0.694
marker:0,1786962066.014,1786962066.014,0.0,-2.342,2.112,-0.16,2.342,2.112,0.22999999999999998
marker:0,1786962066.114,1786962066.114,0.0,-2.095,2.332,-0.07,2.095,2.332,-0.23699999999999966
marker:0,1786962066.214,1786962066.214,0.0,-2.505,1.894,0.03,2.505,1.894,0.611
marker:0,1786962066.314,1786962066.314,0.0,-2.658,1.718,0.11,2.658,1.718,0.94
marker:0,1786962066.389,1786962066.389,0.0,-2.732,1.633,0.15,2.732,1.633,1.0990000000000002
marker:0,1786962066.489,1786962066.489,0.0,-2.753,1.62,0.08,2.753,1.62,1.133
marker:0,1786962066.564,1786962066.564,0.0,-2.585,1.811,0.04,2.585,1.811,0.774
marker:0,1786962066.639,1786962066.639,0.0,-1.899,2.52,-0.04,1.899,2.52,-0.621
marker:0,1786962066.714,1786962066.714,0.0,-1.786,2.653,-0.11,1.786,2.653,-0.867
marker:0,1786962066.814,1786962066.814,0.0,-2.153,2.286,-0.11,2.153,2.286,-0.133
marker:0,1786962066.914,1786962066.914,0.0,-0.7,3.705,0.01,0.7,3.705,-3.005
marker:0,1786962066.989,1786962066.989,0.0,-2.427,1.941,0.14,2.427,1.941,0.486
marker:0,1786962067.089,1786962067.089,0.0,-0.772,3.536,0.35,0.772,3.536,-2.7640000000000002
marker:0,1786962067.164,1786962067.164,0.0,-0.643,3.644,0.42,0.643,3.644,-3.0010000000000003
marker:0,1786962067.264,1786962067.264,0.0,-2.393,1.874,0.49,2.393,1.874,0.5189999999999997
marker:0,1786962067.339,1786962067.339,0.0,-2.254,2.01,0.5,2.254,2.01,0.24400000000000022
marker:0,1786962067.489,1786962067.489,0.0,-2.246,2.004,0.55,2.246,2.004,0.242
marker:0,1786962067.539,1786962067.539,0.0,-0.96,3.29,0.55,0.96,3.29,-2.33
marker:0,1786962067.639,1786962067.639,0.0,-0.733,3.509,0.58,0.733,3.509,-2.776
marker:0,1786962067.714,1786962067.714,0.0,-2.006,2.235,0.58,2.006,2.235,-0.2290000000000001
marker:0,1786962067.789,1786962067.789,0.0,-1.394,2.865,0.52,1.394,2.865,-1.4710000000000003
marker:0,1786962067.864,1786962067.864,0.0,-1.372,2.918,0.41,1.372,2.918,-1.546
marker:0,1786962067.914,1786962067.914,0.0,-1.269,3.03,0.37,1.269,3.03,-1.761
marker:0,1786962068.014,1786962068.014,0.0,-0.344,3.967,0.32,0.344,3.967,-3.623
marker:0,1786962068.089,1786962068.089,0.0,-0.216,4.08,0.39,0.216,4.08,-3.864
marker:0,1786962068.164,1786962068.164,0.0,-1.887,2.38,0.49,1.887,2.38,-0.4929999999999999
marker:0,1786962068.239,1786962068.239,0.0,-0.918,3.3,0.66,0.918,3.3,-2.3819999999999997
marker:0,1786962068.339,1786962068.339,0.0,-0.876,3.297,0.82,0.876,3.297,-2.4210000000000003
marker:0,1786962068.414,1786962068.414,0.0,-0.373,3.777,0.93,0.373,3.777,-3.404
marker:0,1786962068.489,1786962068.489,0.0,-0.861,3.291,0.89,0.861,3.291,-2.4299999999999997
marker:0,1786962068.564,1786962068.564,0.0,-0.883,3.316,0.73,0.883,3.316,-2.433
marker:0,1786962068.639,1786962068.639,0.0,-1.858,2.383,0.58,1.858,2.383,-0.5249999999999999
marker:0,1786962068.714,1786962068.714,0.0,-1.936,2.337,0.42,1.936,2.337,-0.40100000000000025
marker:0,1786962068.789,1786962068.789,0.0,-1.893,2.402,0.39,1.893,2.402,-0.5090000000000001
marker:0,1786962068.889,1786962068.889,0.0,-0.847,3.434,0.44,0.847,3.434,-2.587
marker:0,1786962068.964,1786962068.964,0.0,-0.519,3.725,0.57,0.519,3.725,-3.206
marker:0,1786962069.064,1786962069.064,0.0,-1.752,2.421,0.82,1.752,2.421,-0.6689999999999998
marker:0,1786962069.139,1786962069.139,0.0,-1.718,2.408,0.98,1.718,2.408,-0.69
marker:0,1786962069.264,1786962069.264,0.0,0.455,4.573,1.01,0.455,4.573,-4.118
marker:0,1786962069.339,1786962069.339,0.0,0.456,4.591,0.95,0.456,4.591,-4.135
marker:0,1786962069.439,1786962069.439,0.0,-1.979,2.208,0.73,1.979,2.208,-0.2290000000000001
marker:0,1786962069.514,1786962069.514,0.0,-1.906,2.318,0.58,1.906,2.318,-0.41200000000000014
marker:0,1786962069.589,1786962069.589,0.0,-1.861,2.38,0.53,1.861,2.38,-0.5189999999999999
marker:0,1786962069.689,1786962069.689,0.0,-1.805,2.482,0.42,1.805,2.482,-0.6770000000000003
marker:0,1786962069.764,1786962069.764,0.0,-1.771,2.525,0.39,1.771,2.525,-0.754
marker:0,1786962069.864,1786962069.864,0.0,-0.745,3.54,0.43,0.745,3.54,-2.795
marker:0,1786962070.039,1786962070.039,0.0,-0.609,3.644,0.54,0.609,3.644,-3.035
marker:0,1786962070.114,1786962070.114,0.0,-1.707,2.528,0.6,1.707,2.528,-0.821
marker:0,1786962070.214,1786962070.214,0.0,0.311,4.567,0.53,0.311,4.567,-4.256
marker:0,1786962070.339,1786962070.339,0.0,-0.039,4.266,0.36,0.039,4.266,-4.227
marker:0,1786962070.389,1786962070.389,0.0,-0.081,4.27,0.2,0.081,4.27,-4.188999999999999
marker:0,1786962070.464,1786962070.464,0.0,0.181,4.594,-0.02,0.181,4.594,-4.413
marker:0,1786962070.564,1786962070.564,0.0,0.283,4.737,-0.16,0.283,4.737,-4.454
marker:0,1786962070.664,1786962070.664,0.0,-1.767,2.69,-0.17,1.767,2.69,-0.923
marker:0,1786962070.739,1786962070.739,0.0,-1.655,2.781,-0.1,1.655,2.781,-1.1260000000000001
marker:0,1786962070.839,1786962070.839,0.0,0.53,4.946,-0.03,0.53,4.946,-4.4159999999999995
marker:0,1786962070.914,1786962070.914,0.0,-0.832,3.579,-0.01,0.832,3.579,-2.7470000000000003
marker:0,1786962070.964,1786962070.964,0.0,-0.731,3.685,-0.03,0.731,3.685,-2.954
marker:0,1786962071.064,1786962071.064,0.0,-0.953,3.483,-0.12,0.953,3.483,-2.5300000000000002
marker:0,1786962071.164,1786962071.164,0.0,-1.018,3.433,-0.15,1.018,3.433,-2.415
marker:0,1786962071.264,1786962071.264,0.0,-0.917,3.522,-0.11,0.917,3.522,-2.6049999999999995
marker:0,1786962071.339,1786962071.339,0.0,-1.047,3.358,0.0,1.047,3.358,-2.311
marker:0,1786962071.439,1786962071.439,0.0,-0.108,4.277,0.11,0.108,4.277,-4.1690000000000005
marker:0,1786962071.514,1786962071.514,0.0,-0.042,4.334,0.11,0.042,4.334,-4.292
marker:0,1786962071.614,1786962071.614,0.0,-0.254,4.154,0.0,0.254,4.154,-3.9
marker:0,1786962071.739,1786962071.739,0.0,-0.111,4.343,-0.2,0.111,4.343,-4.232
marker:0,1786962071.889,1786962071.889,0.0,-0.108,4.36,-0.21,0.108,4.36,-4.252000000000001
marker:0,1786962071.964,1786962071.964,0.0,-0.112,4.31,-0.02,0.112,4.31,-4.1979999999999995
marker:0,1786962072.139,1786962072.139,0.0,-0.166,4.164,0.27,0.166,4.164,-3.9979999999999998
marker:0,1786962072.214,1786962072.214,0.0,-0.256,4.088,0.22,0.256,4.088,-3.832
marker:0,1786962072.289,1786962072.289,0.0,-1.77,2.62,0.06,1.77,2.62,-0.8500000000000001
marker:0,1786962072.364,1786962072.364,0.0,-0.659,3.791,-0.15,0.659,3.791,-3.1319999999999997
marker:0,1786962072.439,1786962072.439,0.0,-0.617,3.899,-0.46,0.617,3.899,-3.282
marker:0,1786962072.514,1786962072.514,0.0,-0.614,3.98,-0.69,0.614,3.98,-3.366
marker:0,1786962072.639,1786962072.639,0.0,-0.363,4.266,-0.73,0.363,4.266,-3.903
marker:0,1786962072.714,1786962072.714,0.0,-0.262,4.318,-0.6,0.262,4.318,-4.055999999999999
marker:0,1786962072.789,1786962072.789,0.0,-0.252,4.27,-0.4,0.252,4.27,-4.018
marker:0,1786962073.189,1786962073.189,0.0,-1.092,3.551,-0.82,1.092,3.551,-2.459
marker:0,1786962073.339,1786962073.339,0.0,-0.883,3.908,-1.43,0.883,3.908,-3.025
marker:0,1786962073.414,1786962073.414,0.0,-0.702,4.092,-1.64,0.702,4.092,-3.3899999999999997
marker:0,1786962073.514,1786962073.514,0.0,-0.696,4.099,-1.63,0.696,4.099,-3.4030000000000005
marker:0,1786962073.589,1786962073.589,0.0,-0.804,3.989,-1.51,0.804,3.989,-3.1849999999999996
marker:0,1786962073.689,1786962073.689,0.0,-0.941,3.849,-1.36,0.941,3.849,-2.9080000000000004
marker:0,1786962073.764,1786962073.764,0.0,-1.151,3.587,-1.15,1.151,3.587,-2.436
marker:0,1786962073.839,1786962073.839,0.0,-1.337,3.384,-1.09,1.337,3.384,-2.0469999999999997
marker:0,1786962073.939,1786962073.939,0.0,-1.396,3.333,-1.12,1.396,3.333,-1.9370000000000003
marker:0,1786962074.089,1786962074.089,0.0,-2.166,2.982,-1.28,2.166,2.982,-0.8160000000000003
marker:0,1786962074.389,1786962074.389,0.0,-1.998,2.803,-1.9,1.998,2.803,-0.8049999999999999
marker:0,1786962074.814,1786962074.814,0.0,-2.183,2.607,-1.39,2.183,2.607,-0.4240000000000004
marker:0,1786962074.889,1786962074.889,0.0,-2.304,2.456,-1.23,2.304,2.456,-0.15200000000000014
marker:0,1786962075.089,1786962075.089,0.0,-2.034,2.755,-1.39,2.034,2.755,-0.7210000000000001
marker:0,1786962075.614,1786962075.614,0.0,-1.528,3.268,-1.65,1.528,3.268,-1.7399999999999998
marker:0,1786962075.714,1786962075.714,0.0,-1.332,3.411,-1.17,1.332,3.411,-2.0789999999999997
marker:0,1786962075.814,1786962075.814,0.0,-1.458,3.185,-0.82,1.458,3.185,-1.727
marker:0,1786962075.864,1786962075.864,0.0,-1.546,3.057,-0.68,1.546,3.057,-1.511
marker:0,1786962075.939,1786962075.939,0.0,-1.238,3.353,-0.65,1.238,3.353,-2.115
marker:0,1786962076.089,1786962076.089,0.0,-0.84,3.846,-0.97,0.84,3.846,-3.0060000000000002
marker:0,1786962076.189,1786962076.189,0.0,-0.495,4.299,-1.57,0.495,4.299,-3.8040000000000003
marker:0,1786962076.664,1786962076.664,0.0,-0.458,4.334,-1.47,0.458,4.334,-3.8759999999999994
marker:0,1786962076.739,1786962076.739,0.0,-0.604,4.151,-1.21,0.604,4.151,-3.5469999999999997
marker:0,1786962076.814,1786962076.814,0.0,-0.493,4.219,-1.01,0.493,4.219,-3.7260000000000004
marker:0,1786962076.914,1786962076.914,0.0,-0.38,4.311,-0.99,0.38,4.311,-3.931
marker:0,1786962077.014,1786962077.014,0.0,-0.196,4.53,-1.11,0.196,4.53,-4.3340000000000005
marker:0,1786962077.089,1786962077.089,0.0,-0.179,4.786,-1.29,0.179,4.786,-4.606999999999999
marker:0,1786962077.164,1786962077.164,0.0,-0.092,4.7,-1.45,0.092,4.7,-4.6080000000000005
marker:0,1786962077.239,1786962077.239,0.0,-0.235,4.558,-1.52,0.235,4.558,-4.3229999999999995
marker:0,1786962077.339,1786962077.339,0.0,-0.025,4.767,-1.48,0.025,4.767,-4.742
marker:0,1786962077.414,1786962077.414,0.0,0.219,5.008,-1.35,0.219,5.008,-4.789
marker:0,1786962077.464,1786962077.464,0.0,0.334,5.097,-1.24,0.334,5.097,-4.763000000000001
marker:0,1786962077.589,1786962077.589,0.0,0.064,4.724,-0.88,0.064,4.724,-4.66
marker:0,1786962077.664,1786962077.664,0.0,0.043,4.689,-0.77,0.043,4.689,-4.646
marker:0,1786962077.789,1786962077.789,0.0,0.083,4.677,-0.65,0.083,4.677,-4.593999999999999
marker:0,1786962077.889,1786962077.889,0.0,0.446,5.052,-0.76,0.446,5.052,-4.606
marker:0,1786962077.964,1786962077.964,0.0,0.647,5.313,-0.93,0.647,5.313,-4.6659999999999995
marker:0,1786962078.039,1786962078.039,0.0,0.609,5.326,-1.08,0.609,5.326,-4.717
marker:0,1786962078.413,1786962078.413,0.0,0.464,5.255,-1.44,0.464,5.255,-4.7909999999999995
marker:0,1786962078.538,1786962078.538,0.0,0.483,5.274,-1.44,0.483,5.274,-4.791
marker:0,1786962078.639,1786962078.639,0.0,0.382,5.172,-1.38,0.382,5.172,-4.79
marker:0,1786962078.713,1786962078.713,0.0,0.101,4.887,-1.32,0.101,4.887,-4.786
marker:0,1786962078.788,1786962078.788,0.0,0.064,4.839,-1.28,0.064,4.839,-4.775
marker:0,1786962087.488,1786962087.488,0.0,15.344,19.913,-13.08,15.344,19.913,-4.569000000000001
marker:0,1786962087.563,1786962087.563,0.0,15.525,20.068,-13.2,15.525,20.068,-4.543000000000001
marker:0,1786962087.638,1786962087.638,0.0,16.541,21.073,-13.27,16.541,21.073,-4.532
marker:0,1786962087.988,1786962087.988,0.0,0.386,4.805,-13.83,0.386,4.805,-4.419
marker:0,1786962088.063,1786962088.063,0.0,0.018,4.405,-13.99,0.018,4.405,-4.3870000000000005
marker:0,1786962088.188,1786962088.188,0.0,-0.538,3.805,-14.21,0.538,3.805,-3.2670000000000003
marker:0,1786962088.363,1786962088.363,0.0,-0.395,3.918,-14.39,0.395,3.918,-3.523
marker:0,1786962088.813,1786962088.813,0.0,-1.046,3.343,-13.98,1.046,3.343,-2.2969999999999997
marker:0,1786962089.313,1786962089.313,0.0,-1.727,2.638,-14.1,1.727,2.638,-0.9109999999999998
marker:0,1786962089.363,1786962089.363,0.0,-1.226,3.131,-14.14,1.226,3.131,-1.9049999999999998
marker:0,1786962089.763,1786962089.763,0.0,-1.995,2.386,-14.02,1.995,2.386,-0.391
marker:0,1786962089.863,1786962089.863,0.0,-2.326,2.039,-14.1,2.326,2.039,0.2869999999999999
marker:0,1786962090.138,1786962090.138,0.0,-2.023,2.222,-14.7,2.023,2.222,-0.19899999999999984
marker:0,1786962090.488,1786962090.488,0.0,-1.353,2.933,-14.49,1.353,2.933,-1.5799999999999998
marker:0,1786962090.588,1786962090.588,0.0,-2.122,2.217,-14.23,2.122,2.217,-0.0950000000000002
marker:0,1786962090.663,1786962090.663,0.0,-1.792,2.563,-14.15,1.792,2.563,-0.7710000000000001
marker:0,1786962090.738,1786962090.738,0.0,-1.402,2.949,-14.17,1.402,2.949,-1.547
marker:0,1786962090.838,1786962090.838,0.0,-1.524,2.8,-14.34,1.524,2.8,-1.2759999999999998
marker:0,1786962090.913,1786962090.913,0.0,-1.579,2.714,-14.46,1.579,2.714,-1.135
marker:0,1786962091.013,1786962091.013,0.0,-1.626,2.64,-14.59,1.626,2.64,-1.0140000000000002
marker:0,1786962091.088,1786962091.088,0.0,-2.291,1.973,-14.6,2.291,1.973,0.31799999999999984
marker:0,1786962091.163,1786962091.163,0.0,-2.256,2.022,-14.52,2.256,2.022,0.23399999999999999
marker:0,1786962091.238,1786962091.238,0.0,-1.886,2.413,-14.43,1.886,2.413,-0.5269999999999999
marker:0,1786962091.338,1786962091.338,0.0,-1.989,2.362,-14.17,1.989,2.362,-0.373
marker:0,1786962091.438,1786962091.413,-0.02499985694885254,-2.09,2.285,-14.05,2.09,2.285,-0.19500000000000028
marker:0,1786962091.513,1786962091.513,0.0,-2.008,2.365,-14.06,2.008,2.365,-0.3570000000000002
marker:0,1786962091.588,1786962091.588,0.0,-2.38,1.979,-14.13,2.38,1.979,0.4009999999999998
marker:0,1786962091.663,1786962091.663,0.0,-2.418,1.929,-14.24,2.418,1.929,0.4890000000000001
marker:0,1786962091.713,1786962091.713,0.0,-3.192,1.123,-14.35,3.192,1.123,2.069
marker:0,1786962091.813,1786962091.813,0.0,-3.221,1.062,-14.51,3.221,1.062,2.159
marker:0,1786962091.863,1786962091.863,0.0,-2.237,2.01,-14.69,2.237,2.01,0.2270000000000003
marker:0,1786962091.938,1786962091.938,0.0,-2.272,1.968,-14.72,2.272,1.968,0.3039999999999998
marker:0,1786962092.013,1786962092.013,0.0,-2.244,1.991,-14.75,2.244,1.991,0.2530000000000001
marker:0,1786962092.113,1786962092.113,0.0,-2.641,1.617,-14.63,2.641,1.617,1.024
marker:0,1786962092.263,1786962092.263,0.0,-6.822,-2.569,0.54,6.822,2.569,4.253
marker:0,1786962092.338,1786962092.338,0.0,-14.175,-11.45,6.76,14.175,11.45,2.7250000000000014
marker:0,1786962092.438,1786962092.438,0.0,-24.164,-21.832,8.22,24.164,21.832,2.3320000000000007
marker:0,1786962092.538,1786962092.538,0.0,-26.006,-23.735,8.66,26.006,23.735,2.271000000000001
marker:0,1786962092.588,1786962092.588,0.0,-26.52,-24.259,8.74,26.52,24.259,2.2609999999999992
marker:0,1786962092.688,1786962092.688,0.0,-26.126,-23.863,8.72,26.126,23.863,2.2630000000000017
marker:0,1786962092.788,1786962092.788,0.0,-26.332,-24.068,8.75,26.332,24.068,2.2639999999999993
marker:0,1786962094.913,1786962094.913,0.0,4.433,8.471,1.29,4.433,8.471,-4.038
marker:0,1786962094.963,1786962094.963,0.0,3.291,7.389,1.03,3.291,7.389,-4.098000000000001
marker:0,1786962095.038,1786962095.038,0.0,3.164,7.417,0.88,3.164,7.417,-4.253
marker:0,1786962095.088,1786962095.088,0.0,2.605,6.843,0.59,2.605,6.843,-4.2379999999999995
marker:0,1786962095.163,1786962095.163,0.0,2.303,6.584,0.44,2.303,6.584,-4.281
marker:0,1786962095.313,1786962095.313,0.0,1.995,6.308,0.33,1.995,6.308,-4.313
marker:0,1786962095.388,1786962095.388,0.0,1.576,5.824,0.56,1.576,5.824,-4.247999999999999
marker:0,1786962095.488,1786962095.488,0.0,1.652,5.839,0.77,1.652,5.839,-4.187
marker:0,1786962095.563,1786962095.563,0.0,1.198,5.322,0.99,1.198,5.322,-4.1240000000000006
marker:0,1786962095.638,1786962095.638,0.0,1.134,5.241,1.06,1.134,5.241,-4.106999999999999
marker:0,1786962095.688,1786962095.688,0.0,1.538,5.642,1.06,1.538,5.642,-4.104
marker:0,1786962095.763,1786962095.763,0.0,1.47,5.606,0.95,1.47,5.606,-4.136
marker:0,1786962095.788,1786962095.788,0.0,1.051,5.246,0.74,1.051,5.246,-4.195
marker:0,1786962095.888,1786962095.888,0.0,0.937,5.245,0.2,0.937,5.245,-4.308
marker:0,1786962095.963,1786962095.963,0.0,0.968,5.405,-0.21,0.968,5.405,-4.437
marker:0,1786962096.063,1786962096.063,0.0,0.843,5.374,-0.48,0.843,5.374,-4.531
marker:0,1786962096.138,1786962096.138,0.0,0.637,5.219,-0.61,0.637,5.219,-4.582000000000001
marker:0,1786962096.238,1786962096.238,0.0,0.729,5.303,-0.58,0.729,5.303,-4.574
marker:0,1786962096.288,1786962096.288,0.0,0.58,5.102,-0.32,0.58,5.102,-4.522
marker:0,1786962096.413,1786962096.413,0.0,0.472,4.802,0.27,0.472,4.802,-4.33
marker:0,1786962096.463,1786962096.463,0.0,0.464,4.702,0.59,0.464,4.702,-4.2379999999999995
marker:0,1786962096.538,1786962096.538,0.0,0.218,4.376,0.94,0.218,4.376,-4.158
marker:0,1786962096.638,1786962096.638,0.0,-0.037,4.055,1.1,0.037,4.055,-4.018
marker:0,1786962096.713,1786962096.713,0.0,-0.241,3.866,1.05,0.241,3.866,-3.625
marker:0,1786962096.813,1786962096.813,0.0,-0.523,3.67,0.63,0.523,3.67,-3.147
marker:0,1786962096.863,1786962096.863,0.0,-0.509,3.773,0.44,0.509,3.773,-3.2640000000000002
marker:0,1786962096.963,1786962096.963,0.0,-0.533,3.883,-0.03,0.533,3.883,-3.35
marker:0,1786962097.013,1786962097.013,0.0,-0.388,4.068,-0.17,0.388,4.068,-3.6799999999999997
marker:0,1786962097.088,1786962097.088,0.0,-0.384,4.263,-0.35,0.384,4.263,-3.879
marker:0,1786962097.163,1786962097.163,0.0,-0.398,4.093,-0.29,0.398,4.093,-3.695
marker:0,1786962097.238,1786962097.238,0.0,0.152,4.58,-0.07,0.152,4.58,-4.428
marker:0,1786962097.338,1786962097.338,0.0,0.021,4.385,0.15,0.021,4.385,-4.364
marker:0,1786962097.463,1786962097.463,0.0,-0.135,4.178,0.33,0.135,4.178,-4.043
marker:0,1786962097.588,1786962097.588,0.0,0.188,4.607,-0.04,0.188,4.607,-4.4190000000000005
marker:0,1786962097.713,1786962097.713,0.0,0.814,5.345,-0.43,0.814,5.345,-4.531
marker:0,1786962097.813,1786962097.813,0.0,-0.222,4.438,-0.88,0.222,4.438,-4.215999999999999
marker:0,1786962097.863,1786962097.863,0.0,1.026,5.74,-1.11,1.026,5.74,-4.714
marker:0,1786962097.938,1786962097.938,0.0,0.89,5.627,-1.15,0.89,5.627,-4.737
marker:0,1786962098.038,1786962098.038,0.0,0.463,5.203,-1.12,0.463,5.203,-4.74
marker:0,1786962098.138,1786962098.138,0.0,-0.091,4.586,-0.86,0.091,4.586,-4.495
marker:0,1786962098.238,1786962098.238,0.0,0.325,4.876,-0.5,0.325,4.876,-4.551
marker:0,1786962098.338,1786962098.338,0.0,0.571,5.044,-0.23,0.571,5.044,-4.473
marker:0,1786962098.438,1786962098.438,0.0,0.519,4.939,-0.04,0.519,4.939,-4.42
marker:0,1786962098.513,1786962098.513,0.0,0.449,4.854,0.01,0.449,4.854,-4.405
marker:0,1786962098.613,1786962098.613,0.0,0.222,4.658,-0.1,0.222,4.658,-4.436
marker:0,1786962098.688,1786962098.688,0.0,-0.322,4.169,-0.29,0.322,4.169,-3.8469999999999995
marker:0,1786962098.763,1786962098.763,0.0,-0.446,4.128,-0.58,0.446,4.128,-3.682
marker:0,1786962098.863,1786962098.863,0.0,-0.457,4.149,-0.69,0.457,4.149,-3.692
marker:0,1786962098.938,1786962098.938,0.0,0.652,5.319,-0.8,0.652,5.319,-4.667
marker:0,1786962102.038,1786962102.038,0.0,0.885,5.508,-0.75,0.885,5.508,-4.623
marker:0,1786962102.138,1786962102.138,0.0,0.744,5.266,-0.4,0.744,5.266,-4.522
marker:0,1786962102.188,1786962102.188,0.0,0.734,5.179,-0.13,0.734,5.179,-4.445
marker:0,1786962102.263,1786962102.263,0.0,0.709,5.123,-0.02,0.709,5.123,-4.414000000000001
marker:0,1786962102.363,1786962102.363,0.0,0.516,4.847,0.27,0.516,4.847,-4.331
marker:0,1786962102.463,1786962102.463,0.0,0.572,4.874,0.37,0.572,4.874,-4.302
marker:0,1786962102.563,1786962102.563,0.0,0.472,4.762,0.41,0.472,4.762,-4.289999999999999
marker:0,1786962102.638,1786962102.638,0.0,0.19,4.514,0.29,0.19,4.514,-4.324
marker:0,1786962102.713,1786962102.713,0.0,-0.019,4.36,0.1,0.019,4.36,-4.341
marker:0,1786962102.813,1786962102.813,0.0,-0.071,4.366,-0.16,0.071,4.366,-4.295
marker:0,1786962102.888,1786962102.888,0.0,-0.009,4.487,-0.31,0.009,4.487,-4.478
marker:0,1786962102.963,1786962102.963,0.0,0.602,5.139,-0.45,0.602,5.139,-4.537
marker:0,1786962103.063,1786962103.063,0.0,0.582,5.159,-0.59,0.582,5.159,-4.577
marker:0,1786962103.113,1786962103.113,0.0,0.57,5.164,-0.65,0.57,5.164,-4.593999999999999
marker:0,1786962103.188,1786962103.188,0.0,0.597,5.231,-0.79,0.597,5.231,-4.634
marker:0,1786962103.288,1786962103.288,0.0,0.499,5.152,-0.89,0.499,5.152,-4.6530000000000005
marker:0,1786962103.363,1786962103.363,0.0,0.336,5.03,-1.0,0.336,5.03,-4.694
marker:0,1786962103.438,1786962103.438,0.0,-0.183,4.534,-1.1,0.183,4.534,-4.351
marker:0,1786962103.538,1786962103.538,0.0,0.493,5.233,-1.16,0.493,5.233,-4.739999999999999
marker:0,1786962103.588,1786962103.588,0.0,0.358,5.113,-1.21,0.358,5.113,-4.755000000000001
marker:0,1786962103.713,1786962103.713,0.0,0.317,5.061,-1.17,0.317,5.061,-4.744
marker:0,1786962103.763,1786962103.763,0.0,0.507,5.242,-1.14,0.507,5.242,-4.735
marker:0,1786962103.863,1786962103.863,0.0,0.484,5.187,-1.03,0.484,5.187,-4.703
marker:0,1786962103.913,1786962103.913,0.0,0.445,5.105,-0.88,0.445,5.105,-4.66
marker:0,1786962104.013,1786962104.013,0.0,0.42,5.008,-0.63,0.42,5.008,-4.588
marker:0,1786962104.088,1786962104.088,0.0,0.942,5.479,-0.45,0.942,5.479,-4.537
marker:0,1786962104.188,1786962104.188,0.0,0.845,5.285,-0.11,0.845,5.285,-4.44
marker:0,1786962104.263,1786962104.263,0.0,0.78,5.153,0.12,0.78,5.153,-4.372999999999999
marker:0,1786962104.363,1786962104.363,0.0,0.61,4.917,0.35,0.61,4.917,-4.3069999999999995
marker:0,1786962104.463,1786962104.463,0.0,0.717,5.002,0.43,0.717,5.002,-4.285
marker:0,1786962104.563,1786962104.563,0.0,0.639,4.929,0.41,0.639,4.929,-4.29
marker:0,1786962104.638,1786962104.638,0.0,0.609,4.889,0.33,0.609,4.889,-4.28
marker:0,1786962104.788,1786962104.788,0.0,1.058,5.437,0.1,1.058,5.437,-4.3790000000000004
marker:0,1786962104.863,1786962104.863,0.0,0.839,5.25,-0.01,0.839,5.25,-4.411
marker:0,1786962105.038,1786962105.038,0.0,0.649,5.163,-0.43,0.649,5.163,-4.514
marker:0,1786962105.138,1786962105.138,0.0,0.457,5.043,-0.62,0.457,5.043,-4.586
marker:0,1786962105.238,1786962105.238,0.0,0.616,5.227,-0.71,0.616,5.227,-4.611000000000001
marker:0,1786962105.313,1786962105.313,0.0,0.598,5.198,-0.67,0.598,5.198,-4.6000000000000005
marker:0,1786962105.488,1786962105.488,0.0,1.051,5.528,-0.24,1.051,5.528,-4.476999999999999
marker:0,1786962105.613,1786962105.613,0.0,1.091,5.481,0.06,1.091,5.481,-4.39
marker:0,1786962105.763,1786962105.763,0.0,0.665,5.021,0.18,0.665,5.021,-4.356
marker:0,1786962105.888,1786962105.888,0.0,0.99,5.349,0.17,0.99,5.349,-4.359
marker:0,1786962106.038,1786962106.038,0.0,0.708,5.062,0.19,0.708,5.062,-4.354
marker:0,1786962106.113,1786962106.113,0.0,2.985,7.316,0.27,2.985,7.316,-4.3309999999999995
marker:0,1786962106.213,1786962106.213,0.0,0.646,4.942,0.39,0.646,4.942,-4.296
marker:0,1786962106.288,1786962106.288,0.0,0.553,4.823,0.48,0.553,4.823,-4.2700000000000005
marker:0,1786962106.388,1786962106.388,0.0,0.431,4.692,0.51,0.431,4.692,-4.261
marker:0,1786962106.438,1786962106.438,0.0,0.949,5.222,0.46,0.949,5.222,-4.273000000000001
marker:0,1786962106.563,1786962106.563,0.0,0.903,5.248,0.22,0.903,5.248,-4.345000000000001
marker:0,1786962106.663,1786962106.663,0.0,0.088,4.502,-0.02,0.088,4.502,-4.414
marker:0,1786962106.738,1786962106.738,0.0,0.084,4.575,-0.29,0.084,4.575,-4.4910000000000005
marker:0,1786962106.813,1786962106.813,0.0,0.179,4.724,-0.48,0.179,4.724,-4.545
marker:0,1786962106.863,1786962106.863,0.0,0.078,4.655,-0.59,0.078,4.655,-4.577
marker:0,1786962106.913,1786962106.913,0.0,-0.002,4.589,-0.64,0.002,4.589,-4.587000000000001
marker:0,1786962106.988,1786962106.988,0.0,-0.068,4.529,-0.66,0.068,4.529,-4.461
marker:0,1786962107.063,1786962107.063,0.0,-0.151,4.432,-0.61,0.151,4.432,-4.281000000000001
marker:0,1786962107.113,1786962107.113,0.0,-0.157,4.403,-0.53,0.157,4.403,-4.2459999999999996
marker:0,1786962107.213,1786962107.213,0.0,-0.333,4.186,-0.39,0.333,4.186,-3.8529999999999998
marker:0,1786962107.288,1786962107.288,0.0,-0.567,3.886,-0.06,0.567,3.886,-3.319
marker:0,1786962107.413,1786962107.413,0.0,-0.677,3.682,0.17,0.677,3.682,-3.005
marker:0,1786962107.488,1786962107.488,0.0,-0.684,3.632,0.32,0.684,3.632,-2.948
marker:0,1786962107.588,1786962107.588,0.0,-0.745,3.514,0.52,0.745,3.514,-2.7689999999999997
marker:0,1786962107.688,1786962107.688,0.0,-0.863,3.341,0.71,0.863,3.341,-2.478
marker:0,1786962107.763,1786962107.763,0.0,-1.051,3.145,0.74,1.051,3.145,-2.0940000000000003
marker:0,1786962107.838,1786962107.838,0.0,-1.195,2.987,0.79,1.195,2.987,-1.792
marker:0,1786962107.938,1786962107.938,0.0,-1.281,2.932,0.63,1.281,2.932,-1.651
marker:0,1786962108.038,1786962108.038,0.0,0.282,4.457,0.38,0.282,4.457,-4.175
marker:0,1786962108.113,1786962108.113,0.0,0.193,4.526,0.26,0.193,4.526,-4.333
marker:0,1786962108.188,1786962108.188,0.0,0.092,4.477,0.08,0.092,4.477,-4.385000000000001
marker:0,1786962108.238,1786962108.238,0.0,0.13,4.537,0.0,0.13,4.537,-4.407
marker:0,1786962108.338,1786962108.338,0.0,0.673,5.109,-0.1,0.673,5.109,-4.436
marker:0,1786962108.388,1786962108.388,0.0,0.66,5.102,-0.11,0.66,5.102,-4.442
marker:0,1786962108.513,1786962108.513,0.0,0.325,4.773,-0.14,0.325,4.773,-4.4479999999999995
marker:0,1786962108.563,1786962108.563,0.0,0.244,4.695,-0.15,0.244,4.695,-4.4510000000000005
marker:0,1786962108.663,1786962108.663,0.0,0.316,4.787,-0.22,0.316,4.787,-4.471
marker:0,1786962108.738,1786962108.738,0.0,0.19,4.673,-0.29,0.19,4.673,-4.483
marker:0,1786962108.813,1786962108.813,0.0,0.092,4.586,-0.3,0.092,4.586,-4.494000000000001
marker:0,1786962108.863,1786962108.863,0.0,0.061,4.563,-0.33,0.061,4.563,-4.502
marker:0,1786962108.963,1786962108.963,0.0,0.184,4.68,-0.31,0.184,4.68,-4.4959999999999996
marker:0,1786962109.063,1786962109.063,0.0,0.345,4.818,-0.23,0.345,4.818,-4.473
marker:0,1786962109.213,1786962109.213,0.0,0.086,4.531,-0.13,0.086,4.531,-4.444999999999999
marker:0,1786962109.288,1786962109.288,0.0,-0.038,4.452,-0.09,0.038,4.452,-4.414
marker:0,1786962109.363,1786962109.363,0.0,-0.054,4.362,-0.03,0.054,4.362,-4.308
marker:0,1786962109.463,1786962109.463,0.0,0.095,4.517,-0.05,0.095,4.517,-4.422000000000001
marker:0,1786962109.538,1786962109.538,0.0,0.004,4.44,-0.1,0.004,4.44,-4.436000000000001
marker:0,1786962109.588,1786962109.588,0.0,-0.066,4.384,-0.2,0.066,4.384,-4.3180000000000005
marker:0,1786962109.688,1786962109.688,0.0,-0.102,4.4,-0.35,0.102,4.4,-4.298
marker:0,1786962109.763,1786962109.763,0.0,-0.151,4.426,-0.59,0.151,4.426,-4.275
marker:0,1786962109.863,1786962109.863,0.0,-0.096,4.503,-0.67,0.096,4.503,-4.407
marker:0,1786962109.963,1786962109.963,0.0,-0.153,4.481,-0.79,0.153,4.481,-4.328
marker:0,1786962110.038,1786962110.038,0.0,-0.25,4.387,-0.8,0.25,4.387,-4.137
marker:0,1786962110.088,1786962110.088,0.0,-0.341,4.282,-0.75,0.341,4.282,-3.941
marker:0,1786962110.188,1786962110.188,0.0,-0.814,3.797,-0.71,0.814,3.797,-2.983
marker:0,1786962110.263,1786962110.263,0.0,-0.429,4.179,-0.7,0.429,4.179,-3.7500000000000004
marker:0,1786962110.338,1786962110.338,0.0,-0.331,4.269,-0.63,0.331,4.269,-3.938
marker:0,1786962110.438,1786962110.438,0.0,-0.269,4.31,-0.6,0.269,4.31,-4.0409999999999995
marker:0,1786962110.538,1786962110.538,0.0,-0.398,4.17,-0.57,0.398,4.17,-3.772
marker:0,1786962110.613,1786962110.613,0.0,-0.467,4.102,-0.55,0.467,4.102,-3.6350000000000002
marker:0,1786962110.713,1786962110.713,0.0,-0.933,3.609,-0.47,0.933,3.609,-2.676
marker:0,1786962110.788,1786962110.788,0.0,-0.857,3.674,-0.43,0.857,3.674,-2.817
marker:0,1786962110.863,1786962110.863,0.0,-0.863,3.625,-0.28,0.863,3.625,-2.762
marker:0,1786962110.938,1786962110.938,0.0,-0.464,4.012,-0.24,0.464,4.012,-3.5479999999999996
marker:0,1786962111.013,1786962111.013,0.0,0.116,4.575,-0.18,0.116,4.575,-4.4590000000000005
marker:0,1786962111.063,1786962111.063,0.0,0.095,4.529,-0.09,0.095,4.529,-4.434
marker:0,1786962111.188,1786962111.188,0.0,-0.08,4.337,-0.03,0.08,4.337,-4.257
marker:0,1786962111.263,1786962111.263,0.0,-0.053,4.358,-0.01,0.053,4.358,-4.305
marker:0,1786962111.338,1786962111.338,0.0,0.073,4.495,-0.05,0.073,4.495,-4.422
marker:0,1786962111.438,1786962111.438,0.0,-0.459,4.003,-0.19,0.459,4.003,-3.544
marker:0,1786962111.513,1786962111.513,0.0,-0.465,4.026,-0.33,0.465,4.026,-3.561
marker:0,1786962111.613,1786962111.613,0.0,0.551,5.108,-0.52,0.551,5.108,-4.5569999999999995
marker:0,1786962111.688,1786962111.688,0.0,-0.712,3.888,-0.67,0.712,3.888,-3.176
marker:0,1786962111.788,1786962111.788,0.0,-0.726,3.896,-0.75,0.726,3.896,-3.17
marker:0,1786962111.863,1786962111.863,0.0,-0.762,3.86,-0.75,0.762,3.86,-3.098
marker:0,1786962111.963,1786962111.963,0.0,0.206,4.82,-0.72,0.206,4.82,-4.614
marker:0,1786962112.038,1786962112.038,0.0,0.139,4.724,-0.62,0.139,4.724,-4.585
marker:0,1786962112.138,1786962112.138,0.0,-0.142,4.429,-0.57,0.142,4.429,-4.287
marker:0,1786962112.213,1786962112.213,0.0,-0.12,4.434,-0.51,0.12,4.434,-4.314
marker:0,1786962112.288,1786962112.288,0.0,0.323,4.86,-0.45,0.323,4.86,-4.537
marker:0,1786962112.363,1786962112.363,0.0,0.263,4.791,-0.42,0.263,4.791,-4.5280000000000005
marker:0,1786962112.438,1786962112.438,0.0,0.265,4.773,-0.35,0.265,4.773,-4.508
marker:0,1786962112.513,1786962112.513,0.0,0.265,4.75,-0.23,0.265,4.75,-4.485
marker:0,1786962112.588,1786962112.588,0.0,0.251,4.705,-0.16,0.251,4.705,-4.454
marker:0,1786962112.663,1786962112.663,0.0,0.219,4.644,-0.01,0.219,4.644,-4.425
marker:0,1786962112.738,1786962112.738,0.0,0.529,4.92,0.06,0.529,4.92,-4.391
marker:0,1786962112.838,1786962112.838,0.0,0.506,4.874,0.11,0.506,4.874,-4.367999999999999
marker:0,1786962112.913,1786962112.913,0.0,0.815,5.177,0.16,0.815,5.177,-4.362
marker:0,1786962112.988,1786962112.988,0.0,0.626,5.0,0.12,0.626,5.0,-4.374
marker:0,1786962113.088,1786962113.088,0.0,0.503,4.948,0.06,0.503,4.948,-4.445
marker:0,1786962113.188,1786962113.188,0.0,0.26,4.665,0.01,0.26,4.665,-4.405
marker:0,1786962113.263,1786962113.263,0.0,0.23,4.652,-0.05,0.23,4.652,-4.422
marker:0,1786962113.338,1786962113.338,0.0,-0.256,4.178,-0.09,0.256,4.178,-3.9219999999999997
marker:0,1786962113.438,1786962113.438,0.0,0.342,4.776,-0.08,0.342,4.776,-4.434
marker:0,1786962113.513,1786962113.513,0.0,-0.067,4.364,-0.08,0.067,4.364,-4.297
marker:0,1786962113.588,1786962113.588,0.0,-0.013,4.42,-0.09,0.013,4.42,-4.407
marker:0,1786962113.688,1786962113.688,0.0,0.004,4.444,-0.11,0.004,4.444,-4.44
marker:0,1786962113.763,1786962113.763,0.0,0.018,4.474,-0.19,0.018,4.474,-4.456
marker:0,1786962113.838,1786962113.838,0.0,-0.005,4.469,-0.23,0.005,4.469,-4.464
marker:0,1786962113.888,1786962113.888,0.0,-0.029,4.458,-0.27,0.029,4.458,-4.429
marker:0,1786962113.963,1786962113.963,0.0,-0.164,4.324,-0.28,0.164,4.324,-4.16
marker:0,1786962114.063,1786962114.063,0.0,-0.086,4.399,-0.26,0.086,4.399,-4.313
marker:0,1786962114.113,1786962114.113,0.0,-0.097,4.377,-0.23,0.097,4.377,-4.279999999999999
marker:0,1786962114.188,1786962114.188,0.0,-0.147,4.306,-0.15,0.147,4.306,-4.159
marker:0,1786962114.288,1786962114.288,0.0,-0.212,4.219,-0.05,0.212,4.219,-4.007000000000001
marker:0,1786962114.338,1786962114.338,0.0,0.55,4.958,0.0,0.55,4.958,-4.408
marker:0,1786962114.438,1786962114.438,0.0,-0.274,4.096,0.13,0.274,4.096,-3.822
marker:0,1786962114.513,1786962114.513,0.0,0.144,4.492,0.21,0.144,4.492,-4.348
marker:0,1786962114.588,1786962114.588,0.0,0.123,4.445,0.3,0.123,4.445,-4.322
marker:0,1786962114.663,1786962114.663,0.0,0.056,4.343,0.42,0.056,4.343,-4.287
marker:0,1786962114.738,1786962114.738,0.0,0.011,4.264,0.54,0.011,4.264,-4.253
marker:0,1786962114.838,1786962114.838,0.0,-0.051,4.148,0.73,0.051,4.148,-4.0969999999999995
marker:0,1786962114.888,1786962114.888,0.0,-0.119,4.06,0.8,0.119,4.06,-3.941
marker:0,1786962114.963,1786962114.963,0.0,-0.14,4.021,0.86,0.14,4.021,-3.881
marker:0,1786962115.038,1786962115.038,0.0,-0.251,3.922,0.82,0.251,3.922,-3.6710000000000003
marker:0,1786962115.138,1786962115.138,0.0,0.536,4.681,0.65,0.536,4.681,-4.145
marker:0,1786962115.188,1786962115.188,0.0,0.487,4.737,0.51,0.487,4.737,-4.25
marker:0,1786962115.313,1786962115.313,0.0,0.866,5.2,0.19,0.866,5.2,-4.3340000000000005
marker:0,1786962115.388,1786962115.388,0.0,0.751,5.135,0.08,0.751,5.135,-4.3839999999999995
marker:0,1786962115.463,1786962115.463,0.0,0.799,5.209,-0.01,0.799,5.209,-4.409999999999999
marker:0,1786962115.538,1786962115.538,0.0,0.815,5.232,-0.03,0.815,5.232,-4.417
marker:0,1786962115.588,1786962115.588,0.0,0.73,5.138,0.0,0.73,5.138,-4.4079999999999995
marker:0,1786962115.738,1786962115.738,0.0,1.655,6.002,0.23,1.655,6.002,-4.3469999999999995
marker:0,1786962115.788,1786962115.788,0.0,1.547,5.857,0.34,1.547,5.857,-4.3100000000000005
marker:0,1786962115.863,1786962115.863,0.0,1.496,5.786,0.41,1.496,5.786,-4.289999999999999
marker:0,1786962115.938,1786962115.938,0.0,0.839,5.13,0.41,0.839,5.13,-4.291
marker:0,1786962116.013,1786962116.013,0.0,0.614,4.901,0.42,0.614,4.901,-4.287
marker:0,1786962116.088,1786962116.088,0.0,-0.377,3.934,0.31,0.377,3.934,-3.5570000000000004
marker:0,1786962116.163,1786962116.163,0.0,0.465,4.81,0.22,0.465,4.81,-4.345
marker:0,1786962116.213,1786962116.213,0.0,0.483,4.836,0.19,0.483,4.836,-4.353000000000001
marker:0,1786962116.288,1786962116.288,0.0,0.266,4.64,0.12,0.266,4.64,-4.374
marker:0,1786962116.363,1786962116.363,0.0,0.223,4.617,0.05,0.223,4.617,-4.394
marker:0,1786962116.463,1786962116.463,0.0,0.716,5.104,0.08,0.716,5.104,-4.388
marker:0,1786962116.513,1786962116.513,0.0,0.249,4.625,0.11,0.249,4.625,-4.376
marker:0,1786962116.588,1786962116.588,0.0,0.21,4.557,0.21,0.21,4.557,-4.347
marker:0,1786962116.663,1786962116.688,0.02499985694885254,0.131,4.455,0.29,0.131,4.455,-4.324
marker:0,1786962116.763,1786962116.763,0.0,0.577,4.876,0.4,0.577,4.876,-4.299
marker:0,1786962116.863,1786962116.863,0.0,0.525,4.784,0.52,0.525,4.784,-4.2589999999999995
marker:0,1786962116.938,1786962116.938,0.0,0.392,4.616,0.64,0.392,4.616,-4.223999999999999
marker:0,1786962117.013,1786962117.013,0.0,0.428,4.649,0.65,0.428,4.649,-4.221
marker:0,1786962117.088,1786962117.088,0.0,0.301,4.517,0.65,0.301,4.517,-4.216
marker:0,1786962117.163,1786962117.163,0.0,1.017,5.261,0.57,1.017,5.261,-4.244
marker:0,1786962117.238,1786962117.238,0.0,0.952,5.231,0.46,0.952,5.231,-4.279
marker:0,1786962117.338,1786962117.338,0.0,0.878,5.177,0.38,0.878,5.177,-4.2989999999999995
marker:0,1786962117.413,1786962117.413,0.0,0.202,4.509,0.35,0.202,4.509,-4.307
marker:0,1786962117.513,1786962117.513,0.0,0.237,4.53,0.4,0.237,4.53,-4.293
marker:0,1786962117.588,1786962117.588,0.0,0.077,4.347,0.48,0.077,4.347,-4.2700000000000005
marker:0,1786962117.713,1786962117.713,0.0,0.062,4.303,0.58,0.062,4.303,-4.241
marker:0,1786962117.763,1786962117.763,0.0,0.452,4.705,0.54,0.452,4.705,-4.253
marker:0,1786962117.813,1786962117.813,0.0,0.353,4.641,0.37,0.353,4.641,-4.288
marker:0,1786962117.863,1786962117.863,0.0,-0.131,4.216,0.13,0.131,4.216,-4.085
marker:0,1786962117.963,1786962117.963,0.0,-0.147,4.295,-0.23,0.147,4.295,-4.148
marker:0,1786962118.038,1786962118.038,0.0,-0.189,4.345,-0.44,0.189,4.345,-4.156
marker:0,1786962118.138,1786962118.138,0.0,-0.121,4.473,-0.68,0.121,4.473,-4.352
marker:0,1786962118.213,1786962118.213,0.0,-0.041,4.539,-0.57,0.041,4.539,-4.497999999999999
marker:0,1786962118.288,1786962118.288,0.0,-0.213,4.295,-0.35,0.213,4.295,-4.082
marker:0,1786962118.363,1786962118.363,0.0,-0.255,4.152,0.0,0.255,4.152,-3.8970000000000002
marker:0,1786962118.438,1786962118.438,0.0,0.512,4.854,0.32,0.512,4.854,-4.3420000000000005
marker:0,1786962118.488,1786962118.488,0.0,0.37,4.643,0.47,0.37,4.643,-4.273
marker:0,1786962118.563,1786962118.563,0.0,0.347,4.591,0.57,0.347,4.591,-4.244
marker:0,1786962118.663,1786962118.663,0.0,0.217,4.469,0.54,0.217,4.469,-4.252000000000001
marker:0,1786962118.738,1786962118.738,0.0,0.406,4.699,0.4,0.406,4.699,-4.293
marker:0,1786962118.813,1786962118.813,0.0,-0.357,4.01,0.08,0.357,4.01,-3.6529999999999996
marker:0,1786962118.888,1786962118.888,0.0,-0.308,4.125,-0.09,0.308,4.125,-3.817
marker:0,1786962118.963,1786962118.963,0.0,-0.053,4.421,-0.23,0.053,4.421,-4.368
marker:0,1786962119.063,1786962119.063,0.0,0.498,4.94,-0.12,0.498,4.94,-4.442
marker:0,1786962119.138,1786962119.138,0.0,0.612,5.014,0.02,0.612,5.014,-4.402
marker:0,1786962119.188,1786962119.188,0.0,1.25,5.586,0.25,1.25,5.586,-4.336
marker:0,1786962119.288,1786962119.288,0.0,0.836,5.049,0.68,0.836,5.049,-4.213
marker:0,1786962119.363,1786962119.363,0.0,1.248,5.372,0.99,1.248,5.372,-4.124
marker:0,1786962119.438,1786962119.438,0.0,1.037,5.12,1.13,1.037,5.12,-4.083
marker:0,1786962119.538,1786962119.538,0.0,-0.09,4.002,1.1,0.09,4.002,-3.912
marker:0,1786962119.613,1786962119.613,0.0,0.01,4.134,0.99,0.01,4.134,-4.1240000000000006
marker:0,1786962119.688,1786962119.688,0.0,-0.342,3.847,0.69,0.342,3.847,-3.505
marker:0,1786962119.763,1786962119.763,0.0,-0.012,4.273,0.36,0.012,4.273,-4.261
marker:0,1786962119.813,1786962119.813,0.0,0.161,4.503,0.23,0.161,4.503,-4.3420000000000005
marker:0,1786962119.888,1786962119.888,0.0,0.188,4.604,-0.03,0.188,4.604,-4.416
marker:0,1786962119.963,1786962119.963,0.0,0.093,4.549,-0.17,0.093,4.549,-4.456
marker:0,1786962120.038,1786962120.038,0.0,1.147,5.62,-0.23,1.147,5.62,-4.473
marker:0,1786962120.113,1786962120.113,0.0,0.208,4.676,-0.19,0.208,4.676,-4.468
marker:0,1786962120.213,1786962120.213,0.0,0.545,4.973,-0.07,0.545,4.973,-4.428
marker:0,1786962120.288,1786962120.288,0.0,0.392,4.789,0.04,0.392,4.789,-4.396999999999999
marker:0,1786962120.363,1786962120.363,0.0,-0.174,4.19,0.15,0.174,4.19,-4.016
marker:0,1786962120.463,1786962120.463,0.0,0.058,4.412,0.19,0.058,4.412,-4.354
marker:0,1786962120.513,1786962120.513,0.0,0.039,4.398,0.17,0.039,4.398,-4.359
marker:0,1786962120.613,1786962120.613,0.0,1.696,6.092,0.04,1.696,6.092,-4.396
marker:0,1786962120.763,1786962120.763,0.0,0.861,5.315,-0.16,0.861,5.315,-4.454000000000001
marker:0,1786962120.863,1786962120.863,0.0,0.526,5.008,-0.26,0.526,5.008,-4.482
marker:0,1786962121.013,1786962121.013,0.0,-0.391,4.066,-0.14,0.391,4.066,-3.675
marker:0,1786962121.063,1786962121.063,0.0,-0.605,3.817,-0.05,0.605,3.817,-3.212
marker:0,1786962121.138,1786962121.138,0.0,-0.682,3.72,0.02,0.682,3.72,-3.0380000000000003
marker:0,1786962121.238,1786962121.238,0.0,-0.898,3.453,0.2,0.898,3.453,-2.5549999999999997
marker:0,1786962121.288,1786962121.288,0.0,-0.88,3.462,0.23,0.88,3.462,-2.5820000000000003
marker:0,1786962121.338,1786962121.338,0.0,-1.564,2.77,0.24,1.564,2.77,-1.206
marker:0,1786962121.438,1786962121.438,0.0,-1.625,2.728,0.19,1.625,2.728,-1.1030000000000002
marker:0,1786962121.513,1786962121.513,0.0,-1.021,3.369,0.06,1.021,3.369,-2.3480000000000003
marker:0,1786962121.588,1786962121.588,0.0,0.332,4.78,-0.14,0.332,4.78,-4.448
marker:0,1786962121.763,1786962121.763,0.0,-0.333,4.195,-0.42,0.333,4.195,-3.862
marker:0,1786962121.838,1786962121.838,0.0,0.178,4.718,-0.46,0.178,4.718,-4.54
marker:0,1786962121.938,1786962121.938,0.0,-0.235,4.258,-0.3,0.235,4.258,-4.023
marker:0,1786962122.038,1786962122.038,0.0,-0.727,3.721,-0.14,0.727,3.721,-2.994
marker:0,1786962122.113,1786962122.113,0.0,-0.903,3.507,-0.01,0.903,3.507,-2.604
marker:0,1786962122.188,1786962122.188,0.0,0.102,4.492,0.08,0.102,4.492,-4.39
marker:0,1786962122.263,1786962122.263,0.0,-0.103,4.279,0.1,0.103,4.279,-4.176
marker:0,1786962122.313,1786962122.313,0.0,-0.243,4.147,0.04,0.243,4.147,-3.9040000000000004
marker:0,1786962122.388,1786962122.388,0.0,-0.6,3.828,-0.07,0.6,3.828,-3.2279999999999998
marker:0,1786962122.463,1786962122.463,0.0,-0.592,3.876,-0.24,0.592,3.876,-3.284
marker:0,1786962122.588,1786962122.588,0.0,-0.654,3.908,-0.54,0.654,3.908,-3.254
marker:0,1786962122.688,1786962122.663,-0.02499985694885254,-0.671,3.912,-0.64,0.671,3.912,-3.2409999999999997
marker:0,1786962122.763,1786962122.763,0.0,-0.43,4.164,-0.65,0.43,4.164,-3.7339999999999995
marker:0,1786962122.838,1786962122.838,0.0,-0.287,4.313,-0.67,0.287,4.313,-4.026
marker:0,1786962122.913,1786962122.913,0.0,-0.274,4.32,-0.65,0.274,4.32,-4.046
marker:0,1786962122.988,1786962122.988,0.0,-0.317,4.274,-0.64,0.317,4.274,-3.957
marker:0,1786962123.063,1786962123.063,0.0,-0.977,3.614,-0.64,0.977,3.614,-2.637
marker:0,1786962123.138,1786962123.138,0.0,-1.058,3.539,-0.66,1.058,3.539,-2.481
marker:0,1786962123.188,1786962123.188,0.0,-1.332,3.288,-0.76,1.332,3.288,-1.9559999999999997
marker:0,1786962123.263,1786962123.263,0.0,-1.314,3.34,-0.89,1.314,3.34,-2.026
marker:0,1786962123.338,1786962123.338,0.0,0.163,4.851,-0.98,0.163,4.851,-4.688
marker:0,1786962123.413,1786962123.413,0.0,-0.639,4.072,-1.06,0.639,4.072,-3.433
marker:0,1786962123.488,1786962123.488,0.0,-0.73,3.989,-1.05,0.73,3.989,-3.259
marker:0,1786962123.563,1786962123.563,0.0,-1.024,3.667,-0.99,1.024,3.667,-2.643
marker:0,1786962123.638,1786962123.638,0.0,-0.859,3.767,-0.72,0.859,3.767,-2.908
marker:0,1786962123.713,1786962123.713,0.0,-1.058,3.525,-0.61,1.058,3.525,-2.4669999999999996
marker:0,1786962123.788,1786962123.788,0.0,-1.139,3.398,-0.45,1.139,3.398,-2.2590000000000003
marker:0,1786962123.863,1786962123.863,0.0,-1.027,3.492,-0.39,1.027,3.492,-2.465
marker:0,1786962123.938,1786962123.938,0.0,-1.171,3.352,-0.4,1.171,3.352,-2.181
marker:0,1786962124.013,1786962124.013,0.0,-1.157,3.388,-0.48,1.157,3.388,-2.231
marker:0,1786962124.063,1786962124.063,0.0,-1.123,3.448,-0.57,1.123,3.448,-2.325
marker:0,1786962124.163,1786962124.163,0.0,-1.077,3.52,-0.73,1.077,3.52,-2.443
marker:0,1786962124.263,1786962124.263,0.0,-0.696,3.958,-0.86,0.696,3.958,-3.2620000000000005
marker:0,1786962124.363,1786962124.363,0.0,-0.445,4.255,-1.02,0.445,4.255,-3.81
marker:0,1786962124.463,1786962124.463,0.0,-0.267,4.447,-1.07,0.267,4.447,-4.18
marker:0,1786962124.588,1786962124.588,0.0,-0.466,4.257,-1.1,0.466,4.257,-3.7909999999999995
marker:0,1786962124.663,1786962124.663,0.0,-1.537,3.186,-1.1,1.537,3.186,-1.649
marker:0,1786962124.738,1786962124.738,0.0,-1.709,3.008,-1.08,1.709,3.008,-1.299
marker:0,1786962124.863,1786962124.863,0.0,-0.554,4.149,-1.03,0.554,4.149,-3.5949999999999998
marker:0,1786962124.938,1786962124.938,0.0,-0.629,4.045,-0.89,0.629,4.045,-3.416
marker:0,1786962125.013,1786962125.013,0.0,-0.812,3.828,-0.79,0.812,3.828,-3.016
marker:0,1786962125.088,1786962125.088,0.0,-0.906,3.677,-0.61,0.906,3.677,-2.771
marker:0,1786962125.163,1786962125.163,0.0,-0.933,3.624,-0.52,0.933,3.624,-2.691
marker:0,1786962125.213,1786962125.213,0.0,-1.018,3.508,-0.41,1.018,3.508,-2.49
marker:0,1786962125.288,1786962125.288,0.0,-1.011,3.526,-0.45,1.011,3.526,-2.5149999999999997
marker:0,1786962125.388,1786962125.388,0.0,-1.044,3.515,-0.55,1.044,3.515,-2.471
marker:0,1786962125.463,1786962125.463,0.0,-0.972,3.613,-0.62,0.972,3.613,-2.641
marker:0,1786962125.563,1786962125.563,0.0,-0.918,3.674,-0.64,0.918,3.674,-2.756
marker:0,1786962125.663,1786962125.663,0.0,-0.964,3.621,-0.62,0.964,3.621,-2.657
marker:0,1786962125.713,1786962125.713,0.0,-0.994,3.589,-0.61,0.994,3.589,-2.5949999999999998
marker:0,1786962125.788,1786962125.788,0.0,-1.013,3.567,-0.6,1.013,3.567,-2.5540000000000003
marker:0,1786962125.863,1786962125.863,0.0,-0.579,3.995,-0.58,0.579,3.995,-3.4160000000000004
marker:0,1786962125.938,1786962125.938,0.0,-0.62,3.968,-0.63,0.62,3.968,-3.348
marker:0,1786962126.013,1786962126.013,0.0,-0.623,3.968,-0.64,0.623,3.968,-3.3449999999999998
marker:0,1786962126.113,1786962126.113,0.0,-0.653,3.961,-0.72,0.653,3.961,-3.308
marker:0,1786962126.188,1786962126.188,0.0,-0.231,4.391,-0.75,0.231,4.391,-4.16
marker:0,1786962126.238,1786962126.238,0.0,-0.259,4.378,-0.8,0.259,4.378,-4.119
marker:0,1786962126.313,1786962126.313,0.0,-0.235,4.405,-0.81,0.235,4.405,-4.17
marker:0,1786962126.388,1786962126.388,0.0,-0.779,3.855,-0.79,0.779,3.855,-3.076
marker:0,1786962126.438,1786962126.438,0.0,-0.823,3.811,-0.79,0.823,3.811,-2.988
marker:0,1786962126.563,1786962126.563,0.0,-0.883,3.734,-0.73,0.883,3.734,-2.851
marker:0,1786962126.638,1786962126.638,0.0,-0.925,3.664,-0.63,0.925,3.664,-2.739
marker:0,1786962126.713,1786962126.713,0.0,0.166,4.734,-0.53,0.166,4.734,-4.568
marker:0,1786962126.763,1786962126.763,0.0,0.284,4.829,-0.48,0.284,4.829,-4.545
marker:0,1786962126.863,1786962126.863,0.0,0.234,4.759,-0.41,0.234,4.759,-4.525
marker:0,1786962126.963,1786962126.963,0.0,-1.109,3.419,-0.42,1.109,3.419,-2.31
marker:0,1786962127.013,1786962127.013,0.0,-1.099,3.414,-0.37,1.099,3.414,-2.3150000000000004
marker:0,1786962127.138,1786962127.138,0.0,-0.789,3.734,-0.4,0.789,3.734,-2.945
marker:0,1786962127.188,1786962127.188,0.0,-0.79,3.729,-0.39,0.79,3.729,-2.939
marker:0,1786962127.263,1786962127.263,0.0,-0.806,3.722,-0.42,0.806,3.722,-2.916
marker:0,1786962127.363,1786962127.363,0.0,-1.37,3.147,-0.38,1.37,3.147,-1.7769999999999997
marker:0,1786962127.438,1786962127.438,0.0,-1.376,3.163,-0.46,1.376,3.163,-1.787
marker:0,1786962127.538,1786962127.538,0.0,0.097,4.645,-0.5,0.097,4.645,-4.547999999999999
marker:0,1786962127.638,1786962127.638,0.0,-0.564,4.019,-0.64,0.564,4.019,-3.455
marker:0,1786962127.738,1786962127.738,0.0,-1.565,3.052,-0.75,1.565,3.052,-1.487
marker:0,1786962127.788,1786962127.788,0.0,-1.574,3.071,-0.83,1.574,3.071,-1.497
marker:0,1786962127.863,1786962127.863,0.0,-1.556,3.098,-0.9,1.556,3.098,-1.5419999999999998
marker:0,1786962127.987,1786962127.987,0.0,-1.663,2.988,-0.85,1.663,2.988,-1.325
marker:0,1786962128.112,1786962128.112,0.0,-1.782,2.815,-0.66,1.782,2.815,-1.033
marker:0,1786962128.212,1786962128.212,0.0,-0.753,3.795,-0.49,0.753,3.795,-3.042
marker:0,1786962128.312,1786962128.312,0.0,-0.937,3.565,-0.33,0.937,3.565,-2.628
marker:0,1786962128.437,1786962128.437,0.0,-1.182,3.277,-0.18,1.182,3.277,-2.095
marker:0,1786962128.562,1786962128.562,0.0,-0.243,4.216,-0.18,0.243,4.216,-3.9730000000000003
marker:0,1786962128.662,1786962128.662,0.0,-0.892,3.608,-0.32,0.892,3.608,-2.716
marker:0,1786962128.762,1786962128.762,0.0,-0.01,4.553,-0.6,0.01,4.553,-4.543
marker:0,1786962128.862,1786962128.862,0.0,-0.83,3.825,-0.86,0.83,3.825,-2.995
marker:0,1786962128.987,1786962128.987,0.0,-0.429,4.196,-0.95,0.429,4.196,-3.767
marker:0,1786962129.162,1786962129.137,-0.02499985694885254,0.029,4.725,-0.97,0.029,4.725,-4.696
marker:0,1786962129.212,1786962129.212,0.0,-0.723,3.963,-0.99,0.723,3.963,-3.24
marker:0,1786962129.312,1786962129.312,0.0,-0.271,4.409,-0.95,0.271,4.409,-4.138
marker:0,1786962129.388,1786962129.388,0.0,-0.911,4.274,-0.96,0.911,4.274,-3.363
marker:0,1786962129.487,1786962129.487,0.0,-0.888,3.794,-0.96,0.888,3.794,-2.906
marker:0,1786962129.562,1786962129.562,0.0,-0.99,3.696,-0.97,0.99,3.696,-2.7060000000000004
marker:0,1786962129.662,1786962129.662,0.0,-1.59,3.078,-0.91,1.59,3.078,-1.4879999999999998
marker:0,1786962129.737,1786962129.737,0.0,-1.738,2.91,-0.84,1.738,2.91,-1.1720000000000002
marker:0,1786962129.813,1786962129.813,0.0,-0.996,3.619,-0.72,0.996,3.619,-2.623
marker:0,1786962129.912,1786962129.912,0.0,-1.384,3.196,-0.6,1.384,3.196,-1.8120000000000003
marker:0,1786962129.987,1786962129.987,0.0,-1.455,3.088,-0.47,1.455,3.088,-1.633
marker:0,1786962130.062,1786962130.062,0.0,-1.672,2.85,-0.4,1.672,2.85,-1.1780000000000002
marker:0,1786962130.138,1786962130.138,0.0,-1.165,3.326,-0.27,1.165,3.326,-2.161
marker:0,1786962130.212,1786962130.212,0.0,-1.271,3.211,-0.26,1.271,3.211,-1.94
marker:0,1786962130.287,1786962130.287,0.0,-1.533,2.963,-0.31,1.533,2.963,-1.4300000000000002
marker:0,1786962130.387,1786962130.387,0.0,-1.786,2.748,-0.5,1.786,2.748,-0.9620000000000002
marker:0,1786962130.437,1786962130.437,0.0,-1.216,3.361,-0.59,1.216,3.361,-2.1450000000000005
marker:0,1786962130.537,1786962130.537,0.0,-1.286,3.345,-0.78,1.286,3.345,-2.059
marker:0,1786962130.612,1786962130.612,0.0,-1.574,3.103,-0.94,1.574,3.103,-1.5290000000000001
marker:0,1786962130.662,1786962130.687,0.02500009536743164,-1.717,2.997,-1.07,1.717,2.997,-1.2799999999999998
marker:0,1786962130.737,1786962130.737,0.0,-1.695,3.023,-1.1,1.695,3.023,-1.328
marker:0,1786962130.812,1786962130.812,0.0,-1.663,3.051,-1.07,1.663,3.051,-1.3880000000000001
marker:0,1786962130.862,1786962130.862,0.0,-1.707,2.984,-0.99,1.707,2.984,-1.277
marker:0,1786962130.937,1786962130.937,0.0,-1.668,2.987,-0.86,1.668,2.987,-1.3190000000000002
marker:0,1786962131.012,1786962131.012,0.0,-1.676,2.944,-0.74,1.676,2.944,-1.268
marker:0,1786962131.062,1786962131.062,0.0,-1.712,2.882,-0.65,1.712,2.882,-1.1700000000000002
marker:0,1786962131.137,1786962131.137,0.0,-1.81,2.794,-0.54,1.81,2.794,-0.984
marker:0,1786962131.262,1786962131.262,0.0,-1.887,2.682,-0.56,1.887,2.682,-0.7949999999999999
marker:0,1786962131.362,1786962131.362,0.0,-1.981,2.633,-0.72,1.981,2.633,-0.6519999999999999
marker:0,1786962131.462,1786962131.462,0.0,-2.123,2.56,-0.99,2.123,2.56,-0.43699999999999983
marker:0,1786962131.537,1786962131.537,0.0,-2.344,2.376,-1.09,2.344,2.376,-0.03200000000000003
marker:0,1786962131.637,1786962131.612,-0.02500009536743164,-2.403,2.335,-1.14,2.403,2.335,0.06800000000000006
marker:0,1786962131.687,1786962131.687,0.0,-2.46,2.278,-1.11,2.46,2.278,0.18199999999999994
marker:0,1786962131.762,1786962131.762,0.0,-2.624,2.076,-1.02,2.624,2.076,0.548
marker:0,1786962131.862,1786962131.862,0.0,-1.08,3.58,-0.88,1.08,3.58,-2.5
marker:0,1786962131.987,1786962131.987,0.0,-1.133,3.47,-0.68,1.133,3.47,-2.337
marker:0,1786962132.062,1786962132.062,0.0,-1.123,3.477,-0.67,1.123,3.477,-2.354
marker:0,1786962132.162,1786962132.162,0.0,-1.882,2.758,-0.81,1.882,2.758,-0.8760000000000001
marker:0,1786962132.237,1786962132.237,0.0,-1.079,3.603,-0.96,1.079,3.603,-2.524
marker:0,1786962132.337,1786962132.337,0.0,-0.701,4.045,-1.18,0.701,4.045,-3.344
marker:0,1786962132.412,1786962132.412,0.0,-0.649,4.108,-1.22,0.649,4.108,-3.4589999999999996
marker:0,1786962132.487,1786962132.487,0.0,-0.913,3.855,-1.19,0.913,3.855,-2.942
marker:0,1786962132.537,1786962132.537,0.0,-0.686,4.04,-1.11,0.686,4.04,-3.354
marker:0,1786962132.612,1786962132.612,0.0,-0.738,3.962,-1.02,0.738,3.962,-3.224
marker:0,1786962132.687,1786962132.687,0.0,-0.421,4.245,-0.9,0.421,4.245,-3.8240000000000003
marker:0,1786962132.737,1786962132.737,0.0,-0.519,4.135,-0.86,0.519,4.135,-3.6159999999999997
marker:0,1786962132.837,1786962132.837,0.0,-1.596,3.047,-0.82,1.596,3.047,-1.451
marker:0,1786962132.912,1786962132.912,0.0,-0.99,3.67,-0.89,0.99,3.67,-2.6799999999999997
marker:0,1786962132.962,1786962132.962,0.0,-1.024,3.662,-0.97,1.024,3.662,-2.638
marker:0,1786962133.062,1786962133.062,0.0,-1.709,2.994,-1.04,1.709,2.994,-1.2850000000000001
marker:0,1786962133.137,1786962133.137,0.0,-0.935,3.785,-1.04,0.935,3.785,-2.85
marker:0,1786962133.237,1786962133.237,0.0,-0.913,3.787,-1.02,0.913,3.787,-2.8739999999999997
marker:0,1786962133.337,1786962133.337,0.0,-1.794,2.861,-0.86,1.794,2.861,-1.0670000000000002
marker:0,1786962133.437,1786962133.437,0.0,-1.774,2.877,-0.85,1.774,2.877,-1.1029999999999998
marker:0,1786962133.487,1786962133.487,0.0,-0.941,3.713,-0.86,0.941,3.713,-2.7720000000000002
marker:0,1786962133.587,1786962133.587,0.0,-1.718,2.953,-0.92,1.718,2.953,-1.2349999999999999
marker:0,1786962133.662,1786962133.662,0.0,-1.792,2.92,-1.06,1.792,2.92,-1.128
marker:0,1786962133.762,1786962133.762,0.0,-0.822,3.921,-1.17,0.822,3.921,-3.0989999999999998
marker:0,1786962133.862,1786962133.862,0.0,-1.699,3.067,-1.25,1.699,3.067,-1.368
marker:0,1786962133.962,1786962133.962,0.0,-1.814,2.921,-1.14,1.814,2.921,-1.1069999999999998
marker:0,1786962134.062,1786962134.062,0.0,-1.922,2.767,-0.9,1.922,2.767,-0.845
marker:0,1786962134.162,1786962134.162,0.0,-0.911,3.735,-0.83,0.911,3.735,-2.824
marker:0,1786962134.237,1786962134.237,0.0,-1.053,3.538,-0.64,1.053,3.538,-2.485
marker:0,1786962134.312,1786962134.312,0.0,-1.669,2.91,-0.6,1.669,2.91,-1.241
marker:0,1786962134.387,1786962134.387,0.0,-1.609,2.988,-0.66,1.609,2.988,-1.379
marker:0,1786962134.462,1786962134.462,0.0,-1.541,3.097,-0.78,1.541,3.097,-1.556
marker:0,1786962134.537,1786962134.537,0.0,-1.878,2.802,-0.95,1.878,2.802,-0.9240000000000002
marker:0,1786962134.587,1786962134.587,0.0,-1.891,2.835,-1.13,1.891,2.835,-0.944
marker:0,1786962134.687,1786962134.662,-0.02500009536743164,-1.882,2.867,-1.19,1.882,2.867,-0.9850000000000001
marker:0,1786962134.737,1786962134.737,0.0,-1.871,2.895,-1.24,1.871,2.895,-1.024
marker:0,1786962134.837,1786962134.837,0.0,-1.695,3.034,-1.12,1.695,3.034,-1.3389999999999997
marker:0,1786962134.912,1786962134.912,0.0,-0.688,3.989,-0.94,0.688,3.989,-3.301
marker:0,1786962134.962,1786962134.962,0.0,-1.338,3.297,-0.79,1.338,3.297,-1.959
marker:0,1786962135.062,1786962135.062,0.0,-1.476,3.089,-0.55,1.476,3.089,-1.613
marker:0,1786962135.137,1786962135.137,0.0,-1.913,2.635,-0.49,1.913,2.635,-0.7219999999999998
marker:0,1786962135.262,1786962135.262,0.0,-0.125,4.469,-0.65,0.125,4.469,-4.344
marker:0,1786962135.312,1786962135.312,0.0,-1.741,2.908,-0.84,1.741,2.908,-1.1669999999999998
marker:0,1786962135.387,1786962135.387,0.0,-1.694,2.926,-1.08,1.694,2.926,-1.2320000000000002
marker:0,1786962135.437,1786962135.437,0.0,-1.078,3.693,-1.27,1.078,3.693,-2.615
marker:0,1786962135.512,1786962135.512,0.0,-0.982,3.807,-1.4,0.982,3.807,-2.825
marker:0,1786962135.587,1786962135.587,0.0,-1.043,3.747,-1.4,1.043,3.747,-2.7039999999999997
marker:0,1786962135.637,1786962135.637,0.0,-1.064,3.691,-1.21,1.064,3.691,-2.627
marker:0,1786962135.712,1786962135.712,0.0,-1.068,3.649,-1.08,1.068,3.649,-2.581
marker:0,1786962135.787,1786962135.787,0.0,-1.217,3.345,-0.54,1.217,3.345,-2.128
marker:0,1786962135.862,1786962135.887,0.02500009536743164,-1.28,3.228,-0.27,1.28,3.228,-1.9480000000000002
marker:0,1786962135.937,1786962135.937,0.0,-1.592,2.83,-0.05,1.592,2.83,-1.238
marker:0,1786962136.037,1786962136.037,0.0,-1.711,2.645,0.27,1.711,2.645,-0.9339999999999999
marker:0,1786962136.112,1786962136.112,0.0,-1.881,2.441,0.3,1.881,2.441,-0.5599999999999998
marker:0,1786962136.187,1786962136.187,0.0,-1.775,2.555,0.27,1.775,2.555,-0.7800000000000002
marker:0,1786962136.937,1786962136.937,0.0,-0.955,3.679,-0.77,0.955,3.679,-2.7239999999999998
marker:0,1786962137.012,1786962137.012,0.0,-1.144,3.433,-0.58,1.144,3.433,-2.2889999999999997
marker:0,1786962137.062,1786962137.062,0.0,-1.229,3.336,-0.55,1.229,3.336,-2.1069999999999998
marker:0,1786962137.162,1786962137.162,0.0,-1.518,3.039,-0.52,1.518,3.039,-1.5210000000000001
marker:0,1786962137.287,1786962137.287,0.0,-1.833,2.948,-0.7,1.833,2.948,-1.115
marker:0,1786962137.362,1786962137.362,0.0,-1.758,2.877,-0.79,1.758,2.877,-1.1189999999999998
marker:0,1786962137.462,1786962137.462,0.0,-1.586,3.076,-0.92,1.586,3.076,-1.49
marker:0,1786962137.512,1786962137.512,0.0,-1.574,3.101,-0.93,1.574,3.101,-1.527
marker:0,1786962137.587,1786962137.587,0.0,-1.561,3.108,-0.91,1.561,3.108,-1.5470000000000002
marker:0,1786962137.737,1786962137.737,0.0,-1.216,3.418,-0.79,1.216,3.418,-2.202
marker:0,1786962137.812,1786962137.812,0.0,-1.272,3.337,-0.7,1.272,3.337,-2.0650000000000004
marker:0,1786962137.862,1786962137.862,0.0,-1.274,3.311,-0.62,1.274,3.311,-2.037
marker:0,1786962137.962,1786962137.962,0.0,-1.659,2.909,-0.52,1.659,2.909,-1.2499999999999998
marker:0,1786962138.037,1786962138.037,0.0,-1.83,2.727,-0.52,1.83,2.727,-0.8969999999999998
marker:0,1786962138.087,1786962138.087,0.0,-1.892,2.662,-0.51,1.892,2.662,-0.77
marker:0,1786962138.187,1786962138.187,0.0,-2.344,2.238,-0.61,2.344,2.238,0.10599999999999987
marker:0,1786962138.237,1786962138.237,0.0,-2.398,2.237,-0.79,2.398,2.237,0.16100000000000003
marker:0,1786962138.387,1786962138.387,0.0,-2.55,2.025,-0.99,2.55,2.025,0.5249999999999999
marker:0,1786962138.462,1786962138.462,0.0,-2.67,2.039,-1.05,2.67,2.039,0.6309999999999998
marker:0,1786962138.537,1786962138.537,0.0,-2.742,1.975,-1.08,2.742,1.975,0.7669999999999999
marker:0,1786962138.587,1786962138.587,0.0,-2.778,1.943,-1.09,2.778,1.943,0.835
marker:0,1786962138.687,1786962138.687,0.0,-2.808,1.912,-1.09,2.808,1.912,0.8959999999999999
marker:0,1786962138.762,1786962138.762,0.0,-2.844,1.859,-1.03,2.844,1.859,0.9849999999999999
marker:0,1786962138.862,1786962138.862,0.0,-2.778,1.896,-0.93,2.778,1.896,0.8820000000000001
marker:0,1786962138.962,1786962138.962,0.0,-2.747,1.91,-0.87,2.747,1.91,0.837
marker:0,1786962139.013,1786962139.013,0.0,-2.744,1.901,-0.82,2.744,1.901,0.8430000000000002
marker:0,1786962139.087,1786962139.087,0.0,-1.697,2.949,-0.83,1.697,2.949,-1.2519999999999998
marker:0,1786962139.162,1786962139.162,0.0,-1.691,2.956,-0.93,1.691,2.956,-1.265
marker:0,1786962139.212,1786962139.212,0.0,-1.825,2.869,-1.0,1.825,2.869,-1.0440000000000003
marker:0,1786962139.312,1786962139.312,0.0,-1.964,2.816,-1.34,1.964,2.816,-0.8519999999999999
marker:0,1786962139.412,1786962139.412,0.0,-1.611,3.182,-1.54,1.611,3.182,-1.571
marker:0,1786962139.487,1786962139.487,0.0,-1.789,3.005,-1.59,1.789,3.005,-1.216
marker:0,1786962139.562,1786962139.562,0.0,-1.906,2.888,-1.55,1.906,2.888,-0.982
marker:0,1786962139.637,1786962139.637,0.0,-1.918,2.873,-1.44,1.918,2.873,-0.9550000000000003
marker:0,1786962139.712,1786962139.712,0.0,-2.157,2.589,-1.11,2.157,2.589,-0.43199999999999994
marker:0,1786962139.837,1786962139.837,0.0,-2.337,2.317,-0.79,2.337,2.317,0.020000000000000018
marker:0,1786962139.887,1786962139.887,0.0,-2.313,2.287,-0.59,2.313,2.287,0.026000000000000245
marker:0,1786962139.962,1786962139.962,0.0,-2.119,2.412,-0.43,2.119,2.412,-0.2929999999999997
marker:0,1786962140.037,1786962140.037,0.0,-2.216,2.311,-0.4,2.216,2.311,-0.09499999999999975
marker:0,1786962140.137,1786962140.137,0.0,-2.124,2.424,-0.49,2.124,2.424,-0.2999999999999998
marker:0,1786962140.237,1786962140.237,0.0,-1.49,3.113,-0.68,1.49,3.113,-1.623
marker:0,1786962140.337,1786962140.337,0.0,-1.587,3.11,-1.01,1.587,3.11,-1.523
marker:0,1786962140.387,1786962140.387,0.0,-1.592,3.154,-1.18,1.592,3.154,-1.5619999999999998
marker:0,1786962140.437,1786962140.437,0.0,-1.668,3.112,-1.3,1.668,3.112,-1.4440000000000002
marker:0,1786962140.512,1786962140.512,0.0,-1.713,3.078,-1.44,1.713,3.078,-1.3649999999999998
marker:0,1786962140.562,1786962140.562,0.0,-1.801,2.991,-1.49,1.801,2.991,-1.1900000000000002
marker:0,1786962140.637,1786962140.637,0.0,-1.903,2.888,-1.45,1.903,2.888,-0.9849999999999999
marker:0,1786962140.737,1786962140.737,0.0,-1.934,2.849,-1.31,1.934,2.849,-0.9150000000000003
marker:0,1786962140.787,1786962140.787,0.0,-1.792,2.928,-1.09,1.792,2.928,-1.136
marker:0,1786962140.912,1786962140.912,0.0,-1.886,2.751,-0.8,1.886,2.751,-0.865
marker:0,1786962141.012,1786962141.012,0.0,-1.861,2.713,-0.58,1.861,2.713,-0.8520000000000001
marker:0,1786962141.087,1786962141.087,0.0,-1.821,2.75,-0.57,1.821,2.75,-0.929
marker:0,1786962141.137,1786962141.137,0.0,-1.432,3.147,-0.6,1.432,3.147,-1.7149999999999999
marker:0,1786962141.212,1786962141.212,0.0,-2.073,2.515,-0.67,2.073,2.515,-0.44200000000000017
marker:0,1786962141.262,1786962141.262,0.0,-1.995,2.622,-0.73,1.995,2.622,-0.6269999999999998
marker:0,1786962141.362,1786962141.362,0.0,-2.052,2.596,-0.84,2.052,2.596,-0.544
marker:0,1786962141.412,1786962141.412,0.0,-2.067,2.607,-0.93,2.067,2.607,-0.54
marker:0,1786962141.512,1786962141.512,0.0,-1.59,3.079,-0.9,1.59,3.079,-1.489
marker:0,1786962141.562,1786962141.562,0.0,-1.635,3.005,-0.81,1.635,3.005,-1.3699999999999999
marker:0,1786962141.637,1786962141.637,0.0,-1.452,3.156,-0.67,1.452,3.156,-1.7040000000000002
marker:0,1786962141.737,1786962141.737,0.0,-1.621,2.927,-0.49,1.621,2.927,-1.306
marker:0,1786962141.837,1786962141.837,0.0,-1.8,2.721,-0.3,1.8,2.721,-0.921
marker:0,1786962141.937,1786962141.937,0.0,-1.785,2.677,-0.19,1.785,2.677,-0.8920000000000001
marker:0,1786962141.987,1786962141.987,0.0,-1.86,2.585,-0.13,1.86,2.585,-0.7249999999999999
marker:0,1786962142.087,1786962142.087,0.0,-1.775,2.664,-0.11,1.775,2.664,-0.8890000000000002
marker:0,1786962142.187,1786962142.187,0.0,-1.839,2.689,-0.3,1.839,2.689,-0.8500000000000001
marker:0,1786962142.262,1786962142.262,0.0,-1.515,3.042,-0.52,1.515,3.042,-1.527
marker:0,1786962142.362,1786962142.362,0.0,-1.526,3.117,-0.82,1.526,3.117,-1.591
marker:0,1786962142.437,1786962142.437,0.0,-1.602,3.101,-1.03,1.602,3.101,-1.4989999999999999
marker:0,1786962142.562,1786962142.562,0.0,-1.189,3.54,-1.12,1.189,3.54,-2.351
marker:0,1786962142.637,1786962142.637,0.0,-1.19,3.533,-1.1,1.19,3.533,-2.343
marker:0,1786962142.712,1786962142.712,0.0,-1.261,3.411,-0.92,1.261,3.411,-2.1500000000000004
marker:0,1786962142.787,1786962142.787,0.0,-1.415,3.207,-0.75,1.415,3.207,-1.7919999999999998
marker:0,1786962142.862,1786962142.862,0.0,-1.497,3.077,-0.58,1.497,3.077,-1.5799999999999998
marker:0,1786962142.937,1786962142.937,0.0,-1.707,2.842,-0.5,1.707,2.842,-1.135
marker:0,1786962143.012,1786962143.012,0.0,-1.254,3.283,-0.45,1.254,3.283,-2.029
marker:0,1786962143.087,1786962143.087,0.0,-1.325,3.209,-0.44,1.325,3.209,-1.8840000000000001
marker:0,1786962143.137,1786962143.137,0.0,-1.493,3.053,-0.48,1.493,3.053,-1.5599999999999998
marker:0,1786962143.237,1786962143.237,0.0,-1.569,2.993,-0.54,1.569,2.993,-1.424
marker:0,1786962143.362,1786962143.362,0.0,-1.56,3.025,-0.62,1.56,3.025,-1.4649999999999999
marker:0,1786962143.437,1786962143.437,0.0,-1.116,3.473,-0.64,1.116,3.473,-2.3569999999999998
marker:0,1786962143.487,1786962143.487,0.0,-1.385,3.203,-0.62,1.385,3.203,-1.8179999999999998
marker:0,1786962143.612,1786962143.612,0.0,-2.538,2.022,-0.53,2.538,2.022,0.516
marker:0,1786962143.662,1786962143.662,0.0,-2.587,1.959,-0.47,2.587,1.959,0.6280000000000001
marker:0,1786962143.712,1786962143.712,0.0,-1.304,3.222,-0.41,1.304,3.222,-1.918
marker:0,1786962143.787,1786962143.787,0.0,-1.387,3.118,-0.34,1.387,3.118,-1.7309999999999999
marker:0,1786962143.862,1786962143.862,0.0,-1.299,3.192,-0.29,1.299,3.192,-1.8930000000000002
marker:0,1786962143.962,1786962143.962,0.0,-1.401,3.084,-0.27,1.401,3.084,-1.683
marker:0,1786962144.012,1786962144.012,0.0,-1.851,2.657,-0.36,1.851,2.657,-0.806
marker:0,1786962144.112,1786962144.112,0.0,-1.283,3.24,-0.4,1.283,3.24,-1.9570000000000003
marker:0,1786962144.162,1786962144.162,0.0,-1.27,3.273,-0.47,1.27,3.273,-2.003
marker:0,1786962144.237,1786962144.237,0.0,-1.804,2.761,-0.55,1.804,2.761,-0.9570000000000001
marker:0,1786962144.337,1786962144.337,0.0,-1.691,2.883,-0.58,1.691,2.883,-1.192
marker:0,1786962144.437,1786962144.437,0.0,-1.853,2.73,-0.63,1.853,2.73,-0.877
marker:0,1786962144.512,1786962144.512,0.0,-2.054,2.554,-0.7,2.054,2.554,-0.5
marker:0,1786962144.587,1786962144.587,0.0,-1.956,2.687,-0.82,1.956,2.687,-0.7309999999999999
marker:0,1786962144.662,1786962144.662,0.0,-1.996,2.67,-0.9,1.996,2.67,-0.6739999999999999
marker:0,1786962144.762,1786962144.762,0.0,-2.094,2.589,-0.96,2.094,2.589,-0.4950000000000001
marker:0,1786962144.812,1786962144.812,0.0,-2.09,2.601,-0.99,2.09,2.601,-0.5110000000000001
marker:0,1786962144.912,1786962144.912,0.0,-1.536,3.155,-0.99,1.536,3.155,-1.6189999999999998
marker:0,1786962144.987,1786962144.987,0.0,-1.627,3.041,-0.91,1.627,3.041,-1.414
marker:0,1786962145.087,1786962145.087,0.0,-1.491,3.147,-0.8,1.491,3.147,-1.6559999999999997
marker:0,1786962145.162,1786962145.162,0.0,-1.378,3.25,-0.77,1.378,3.25,-1.872
marker:0,1786962145.237,1786962145.237,0.0,-1.522,3.109,-0.77,1.522,3.109,-1.587
marker:0,1786962145.337,1786962145.337,0.0,-1.097,3.587,-0.76,1.097,3.587,-2.49
marker:0,1786962145.412,1786962145.412,0.0,-1.221,3.408,-0.78,1.221,3.408,-2.187
marker:0,1786962145.462,1786962145.462,0.0,-1.164,3.459,-0.75,1.164,3.459,-2.295
marker:0,1786962145.537,1786962145.537,0.0,-1.292,3.339,-0.77,1.292,3.339,-2.0469999999999997
marker:0,1786962145.587,1786962145.587,0.0,-1.58,3.02,-0.67,1.58,3.02,-1.44
marker:0,1786962145.687,1786962145.687,0.0,-1.795,2.779,-0.52,1.795,2.779,-0.984
marker:0,1786962145.762,1786962145.762,0.0,-1.641,2.876,-0.38,1.641,2.876,-1.2349999999999999
marker:0,1786962145.862,1786962145.862,0.0,-1.769,2.696,-0.17,1.769,2.696,-0.9270000000000003
marker:0,1786962145.912,1786962145.912,0.0,-1.876,2.538,0.0,1.876,2.538,-0.6619999999999999
marker:0,1786962146.012,1786962146.012,0.0,-1.91,2.455,0.15,1.91,2.455,-0.5450000000000002
marker:0,1786962146.112,1786962146.112,0.0,-2.025,2.337,0.16,2.025,2.337,-0.3120000000000003
marker:0,1786962146.212,1786962146.212,0.0,-2.163,2.233,0.04,2.163,2.233,-0.07000000000000028
marker:0,1786962146.262,1786962146.262,0.0,-1.383,3.039,-0.05,1.383,3.039,-1.6560000000000001
marker:0,1786962146.362,1786962146.362,0.0,-1.39,3.084,-0.23,1.39,3.084,-1.6940000000000002
marker:0,1786962146.437,1786962146.437,0.0,-1.313,3.209,-0.4,1.313,3.209,-1.8960000000000001
marker:0,1786962146.537,1786962146.537,0.0,-1.425,3.137,-0.54,1.425,3.137,-1.712
marker:0,1786962146.637,1786962146.637,0.0,-1.413,3.164,-0.6,1.413,3.164,-1.7510000000000001
marker:0,1786962146.737,1786962146.737,0.0,-1.096,3.486,-0.59,1.096,3.486,-2.39
marker:0,1786962146.812,1786962146.812,0.0,-1.307,3.245,-0.5,1.307,3.245,-1.9380000000000002
marker:0,1786962146.912,1786962146.912,0.0,-1.462,3.04,-0.33,1.462,3.04,-1.578
marker:0,1786962147.012,1786962147.012,0.0,-1.785,2.635,0.0,1.785,2.635,-0.8499999999999999
marker:0,1786962147.112,1786962147.112,0.0,-1.563,2.805,0.14,1.563,2.805,-1.2420000000000002
marker:0,1786962147.187,1786962147.187,0.0,-1.491,2.874,0.13,1.491,2.874,-1.383
marker:0,1786962147.337,1786962147.337,0.0,-1.266,3.171,-0.17,1.266,3.171,-1.9049999999999998
marker:0,1786962147.462,1786962147.462,0.0,-1.465,3.049,-0.38,1.465,3.049,-1.5839999999999999
marker:0,1786962147.562,1786962147.562,0.0,-1.635,2.876,-0.36,1.635,2.876,-1.2409999999999999
marker:0,1786962147.612,1786962147.612,0.0,-1.682,2.815,-0.31,1.682,2.815,-1.133
marker:0,1786962147.712,1786962147.712,0.0,-1.891,2.548,-0.11,1.891,2.548,-0.657
marker:0,1786962147.787,1786962147.787,0.0,-2.103,2.29,0.05,2.103,2.29,-0.18699999999999983
marker:0,1786962147.862,1786962147.862,0.0,-2.264,2.118,0.1,2.264,2.118,0.1459999999999999
marker:0,1786962147.937,1786962147.937,0.0,-2.555,1.813,0.14,2.555,1.813,0.7420000000000002
marker:0,1786962148.012,1786962148.012,0.0,-2.778,1.615,0.05,2.778,1.615,1.163
marker:0,1786962148.087,1786962148.087,0.0,-2.926,1.496,-0.05,2.926,1.496,1.4300000000000002
marker:0,1786962148.162,1786962148.162,0.0,-3.025,1.432,-0.17,3.025,1.432,1.593
marker:0,1786962148.237,1786962148.237,0.0,-3.254,1.22,-0.23,3.254,1.22,2.034
marker:0,1786962148.337,1786962148.337,0.0,-3.42,1.054,-0.23,3.42,1.054,2.3659999999999997
marker:0,1786962148.412,1786962148.412,0.0,-1.915,2.556,-0.21,1.915,2.556,-0.641
marker:0,1786962148.512,1786962148.512,0.0,-1.951,2.503,-0.14,1.951,2.503,-0.552
marker:0,1786962148.587,1786962148.587,0.0,-2.08,2.356,-0.07,2.08,2.356,-0.2759999999999998
marker:0,1786962148.662,1786962148.662,0.0,-2.191,2.24,-0.07,2.191,2.24,-0.04900000000000038
marker:0,1786962148.737,1786962148.737,0.0,-1.723,2.702,-0.06,1.723,2.702,-0.9789999999999999
marker:0,1786962148.812,1786962148.812,0.0,-1.529,2.919,-0.14,1.529,2.919,-1.3900000000000001
marker:0,1786962148.887,1786962148.887,0.0,-1.654,2.82,-0.23,1.654,2.82,-1.166
marker:0,1786962149.037,1786962149.037,0.0,-2.209,2.287,-0.31,2.209,2.287,-0.07799999999999985
marker:0,1786962149.112,1786962149.112,0.0,-2.01,2.489,-0.32,2.01,2.489,-0.4790000000000001
marker:0,1786962149.162,1786962149.162,0.0,-2.017,2.473,-0.28,2.017,2.473,-0.45599999999999996
marker:0,1786962149.237,1786962149.237,0.0,-1.936,2.535,-0.22,1.936,2.535,-0.5990000000000002
marker:0,1786962149.337,1786962149.337,0.0,-1.992,2.468,-0.18,1.992,2.468,-0.476
marker:0,1786962149.437,1786962149.437,0.0,-1.905,2.52,-0.06,1.905,2.52,-0.615
marker:0,1786962149.537,1786962149.537,0.0,-2.166,2.236,0.02,2.166,2.236,-0.07000000000000028
marker:0,1786962149.612,1786962149.612,0.0,-2.507,1.892,0.03,2.507,1.892,0.6150000000000002
marker:0,1786962149.712,1786962149.712,0.0,-2.722,1.675,0.04,2.722,1.675,1.047
marker:0,1786962149.787,1786962149.787,0.0,-2.915,1.49,0.01,2.915,1.49,1.425
marker:0,1786962149.837,1786962149.862,0.02500009536743164,-3.041,1.37,0.01,3.041,1.37,1.6709999999999998
marker:0,1786962149.912,1786962149.912,0.0,-3.036,1.386,-0.05,3.036,1.386,1.6500000000000001
marker:0,1786962150.037,1786962150.037,0.0,-2.875,1.513,0.07,2.875,1.513,1.362
marker:0,1786962150.112,1786962150.112,0.0,-2.894,1.459,0.25,2.894,1.459,1.435
marker:0,1786962150.187,1786962150.187,0.0,-3.06,1.245,0.36,3.06,1.245,1.815
marker:0,1786962150.287,1786962150.262,-0.02499985694885254,-3.303,0.973,0.49,3.303,0.973,2.33
marker:0,1786962150.387,1786962150.387,0.0,-3.729,0.53,0.52,3.729,0.53,3.199
marker:0,1786962150.462,1786962150.462,0.0,-3.991,0.279,0.48,3.991,0.279,3.712
marker:0,1786962150.537,1786962150.537,0.0,-4.223,0.064,0.42,4.223,0.064,4.159
marker:0,1786962150.637,1786962150.637,0.0,-4.459,-0.14,0.31,4.459,0.14,4.319
marker:0,1786962150.712,1786962150.712,0.0,-4.556,-0.211,0.22,4.556,0.211,4.345
marker:0,1786962150.787,1786962150.787,0.0,-4.7,-0.364,0.25,4.7,0.364,4.336
marker:0,1786962150.862,1786962150.862,0.0,-4.887,-0.562,0.33,4.887,0.562,4.324999999999999
marker:0,1786962150.912,1786962150.912,0.0,-4.99,-0.717,0.47,4.99,0.717,4.273000000000001
marker:0,1786962151.012,1786962151.012,0.0,-1.805,2.445,0.66,1.805,2.445,-0.6399999999999999
marker:0,1786962151.062,1786962151.062,0.0,-1.857,2.341,0.73,1.857,2.341,-0.4840000000000002
marker:0,1786962151.162,1786962151.162,0.0,-1.701,2.46,0.86,1.701,2.46,-0.7589999999999999
marker:0,1786962151.237,1786962151.237,0.0,-1.733,2.425,0.92,1.733,2.425,-0.6919999999999997
marker:0,1786962151.337,1786962151.337,0.0,-1.191,2.968,0.83,1.191,2.968,-1.777
marker:0,1786962151.412,1786962151.437,0.02500009536743164,-1.026,3.179,0.68,1.026,3.179,-2.1529999999999996
marker:0,1786962151.487,1786962151.487,0.0,-1.208,2.994,0.64,1.208,2.994,-1.7860000000000003
marker:0,1786962151.562,1786962151.562,0.0,-0.894,3.405,0.29,0.894,3.405,-2.5109999999999997
marker:0,1786962151.637,1786962151.637,0.0,-1.129,3.218,0.23,1.129,3.218,-2.089
marker:0,1786962151.712,1786962151.712,0.0,-1.431,2.968,0.03,1.431,2.968,-1.537
marker:0,1786962151.862,1786962151.862,0.0,-1.775,2.609,0.15,1.775,2.609,-0.8340000000000001
marker:0,1786962151.937,1786962151.937,0.0,-2.375,1.93,0.44,2.375,1.93,0.44500000000000006
marker:0,1786962152.062,1786962152.062,0.0,-1.36,2.795,0.94,1.36,2.795,-1.4349999999999998
marker:0,1786962152.187,1786962152.187,0.0,-1.794,2.301,1.12,1.794,2.301,-0.5070000000000001
marker:0,1786962152.612,1786962152.612,0.0,-2.658,1.753,-0.01,2.658,1.753,0.905
marker:0,1786962152.662,1786962152.662,0.0,-1.721,2.733,-0.16,1.721,2.733,-1.012
marker:0,1786962152.737,1786962152.737,0.0,-1.92,2.548,-0.21,1.92,2.548,-0.6280000000000001
marker:0,1786962152.787,1786962152.787,0.0,-2.378,2.076,-0.16,2.378,2.076,0.30200000000000005
marker:0,1786962152.862,1786962152.862,0.0,-2.669,1.759,-0.07,2.669,1.759,0.9100000000000001
marker:0,1786962152.912,1786962152.912,0.0,-1.94,2.405,0.22,1.94,2.405,-0.46499999999999986
marker:0,1786962153.012,1786962153.012,0.0,-3.264,0.975,0.59,3.264,0.975,2.2889999999999997
marker:0,1786962153.087,1786962153.087,0.0,-3.911,0.25,0.97,3.911,0.25,3.661
marker:0,1786962153.162,1786962153.162,0.0,-3.395,0.634,1.32,3.395,0.634,2.761
marker:0,1786962153.262,1786962153.262,0.0,-3.035,0.931,1.54,3.035,0.931,2.104
marker:0,1786962153.337,1786962153.337,0.0,-2.746,1.231,1.5,2.746,1.231,1.515
marker:0,1786962153.412,1786962153.412,0.0,-2.786,1.226,1.38,2.786,1.226,1.56
marker:0,1786962153.487,1786962153.487,0.0,-2.954,1.194,1.25,2.954,1.194,1.7600000000000002
marker:0,1786962153.562,1786962153.562,0.0,-2.843,1.252,1.09,2.843,1.252,1.591
marker:0,1786962153.662,1786962153.662,0.0,-2.792,1.366,0.87,2.792,1.366,1.4259999999999997
marker:0,1786962153.737,1786962153.737,0.0,-1.665,2.519,0.78,1.665,2.519,-0.8540000000000001
marker:0,1786962153.812,1786962153.812,0.0,-1.664,2.526,0.76,1.664,2.526,-0.8619999999999999
marker:0,1786962153.887,1786962153.887,0.0,-1.682,2.479,0.86,1.682,2.479,-0.7970000000000002
marker:0,1786962153.962,1786962153.962,0.0,-1.837,2.296,0.96,1.837,2.296,-0.45899999999999985
marker:0,1786962154.037,1786962154.037,0.0,-1.911,2.204,1.02,1.911,2.204,-0.29300000000000015
marker:0,1786962154.112,1786962154.112,0.0,-1.988,2.111,1.08,1.988,2.111,-0.12300000000000022
marker:0,1786962154.212,1786962154.212,0.0,-2.114,1.976,1.11,2.114,1.976,0.1379999999999999
marker:0,1786962154.287,1786962154.287,0.0,-2.238,1.869,1.05,2.238,1.869,0.369
marker:0,1786962154.362,1786962154.362,0.0,-2.435,1.715,0.9,2.435,1.715,0.72
marker:0,1786962154.437,1786962154.437,0.0,-2.467,1.731,0.73,2.467,1.731,0.736
marker:0,1786962154.537,1786962154.537,0.0,-2.523,1.733,0.53,2.523,1.733,0.79
marker:0,1786962154.612,1786962154.612,0.0,-2.59,1.674,0.48,2.59,1.674,0.9159999999999999
marker:0,1786962154.712,1786962154.712,0.0,-2.492,1.786,0.45,2.492,1.786,0.706
marker:0,1786962154.787,1786962154.787,0.0,-2.368,1.862,0.62,2.368,1.862,0.5059999999999998
marker:0,1786962154.862,1786962154.862,0.0,-2.457,1.739,0.74,2.457,1.739,0.7179999999999997
marker:0,1786962154.962,1786962154.962,0.0,-2.387,1.768,0.88,2.387,1.768,0.619
marker:0,1786962155.037,1786962155.037,0.0,-2.562,1.582,0.97,2.562,1.582,0.9799999999999998
marker:0,1786962155.087,1786962155.087,0.0,-2.547,1.559,1.05,2.547,1.559,0.9880000000000002
marker:0,1786962155.162,1786962155.162,0.0,-2.479,1.61,1.11,2.479,1.61,0.869
marker:0,1786962155.262,1786962155.262,0.0,-2.532,1.555,1.12,2.532,1.555,0.9770000000000001
marker:0,1786962155.362,1786962155.362,0.0,-2.652,1.452,1.06,2.652,1.452,1.2000000000000002
marker:0,1786962155.437,1786962155.437,0.0,-2.813,1.273,1.12,2.813,1.273,1.5400000000000003
marker:0,1786962155.512,1786962155.512,0.0,-2.998,1.086,1.13,2.998,1.086,1.9120000000000001
marker:0,1786962155.637,1786962155.637,0.0,-3.273,0.77,1.33,3.273,0.77,2.503
marker:0,1786962155.712,1786962155.712,0.0,-3.284,0.711,1.44,3.284,0.711,2.573
marker:0,1786962155.787,1786962155.787,0.0,-3.297,0.568,1.6,3.297,0.568,2.729
marker:0,1786962155.887,1786962155.887,0.0,2.365,6.218,1.73,2.365,6.218,-3.8529999999999998
marker:0,1786962155.962,1786962155.962,0.0,2.181,6.084,1.76,2.181,6.084,-3.9029999999999996
marker:0,1786962156.062,1786962156.062,0.0,2.18,6.117,1.64,2.18,6.117,-3.937
marker:0,1786962156.137,1786962156.137,0.0,2.07,6.051,1.49,2.07,6.051,-3.9810000000000003
marker:0,1786962156.187,1786962156.187,0.0,3.213,7.24,1.17,3.213,7.24,-4.027
marker:0,1786962156.262,1786962156.262,0.0,3.306,7.444,0.94,3.306,7.444,-4.138
marker:0,1786962156.337,1786962156.337,0.0,3.924,8.051,0.65,3.924,8.051,-4.127000000000001
marker:0,1786962156.412,1786962156.412,0.0,4.868,9.141,0.47,4.868,9.141,-4.273
marker:0,1786962156.762,1786962156.762,0.0,4.326,8.734,0.0,4.326,8.734,-4.408
marker:0,1786962156.812,1786962156.812,0.0,4.168,8.579,-0.01,4.168,8.579,-4.4110000000000005
marker:0,1786962199.586,1786962199.586,0.0,-11.39,-9.707,61.32,11.39,9.707,1.6829999999999998
marker:0,1786962199.661,1786962199.661,0.0,-12.529,-10.827,61.32,12.529,10.827,1.702
marker:0,1786962199.711,1786962199.711,0.0,-12.331,-10.628,61.32,12.331,10.628,1.7029999999999994
marker:0,1786962199.786,1786962199.786,0.0,-12.545,-10.843,61.32,12.545,10.843,1.702
marker:0,1786962199.861,1786962199.861,0.0,-12.213,-10.523,60.45,12.213,10.523,1.6899999999999995
marker:0,1786962199.961,1786962199.961,0.0,-11.407,-9.715,60.58,11.407,9.715,1.6920000000000002
marker:0,1786962200.061,1786962200.061,0.0,-12.203,-10.512,60.48,12.203,10.512,1.690999999999999
marker:0,1786962200.136,1786962200.136,0.0,-11.461,-9.773,60.3,11.461,9.773,1.6880000000000006
marker:0,1786962200.211,1786962200.211,0.0,-11.521,-9.839,59.88,11.521,9.839,1.6820000000000004
marker:0,1786962200.261,1786962200.261,0.0,-11.008,-9.331,59.53,11.008,9.331,1.6769999999999996
marker:0,1786962200.361,1786962200.361,0.0,-10.432,-8.76,59.0,10.432,8.76,1.6720000000000006
marker:0,1786962200.436,1786962200.436,0.0,-10.147,-8.479,58.84,10.147,8.479,1.668000000000001
marker:0,1786962200.486,1786962200.486,0.0,-9.72,-8.052,58.84,9.72,8.052,1.668000000000001
marker:0,1786962200.586,1786962200.586,0.0,-9.643,-7.975,58.84,9.643,7.975,1.668000000000001
marker:0,1786962200.661,1786962200.661,0.0,-14.406,-12.735,59.08,14.406,12.735,1.6710000000000012
marker:0,1786962200.736,1786962200.736,0.0,-13.735,-12.055,59.69,13.735,12.055,1.6799999999999997
marker:0,1786962200.836,1786962200.836,0.0,-13.603,-11.913,60.45,13.603,11.913,1.6899999999999995
marker:0,1786962200.936,1786962200.936,0.0,-13.507,-11.81,60.94,13.507,11.81,1.6969999999999992
marker:0,1786962201.011,1786962201.011,0.0,-13.669,-11.973,60.87,13.669,11.973,1.6959999999999997
marker:0,1786962201.111,1786962201.111,0.0,-13.626,-11.934,60.54,13.626,11.934,1.6920000000000002
marker:0,1786962201.161,1786962201.161,0.0,-13.102,-11.415,60.21,13.102,11.415,1.6870000000000012
marker:0,1786962201.261,1786962201.261,0.0,-12.656,-10.974,59.78,12.656,10.974,1.6820000000000004
marker:0,1786962201.336,1786962201.336,0.0,-13.058,-11.379,59.61,13.058,11.379,1.6790000000000003
marker:0,1786962201.436,1786962201.436,0.0,-12.398,-10.72,59.56,12.398,10.72,1.677999999999999
marker:0,1786962201.486,1786962201.486,0.0,-11.914,-10.237,59.53,11.914,10.237,1.6769999999999996
marker:0,1786962201.561,1786962201.561,0.0,-11.617,-9.94,59.5,11.617,9.94,1.6770000000000014
marker:0,1786962201.636,1786962201.636,0.0,-12.575,-10.897,59.52,12.575,10.897,1.677999999999999
marker:0,1786962201.711,1786962201.711,0.0,-12.455,-10.785,58.99,12.455,10.785,1.67
marker:0,1786962201.761,1786962201.761,0.0,-11.963,-10.301,58.41,11.963,10.301,1.661999999999999
marker:0,1786962201.836,1786962201.836,0.0,-11.705,-10.048,57.98,11.705,10.048,1.657
marker:0,1786962201.911,1786962201.911,0.0,-10.68,-9.034,57.23,10.68,9.034,1.645999999999999
marker:0,1786962201.986,1786962201.986,0.0,-10.274,-8.641,56.26,10.274,8.641,1.6329999999999991
marker:0,1786962202.036,1786962202.036,0.0,-8.418,-6.792,55.51,8.418,6.792,1.6259999999999994
marker:0,1786962202.111,1786962202.111,0.0,-7.194,-5.583,54.71,7.194,5.583,1.6109999999999998
marker:0,1786962202.186,1786962202.186,0.0,-5.427,-4.764,53.86,5.427,4.764,0.6629999999999994
marker:0,1786962202.561,1786962202.561,0.0,-4.976,-4.056,50.79,4.976,4.056,0.9199999999999999
marker:0,1786962202.736,1786962202.736,0.0,-5.54,-4.828,49.26,5.54,4.828,0.7119999999999997
marker:0,1786962202.836,1786962202.836,0.0,-6.517,-6.058,47.83,6.517,6.058,0.4590000000000005
marker:0,1786962202.986,1786962202.986,0.0,-4.191,-4.225,45.43,4.191,4.225,-0.03399999999999981
marker:0,1786962203.311,1786962203.311,0.0,-3.39,-3.873,42.84,3.39,3.873,-0.4830000000000001
marker:0,1786962203.361,1786962203.361,0.0,-3.394,-3.911,42.72,3.394,3.911,-0.5169999999999999
marker:0,1786962203.436,1786962203.436,0.0,-6.683,-7.21,42.65,6.683,7.21,-0.5270000000000001
marker:0,1786962203.486,1786962203.486,0.0,-6.756,-7.291,42.48,6.756,7.291,-0.5350000000000001
marker:0,1786962203.686,1786962203.686,0.0,-5.903,-6.449,42.24,5.903,6.449,-0.5460000000000003
marker:0,1786962203.761,1786962203.761,0.0,-5.446,-5.994,42.18,5.446,5.994,-0.548
marker:0,1786962203.861,1786962203.861,0.0,-6.667,-7.222,42.04,6.667,7.222,-0.5550000000000006
marker:0,1786962203.961,1786962203.961,0.0,-7.374,-7.776,41.85,7.374,7.776,-0.40200000000000014
marker:0,1786962204.036,1786962204.036,0.0,-7.281,-7.853,41.65,7.281,7.853,-0.5720000000000001
marker:0,1786962204.086,1786962204.086,0.0,-7.208,-7.786,41.51,7.208,7.786,-0.5779999999999994
marker:0,1786962204.211,1786962204.211,0.0,-8.211,-8.821,40.82,8.211,8.821,-0.6099999999999994
marker:0,1786962204.311,1786962204.311,0.0,-7.821,-8.449,40.42,7.821,8.449,-0.6280000000000001
marker:0,1786962204.436,1786962204.436,0.0,-6.506,-7.172,39.58,6.506,7.172,-0.6659999999999995
marker:0,1786962204.511,1786962204.511,0.0,-6.929,-7.611,39.19,6.929,7.611,-0.6819999999999995
marker:0,1786962204.586,1786962204.586,0.0,-7.911,-8.606,38.95,7.911,8.606,-0.6950000000000003
marker:0,1786962204.611,1786962204.611,0.0,-6.828,-7.526,38.77,6.828,7.526,-0.6979999999999995
marker:0,1786962204.736,1786962204.736,0.0,-6.713,-7.439,38.26,6.713,7.439,-0.726
marker:0,1786962204.811,1786962204.811,0.0,-6.779,-7.528,37.75,6.779,7.528,-0.7489999999999997
marker:0,1786962204.861,1786962204.861,0.0,-6.761,-7.528,37.37,6.761,7.528,-0.7669999999999995
marker:0,1786962204.911,1786962204.911,0.0,-6.427,-7.221,36.78,6.427,7.221,-0.7940000000000005
marker:0,1786962205.011,1786962205.011,0.0,-5.946,-6.769,36.13,5.946,6.769,-0.8230000000000004
marker:0,1786962205.086,1786962205.086,0.0,-6.235,-7.068,35.91,6.235,7.068,-0.8329999999999993
marker:0,1786962205.161,1786962205.161,0.0,-6.25,-7.086,35.84,6.25,7.086,-0.8360000000000003
marker:0,1786962205.236,1786962205.261,0.02499985694885254,-6.277,-7.112,35.86,6.277,7.112,-0.835
marker:0,1786962205.336,1786962205.336,0.0,-5.659,-6.484,36.09,5.659,6.484,-0.8250000000000002
marker:0,1786962205.436,1786962205.436,0.0,-6.238,-7.057,36.21,6.238,7.057,-0.819
marker:0,1786962205.536,1786962205.536,0.0,-6.574,-7.396,36.17,6.574,7.396,-0.8220000000000001
marker:0,1786962205.636,1786962205.636,0.0,-4.346,-5.178,35.95,4.346,5.178,-0.8319999999999999
marker:0,1786962205.736,1786962205.736,0.0,-3.909,-4.749,35.75,3.909,4.749,-0.8399999999999999
marker:0,1786962205.811,1786962205.811,0.0,-3.313,-4.162,35.56,3.313,4.162,-0.8489999999999998
marker:0,1786962205.911,1786962205.911,0.0,-4.69,-5.558,35.14,4.69,5.558,-0.8679999999999994
marker:0,1786962206.061,1786962206.061,0.0,-6.084,-6.987,34.38,6.084,6.987,-0.9030000000000005
marker:0,1786962206.136,1786962206.136,0.0,-6.036,-6.605,33.89,6.036,6.605,-0.5690000000000008
marker:0,1786962206.211,1786962206.236,0.02500009536743164,-5.139,-6.072,33.73,5.139,6.072,-0.9329999999999998
marker:0,1786962206.286,1786962206.286,0.0,-5.185,-6.121,33.68,5.185,6.121,-0.9360000000000008
marker:0,1786962206.411,1786962206.411,0.0,-4.931,-5.873,33.5,4.931,5.873,-0.9420000000000002
marker:0,1786962206.461,1786962206.461,0.0,-4.68,-5.629,33.35,4.68,5.629,-0.9489999999999998
marker:0,1786962206.536,1786962206.536,0.0,-4.676,-5.625,33.35,4.676,5.625,-0.9489999999999998
marker:0,1786962206.611,1786962206.611,0.0,-4.102,-5.05,33.41,4.102,5.05,-0.9479999999999995
marker:0,1786962206.686,1786962206.686,0.0,-4.313,-5.254,33.55,4.313,5.254,-0.9409999999999998
marker:0,1786962206.761,1786962206.761,0.0,-4.168,-5.104,33.66,4.168,5.104,-0.9359999999999999
marker:0,1786962206.786,1786962206.786,0.0,-3.647,-4.58,33.74,3.647,4.58,-0.9330000000000003
marker:0,1786962206.861,1786962206.861,0.0,-4.223,-5.152,33.77,4.223,5.152,-0.9290000000000003
marker:0,1786962206.936,1786962206.936,0.0,-3.653,-4.577,34.0,3.653,4.577,-0.9239999999999999
marker:0,1786962207.011,1786962207.011,0.0,-3.865,-4.774,34.26,3.865,4.774,-0.9089999999999998
marker:0,1786962207.061,1786962207.061,0.0,-4.143,-5.051,34.26,4.143,5.051,-0.9080000000000004
marker:0,1786962207.161,1786962207.161,0.0,-5.09,-6.021,33.76,5.09,6.021,-0.931
marker:0,1786962207.236,1786962207.236,0.0,-5.518,-6.477,33.14,5.518,6.477,-0.9590000000000005
marker:0,1786962207.336,1786962207.336,0.0,-5.525,-6.52,32.16,5.525,6.52,-0.9949999999999992
marker:0,1786962207.411,1786962207.411,0.0,-6.152,-7.079,31.61,6.152,7.079,-0.9269999999999996
marker:0,1786962207.486,1786962207.486,0.0,-5.678,-6.583,31.39,5.678,6.583,-0.9050000000000002
marker:0,1786962207.561,1786962207.561,0.0,-5.298,-6.216,31.51,5.298,6.216,-0.9180000000000001
marker:0,1786962207.636,1786962207.636,0.0,-4.709,-5.689,32.16,4.709,5.689,-0.9800000000000004
marker:0,1786962207.711,1786962207.711,0.0,-3.752,-4.709,33.4,3.752,4.709,-0.9569999999999999
marker:0,1786962207.861,1786962207.861,0.0,-3.076,-3.905,36.01,3.076,3.905,-0.8289999999999997
marker:0,1786962207.936,1786962207.936,0.0,-3.798,-4.573,37.2,3.798,4.573,-0.7750000000000004
marker:0,1786962208.011,1786962208.011,0.0,-2.574,-3.282,38.66,2.574,3.282,-0.7080000000000002
marker:0,1786962208.161,1786962208.161,0.0,-0.605,-1.145,42.37,0.605,1.145,-0.54
marker:0,1786962208.261,1786962208.261,0.0,-0.25,-0.696,43.07,0.25,0.696,-0.44599999999999995
marker:0,1786962208.436,1786962208.436,0.0,0.172,-0.06,44.32,0.172,0.06,0.11199999999999999
marker:0,1786962208.511,1786962208.511,0.0,-0.68,-0.94,44.16,0.68,0.94,-0.2599999999999999
marker:0,1786962208.611,1786962208.611,0.0,-5.436,-5.844,43.16,5.436,5.844,-0.40800000000000036
marker:0,1786962208.686,1786962208.686,0.0,-5.502,-6.029,42.65,5.502,6.029,-0.5270000000000001
marker:0,1786962208.786,1786962208.786,0.0,-5.743,-6.291,42.19,5.743,6.291,-0.548
marker:0,1786962208.861,1786962208.861,0.0,-6.118,-6.663,42.26,6.118,6.663,-0.5449999999999999
marker:0,1786962208.961,1786962208.961,0.0,-7.635,-8.122,42.89,7.635,8.122,-0.4870000000000001
marker:0,1786962209.061,1786962209.061,0.0,-8.146,-8.351,44.47,8.146,8.351,-0.20500000000000007
marker:0,1786962209.136,1786962209.136,0.0,-7.369,-7.192,46.62,7.369,7.192,0.1769999999999996
marker:0,1786962209.236,1786962209.236,0.0,-7.545,-7.214,47.9,7.545,7.214,0.3309999999999995
marker:0,1786962209.286,1786962209.286,0.0,-9.846,-9.445,49.78,9.846,9.445,0.4009999999999998
marker:0,1786962209.386,1786962209.386,0.0,-9.661,-8.369,52.88,9.661,8.369,1.2919999999999998
marker:0,1786962209.486,1786962209.486,0.0,-9.237,-7.618,55.27,9.237,7.618,1.6189999999999998
marker:0,1786962209.636,1786962209.636,0.0,-9.358,-7.693,58.58,9.358,7.693,1.665000000000001
marker:0,1786962209.736,1786962209.761,0.02499985694885254,-9.085,-7.394,60.51,9.085,7.394,1.6910000000000007
marker:0,1786962209.811,1786962209.811,0.0,-9.694,-7.988,61.6,9.694,7.988,1.7060000000000004
marker:0,1786962209.936,1786962209.936,0.0,-9.948,-8.222,63.05,9.948,8.222,1.7260000000000009
marker:0,1786962210.036,1786962210.036,0.0,-10.976,-9.242,63.66,10.976,9.242,1.734
marker:0,1786962210.161,1786962210.161,0.0,-12.283,-10.547,63.69,12.283,10.547,1.7359999999999989
marker:0,1786962210.411,1786962210.411,0.0,-13.069,-11.331,64.0,13.069,11.331,1.7380000000000013
marker:0,1786962210.511,1786962210.511,0.0,-13.739,-11.995,64.5,13.739,11.995,1.7440000000000015
marker:0,1786962210.636,1786962210.611,-0.02499985694885254,-13.783,-12.165,65.38,13.783,12.165,1.6180000000000003
marker:0,1786962210.711,1786962210.711,0.0,-13.863,-12.387,66.15,13.863,12.387,1.475999999999999
marker:0,1786962210.761,1786962210.761,0.0,-13.729,-12.369,66.78,13.729,12.369,1.3599999999999994
marker:0,1786962210.836,1786962210.836,0.0,-12.995,-11.805,67.71,12.995,11.805,1.1899999999999995
marker:0,1786962210.936,1786962210.936,0.0,-10.184,-9.141,68.51,10.184,9.141,1.0429999999999993
marker:0,1786962210.986,1786962210.986,0.0,-10.076,-9.201,69.43,10.076,9.201,0.875
marker:0,1786962211.086,1786962211.086,0.0,-9.738,-9.075,70.84,9.738,9.075,0.6630000000000003
marker:0,1786962211.161,1786962211.161,0.0,-12.916,-12.458,71.7,12.916,12.458,0.4580000000000002
marker:0,1786962211.261,1786962211.261,0.0,-16.323,-15.989,72.52,16.323,15.989,0.33399999999999963
marker:0,1786962211.311,1786962211.311,0.0,-16.511,-16.252,72.78,16.511,16.252,0.25900000000000034
marker:0,1786962211.386,1786962211.386,0.0,-14.101,-13.905,73.24,14.101,13.905,0.1960000000000015
marker:0,1786962211.461,1786962211.461,0.0,-14.002,-13.836,73.55,14.002,13.836,0.16600000000000037
marker:0,1786962211.536,1786962211.536,0.0,-13.762,-13.614,73.78,13.762,13.614,0.1479999999999997
marker:0,1786962211.611,1786962211.611,0.0,-11.847,-11.712,73.9,11.847,11.712,0.1349999999999998
marker:0,1786962211.711,1786962211.711,0.0,-13.236,-13.097,73.83,13.236,13.097,0.13900000000000112
marker:0,1786962211.861,1786962211.861,0.0,-12.865,-12.69,73.46,12.865,12.69,0.1750000000000007
marker:0,1786962211.936,1786962211.936,0.0,-12.056,-11.865,73.3,12.056,11.865,0.19099999999999895
marker:0,1786962212.011,1786962211.986,-0.02499985694885254,-11.662,-11.461,73.18,11.662,11.461,0.2010000000000005
marker:0,1786962212.061,1786962212.061,0.0,-11.856,-11.651,73.14,11.856,11.651,0.20500000000000007
marker:0,1786962212.161,1786962212.161,0.0,-11.706,-11.506,73.2,11.706,11.506,0.1999999999999993
marker:0,1786962212.236,1786962212.236,0.0,-10.987,-10.8,73.34,10.987,10.8,0.1869999999999994
marker:0,1786962212.336,1786962212.336,0.0,-10.855,-10.681,73.47,10.855,10.681,0.17400000000000126
marker:0,1786962212.411,1786962212.411,0.0,-10.313,-10.166,73.75,10.313,10.166,0.14700000000000024
marker:0,1786962212.486,1786962212.486,0.0,-10.086,-9.965,74.03,10.086,9.965,0.12100000000000044
marker:0,1786962212.561,1786962212.561,0.0,-10.939,-10.846,74.41,10.939,10.846,0.09299999999999997
marker:0,1786962212.636,1786962212.636,0.0,-10.267,-10.226,74.86,10.267,10.226,0.04099999999999859
marker:0,1786962212.711,1786962212.711,0.0,-10.017,-10.017,75.29,10.017,10.017,0.0
marker:0,1786962212.761,1786962212.761,0.0,-10.388,-10.407,75.48,10.388,10.407,-0.019000000000000128
marker:0,1786962212.886,1786962212.886,0.0,-12.336,-12.379,75.74,12.336,12.379,-0.04299999999999926
marker:0,1786962212.961,1786962212.961,0.0,-12.202,-12.252,75.81,12.202,12.252,-0.05000000000000071
marker:0,1786962213.061,1786962213.061,0.0,-12.174,-12.22,75.77,12.174,12.22,-0.04600000000000115
marker:0,1786962213.136,1786962213.136,0.0,-12.102,-12.14,75.65,12.102,12.14,-0.038000000000000256
marker:0,1786962213.236,1786962213.236,0.0,-11.108,-11.121,75.37,11.108,11.121,-0.0129999999999999
marker:0,1786962213.336,1786962213.336,0.0,-10.842,-10.873,75.19,10.842,10.873,-0.030999999999998806
marker:0,1786962213.411,1786962213.411,0.0,-10.88,-10.838,74.85,10.88,10.838,0.04200000000000159
marker:0,1786962213.486,1786962213.486,0.0,-12.34,-12.285,74.66,12.34,12.285,0.054999999999999716
marker:0,1786962213.561,1786962213.561,0.0,-12.255,-12.184,74.55,12.255,12.184,0.0710000000000015
marker:0,1786962213.636,1786962213.636,0.0,-10.362,-10.273,74.35,10.362,10.273,0.08900000000000041
marker:0,1786962213.736,1786962213.736,0.0,-10.006,-9.891,74.08,10.006,9.891,0.11500000000000021
marker:0,1786962213.836,1786962213.836,0.0,-9.434,-9.303,73.91,9.434,9.303,0.13099999999999845
marker:0,1786962213.911,1786962213.911,0.0,-9.063,-8.929,73.87,9.063,8.929,0.13400000000000034
marker:0,1786962213.961,1786962213.961,0.0,-8.895,-8.766,73.94,8.895,8.766,0.12899999999999956
marker:0,1786962214.036,1786962214.036,0.0,-8.564,-8.433,73.92,8.564,8.433,0.13100000000000023
marker:0,1786962214.136,1786962214.136,0.0,-8.258,-8.126,73.91,8.258,8.126,0.13199999999999967
marker:0,1786962214.211,1786962214.211,0.0,-7.902,-7.774,73.95,7.902,7.774,0.1280000000000001
marker:0,1786962214.286,1786962214.286,0.0,-7.732,-7.608,73.99,7.732,7.608,0.12400000000000055
marker:0,1786962214.386,1786962214.386,0.0,-7.54,-7.414,73.99,7.54,7.414,0.12600000000000033
marker:0,1786962214.486,1786962214.486,0.0,-10.093,-9.961,73.91,10.093,9.961,0.13199999999999967
marker:0,1786962214.561,1786962214.561,0.0,-9.857,-9.713,73.78,9.857,9.713,0.14400000000000013
marker:0,1786962214.636,1786962214.636,0.0,-9.754,-9.592,73.5,9.754,9.592,0.16199999999999903
marker:0,1786962214.711,1786962214.711,0.0,-9.546,-9.354,73.24,9.546,9.354,0.19200000000000017
marker:0,1786962214.761,1786962214.761,0.0,-10.21,-9.995,73.04,10.21,9.995,0.21500000000000163
marker:0,1786962214.836,1786962214.836,0.0,-9.873,-9.606,72.74,9.873,9.606,0.26699999999999946
marker:0,1786962214.911,1786962214.911,0.0,-10.113,-9.765,72.3,10.113,9.765,0.347999999999999
marker:0,1786962215.036,1786962215.036,0.0,-9.888,-9.445,71.78,9.888,9.445,0.4429999999999996
marker:0,1786962215.086,1786962215.086,0.0,-9.62,-9.138,71.45,9.62,9.138,0.4819999999999993
marker:0,1786962215.161,1786962215.161,0.0,-10.244,-9.687,71.16,10.244,9.687,0.5570000000000004
marker:0,1786962215.236,1786962215.236,0.0,-10.523,-9.9,70.8,10.523,9.9,0.6229999999999993
marker:0,1786962215.336,1786962215.336,0.0,-10.388,-9.708,70.29,10.388,9.708,0.6799999999999997
marker:0,1786962215.411,1786962215.411,0.0,-10.572,-9.806,69.93,10.572,9.806,0.766
marker:0,1786962215.536,1786962215.536,0.0,-10.5,-9.65,69.52,10.5,9.65,0.8499999999999996
marker:0,1786962215.636,1786962215.636,0.0,-10.158,-9.303,69.54,10.158,9.303,0.8549999999999986
marker:0,1786962215.736,1786962215.736,0.0,-11.301,-10.502,69.84,11.301,10.502,0.7989999999999995
marker:0,1786962215.811,1786962215.811,0.0,-11.442,-10.706,70.18,11.442,10.706,0.7360000000000007
marker:0,1786962215.886,1786962215.886,0.0,-11.239,-10.58,70.43,11.239,10.58,0.6590000000000007
marker:0,1786962215.961,1786962215.961,0.0,-11.035,-10.362,70.53,11.035,10.362,0.673
marker:0,1786962216.061,1786962216.061,0.0,-10.679,-10.014,70.48,10.679,10.014,0.6650000000000009
marker:0,1786962216.161,1786962216.161,0.0,-10.614,-9.869,70.13,10.614,9.869,0.745000000000001
marker:0,1786962216.236,1786962216.236,0.0,-10.705,-9.879,69.69,10.705,9.879,0.8260000000000005
marker:0,1786962216.336,1786962216.336,0.0,-10.785,-9.87,69.07,10.785,9.87,0.9150000000000009
marker:0,1786962216.411,1786962216.411,0.0,-10.866,-9.874,68.67,10.866,9.874,0.9919999999999991
marker:0,1786962216.461,1786962216.461,0.0,-11.094,-10.047,68.49,11.094,10.047,1.0469999999999988
marker:0,1786962216.561,1786962216.561,0.0,-10.772,-9.652,68.09,10.772,9.652,1.120000000000001
marker:0,1786962216.636,1786962216.636,0.0,-10.234,-9.077,67.89,10.234,9.077,1.157
marker:0,1786962216.711,1786962216.711,0.0,-9.739,-8.552,67.73,9.739,8.552,1.1870000000000012
marker:0,1786962216.761,1786962216.761,0.0,-9.459,-8.246,67.58,9.459,8.246,1.2129999999999992
marker:0,1786962216.836,1786962216.811,-0.02499985694885254,-9.0,-7.757,67.42,9.0,7.757,1.2430000000000003
marker:0,1786962216.911,1786962216.911,0.0,-8.407,-7.105,67.1,8.407,7.105,1.3019999999999996
marker:0,1786962216.986,1786962216.986,0.0,-8.293,-6.95,66.88,8.293,6.95,1.342999999999999
marker:0,1786962217.061,1786962217.061,0.0,-7.945,-6.572,66.71,7.945,6.572,1.3730000000000002
marker:0,1786962217.161,1786962217.161,0.0,-11.126,-9.725,66.56,11.126,9.725,1.4009999999999998
marker:0,1786962217.236,1786962217.236,0.0,-11.103,-9.693,66.47,11.103,9.693,1.4100000000000001
marker:0,1786962217.311,1786962217.311,0.0,-10.995,-9.581,66.49,10.995,9.581,1.4139999999999997
marker:0,1786962217.386,1786962217.386,0.0,-10.911,-9.51,66.56,10.911,9.51,1.4009999999999998
marker:0,1786962217.461,1786962217.461,0.0,-11.643,-10.26,66.66,11.643,10.26,1.383000000000001
marker:0,1786962217.561,1786962217.561,0.0,-11.673,-10.293,66.68,11.673,10.293,1.3800000000000008
marker:0,1786962217.611,1786962217.611,0.0,-11.629,-10.239,66.62,11.629,10.239,1.3899999999999988
marker:0,1786962217.686,1786962217.686,0.0,-11.416,-10.004,66.5,11.416,10.004,1.4120000000000008
marker:0,1786962217.786,1786962217.786,0.0,-11.251,-9.799,66.21,11.251,9.799,1.452
marker:0,1786962217.861,1786962217.861,0.0,-11.174,-9.664,65.9,11.174,9.664,1.5099999999999998
marker:0,1786962217.936,1786962217.936,0.0,-11.021,-9.427,65.51,11.021,9.427,1.5940000000000012
marker:0,1786962218.011,1786962218.011,0.0,-12.793,-11.083,64.88,12.793,11.083,1.709999999999999
marker:0,1786962218.086,1786962218.086,0.0,-12.313,-10.57,64.31,12.313,10.57,1.7430000000000003
marker:0,1786962218.211,1786962218.211,0.0,-12.01,-10.281,63.13,12.01,10.281,1.7289999999999992
marker:0,1786962218.361,1786962218.361,0.0,-11.986,-10.269,62.36,11.986,10.269,1.7170000000000005
marker:0,1786962218.461,1786962218.461,0.0,-11.943,-10.231,62.05,11.943,10.231,1.7119999999999997
marker:0,1786962218.511,1786962218.511,0.0,-11.49,-9.779,61.94,11.49,9.779,1.7110000000000003
marker:0,1786962218.611,1786962218.611,0.0,-11.844,-10.132,62.03,11.844,10.132,1.7119999999999997
marker:0,1786962218.711,1786962218.711,0.0,-11.359,-9.646,62.16,11.359,9.646,1.7129999999999992
marker:0,1786962218.786,1786962218.786,0.0,-11.156,-9.44,62.33,11.156,9.44,1.716000000000001
marker:0,1786962218.861,1786962218.861,0.0,-11.401,-9.685,62.36,11.401,9.685,1.7159999999999993
marker:0,1786962218.961,1786962218.961,0.0,-10.891,-9.179,62.07,10.891,9.179,1.7119999999999997
marker:0,1786962219.011,1786962219.011,0.0,-10.785,-9.077,61.73,10.785,9.077,1.7080000000000002
marker:0,1786962219.111,1786962219.111,0.0,-10.518,-8.821,60.99,10.518,8.821,1.697000000000001
marker:0,1786962219.186,1786962219.186,0.0,-10.617,-8.929,60.32,10.617,8.929,1.6880000000000006
marker:0,1786962219.286,1786962219.286,0.0,-10.998,-9.317,59.74,10.998,9.317,1.6809999999999992
marker:0,1786962219.411,1786962219.411,0.0,-11.532,-9.858,59.27,11.532,9.858,1.6739999999999995
marker:0,1786962219.461,1786962219.461,0.0,-11.924,-10.252,59.12,11.924,10.252,1.6719999999999988
marker:0,1786962219.536,1786962219.536,0.0,-12.011,-10.341,58.87,12.011,10.341,1.67
marker:0,1786962219.611,1786962219.611,0.0,-11.782,-10.117,58.6,11.782,10.117,1.6649999999999991
marker:0,1786962219.711,1786962219.711,0.0,-11.181,-9.522,58.22,11.181,9.522,1.658999999999999
marker:0,1786962219.786,1786962219.786,0.0,-11.35,-9.694,57.91,11.35,9.694,1.6559999999999988
marker:0,1786962219.886,1786962219.861,-0.02499985694885254,-11.974,-10.323,57.46,11.974,10.323,1.6509999999999998
marker:0,1786962219.961,1786962219.961,0.0,-11.889,-10.247,56.92,11.889,10.247,1.6419999999999995
marker:0,1786962220.011,1786962220.011,0.0,-11.397,-9.762,56.4,11.397,9.762,1.6349999999999998
marker:0,1786962220.061,1786962220.061,0.0,-11.494,-9.866,55.9,11.494,9.866,1.6280000000000001
marker:0,1786962220.261,1786962220.261,0.0,-11.054,-9.442,54.77,11.054,9.442,1.612
marker:0,1786962220.336,1786962220.336,0.0,-10.719,-9.137,54.51,10.719,9.137,1.581999999999999
marker:0,1786962220.411,1786962220.411,0.0,-10.387,-8.819,54.43,10.387,8.819,1.5679999999999996
marker:0,1786962220.486,1786962220.486,0.0,-10.686,-9.264,54.38,10.686,9.264,1.4220000000000006
marker:0,1786962220.561,1786962220.561,0.0,-10.836,-9.282,54.35,10.836,9.282,1.5540000000000003
marker:0,1786962220.636,1786962220.636,0.0,-10.427,-8.861,54.42,10.427,8.861,1.565999999999999
marker:0,1786962220.711,1786962220.711,0.0,-10.126,-8.563,54.4,10.126,8.563,1.5629999999999988
marker:0,1786962220.786,1786962220.786,0.0,-9.748,-8.235,54.12,9.748,8.235,1.513
marker:0,1786962220.861,1786962220.861,0.0,-10.403,-8.936,53.76,10.403,8.936,1.4670000000000005
marker:0,1786962220.936,1786962220.936,0.0,-10.108,-8.722,53.41,10.108,8.722,1.386000000000001
marker:0,1786962221.036,1786962221.036,0.0,-10.457,-9.179,52.64,10.457,9.179,1.2780000000000005
marker:0,1786962221.086,1786962221.086,0.0,-10.268,-9.132,52.0,10.268,9.132,1.136000000000001
marker:0,1786962221.186,1786962221.186,0.0,-10.14,-9.148,51.05,10.14,9.148,0.9920000000000009
marker:0,1786962221.286,1786962221.286,0.0,-9.46,-8.618,50.35,9.46,8.618,0.8420000000000005
marker:0,1786962221.361,1786962221.361,0.0,-9.123,-8.346,49.99,9.123,8.346,0.7769999999999992
marker:0,1786962221.461,1786962221.461,0.0,-9.849,-9.203,49.25,9.849,9.203,0.6460000000000008
marker:0,1786962221.536,1786962221.536,0.0,-9.861,-9.277,48.9,9.861,9.277,0.5840000000000014
marker:0,1786962221.611,1786962221.611,0.0,-9.267,-8.755,48.5,9.267,8.755,0.5119999999999987
marker:0,1786962221.711,1786962221.711,0.0,-8.696,-8.244,48.16,8.696,8.244,0.45199999999999996
marker:0,1786962221.786,1786962221.786,0.0,-8.475,-8.096,47.75,8.475,8.096,0.37899999999999956
marker:0,1786962221.861,1786962221.861,0.0,-9.174,-8.868,47.34,9.174,8.868,0.30599999999999916
marker:0,1786962221.961,1786962221.961,0.0,-8.773,-8.558,46.69,8.773,8.558,0.21499999999999986
marker:0,1786962222.036,1786962222.036,0.0,-8.757,-8.642,46.27,8.757,8.642,0.11500000000000021
marker:0,1786962222.161,1786962222.161,0.0,-8.775,-8.792,45.53,8.775,8.792,-0.01699999999999946
marker:0,1786962222.236,1786962222.236,0.0,-8.731,-8.795,45.26,8.731,8.795,-0.06400000000000006
marker:0,1786962222.361,1786962222.361,0.0,-8.576,-8.775,44.51,8.576,8.775,-0.19899999999999984
marker:0,1786962222.461,1786962222.461,0.0,-8.164,-8.467,43.92,8.164,8.467,-0.3030000000000008
marker:0,1786962222.536,1786962222.536,0.0,-7.691,-8.107,43.29,7.691,8.107,-0.4159999999999995
marker:0,1786962222.611,1786962222.611,0.0,-7.233,-7.759,42.67,7.233,7.759,-0.5260000000000007
marker:0,1786962222.736,1786962222.736,0.0,-6.535,-7.108,41.47,6.535,7.108,-0.5729999999999995
marker:0,1786962222.786,1786962222.786,0.0,-6.269,-6.861,41.21,6.269,6.861,-0.5919999999999996
marker:0,1786962222.836,1786962222.836,0.0,-5.918,-6.529,40.81,5.918,6.529,-0.6109999999999998
marker:0,1786962222.936,1786962222.936,0.0,-5.317,-5.949,40.33,5.317,5.949,-0.6319999999999997
marker:0,1786962223.011,1786962223.011,0.0,-5.11,-5.753,40.1,5.11,5.753,-0.6429999999999998
marker:0,1786962223.086,1786962223.086,0.0,-4.899,-5.547,39.93,4.899,5.547,-0.6479999999999997
marker:0,1786962223.161,1786962223.161,0.0,-4.436,-5.084,39.97,4.436,5.084,-0.6479999999999997
marker:0,1786962223.261,1786962223.261,0.0,-4.186,-4.835,39.94,4.186,4.835,-0.649
marker:0,1786962223.361,1786962223.361,0.0,-3.994,-4.653,39.74,3.994,4.653,-0.6589999999999994
marker:0,1786962223.436,1786962223.436,0.0,-3.779,-4.544,39.05,3.779,4.544,-0.7649999999999997
marker:0,1786962223.536,1786962223.536,0.0,-3.51,-4.241,38.18,3.51,4.241,-0.7309999999999999
marker:0,1786962223.611,1786962223.611,0.0,-3.091,-3.858,37.37,3.091,3.858,-0.7669999999999999
marker:0,1786962223.686,1786962223.686,0.0,-3.244,-4.029,36.98,3.244,4.029,-0.7849999999999997
marker:0,1786962223.761,1786962223.761,0.0,-2.871,-3.703,35.93,2.871,3.703,-0.8319999999999999
marker:0,1786962223.861,1786962223.861,0.0,-2.376,-3.248,35.05,2.376,3.248,-0.8720000000000003
marker:0,1786962223.936,1786962223.936,0.0,-2.15,-3.045,34.56,2.15,3.045,-0.895
marker:0,1786962224.011,1786962224.011,0.0,-1.547,-2.463,34.09,1.547,2.463,-0.9160000000000001
marker:0,1786962224.086,1786962224.086,0.0,-1.227,-2.157,33.68,1.227,2.157,-0.9299999999999999
marker:0,1786962224.161,1786962224.161,0.0,-0.859,-1.809,33.34,0.859,1.809,-0.95
marker:0,1786962224.236,1786962224.236,0.0,-0.782,-1.746,33.04,0.782,1.746,-0.964
marker:0,1786962224.361,1786962224.361,0.0,-0.231,-1.225,32.37,0.231,1.225,-0.9940000000000001
marker:0,1786962224.436,1786962224.436,0.0,0.261,-0.709,32.06,0.261,0.709,-0.44799999999999995
marker:0,1786962224.486,1786962224.486,0.0,0.684,-0.496,31.95,0.684,0.496,0.18800000000000006
marker:0,1786962224.561,1786962224.561,0.0,0.784,-0.17,31.89,0.784,0.17,0.614
marker:0,1786962224.586,1786962224.586,0.0,0.834,-0.103,31.71,0.834,0.103,0.731
marker:0,1786962224.661,1786962224.661,0.0,0.948,0.024,31.51,0.948,0.024,0.9239999999999999
marker:0,1786962224.761,1786962224.761,0.0,1.246,0.383,30.94,1.246,0.383,0.863
marker:0,1786962226.236,1786962226.236,0.0,-3.47,-3.53,22.93,3.47,3.53,-0.05999999999999961
marker:0,1786962226.336,1786962226.336,0.0,-3.013,-2.874,21.71,3.013,2.874,0.1389999999999998
marker:0,1786962226.386,1786962226.386,0.0,-2.25,-1.971,21.09,2.25,1.971,0.2789999999999999
marker:0,1786962226.461,1786962226.461,0.0,-2.695,-2.325,20.59,2.695,2.325,0.36999999999999966
marker:0,1786962226.536,1786962226.536,0.0,-2.313,-1.868,20.07,2.313,1.868,0.44500000000000006
marker:0,1786962226.586,1786962226.586,0.0,-1.6,-1.089,19.82,1.6,1.089,0.5110000000000001
marker:0,1786962226.661,1786962226.661,0.0,-1.434,-0.878,19.58,1.434,0.878,0.5559999999999999
marker:0,1786962226.761,1786962226.761,0.0,-1.12,-0.546,19.48,1.12,0.546,0.5740000000000001
marker:0,1786962226.836,1786962226.836,0.0,-1.152,-0.519,19.16,1.152,0.519,0.6329999999999999
marker:0,1786962226.911,1786962226.911,0.0,-0.601,0.078,18.91,0.601,0.078,0.523
marker:0,1786962226.961,1786962226.961,0.0,-0.408,0.304,18.73,0.408,0.304,0.10399999999999998
marker:0,1786962227.061,1786962227.061,0.0,-1.311,-0.544,18.43,1.311,0.544,0.7669999999999999
marker:0,1786962227.161,1786962227.161,0.0,-0.971,-0.134,18.05,0.971,0.134,0.837
marker:0,1786962227.261,1786962227.261,0.0,-0.852,0.137,17.22,0.852,0.137,0.715
marker:0,1786962227.361,1786962227.361,0.0,-1.219,-0.125,16.65,1.219,0.125,1.094
marker:0,1786962227.461,1786962227.461,0.0,-1.024,0.125,16.28,1.024,0.125,0.899
marker:0,1786962227.511,1786962227.511,0.0,-0.947,0.234,16.14,0.947,0.234,0.713
marker:0,1786962227.611,1786962227.611,0.0,-0.803,0.401,16.05,0.803,0.401,0.402
marker:0,1786962227.711,1786962227.711,0.0,-1.386,-0.125,15.69,1.386,0.125,1.261
marker:0,1786962227.811,1786962227.811,0.0,-0.985,0.305,15.58,0.985,0.305,0.6799999999999999
marker:0,1786962227.911,1786962227.911,0.0,-0.671,0.671,15.3,0.671,0.671,0.0
marker:0,1786962227.986,1786962227.986,0.0,-1.545,-0.17,15.12,1.545,0.17,1.375
marker:0,1786962228.061,1786962228.061,0.0,-1.297,0.118,14.77,1.297,0.118,1.1789999999999998
marker:0,1786962228.136,1786962228.136,0.0,-0.916,0.567,14.38,0.916,0.567,0.3490000000000001
marker:0,1786962228.211,1786962228.211,0.0,-1.005,0.506,14.12,1.005,0.506,0.4989999999999999
marker:0,1786962228.286,1786962228.286,0.0,-0.672,0.874,13.92,0.672,0.874,-0.20199999999999996
marker:0,1786962228.386,1786962228.386,0.0,-0.476,1.121,13.55,0.476,1.121,-0.645
marker:0,1786962228.486,1786962228.486,0.0,-0.122,1.558,12.95,0.122,1.558,-1.436
marker:0,1786962228.586,1786962228.586,0.0,-0.537,1.213,12.44,0.537,1.213,-0.676
marker:0,1786962228.661,1786962228.661,0.0,-0.571,1.251,11.92,0.571,1.251,-0.6799999999999999
marker:0,1786962228.761,1786962228.761,0.0,-0.16,1.705,11.61,0.16,1.705,-1.5450000000000002
marker:0,1786962228.861,1786962228.861,0.0,-1.509,0.375,11.47,1.509,0.375,1.134
marker:0,1786962228.961,1786962228.961,0.0,-1.16,0.73,11.41,1.16,0.73,0.42999999999999994
marker:0,1786962229.036,1786962229.036,0.0,-0.707,1.183,11.43,0.707,1.183,-0.4760000000000001
marker:0,1786962229.136,1786962229.136,0.0,-0.463,1.434,11.38,0.463,1.434,-0.9709999999999999
marker:0,1786962229.236,1786962229.236,0.0,-0.207,1.76,10.87,0.207,1.76,-1.553
marker:0,1786962229.361,1786962229.361,0.0,0.147,2.217,10.12,0.147,2.217,-2.0700000000000003
marker:0,1786962229.411,1786962229.411,0.0,-0.99,1.126,9.79,0.99,1.126,-0.1359999999999999
marker:0,1786962229.486,1786962229.486,0.0,-0.84,1.315,9.5,0.84,1.315,-0.475
marker:0,1786962229.536,1786962229.536,0.0,-0.289,1.901,9.12,0.289,1.901,-1.612
marker:0,1786962229.611,1786962229.611,0.0,0.219,2.474,8.78,0.219,2.474,-2.2550000000000003
marker:0,1786962229.686,1786962229.686,0.0,0.498,2.818,8.31,0.498,2.818,-2.3200000000000003
marker:0,1786962229.761,1786962229.761,0.0,0.949,3.316,7.97,0.949,3.316,-2.367
marker:0,1786962229.836,1786962229.836,0.0,1.321,3.728,7.55,1.321,3.728,-2.407
marker:0,1786962229.936,1786962229.936,0.0,1.516,3.983,7.24,1.516,3.983,-2.467
marker:0,1786962229.986,1786962229.986,0.0,1.764,4.273,6.94,1.764,4.273,-2.5089999999999995
marker:0,1786962230.061,1786962230.061,0.0,0.765,3.326,6.56,0.765,3.326,-2.561
marker:0,1786962230.161,1786962230.161,0.0,1.162,3.777,6.25,1.162,3.777,-2.615
marker:0,1786962230.236,1786962230.236,0.0,1.775,4.5,5.87,1.775,4.5,-2.725
marker:0,1786962230.336,1786962230.336,0.0,1.015,3.791,5.69,1.015,3.791,-2.776
marker:0,1786962230.386,1786962230.386,0.0,1.275,3.832,5.53,1.275,3.832,-2.557
marker:0,1786962230.436,1786962230.436,0.0,1.3,4.246,5.34,1.3,4.246,-2.9460000000000006
marker:0,1786962230.511,1786962230.511,0.0,1.418,4.398,4.98,1.418,4.398,-2.9799999999999995
marker:0,1786962230.586,1786962230.586,0.0,0.901,3.967,4.68,0.901,3.967,-3.066
marker:0,1786962230.661,1786962230.661,0.0,0.903,4.021,4.41,0.903,4.021,-3.118
marker:0,1786962230.711,1786962230.711,0.0,1.085,4.291,4.19,1.085,4.291,-3.2060000000000004
marker:0,1786962230.761,1786962230.761,0.0,1.075,4.379,3.85,1.075,4.379,-3.3039999999999994
marker:0,1786962230.836,1786962230.836,0.0,1.09,4.469,3.59,1.09,4.469,-3.3790000000000004
marker:0,1786962230.886,1786962230.886,0.0,1.074,4.498,3.43,1.074,4.498,-3.4240000000000004
marker:0,1786962230.986,1786962230.986,0.0,1.172,4.677,3.15,1.172,4.677,-3.505
marker:0,1786962231.061,1786962231.061,0.0,0.593,4.204,2.73,0.593,4.204,-3.6109999999999998
marker:0,1786962231.186,1786962231.186,0.0,0.931,4.659,2.37,0.931,4.659,-3.7279999999999998
marker:0,1786962231.236,1786962231.236,0.0,0.993,4.807,2.07,0.993,4.807,-3.8140000000000005
marker:0,1786962231.31,1786962231.31,0.0,1.216,5.11,1.67,1.216,5.11,-3.894
marker:0,1786962231.411,1786962231.411,0.0,0.23,4.297,1.1,0.23,4.297,-4.066999999999999
marker:0,1786962231.486,1786962231.486,0.0,0.156,4.331,0.81,0.156,4.331,-4.175000000000001
marker:0,1786962231.561,1786962231.561,0.0,0.427,4.697,0.48,0.427,4.697,-4.2700000000000005
marker:0,1786962231.661,1786962231.661,0.0,0.51,4.88,0.13,0.51,4.88,-4.37
marker:0,1786962231.736,1786962231.736,0.0,0.464,4.912,-0.14,0.464,4.912,-4.4479999999999995
marker:0,1786962231.86,1786962231.86,0.0,-1.326,3.242,-0.56,1.326,3.242,-1.916
marker:0,1786962231.935,1786962231.935,0.0,-1.286,3.328,-0.72,1.286,3.328,-2.042
marker:0,1786962231.986,1786962231.986,0.0,-1.228,3.423,-0.85,1.228,3.423,-2.1950000000000003
marker:0,1786962232.086,1786962232.086,0.0,-1.338,3.38,-1.08,1.338,3.38,-2.042
marker:0,1786962232.185,1786962232.185,0.0,-1.42,3.321,-1.16,1.42,3.321,-1.9010000000000002
marker:0,1786962232.285,1786962232.285,0.0,-1.305,3.449,-1.21,1.305,3.449,-2.144
marker:0,1786962232.385,1786962232.385,0.0,-1.245,3.51,-1.25,1.245,3.51,-2.2649999999999997
marker:0,1786962232.435,1786962232.435,0.0,-0.98,3.789,-1.26,0.98,3.789,-2.809
marker:0,1786962232.536,1786962232.536,0.0,-0.738,4.033,-1.31,0.738,4.033,-3.2950000000000004
marker:0,1786962232.635,1786962232.635,0.0,-0.657,4.134,-1.43,0.657,4.134,-3.4770000000000003
marker:0,1786962232.735,1786962232.735,0.0,-0.64,4.156,-1.7,0.64,4.156,-3.5159999999999996
marker:0,1786962232.81,1786962232.81,0.0,-0.586,4.22,-2.14,0.586,4.22,-3.634
marker:0,1786962232.885,1786962232.885,0.0,-0.417,4.392,-2.35,0.417,4.392,-3.9750000000000005
marker:0,1786962233.01,1786962233.01,0.0,-1.809,3.014,-3.11,1.809,3.014,-1.2049999999999998
marker:0,1786962233.136,1786962233.136,0.0,-1.628,3.203,-3.38,1.628,3.203,-1.575
marker:0,1786962233.235,1786962233.235,0.0,-0.606,4.227,-3.49,0.606,4.227,-3.6210000000000004
marker:0,1786962233.36,1786962233.36,0.0,-0.371,4.465,-3.65,0.371,4.465,-4.093999999999999
marker:0,1786962233.435,1786962233.435,0.0,-0.093,4.746,-3.78,0.093,4.746,-4.6530000000000005
marker:0,1786962233.535,1786962233.535,0.0,0.157,4.999,-4.02,0.157,4.999,-4.842
marker:0,1786962233.685,1786962233.685,0.0,0.514,5.368,-4.5,0.514,5.368,-4.854
marker:0,1786962233.81,1786962233.81,0.0,1.014,5.877,-5.01,1.014,5.877,-4.8629999999999995
marker:0,1786962233.885,1786962233.885,0.0,1.537,6.405,-5.25,1.537,6.405,-4.868
marker:0,1786962234.035,1786962234.035,0.0,1.759,6.634,-5.59,1.759,6.634,-4.875
marker:0,1786962234.16,1786962234.16,0.0,2.028,6.91,-5.91,2.028,6.91,-4.882
marker:0,1786962234.335,1786962234.335,0.0,2.415,7.312,-6.65,2.415,7.312,-4.897
marker:0,1786962234.385,1786962234.41,0.02500009536743164,2.828,7.731,-6.95,2.828,7.731,-4.9030000000000005
marker:0,1786962234.51,1786962234.51,0.0,3.053,7.965,-7.39,3.053,7.965,-4.912
marker:0,1786962234.585,1786962234.585,0.0,-1.164,3.756,-7.87,1.164,3.756,-2.5919999999999996
marker:0,1786962234.71,1786962234.71,0.0,-0.782,4.143,-8.05,0.782,4.143,-3.3609999999999998
marker:0,1786962234.785,1786962234.785,0.0,-0.538,4.397,-8.49,0.538,4.397,-3.859
marker:0,1786962234.86,1786962234.86,0.0,-0.248,4.691,-8.69,0.248,4.691,-4.443
marker:0,1786962234.96,1786962234.96,0.0,-1.086,3.859,-9.02,1.086,3.859,-2.7729999999999997
marker:0,1786962235.06,1786962235.06,0.0,-1.405,3.549,-9.44,1.405,3.549,-2.144
marker:0,1786962235.16,1786962235.16,0.0,-1.154,3.812,-9.97,1.154,3.812,-2.658
marker:0,1786962235.26,1786962235.26,0.0,-0.954,4.019,-10.44,0.954,4.019,-3.0650000000000004
marker:0,1786962235.36,1786962235.36,0.0,-0.934,4.049,-10.85,0.934,4.049,-3.115
marker:0,1786962235.435,1786962235.435,0.0,-1.183,3.743,-11.3,1.183,3.743,-2.5599999999999996
marker:0,1786962235.51,1786962235.51,0.0,-1.118,3.726,-11.78,1.118,3.726,-2.6079999999999997
marker:0,1786962235.635,1786962235.635,0.0,-1.06,3.655,-12.35,1.06,3.655,-2.5949999999999998
marker:0,1786962235.71,1786962235.71,0.0,-0.824,3.827,-12.67,0.824,3.827,-3.003
marker:0,1786962235.81,1786962235.81,0.0,-0.88,3.686,-13.18,0.88,3.686,-2.806
marker:0,1786962235.91,1786962235.91,0.0,-1.264,3.231,-13.45,1.264,3.231,-1.9669999999999999
marker:0,1786962236.01,1786962236.01,0.0,-1.336,3.075,-13.87,1.336,3.075,-1.739
marker:0,1786962236.085,1786962236.085,0.0,-1.24,3.105,-14.2,1.24,3.105,-1.865
marker:0,1786962236.185,1786962236.185,0.0,-1.112,3.183,-14.45,1.112,3.183,-2.0709999999999997
marker:0,1786962236.31,1786962236.31,0.0,-1.162,3.071,-14.76,1.162,3.071,-1.9090000000000003
marker:0,1786962236.385,1786962236.385,0.0,-1.78,2.379,-15.13,1.78,2.379,-0.599
marker:0,1786962236.46,1786962236.46,0.0,-1.814,2.267,-15.52,1.814,2.267,-0.45299999999999985
marker:0,1786962236.51,1786962236.51,0.0,-1.528,2.512,-15.79,1.528,2.512,-0.984
marker:0,1786962236.585,1786962236.585,0.0,-1.832,2.138,-16.07,1.832,2.138,-0.3059999999999998
marker:0,1786962236.635,1786962236.635,0.0,-1.807,2.093,-16.42,1.807,2.093,-0.28600000000000003
marker:0,1786962236.685,1786962236.685,0.0,-1.744,2.116,-16.62,1.744,2.116,-0.3720000000000001
marker:0,1786962236.76,1786962236.76,0.0,-2.432,1.388,-16.87,2.432,1.388,1.044
marker:0,1786962236.81,1786962236.81,0.0,-2.221,1.557,-17.03,2.221,1.557,0.6640000000000001
marker:0,1786962236.885,1786962236.885,0.0,-2.599,1.139,-17.28,2.599,1.139,1.4600000000000002
marker:0,1786962236.985,1786962236.985,0.0,-2.567,1.105,-17.56,2.567,1.105,1.4620000000000002
marker:0,1786962237.06,1786962237.06,0.0,-2.405,1.206,-17.86,2.405,1.206,1.1989999999999998
marker:0,1786962237.16,1786962237.16,0.0,-2.271,1.275,-18.19,2.271,1.275,0.996
marker:0,1786962237.235,1786962237.235,0.0,-2.214,1.249,-18.6,2.214,1.249,0.9649999999999999
marker:0,1786962237.31,1786962237.31,0.0,-2.372,0.999,-19.06,2.372,0.999,1.3729999999999998
marker:0,1786962237.385,1786962237.385,0.0,-2.177,1.142,-19.32,2.177,1.142,1.0350000000000001
marker:0,1786962237.46,1786962237.46,0.0,-1.925,1.354,-19.52,1.925,1.354,0.571
marker:0,1786962237.535,1786962237.535,0.0,-1.701,1.562,-19.6,1.701,1.562,0.139
marker:0,1786962237.61,1786962237.61,0.0,-1.565,1.698,-19.57,1.565,1.698,-0.133
marker:0,1786962237.685,1786962237.685,0.0,-1.75,1.527,-19.53,1.75,1.527,0.2230000000000001
marker:0,1786962237.76,1786962237.76,0.0,-1.721,1.55,-19.56,1.721,1.55,0.17100000000000004
marker:0,1786962237.86,1786962237.86,0.0,-1.634,1.618,-19.63,1.634,1.618,0.015999999999999792
marker:0,1786962237.91,1786962237.91,0.0,-1.761,1.478,-19.72,1.761,1.478,0.2829999999999999
marker:0,1786962237.985,1786962237.985,0.0,-1.736,1.469,-19.89,1.736,1.469,0.2669999999999999
marker:0,1786962238.06,1786962238.06,0.0,-1.615,1.546,-20.11,1.615,1.546,0.06899999999999995
marker:0,1786962238.135,1786962238.135,0.0,-1.524,1.595,-20.32,1.524,1.595,-0.07099999999999995
marker:0,1786962238.21,1786962238.21,0.0,-1.373,1.714,-20.48,1.373,1.714,-0.34099999999999997
marker:0,1786962238.285,1786962238.285,0.0,-1.383,1.648,-20.76,1.383,1.648,-0.2649999999999999
marker:0,1786962238.335,1786962238.335,0.0,-1.118,1.883,-20.91,1.118,1.883,-0.7649999999999999
marker:0,1786962238.435,1786962238.435,0.0,-1.003,1.962,-21.14,1.003,1.962,-0.9590000000000001
marker:0,1786962238.485,1786962238.485,0.0,-0.842,2.084,-21.28,0.842,2.084,-1.242
marker:0,1786962238.585,1786962238.585,0.0,-0.721,2.109,-21.76,0.721,2.109,-1.388
marker:0,1786962238.66,1786962238.66,0.0,-0.437,2.315,-22.15,0.437,2.315,-1.878
marker:0,1786962238.785,1786962238.785,0.0,-0.429,2.201,-22.76,0.429,2.201,-1.772
marker:0,1786962238.86,1786962238.86,0.0,-0.172,2.372,-23.19,0.172,2.372,-2.1999999999999997
marker:0,1786962238.96,1786962238.96,0.0,0.061,2.527,-23.51,0.061,2.527,-2.466
marker:0,1786962239.06,1786962239.06,0.0,0.275,2.71,-23.65,0.275,2.71,-2.435
marker:0,1786962239.135,1786962239.135,0.0,0.572,3.013,-23.6,0.572,3.013,-2.441
marker:0,1786962239.21,1786962239.21,0.0,0.807,3.248,-23.6,0.807,3.248,-2.4410000000000003
marker:0,1786962239.285,1786962239.285,0.0,0.862,3.317,-23.55,0.862,3.317,-2.455
marker:0,1786962239.435,1786962239.435,0.0,1.072,3.471,-23.75,1.072,3.471,-2.399
marker:0,1786962239.536,1786962239.536,0.0,1.155,3.507,-23.92,1.155,3.507,-2.3520000000000003
marker:0,1786962239.635,1786962239.635,0.0,1.127,3.379,-24.28,1.127,3.379,-2.252
marker:0,1786962239.71,1786962239.71,0.0,1.34,3.502,-24.6,1.34,3.502,-2.162
marker:0,1786962239.835,1786962239.835,0.0,1.684,3.793,-24.85,1.684,3.793,-2.109
marker:0,1786962239.935,1786962239.935,0.0,1.93,3.959,-25.08,1.93,3.959,-2.029
marker:0,1786962240.06,1786962240.06,0.0,2.335,4.222,-25.67,2.335,4.222,-1.8870000000000005
marker:0,1786962240.135,1786962240.135,0.0,2.596,4.371,-25.99,2.596,4.371,-1.7750000000000004
marker:0,1786962240.26,1786962240.26,0.0,-5.034,-3.419,-26.57,5.034,3.419,1.6149999999999998
marker:0,1786962240.36,1786962240.36,0.0,-4.732,-3.251,-27.05,4.732,3.251,1.4810000000000003
marker:0,1786962240.435,1786962240.435,0.0,-4.733,-3.344,-27.38,4.733,3.344,1.3889999999999998
marker:0,1786962240.485,1786962240.485,0.0,-5.21,-3.916,-27.72,5.21,3.916,1.294
marker:0,1786962240.56,1786962240.56,0.0,-4.402,-3.194,-28.03,4.402,3.194,1.2080000000000002
marker:0,1786962240.61,1786962240.61,0.0,-4.221,-3.102,-28.35,4.221,3.102,1.1190000000000002
marker:0,1786962240.685,1786962240.685,0.0,-3.667,-2.618,-28.6,3.667,2.618,1.049
marker:0,1786962240.76,1786962240.76,0.0,-3.825,-2.812,-28.84,3.825,2.812,1.0130000000000003
marker:0,1786962240.785,1786962240.785,0.0,-3.748,-2.791,-29.03,3.748,2.791,0.9570000000000003
marker:0,1786962240.86,1786962240.86,0.0,-3.673,-2.793,-29.21,3.673,2.793,0.8799999999999999
marker:0,1786962240.935,1786962240.935,0.0,-3.273,-2.429,-29.35,3.273,2.429,0.8440000000000003
marker:0,1786962240.985,1786962240.985,0.0,-3.077,-2.25,-29.4,3.077,2.25,0.827
marker:0,1786962241.085,1786962241.085,0.0,-3.062,-2.26,-29.49,3.062,2.26,0.802
marker:0,1786962241.26,1786962241.235,-0.02500009536743164,-2.887,-2.232,-30.08,2.887,2.232,0.6549999999999998
marker:0,1786962241.335,1786962241.335,0.0,-2.706,-2.166,-30.55,2.706,2.166,0.54
marker:0,1786962241.41,1786962241.41,0.0,-2.489,-2.052,-30.8,2.489,2.052,0.43699999999999983
marker:0,1786962241.485,1786962241.485,0.0,-2.332,-2.048,-31.35,2.332,2.048,0.2839999999999998
marker:0,1786962241.585,1786962241.585,0.0,-2.525,-2.405,-31.94,2.525,2.405,0.1200000000000001
marker:0,1786962241.685,1786962241.685,0.0,-2.356,-2.623,-32.6,2.356,2.623,-0.26700000000000035
marker:0,1786962241.81,1786962241.81,0.0,-2.277,-2.516,-33.34,2.277,2.516,-0.23899999999999988
marker:0,1786962241.885,1786962241.885,0.0,-2.42,-2.821,-33.81,2.42,2.821,-0.40100000000000025
marker:0,1786962241.985,1786962241.985,0.0,-2.405,-2.889,-34.17,2.405,2.889,-0.484
marker:0,1786962242.06,1786962242.06,0.0,-2.229,-2.787,-34.38,2.229,2.787,-0.5579999999999998
marker:0,1786962242.11,1786962242.11,0.0,-2.173,-2.787,-34.61,2.173,2.787,-0.6139999999999999
marker:0,1786962242.185,1786962242.185,0.0,-1.735,-2.388,-34.72,1.735,2.388,-0.6529999999999998
marker:0,1786962242.285,1786962242.285,0.0,-1.625,-2.328,-34.9,1.625,2.328,-0.7029999999999998
marker:0,1786962242.385,1786962242.385,0.0,-1.577,-2.328,-35.14,1.577,2.328,-0.7509999999999999
marker:0,1786962242.46,1786962242.46,0.0,-1.356,-2.202,-35.52,1.356,2.202,-0.8459999999999999
marker:0,1786962242.535,1786962242.535,0.0,-1.268,-2.216,-35.78,1.268,2.216,-0.9480000000000002
marker:0,1786962242.585,1786962242.585,0.0,-0.847,-1.848,-35.97,0.847,1.848,-1.0010000000000001
marker:0,1786962242.66,1786962242.66,0.0,-0.652,-1.731,-36.25,0.652,1.731,-1.0790000000000002
marker:0,1786962242.76,1786962242.76,0.0,-0.636,-1.83,-36.66,0.636,1.83,-1.194
marker:0,1786962242.885,1786962242.885,0.0,-5.363,-6.694,-37.24,5.363,6.694,-1.3309999999999995
marker:0,1786962242.96,1786962242.96,0.0,-5.068,-6.444,-37.49,5.068,6.444,-1.3760000000000003
marker:0,1786962243.11,1786962243.11,0.0,-5.618,-7.045,-37.81,5.618,7.045,-1.4269999999999996
marker:0,1786962243.185,1786962243.185,0.0,-6.019,-7.471,-37.92,6.019,7.471,-1.452
marker:0,1786962243.31,1786962243.31,0.0,-5.779,-7.256,-38.06,5.779,7.256,-1.4770000000000003
marker:0,1786962243.385,1786962243.385,0.0,-5.665,-7.178,-38.26,5.665,7.178,-1.513
marker:0,1786962243.46,1786962243.46,0.0,-5.553,-7.11,-38.51,5.553,7.11,-1.5570000000000004
marker:0,1786962243.56,1786962243.56,0.0,-5.467,-7.134,-39.13,5.467,7.134,-1.6670000000000007
marker:0,1786962243.635,1786962243.635,0.0,-5.348,-7.098,-39.59,5.348,7.098,-1.75
marker:0,1786962243.76,1786962243.76,0.0,-5.133,-6.966,-40.13,5.133,6.966,-1.8330000000000002
marker:0,1786962243.86,1786962243.86,0.0,-4.867,-6.74,-40.33,4.867,6.74,-1.8730000000000002
marker:0,1786962243.96,1786962243.96,0.0,-4.673,-6.559,-40.36,4.673,6.559,-1.8860000000000001
marker:0,1786962244.06,1786962244.06,0.0,-4.509,-6.4,-40.39,4.509,6.4,-1.891
marker:0,1786962244.16,1786962244.16,0.0,-4.357,-6.279,-40.56,4.357,6.279,-1.9219999999999997
marker:0,1786962244.26,1786962244.26,0.0,-4.252,-6.213,-40.89,4.252,6.213,-1.9610000000000003
marker:0,1786962244.335,1786962244.335,0.0,-4.247,-6.299,-41.29,4.247,6.299,-2.0520000000000005
marker:0,1786962244.435,1786962244.435,0.0,-4.222,-6.4,-42.0,4.222,6.4,-2.178
marker:0,1786962244.535,1786962244.535,0.0,-4.187,-6.467,-42.58,4.187,6.467,-2.2799999999999994
marker:0,1786962244.61,1786962244.61,0.0,-4.07,-6.446,-43.23,4.07,6.446,-2.3759999999999994
marker:0,1786962244.71,1786962244.71,0.0,-4.687,-7.15,-43.6,4.687,7.15,-2.463
marker:0,1786962244.785,1786962244.785,0.0,-4.544,-7.052,-43.85,4.544,7.052,-2.508
marker:0,1786962244.86,1786962244.86,0.0,-4.48,-7.017,-44.01,4.48,7.017,-2.537
marker:0,1786962244.935,1786962244.935,0.0,-4.263,-6.855,-44.38,4.263,6.855,-2.5920000000000005
marker:0,1786962244.985,1786962244.985,0.0,-3.926,-6.557,-44.54,3.926,6.557,-2.6310000000000002
marker:0,1786962245.085,1786962245.085,0.0,-3.697,-6.529,-44.86,3.697,6.529,-2.832
marker:0,1786962245.185,1786962245.185,0.0,-3.484,-6.236,-45.22,3.484,6.236,-2.752
marker:0,1786962245.31,1786962245.31,0.0,-3.437,-6.298,-45.83,3.437,6.298,-2.861
marker:0,1786962245.41,1786962245.41,0.0,-3.364,-6.292,-46.21,3.364,6.292,-2.928
marker:0,1786962245.485,1786962245.485,0.0,-3.34,-6.325,-46.53,3.34,6.325,-2.9850000000000003
marker:0,1786962245.585,1786962245.585,0.0,-3.078,-6.131,-46.91,3.078,6.131,-3.0530000000000004
marker:0,1786962245.685,1786962245.685,0.0,-2.995,-6.099,-47.2,2.995,6.099,-3.104
marker:0,1786962245.86,1786962245.835,-0.02499985694885254,-3.023,-6.242,-47.84,3.023,6.242,-3.219
marker:0,1786962245.96,1786962245.96,0.0,-3.235,-6.544,-48.35,3.235,6.544,-3.3089999999999997
marker:0,1786962246.035,1786962246.035,0.0,-3.126,-6.526,-48.86,3.126,6.526,-3.4
marker:0,1786962246.135,1786962246.135,0.0,-3.293,-6.766,-49.31,3.293,6.766,-3.473
marker:0,1786962246.21,1786962246.21,0.0,-3.277,-6.806,-49.67,3.277,6.806,-3.529
marker:0,1786962246.26,1786962246.26,0.0,-3.49,-7.079,-50.06,3.49,7.079,-3.5889999999999995
marker:0,1786962246.335,1786962246.335,0.0,-3.447,-7.098,-50.56,3.447,7.098,-3.651
marker:0,1786962246.485,1786962246.485,0.0,-3.185,-6.964,-51.29,3.185,6.964,-3.7790000000000004
marker:0,1786962246.635,1786962246.635,0.0,-3.315,-7.195,-52.01,3.315,7.195,-3.8800000000000003
marker:0,1786962246.71,1786962246.71,0.0,-3.237,-7.166,-52.35,3.237,7.166,-3.9290000000000003
marker:0,1786962246.81,1786962246.81,0.0,-3.423,-7.407,-52.62,3.423,7.407,-3.984
marker:0,1786962246.885,1786962246.885,0.0,-3.312,-7.336,-52.87,3.312,7.336,-4.024000000000001
marker:0,1786962247.06,1786962247.06,0.0,-3.437,-7.541,-53.39,3.437,7.541,-4.104000000000001
marker:0,1786962247.16,1786962247.16,0.0,-2.94,-7.053,-53.45,2.94,7.053,-4.1129999999999995
marker:0,1786962247.235,1786962247.235,0.0,-2.183,-6.37,-53.48,2.183,6.37,-4.187
marker:0,1786962247.585,1786962247.585,0.0,-2.335,-6.547,-54.26,2.335,6.547,-4.212
marker:0,1786962247.66,1786962247.66,0.0,-2.067,-6.352,-54.56,2.067,6.352,-4.285
marker:0,1786962247.76,1786962247.76,0.0,-2.633,-7.004,-55.12,2.633,7.004,-4.3709999999999996
marker:0,1786962247.86,1786962247.86,0.0,-2.466,-6.911,-55.6,2.466,6.911,-4.444999999999999
marker:0,1786962247.96,1786962247.96,0.0,-2.494,-6.995,-56.03,2.494,6.995,-4.5009999999999994
marker:0,1786962248.06,1786962248.06,0.0,-2.866,-7.417,-56.29,2.866,7.417,-4.551
marker:0,1786962248.135,1786962248.135,0.0,-2.681,-7.269,-56.6,2.681,7.269,-4.588
marker:0,1786962248.185,1786962248.185,0.0,-2.527,-7.178,-56.93,2.527,7.178,-4.651
marker:0,1786962248.335,1786962248.335,0.0,-2.665,-7.385,-57.38,2.665,7.385,-4.72
marker:0,1786962248.435,1786962248.435,0.0,-2.292,-7.128,-57.69,2.292,7.128,-4.836
marker:0,1786962248.485,1786962248.51,0.02500009536743164,-2.228,-7.038,-57.96,2.228,7.038,-4.8100000000000005
marker:0,1786962248.56,1786962248.56,0.0,-2.487,-7.314,-58.07,2.487,7.314,-4.827
marker:0,1786962248.66,1786962248.66,0.0,-2.214,-7.054,-58.15,2.214,7.054,-4.84
marker:0,1786962248.685,1786962248.685,0.0,-2.154,-6.993,-58.15,2.154,6.993,-4.839
marker:0,1786962248.76,1786962248.76,0.0,-2.088,-6.921,-58.11,2.088,6.921,-4.833
marker:0,1786962248.81,1786962248.81,0.0,-1.931,-6.758,-58.07,1.931,6.758,-4.827
marker:0,1786962248.885,1786962248.885,0.0,-2.015,-6.824,-57.95,2.015,6.824,-4.808999999999999
marker:0,1786962248.935,1786962248.935,0.0,-2.016,-6.815,-57.89,2.016,6.815,-4.799
marker:0,1786962248.985,1786962248.985,0.0,-2.06,-6.845,-57.8,2.06,6.845,-4.785
marker:0,1786962249.085,1786962249.085,0.0,-1.896,-6.681,-57.79,1.896,6.681,-4.785
marker:0,1786962249.185,1786962249.185,0.0,-1.995,-6.794,-57.89,1.995,6.794,-4.7989999999999995
marker:0,1786962249.26,1786962249.26,0.0,-2.073,-6.897,-58.05,2.073,6.897,-4.824
marker:0,1786962249.36,1786962249.36,0.0,-3.108,-7.978,-58.35,3.108,7.978,-4.869999999999999
marker:0,1786962249.46,1786962249.46,0.0,-2.921,-7.837,-58.64,2.921,7.837,-4.916
marker:0,1786962249.66,1786962249.66,0.0,-1.732,-6.697,-58.96,1.732,6.697,-4.965
marker:0,1786962249.735,1786962249.735,0.0,-1.7,-6.657,-58.91,1.7,6.657,-4.957
marker:0,1786962249.785,1786962249.785,0.0,-1.763,-6.703,-58.8,1.763,6.703,-4.94
marker:0,1786962249.935,1786962249.935,0.0,-2.432,-7.334,-58.54,2.432,7.334,-4.901999999999999
marker:0,1786962250.01,1786962250.01,0.0,-2.475,-7.374,-58.54,2.475,7.374,-4.898999999999999
marker:0,1786962250.085,1786962250.085,0.0,-1.903,-6.784,-58.62,1.903,6.784,-4.881
marker:0,1786962250.185,1786962250.185,0.0,-2.249,-7.194,-58.83,2.249,7.194,-4.945
marker:0,1786962250.285,1786962250.285,0.0,-2.784,-7.784,-59.28,2.784,7.784,-5.0
marker:0,1786962250.46,1786962250.46,0.0,-1.985,-7.058,-59.7,1.985,7.058,-5.0729999999999995
marker:0,1786962250.535,1786962250.535,0.0,-2.467,-7.548,-59.74,2.467,7.548,-5.0809999999999995
marker:0,1786962250.585,1786962250.585,0.0,-2.419,-7.49,-59.65,2.419,7.49,-5.071
marker:0,1786962250.685,1786962250.685,0.0,-1.523,-6.571,-59.5,1.523,6.571,-5.048
marker:0,1786962250.76,1786962250.76,0.0,-1.476,-6.482,-59.23,1.476,6.482,-5.006
marker:0,1786962250.835,1786962250.835,0.0,-1.518,-6.497,-59.05,1.518,6.497,-4.979
marker:0,1786962250.96,1786962250.96,0.0,-2.543,-7.513,-58.99,2.543,7.513,-4.97
marker:0,1786962251.035,1786962251.035,0.0,-1.518,-6.498,-59.11,1.518,6.498,-4.98
marker:0,1786962251.11,1786962251.11,0.0,-1.817,-6.827,-59.25,1.817,6.827,-5.01
marker:0,1786962251.185,1786962251.185,0.0,-1.883,-6.92,-59.43,1.883,6.92,-5.037
marker:0,1786962251.285,1786962251.285,0.0,-1.891,-6.958,-59.62,1.891,6.958,-5.067
marker:0,1786962251.385,1786962251.385,0.0,-2.296,-7.375,-59.7,2.296,7.375,-5.079000000000001
marker:0,1786962251.46,1786962251.46,0.0,-1.862,-6.933,-59.65,1.862,6.933,-5.071
marker:0,1786962251.51,1786962251.51,0.0,-1.835,-6.886,-59.52,1.835,6.886,-5.051
marker:0,1786962251.585,1786962251.585,0.0,-2.027,-7.033,-59.23,2.027,7.033,-5.006
marker:0,1786962251.66,1786962251.66,0.0,-1.435,-6.389,-58.89,1.435,6.389,-4.954000000000001
marker:0,1786962251.76,1786962251.76,0.0,-1.336,-6.237,-58.55,1.336,6.237,-4.901
marker:0,1786962251.86,1786962251.86,0.0,-2.211,-7.062,-58.23,2.211,7.062,-4.851000000000001
marker:0,1786962251.96,1786962251.96,0.0,-0.976,-5.837,-58.29,0.976,5.837,-4.861
marker:0,1786962252.085,1786962252.085,0.0,-1.305,-6.183,-58.43,1.305,6.183,-4.878
marker:0,1786962252.135,1786962252.135,0.0,-1.571,-6.463,-58.49,1.571,6.463,-4.892
marker:0,1786962252.235,1786962252.235,0.0,-1.76,-6.669,-58.6,1.76,6.669,-4.909
marker:0,1786962252.31,1786962252.31,0.0,-1.867,-6.782,-58.64,1.867,6.782,-4.915
marker:0,1786962252.41,1786962252.41,0.0,-1.846,-6.744,-58.53,1.846,6.744,-4.898
marker:0,1786962252.485,1786962252.485,0.0,-1.772,-6.643,-58.35,1.772,6.643,-4.8709999999999996
marker:0,1786962252.585,1786962252.585,0.0,-2.701,-7.505,-57.92,2.701,7.505,-4.804
marker:0,1786962252.66,1786962252.66,0.0,-2.767,-7.532,-57.58,2.767,7.532,-4.765000000000001
marker:0,1786962252.735,1786962252.735,0.0,-2.212,-6.928,-57.35,2.212,6.928,-4.715999999999999
marker:0,1786962252.785,1786962252.785,0.0,-2.309,-6.952,-57.19,2.309,6.952,-4.643
marker:0,1786962252.835,1786962252.835,0.0,-2.308,-6.959,-56.93,2.308,6.959,-4.651
marker:0,1786962252.91,1786962252.91,0.0,-2.38,-7.017,-56.84,2.38,7.017,-4.6370000000000005
marker:0,1786962252.96,1786962252.96,0.0,-2.368,-6.993,-56.76,2.368,6.993,-4.625
marker:0,1786962253.035,1786962253.035,0.0,-2.998,-7.619,-56.74,2.998,7.619,-4.6209999999999996
marker:0,1786962253.135,1786962253.135,0.0,-3.037,-7.668,-56.8,3.037,7.668,-4.631
marker:0,1786962253.235,1786962253.235,0.0,-2.563,-7.206,-56.88,2.563,7.206,-4.643000000000001
marker:0,1786962253.31,1786962253.31,0.0,-2.457,-7.1,-56.88,2.457,7.1,-4.643
marker:0,1786962253.36,1786962253.36,0.0,-2.594,-7.224,-56.8,2.594,7.224,-4.630000000000001
marker:0,1786962253.41,1786962253.41,0.0,-2.2,-6.815,-56.63,2.2,6.815,-4.615
marker:0,1786962253.535,1786962253.535,0.0,-1.798,-6.31,-56.03,1.798,6.31,-4.512
marker:0,1786962253.635,1786962253.635,0.0,-2.06,-6.502,-55.58,2.06,6.502,-4.442
marker:0,1786962253.685,1786962253.685,0.0,-2.204,-6.616,-55.28,2.204,6.616,-4.411999999999999
marker:0,1786962254.085,1786962254.085,0.0,-2.688,-6.989,-54.67,2.688,6.989,-4.301
marker:0,1786962254.26,1786962254.26,0.0,-2.436,-6.765,-54.85,2.436,6.765,-4.329
marker:0,1786962254.635,1786962254.635,0.0,-3.158,-7.53,-55.11,3.158,7.53,-4.372
marker:0,1786962254.71,1786962254.71,0.0,-3.426,-7.756,-54.85,3.426,7.756,-4.33
marker:0,1786962254.81,1786962254.81,0.0,-3.205,-7.444,-54.27,3.205,7.444,-4.239
marker:0,1786962254.885,1786962254.885,0.0,-3.729,-7.904,-53.85,3.729,7.904,-4.175
marker:0,1786962254.96,1786962254.96,0.0,-3.87,-7.929,-53.1,3.87,7.929,-4.059
marker:0,1786962255.035,1786962255.035,0.0,-3.434,-7.424,-52.55,3.434,7.424,-3.99
marker:0,1786962255.135,1786962255.135,0.0,-3.817,-7.725,-52.13,3.817,7.725,-3.9079999999999995
marker:0,1786962255.26,1786962255.26,0.0,-3.993,-7.862,-51.84,3.993,7.862,-3.869
marker:0,1786962256.11,1786962256.11,0.0,-4.071,-7.623,-49.82,4.071,7.623,-3.5520000000000005
marker:0,1786962256.16,1786962256.16,0.0,-4.111,-7.661,-49.81,4.111,7.661,-3.55
marker:0,1786962256.285,1786962256.285,0.0,-4.261,-7.809,-49.79,4.261,7.809,-3.548
marker:0,1786962256.36,1786962256.36,0.0,-4.297,-7.839,-49.76,4.297,7.839,-3.5420000000000007
marker:0,1786962256.485,1786962256.485,0.0,-4.662,-8.206,-49.77,4.662,8.206,-3.5439999999999996
marker:0,1786962256.635,1786962256.635,0.0,-4.393,-7.923,-49.68,4.393,7.923,-3.5300000000000002
marker:0,1786962256.71,1786962256.71,0.0,-4.532,-8.059,-49.66,4.532,8.059,-3.5269999999999992
marker:0,1786962256.785,1786962256.785,0.0,-4.641,-8.165,-49.64,4.641,8.165,-3.523999999999999
marker:0,1786962256.885,1786962256.885,0.0,-4.689,-8.236,-49.67,4.689,8.236,-3.5470000000000006
marker:0,1786962256.96,1786962256.96,0.0,-4.75,-8.274,-49.64,4.75,8.274,-3.523999999999999
marker:0,1786962257.035,1786962257.035,0.0,-4.781,-8.297,-49.59,4.781,8.297,-3.516000000000001
marker:0,1786962257.11,1786962257.11,0.0,-4.261,-7.751,-49.42,4.261,7.751,-3.49
marker:0,1786962257.26,1786962257.26,0.0,-4.337,-7.762,-49.0,4.337,7.762,-3.425
marker:0,1786962257.36,1786962257.36,0.0,-4.417,-7.742,-48.44,4.417,7.742,-3.325
marker:0,1786962257.435,1786962257.435,0.0,-3.959,-7.214,-48.05,3.959,7.214,-3.2550000000000003
marker:0,1786962257.535,1786962257.535,0.0,-4.245,-7.429,-47.65,4.245,7.429,-3.184
marker:0,1786962257.61,1786962257.61,0.0,-4.471,-7.614,-47.42,4.471,7.614,-3.143
marker:0,1786962257.735,1786962257.735,0.0,-5.029,-8.13,-47.18,5.029,8.13,-3.101000000000001
marker:0,1786962257.81,1786962257.81,0.0,-5.155,-8.223,-46.99,5.155,8.223,-3.0680000000000005
marker:0,1786962257.885,1786962257.885,0.0,-5.313,-8.272,-46.89,5.313,8.272,-2.9590000000000005
marker:0,1786962257.96,1786962257.96,0.0,-5.351,-8.384,-46.8,5.351,8.384,-3.0330000000000004
marker:0,1786962258.035,1786962258.035,0.0,-5.012,-8.033,-46.71,5.012,8.033,-3.021
marker:0,1786962258.135,1786962258.135,0.0,-5.01,-8.026,-46.72,5.01,8.026,-3.016
marker:0,1786962258.185,1786962258.185,0.0,-4.987,-8.006,-46.7,4.987,8.006,-3.019
marker:0,1786962258.285,1786962258.285,0.0,-4.659,-7.674,-46.7,4.659,7.674,-3.0150000000000006
marker:0,1786962258.385,1786962258.385,0.0,-4.975,-7.994,-46.72,4.975,7.994,-3.019
marker:0,1786962258.435,1786962258.46,0.02500009536743164,-5.197,-8.216,-46.72,5.197,8.216,-3.0189999999999992
marker:0,1786962258.56,1786962258.56,0.0,-5.141,-8.151,-46.67,5.141,8.151,-3.01
marker:0,1786962258.735,1786962258.735,0.0,-5.386,-8.373,-46.54,5.386,8.373,-2.986999999999999
marker:0,1786962258.86,1786962258.86,0.0,-4.962,-7.944,-46.51,4.962,7.944,-2.982
marker:0,1786962258.96,1786962258.96,0.0,-5.068,-8.007,-46.27,5.068,8.007,-2.939
marker:0,1786962259.085,1786962259.085,0.0,-5.267,-8.16,-46.01,5.267,8.16,-2.893
marker:0,1786962259.16,1786962259.16,0.0,-5.206,-8.061,-45.8,5.206,8.061,-2.8549999999999995
marker:0,1786962259.26,1786962259.26,0.0,-5.366,-8.198,-45.58,5.366,8.198,-2.8320000000000007
marker:0,1786962259.36,1786962259.36,0.0,-5.482,-8.276,-45.43,5.482,8.276,-2.7939999999999996
marker:0,1786962259.435,1786962259.435,0.0,-5.478,-8.236,-45.19,5.478,8.236,-2.758000000000001
marker:0,1786962259.51,1786962259.51,0.0,-5.645,-8.363,-45.03,5.645,8.363,-2.718
marker:0,1786962259.585,1786962259.585,0.0,-5.826,-8.519,-44.89,5.826,8.519,-2.6930000000000005
marker:0,1786962259.685,1786962259.685,0.0,-5.809,-8.474,-44.67,5.809,8.474,-2.665
marker:0,1786962259.785,1786962259.785,0.0,-5.854,-8.47,-44.46,5.854,8.47,-2.6160000000000005
marker:0,1786962259.86,1786962259.86,0.0,-6.046,-8.64,-44.27,6.046,8.64,-2.5940000000000003
marker:0,1786962259.935,1786962259.935,0.0,-6.244,-8.802,-44.13,6.244,8.802,-2.558
marker:0,1786962260.01,1786962260.01,0.0,-6.457,-8.988,-43.98,6.457,8.988,-2.5309999999999997
marker:0,1786962260.06,1786962260.06,0.0,-6.207,-8.738,-43.98,6.207,8.738,-2.5309999999999997
marker:0,1786962260.16,1786962260.16,0.0,-6.003,-8.55,-44.07,6.003,8.55,-2.5470000000000006
marker:0,1786962260.235,1786962260.235,0.0,-6.116,-8.688,-44.31,6.116,8.688,-2.572000000000001
marker:0,1786962260.335,1786962260.335,0.0,-5.868,-8.488,-44.48,5.868,8.488,-2.619999999999999
marker:0,1786962260.41,1786962260.41,0.0,-6.319,-8.957,-44.58,6.319,8.957,-2.638000000000001
marker:0,1786962260.485,1786962260.485,0.0,-5.743,-8.372,-44.53,5.743,8.372,-2.6289999999999996
marker:0,1786962260.585,1786962260.585,0.0,-5.775,-8.379,-44.39,5.775,8.379,-2.603999999999999
marker:0,1786962260.686,1786962260.686,0.0,-6.057,-8.64,-44.27,6.057,8.64,-2.583
marker:0,1786962260.76,1786962260.76,0.0,-5.934,-8.497,-44.12,5.934,8.497,-2.5629999999999997
marker:0,1786962260.835,1786962260.835,0.0,-6.028,-8.575,-44.06,6.028,8.575,-2.5469999999999997
marker:0,1786962260.91,1786962260.91,0.0,-6.782,-9.322,-44.03,6.782,9.322,-2.539999999999999
marker:0,1786962260.96,1786962260.96,0.0,-6.869,-9.399,-43.97,6.869,9.399,-2.5299999999999994
marker:0,1786962261.035,1786962261.035,0.0,-6.016,-8.538,-43.93,6.016,8.538,-2.5220000000000002
marker:0,1786962261.11,1786962261.11,0.0,-6.197,-8.718,-43.92,6.197,8.718,-2.521
marker:0,1786962261.185,1786962261.185,0.0,-6.136,-8.66,-43.94,6.136,8.66,-2.524
marker:0,1786962261.26,1786962261.26,0.0,-6.932,-9.465,-43.99,6.932,9.465,-2.5329999999999995
marker:0,1786962261.335,1786962261.335,0.0,-6.783,-9.321,-44.02,6.783,9.321,-2.5379999999999994
marker:0,1786962261.485,1786962261.485,0.0,-6.734,-9.275,-44.04,6.734,9.275,-2.5410000000000004
marker:0,1786962261.56,1786962261.56,0.0,-6.885,-9.429,-44.04,6.885,9.429,-2.5440000000000005
marker:0,1786962261.635,1786962261.635,0.0,-6.768,-9.306,-43.99,6.768,9.306,-2.5379999999999994
marker:0,1786962261.76,1786962261.76,0.0,-6.859,-9.379,-43.92,6.859,9.379,-2.5199999999999996
marker:0,1786962261.81,1786962261.81,0.0,-6.944,-9.448,-43.83,6.944,9.448,-2.5040000000000004
marker:0,1786962261.91,1786962261.91,0.0,-7.045,-9.523,-43.68,7.045,9.523,-2.4779999999999998
marker:0,1786962261.985,1786962261.985,0.0,-7.301,-9.756,-43.55,7.301,9.756,-2.455
marker:0,1786962262.06,1786962262.06,0.0,-7.23,-9.667,-43.45,7.23,9.667,-2.4369999999999994
marker:0,1786962262.16,1786962262.16,0.0,-7.389,-9.818,-43.41,7.389,9.818,-2.4289999999999994
marker:0,1786962262.235,1786962262.235,0.0,-7.529,-9.959,-43.42,7.529,9.959,-2.4299999999999997
marker:0,1786962262.26,1786962262.26,0.0,-5.923,-8.362,-43.46,5.923,8.362,-2.439
marker:0,1786962262.335,1786962262.335,0.0,-6.144,-8.599,-43.55,6.144,8.599,-2.455
marker:0,1786962262.41,1786962262.41,0.0,-6.439,-8.926,-43.73,6.439,8.926,-2.487
marker:0,1786962262.485,1786962262.485,0.0,-6.53,-9.041,-43.87,6.53,9.041,-2.511
marker:0,1786962262.535,1786962262.535,0.0,-6.087,-8.609,-43.93,6.087,8.609,-2.5220000000000002
marker:0,1786962262.635,1786962262.635,0.0,-6.007,-8.551,-44.05,6.007,8.551,-2.5440000000000005
marker:0,1786962262.735,1786962262.735,0.0,-5.916,-8.472,-44.12,5.916,8.472,-2.555999999999999
marker:0,1786962262.81,1786962262.81,0.0,-5.68,-8.241,-44.15,5.68,8.241,-2.561
marker:0,1786962262.935,1786962262.935,0.0,-5.713,-8.273,-44.14,5.713,8.273,-2.5599999999999996
marker:0,1786962263.06,1786962263.06,0.0,-5.704,-8.249,-44.06,5.704,8.249,-2.545000000000001
marker:0,1786962263.235,1786962263.235,0.0,-5.313,-7.81,-43.74,5.313,7.81,-2.497
marker:0,1786962263.31,1786962263.31,0.0,-5.869,-8.345,-43.67,5.869,8.345,-2.476000000000001
marker:0,1786962263.46,1786962263.46,0.0,-6.081,-8.578,-43.88,6.081,8.578,-2.496999999999999
marker:0,1786962263.51,1786962263.51,0.0,-6.055,-8.579,-43.95,6.055,8.579,-2.524000000000001
marker:0,1786962263.585,1786962263.585,0.0,-6.154,-8.712,-44.13,6.154,8.712,-2.558
marker:0,1786962263.685,1786962263.685,0.0,-6.246,-8.872,-44.43,6.246,8.872,-2.6259999999999994
marker:0,1786962263.76,1786962263.76,0.0,-6.345,-8.952,-44.41,6.345,8.952,-2.607
marker:0,1786962263.81,1786962263.81,0.0,-5.504,-8.092,-44.3,5.504,8.092,-2.588000000000001
marker:0,1786962263.86,1786962263.86,0.0,-5.723,-8.272,-44.08,5.723,8.272,-2.5490000000000004
marker:0,1786962263.96,1786962263.96,0.0,-6.171,-8.656,-43.56,6.171,8.656,-2.4850000000000003
marker:0,1786962264.035,1786962264.035,0.0,-5.953,-8.381,-43.4,5.953,8.381,-2.428
marker:0,1786962264.185,1786962264.185,0.0,-6.193,-8.578,-43.15,6.193,8.578,-2.385
marker:0,1786962264.435,1786962264.435,0.0,-6.719,-9.052,-43.37,6.719,9.052,-2.3329999999999993
marker:0,1786962264.585,1786962264.585,0.0,-6.754,-9.167,-43.32,6.754,9.167,-2.4130000000000003
marker:0,1786962264.71,1786962264.71,0.0,-6.772,-9.159,-43.17,6.772,9.159,-2.3870000000000005
marker:0,1786962264.86,1786962264.86,0.0,-7.011,-9.375,-43.04,7.011,9.375,-2.364
marker:0,1786962264.985,1786962264.985,0.0,-7.155,-9.551,-43.22,7.155,9.551,-2.396
marker:0,1786962265.06,1786962265.06,0.0,-5.779,-8.221,-43.48,5.779,8.221,-2.442
marker:0,1786962265.135,1786962265.135,0.0,-5.75,-8.243,-43.77,5.75,8.243,-2.4930000000000003
marker:0,1786962265.235,1786962265.235,0.0,-5.839,-8.374,-44.0,5.839,8.374,-2.535
marker:0,1786962265.36,1786962265.36,0.0,-7.109,-9.747,-44.58,7.109,9.747,-2.638
marker:0,1786962265.46,1786962265.46,0.0,-5.812,-8.472,-44.7,5.812,8.472,-2.6599999999999993
marker:0,1786962265.56,1786962265.56,0.0,-6.138,-8.808,-44.76,6.138,8.808,-2.67
marker:0,1786962265.61,1786962265.61,0.0,-6.418,-9.093,-44.79,6.418,9.093,-2.675
marker:0,1786962265.685,1786962265.685,0.0,-5.615,-8.283,-44.75,5.615,8.283,-2.6679999999999993
marker:0,1786962265.76,1786962265.76,0.0,-5.675,-8.329,-44.6,5.675,8.329,-2.654000000000001
marker:0,1786962265.86,1786962265.86,0.0,-5.801,-8.414,-44.44,5.801,8.414,-2.6129999999999995
marker:0,1786962265.935,1786962265.935,0.0,-5.822,-8.419,-44.35,5.822,8.419,-2.5970000000000004
marker:0,1786962266.01,1786962266.01,0.0,-5.845,-8.426,-44.25,5.845,8.426,-2.5810000000000004
marker:0,1786962266.085,1786962266.085,0.0,-6.041,-8.628,-44.29,6.041,8.628,-2.5869999999999997
marker:0,1786962266.21,1786962266.21,0.0,-5.952,-8.559,-44.41,5.952,8.559,-2.6069999999999993
marker:0,1786962266.285,1786962266.285,0.0,-6.018,-8.633,-44.45,6.018,8.633,-2.6149999999999993
marker:0,1786962266.385,1786962266.385,0.0,-4.89,-7.52,-44.54,4.89,7.52,-2.63
marker:0,1786962266.46,1786962266.46,0.0,-4.914,-7.537,-44.47,4.914,7.537,-2.623
marker:0,1786962266.535,1786962266.535,0.0,-4.739,-7.345,-44.4,4.739,7.345,-2.606
marker:0,1786962266.585,1786962266.585,0.0,-4.826,-7.424,-44.36,4.826,7.424,-2.5980000000000008
marker:0,1786962266.66,1786962266.66,0.0,-5.508,-8.104,-44.34,5.508,8.104,-2.595999999999999
marker:0,1786962266.76,1786962266.76,0.0,-5.425,-8.036,-44.43,5.425,8.036,-2.6109999999999998
marker:0,1786962266.81,1786962266.81,0.0,-5.588,-8.217,-44.53,5.588,8.217,-2.6290000000000004
marker:0,1786962266.885,1786962266.885,0.0,-5.314,-7.991,-44.8,5.314,7.991,-2.6769999999999996
marker:0,1786962266.96,1786962266.96,0.0,-5.304,-8.033,-45.09,5.304,8.033,-2.728999999999999
marker:0,1786962267.035,1786962267.035,0.0,-4.615,-7.386,-45.33,4.615,7.386,-2.771
marker:0,1786962267.135,1786962267.135,0.0,-5.22,-8.024,-45.51,5.22,8.024,-2.8039999999999994
marker:0,1786962267.185,1786962267.185,0.0,-5.17,-7.995,-45.63,5.17,7.995,-2.825
marker:0,1786962267.31,1786962267.31,0.0,-5.264,-8.119,-45.8,5.264,8.119,-2.8549999999999995
marker:0,1786962267.385,1786962267.385,0.0,-5.459,-8.309,-45.79,5.459,8.309,-2.8499999999999996
marker:0,1786962267.485,1786962267.485,0.0,-5.533,-8.379,-45.75,5.533,8.379,-2.845999999999999
marker:0,1786962267.56,1786962267.56,0.0,-4.753,-7.596,-45.76,4.753,7.596,-2.843
marker:0,1786962267.66,1786962267.66,0.0,-4.922,-7.77,-45.8,4.922,7.77,-2.848
marker:0,1786962267.71,1786962267.71,0.0,-5.159,-8.023,-45.85,5.159,8.023,-2.864
marker:0,1786962267.785,1786962267.785,0.0,-5.214,-8.096,-45.98,5.214,8.096,-2.8819999999999997
marker:0,1786962267.835,1786962267.835,0.0,-5.053,-7.953,-46.05,5.053,7.953,-2.9000000000000004
marker:0,1786962267.91,1786962267.91,0.0,-5.049,-7.962,-46.12,5.049,7.962,-2.9129999999999994
marker:0,1786962267.985,1786962267.985,0.0,-5.128,-8.04,-46.12,5.128,8.04,-2.911999999999999
marker:0,1786962268.085,1786962268.085,0.0,-5.266,-8.175,-46.1,5.266,8.175,-2.9090000000000007
marker:0,1786962268.185,1786962268.185,0.0,-5.396,-8.294,-46.04,5.396,8.294,-2.8980000000000006
marker:0,1786962268.31,1786962268.31,0.0,-5.643,-8.516,-45.86,5.643,8.516,-2.873
marker:0,1786962268.36,1786962268.36,0.0,-5.749,-8.606,-45.81,5.749,8.606,-2.857
marker:0,1786962268.41,1786962268.41,0.0,-5.734,-8.563,-45.65,5.734,8.563,-2.8290000000000006
marker:0,1786962268.485,1786962268.485,0.0,-5.964,-8.778,-45.57,5.964,8.778,-2.814
marker:0,1786962268.561,1786962268.561,0.0,-6.099,-8.897,-45.48,6.099,8.897,-2.798
marker:0,1786962268.635,1786962268.635,0.0,-6.247,-9.017,-45.32,6.247,9.017,-2.7699999999999996
marker:0,1786962268.71,1786962268.71,0.0,-6.395,-9.142,-45.19,6.395,9.142,-2.747
marker:0,1786962268.785,1786962268.785,0.0,-6.46,-9.201,-45.16,6.46,9.201,-2.7410000000000005
marker:0,1786962268.86,1786962268.86,0.0,-6.684,-9.404,-45.04,6.684,9.404,-2.7199999999999998
marker:0,1786962268.96,1786962268.96,0.0,-6.949,-9.653,-44.95,6.949,9.653,-2.7040000000000006
marker:0,1786962269.035,1786962269.035,0.0,-5.778,-8.475,-44.91,5.778,8.475,-2.697
marker:0,1786962269.11,1786962269.11,0.0,-5.947,-8.656,-44.98,5.947,8.656,-2.7090000000000005
marker:0,1786962269.235,1786962269.235,0.0,-6.09,-8.828,-45.14,6.09,8.828,-2.7379999999999995
marker:0,1786962269.31,1786962269.31,0.0,-6.139,-8.898,-45.29,6.139,8.898,-2.7589999999999995
marker:0,1786962269.385,1786962269.385,0.0,-6.151,-8.93,-45.37,6.151,8.93,-2.779
marker:0,1786962269.435,1786962269.435,0.0,-6.239,-9.034,-45.46,6.239,9.034,-2.795000000000001
marker:0,1786962269.51,1786962269.51,0.0,-5.504,-8.304,-45.52,5.504,8.304,-2.8000000000000007
marker:0,1786962269.585,1786962269.585,0.0,-5.893,-8.705,-45.56,5.893,8.705,-2.8120000000000003
marker:0,1786962269.66,1786962269.66,0.0,-5.923,-8.739,-45.58,5.923,8.739,-2.8160000000000007
marker:0,1786962269.735,1786962269.735,0.0,-6.077,-8.887,-45.55,6.077,8.887,-2.8100000000000005
marker:0,1786962269.835,1786962269.835,0.0,-5.386,-8.184,-45.43,5.386,8.184,-2.797999999999999
marker:0,1786962269.885,1786962269.885,0.0,-5.769,-8.533,-45.22,5.769,8.533,-2.7639999999999993
marker:0,1786962269.96,1786962269.96,0.0,-5.799,-8.516,-45.02,5.799,8.516,-2.7169999999999996
marker:0,1786962270.06,1786962270.06,0.0,-5.9,-8.578,-44.81,5.9,8.578,-2.677999999999999
marker:0,1786962270.11,1786962270.11,0.0,-6.221,-8.872,-44.59,6.221,8.872,-2.651
marker:0,1786962270.21,1786962270.21,0.0,-6.394,-9.0,-44.4,6.394,9.0,-2.606
marker:0,1786962270.36,1786962270.36,0.0,-5.346,-7.884,-44.02,5.346,7.884,-2.5380000000000003
marker:0,1786962270.435,1786962270.435,0.0,-5.415,-7.893,-43.68,5.415,7.893,-2.4779999999999998
marker:0,1786962270.535,1786962270.535,0.0,-5.298,-7.715,-43.34,5.298,7.715,-2.417
marker:0,1786962270.61,1786962270.61,0.0,-5.457,-7.832,-43.1,5.457,7.832,-2.375
marker:0,1786962270.71,1786962270.71,0.0,-6.548,-8.876,-42.84,6.548,8.876,-2.3279999999999994
marker:0,1786962270.81,1786962270.81,0.0,-6.176,-8.491,-42.77,6.176,8.491,-2.3149999999999995
marker:0,1786962270.86,1786962270.86,0.0,-5.862,-8.182,-42.79,5.862,8.182,-2.3200000000000003
marker:0,1786962273.96,1786962273.96,0.0,-4.907,-7.053,-41.82,4.907,7.053,-2.146
marker:0,1786962274.035,1786962274.035,0.0,-4.732,-6.882,-41.84,4.732,6.882,-2.1499999999999995
marker:0,1786962274.135,1786962274.135,0.0,-4.705,-6.827,-41.62,4.705,6.827,-2.122
marker:0,1786962274.26,1786962274.26,0.0,-5.891,-7.897,-41.03,5.891,7.897,-2.0060000000000002
marker:0,1786962274.36,1786962274.36,0.0,-6.63,-8.552,-40.56,6.63,8.552,-1.9219999999999997
marker:0,1786962274.46,1786962274.46,0.0,-5.647,-7.529,-40.31,5.647,7.529,-1.8819999999999997
marker:0,1786962274.535,1786962274.535,0.0,-6.115,-7.941,-40.02,6.115,7.941,-1.8259999999999996
marker:0,1786962274.61,1786962274.61,0.0,-6.387,-8.152,-39.68,6.387,8.152,-1.7649999999999997
marker:0,1786962274.66,1786962274.66,0.0,-6.83,-8.524,-39.28,6.83,8.524,-1.693999999999999
marker:0,1786962274.785,1786962274.785,0.0,-7.264,-8.816,-38.48,7.264,8.816,-1.5520000000000005
marker:0,1786962274.86,1786962274.86,0.0,-7.887,-9.348,-37.77,7.887,9.348,-1.4610000000000012
marker:0,1786962274.96,1786962274.96,0.0,-8.105,-9.45,-37.23,8.105,9.45,-1.3449999999999989
marker:0,1786962275.035,1786962275.035,0.0,-8.333,-9.623,-36.91,8.333,9.623,-1.2899999999999991
marker:0,1786962275.11,1786962275.11,0.0,-8.792,-9.979,-36.64,8.792,9.979,-1.1869999999999994
marker:0,1786962275.185,1786962275.185,0.0,-8.762,-9.877,-36.38,8.762,9.877,-1.1150000000000002
marker:0,1786962275.26,1786962275.26,0.0,-9.193,-10.239,-36.13,9.193,10.239,-1.0460000000000012
marker:0,1786962275.36,1786962275.36,0.0,-9.352,-10.356,-35.98,9.352,10.356,-1.0039999999999996
marker:0,1786962275.46,1786962275.46,0.0,-9.371,-10.344,-35.87,9.371,10.344,-0.972999999999999
marker:0,1786962275.535,1786962275.535,0.0,-9.342,-10.268,-35.7,9.342,10.268,-0.9260000000000002
marker:0,1786962275.61,1786962275.61,0.0,-8.753,-9.609,-35.45,8.753,9.609,-0.8559999999999999
marker:0,1786962275.71,1786962275.71,0.0,-8.694,-9.454,-35.1,8.694,9.454,-0.7599999999999998
marker:0,1786962275.785,1786962275.785,0.0,-8.76,-9.447,-34.84,8.76,9.447,-0.6869999999999994
marker:0,1786962275.885,1786962275.885,0.0,-8.717,-9.326,-34.56,8.717,9.326,-0.609
marker:0,1786962275.96,1786962275.96,0.0,-8.686,-9.2,-34.22,8.686,9.2,-0.5139999999999993
marker:0,1786962276.06,1786962276.06,0.0,-7.418,-7.883,-34.04,7.418,7.883,-0.46499999999999986
marker:0,1786962276.16,1786962276.16,0.0,-6.477,-6.936,-34.02,6.477,6.936,-0.45899999999999963
marker:0,1786962276.26,1786962276.26,0.0,-6.322,-6.781,-34.02,6.322,6.781,-0.45899999999999963
marker:0,1786962276.335,1786962276.335,0.0,-6.139,-6.587,-33.98,6.139,6.587,-0.4479999999999995
marker:0,1786962276.41,1786962276.41,0.0,-6.173,-6.592,-33.88,6.173,6.592,-0.4189999999999996
marker:0,1786962276.56,1786962276.56,0.0,-6.566,-6.913,-33.62,6.566,6.913,-0.3470000000000004
marker:0,1786962276.635,1786962276.635,0.0,-6.692,-7.003,-33.49,6.692,7.003,-0.31099999999999994
marker:0,1786962276.76,1786962276.76,0.0,-6.772,-7.039,-33.33,6.772,7.039,-0.26699999999999946
marker:0,1786962276.835,1786962276.835,0.0,-5.901,-6.131,-33.19,5.901,6.131,-0.23000000000000043
marker:0,1786962276.91,1786962276.91,0.0,-6.06,-6.263,-33.06,6.06,6.263,-0.2030000000000003
marker:0,1786962277.26,1786962277.26,0.0,-6.92,-6.992,-32.63,6.92,6.992,-0.07200000000000006
marker:0,1786962277.36,1786962277.36,0.0,-6.277,-6.316,-32.51,6.277,6.316,-0.0389999999999997
marker:0,1786962277.51,1786962277.51,0.0,-7.312,-7.336,-32.46,7.312,7.336,-0.02400000000000002
marker:0,1786962277.685,1786962277.685,0.0,-6.958,-7.011,-32.59,6.958,7.011,-0.052999999999999936
marker:0,1786962278.035,1786962278.035,0.0,-7.411,-7.477,-32.55,7.411,7.477,-0.06600000000000072
marker:0,1786962278.16,1786962278.16,0.0,-7.957,-7.918,-32.17,7.957,7.918,0.0389999999999997
marker:0,1786962278.235,1786962278.235,0.0,-8.218,-8.089,-31.82,8.218,8.089,0.12899999999999956
marker:0,1786962280.085,1786962280.085,0.0,-7.842,-7.831,-32.33,7.842,7.831,0.010999999999999233
marker:0,1786962280.21,1786962280.21,0.0,-7.534,-7.422,-31.97,7.534,7.422,0.1120000000000001
marker:0,1786962280.31,1786962280.31,0.0,-7.853,-7.703,-31.79,7.853,7.703,0.14999999999999947
marker:0,1786962280.385,1786962280.385,0.0,-7.336,-7.144,-31.68,7.336,7.144,0.19200000000000017
marker:0,1786962280.885,1786962280.885,0.0,-7.79,-7.481,-31.26,7.79,7.481,0.30900000000000016
marker:0,1786962281.385,1786962281.385,0.0,-7.499,-7.02,-30.69,7.499,7.02,0.4790000000000001
marker:0,1786962281.835,1786962281.835,0.0,-7.255,-6.687,-30.33,7.255,6.687,0.5679999999999996
marker:0,1786962281.96,1786962281.935,-0.02500009536743164,-7.621,-7.058,-30.35,7.621,7.058,0.5630000000000006
marker:0,1786962282.06,1786962282.06,0.0,-7.878,-7.34,-30.44,7.878,7.34,0.5380000000000003
marker:0,1786962282.635,1786962282.635,0.0,-7.815,-7.25,-30.34,7.815,7.25,0.5650000000000004
marker:0,1786962285.684,1786962285.684,0.0,-7.275,-6.323,-28.95,7.275,6.323,0.952
marker:0,1786962285.784,1786962285.784,0.0,-6.896,-5.978,-29.07,6.896,5.978,0.9180000000000001
marker:0,1786962285.86,1786962285.86,0.0,-6.958,-6.073,-29.19,6.958,6.073,0.8849999999999998
marker:0,1786962285.935,1786962285.935,0.0,-6.291,-5.395,-29.15,6.291,5.395,0.8960000000000008
marker:0,1786962286.009,1786962286.009,0.0,-7.527,-6.62,-29.11,7.527,6.62,0.907
marker:0,1786962286.109,1786962286.109,0.0,-7.069,-6.111,-28.93,7.069,6.111,0.9580000000000002
marker:0,1786962286.184,1786962286.184,0.0,-7.58,-6.575,-28.76,7.58,6.575,1.005
marker:0,1786962286.26,1786962286.26,0.0,-8.509,-7.42,-28.46,8.509,7.42,1.0890000000000004
marker:0,1786962286.409,1786962286.409,0.0,-8.14,-6.873,-27.82,8.14,6.873,1.2670000000000003
marker:0,1786962286.46,1786962286.46,0.0,-8.027,-6.668,-27.49,8.027,6.668,1.358999999999999
marker:0,1786962286.559,1786962286.559,0.0,-8.076,-6.584,-27.01,8.076,6.584,1.4920000000000009
marker:0,1786962286.634,1786962286.634,0.0,-8.18,-6.629,-26.8,8.18,6.629,1.5510000000000002
marker:0,1786962286.71,1786962286.71,0.0,-8.185,-6.607,-26.69,8.185,6.607,1.5780000000000003
marker:0,1786962286.784,1786962286.784,0.0,-8.264,-6.691,-26.72,8.264,6.691,1.5729999999999995
marker:0,1786962286.859,1786962286.859,0.0,-8.081,-6.505,-26.71,8.081,6.505,1.5759999999999996
marker:0,1786962286.959,1786962286.959,0.0,-8.12,-6.536,-26.68,8.12,6.536,1.5839999999999996
marker:0,1786962287.034,1786962287.034,0.0,-7.673,-6.081,-26.65,7.673,6.081,1.5919999999999996
marker:0,1786962287.084,1786962287.084,0.0,-8.178,-6.58,-26.63,8.178,6.58,1.5980000000000008
marker:0,1786962287.159,1786962287.159,0.0,-8.157,-6.557,-26.59,8.157,6.557,1.5999999999999996
marker:0,1786962287.259,1786962287.259,0.0,-7.675,-6.055,-26.55,7.675,6.055,1.62
marker:0,1786962287.334,1786962287.334,0.0,-7.387,-5.754,-26.5,7.387,5.754,1.633
marker:0,1786962287.459,1786962287.459,0.0,-7.404,-5.728,-26.35,7.404,5.728,1.6760000000000002
marker:0,1786962287.509,1786962287.509,0.0,-7.326,-5.639,-26.26,7.326,5.639,1.6869999999999994
marker:0,1786962287.584,1786962287.584,0.0,-7.304,-5.575,-26.14,7.304,5.575,1.729
marker:0,1786962287.684,1786962287.684,0.0,-6.991,-5.204,-25.95,6.991,5.204,1.787
marker:0,1786962287.759,1786962287.759,0.0,-6.6,-4.788,-25.86,6.6,4.788,1.8119999999999994
marker:0,1786962287.859,1786962287.859,0.0,-6.782,-4.932,-25.72,6.782,4.932,1.8499999999999996
marker:0,1786962287.959,1786962287.959,0.0,-6.79,-4.917,-25.64,6.79,4.917,1.8730000000000002
marker:0,1786962288.059,1786962288.059,0.0,-6.462,-4.564,-25.55,6.462,4.564,1.8979999999999997
marker:0,1786962288.134,1786962288.134,0.0,-7.364,-5.452,-25.48,7.364,5.452,1.912
marker:0,1786962288.209,1786962288.209,0.0,-7.408,-5.493,-25.49,7.408,5.493,1.915
marker:0,1786962288.309,1786962288.309,0.0,-6.167,-4.266,-25.54,6.167,4.266,1.9009999999999998
marker:0,1786962288.409,1786962288.409,0.0,-6.011,-4.121,-25.58,6.011,4.121,1.8899999999999997
marker:0,1786962288.484,1786962288.484,0.0,-6.35,-4.454,-25.56,6.35,4.454,1.896
marker:0,1786962288.559,1786962288.559,0.0,-6.274,-4.362,-25.5,6.274,4.362,1.912
marker:0,1786962288.659,1786962288.659,0.0,-6.231,-4.269,-25.32,6.231,4.269,1.9619999999999997
marker:0,1786962288.784,1786962288.784,0.0,-5.566,-3.532,-25.06,5.566,3.532,2.034
marker:0,1786962288.859,1786962288.859,0.0,-5.688,-3.626,-24.93,5.688,3.626,2.062
marker:0,1786962288.909,1786962288.909,0.0,-5.798,-3.711,-24.87,5.798,3.711,2.087
marker:0,1786962289.034,1786962289.034,0.0,-6.048,-3.974,-24.92,6.048,3.974,2.074
marker:0,1786962289.159,1786962289.159,0.0,-6.033,-4.054,-25.26,6.033,4.054,1.979
marker:0,1786962289.259,1786962289.259,0.0,-6.336,-4.396,-25.44,6.336,4.396,1.9400000000000004
marker:0,1786962289.309,1786962289.309,0.0,-6.597,-4.707,-25.63,6.597,4.707,1.8900000000000006
marker:0,1786962289.384,1786962289.384,0.0,-6.782,-4.906,-25.69,6.782,4.906,1.8760000000000003
marker:0,1786962289.459,1786962289.459,0.0,-6.575,-4.744,-25.79,6.575,4.744,1.8310000000000004
marker:0,1786962289.534,1786962289.534,0.0,-7.49,-5.664,-25.82,7.49,5.664,1.8260000000000005
marker:0,1786962289.609,1786962289.609,0.0,-7.448,-5.611,-25.77,7.448,5.611,1.8370000000000006
marker:0,1786962289.684,1786962289.709,0.02500009536743164,-6.409,-4.528,-25.57,6.409,4.528,1.8810000000000002
marker:0,1786962289.784,1786962289.784,0.0,-6.403,-4.419,-25.15,6.403,4.419,1.984
marker:0,1786962289.859,1786962289.859,0.0,-5.73,-3.648,-24.89,5.73,3.648,2.0820000000000003
marker:0,1786962289.959,1786962289.959,0.0,-5.861,-3.704,-24.56,5.861,3.704,2.1569999999999996
marker:0,1786962290.034,1786962290.034,0.0,-6.698,-4.496,-24.46,6.698,4.496,2.202
marker:0,1786962290.109,1786962290.109,0.0,-5.533,-3.335,-24.47,5.533,3.335,2.1980000000000004
marker:0,1786962290.159,1786962290.159,0.0,-5.599,-3.397,-24.46,5.599,3.397,2.2020000000000004
marker:0,1786962290.259,1786962290.259,0.0,-6.646,-4.453,-24.47,6.646,4.453,2.1929999999999996
marker:0,1786962290.309,1786962290.309,0.0,-6.708,-4.512,-24.48,6.708,4.512,2.1960000000000006
marker:0,1786962290.384,1786962290.384,0.0,-6.445,-4.235,-24.43,6.445,4.235,2.21
marker:0,1786962290.459,1786962290.459,0.0,-6.926,-4.692,-24.34,6.926,4.692,2.234
marker:0,1786962290.534,1786962290.534,0.0,-6.909,-4.632,-24.14,6.909,4.632,2.277
marker:0,1786962290.609,1786962290.609,0.0,-7.095,-4.774,-23.96,7.095,4.774,2.3209999999999997
marker:0,1786962290.659,1786962290.659,0.0,-7.104,-4.744,-23.89,7.104,4.744,2.3600000000000003
marker:0,1786962290.734,1786962290.734,0.0,-5.897,-3.451,-23.58,5.897,3.451,2.446
marker:0,1786962290.809,1786962290.809,0.0,-7.165,-4.627,-23.22,7.165,4.627,2.5380000000000003
marker:0,1786962290.934,1786962290.934,0.0,-6.314,-3.666,-22.67,6.314,3.666,2.648
marker:0,1786962291.009,1786962291.009,0.0,-6.464,-3.773,-22.46,6.464,3.773,2.6910000000000003
marker:0,1786962291.084,1786962291.084,0.0,-5.473,-2.773,-22.41,5.473,2.773,2.6999999999999997
marker:0,1786962291.259,1786962291.259,0.0,-6.169,-3.489,-22.51,6.169,3.489,2.6799999999999997
marker:0,1786962291.334,1786962291.334,0.0,-6.473,-3.83,-22.7,6.473,3.83,2.643
marker:0,1786962291.409,1786962291.409,0.0,-6.574,-3.939,-22.74,6.574,3.939,2.635
marker:0,1786962291.459,1786962291.459,0.0,-6.672,-4.054,-22.82,6.672,4.054,2.6179999999999994
marker:0,1786962291.534,1786962291.534,0.0,-6.368,-3.76,-22.87,6.368,3.76,2.6080000000000005
marker:0,1786962291.609,1786962291.609,0.0,-6.28,-3.662,-22.82,6.28,3.662,2.6180000000000003
marker:0,1786962291.684,1786962291.684,0.0,-6.203,-3.565,-22.72,6.203,3.565,2.6380000000000003
marker:0,1786962291.759,1786962291.759,0.0,-5.976,-3.29,-22.48,5.976,3.29,2.686
marker:0,1786962291.834,1786962291.834,0.0,-5.857,-3.131,-22.21,5.857,3.131,2.7260000000000004
marker:0,1786962291.934,1786962291.934,0.0,-5.532,-2.711,-21.99,5.532,2.711,2.821
marker:0,1786962292.009,1786962292.009,0.0,-5.425,-2.62,-21.89,5.425,2.62,2.8049999999999997
marker:0,1786962292.084,1786962292.084,0.0,-5.459,-2.654,-21.89,5.459,2.654,2.8049999999999997
marker:0,1786962292.159,1786962292.159,0.0,-5.381,-2.588,-21.95,5.381,2.588,2.793
marker:0,1786962292.234,1786962292.234,0.0,-5.46,-2.685,-22.1,5.46,2.685,2.775
marker:0,1786962292.334,1786962292.334,0.0,-5.623,-2.866,-22.13,5.623,2.866,2.757
marker:0,1786962292.409,1786962292.409,0.0,-5.47,-2.708,-22.1,5.47,2.708,2.7619999999999996
marker:0,1786962292.484,1786962292.484,0.0,-5.077,-2.286,-21.96,5.077,2.286,2.791
marker:0,1786962292.584,1786962292.584,0.0,-5.25,-2.4,-21.66,5.25,2.4,2.85
marker:0,1786962292.659,1786962292.659,0.0,-5.341,-2.429,-21.35,5.341,2.429,2.9120000000000004
marker:0,1786962292.734,1786962292.734,0.0,-5.374,-2.403,-20.99,5.374,2.403,2.9709999999999996
marker:0,1786962292.809,1786962292.809,0.0,-5.546,-2.537,-20.82,5.546,2.537,3.0090000000000003
marker:0,1786962292.909,1786962292.909,0.0,-5.169,-2.114,-20.64,5.169,2.114,3.0549999999999997
marker:0,1786962292.984,1786962292.984,0.0,-5.559,-2.486,-20.55,5.559,2.486,3.073
marker:0,1786962293.109,1786962293.109,0.0,-5.572,-2.483,-20.47,5.572,2.483,3.089
marker:0,1786962293.209,1786962293.209,0.0,-6.339,-3.22,-20.32,6.339,3.22,3.119
marker:0,1786962293.309,1786962293.309,0.0,-6.293,-3.152,-20.18,6.293,3.152,3.141
marker:0,1786962293.459,1786962293.459,0.0,-5.092,-1.891,-19.88,5.092,1.891,3.2009999999999996
marker:0,1786962293.534,1786962293.534,0.0,-5.997,-2.766,-19.76,5.997,2.766,3.231
marker:0,1786962293.609,1786962293.609,0.0,-6.227,-2.996,-19.71,6.227,2.996,3.2310000000000003
marker:0,1786962293.809,1786962293.809,0.0,-5.956,-2.7,-19.64,5.956,2.7,3.2560000000000002
marker:0,1786962294.059,1786962294.059,0.0,-5.889,-2.588,-19.41,5.889,2.588,3.301
marker:0,1786962294.159,1786962294.159,0.0,-6.298,-2.986,-19.36,6.298,2.986,3.312
marker:0,1786962294.359,1786962294.359,0.0,-6.71,-3.382,-19.28,6.71,3.382,3.328
marker:0,1786962294.484,1786962294.484,0.0,-6.778,-3.433,-19.19,6.778,3.433,3.3449999999999998
marker:0,1786962294.634,1786962294.634,0.0,-5.157,-1.755,-18.91,5.157,1.755,3.402
marker:0,1786962294.684,1786962294.684,0.0,-5.197,-1.763,-18.75,5.197,1.763,3.434
marker:0,1786962294.834,1786962294.834,0.0,-5.007,-1.501,-18.39,5.007,1.501,3.506
marker:0,1786962294.909,1786962294.909,0.0,-4.907,-1.355,-18.16,4.907,1.355,3.552
marker:0,1786962294.984,1786962294.984,0.0,-4.962,-1.377,-17.99,4.962,1.377,3.585
marker:0,1786962295.084,1786962295.084,0.0,-4.733,-1.113,-17.82,4.733,1.113,3.6199999999999997
marker:0,1786962295.134,1786962295.134,0.0,-4.886,-1.244,-17.71,4.886,1.244,3.6420000000000003
marker:0,1786962295.234,1786962295.234,0.0,-4.648,-0.984,-17.6,4.648,0.984,3.6639999999999997
marker:0,1786962295.309,1786962295.309,0.0,-4.996,-1.309,-17.48,4.996,1.309,3.6870000000000003
marker:0,1786962295.384,1786962295.384,0.0,-5.378,-1.688,-17.48,5.378,1.688,3.6900000000000004
marker:0,1786962295.459,1786962295.459,0.0,-4.852,-1.148,-17.4,4.852,1.148,3.7040000000000006
marker:0,1786962295.559,1786962295.559,0.0,-5.61,-1.886,-17.3,5.61,1.886,3.724
marker:0,1786962295.634,1786962295.634,0.0,-5.804,-2.07,-17.22,5.804,2.07,3.7340000000000004
marker:0,1786962295.759,1786962295.759,0.0,-5.287,-1.513,-17.05,5.287,1.513,3.774
marker:0,1786962295.859,1786962295.859,0.0,-5.5,-1.664,-16.74,5.5,1.664,3.8360000000000003
marker:0,1786962296.034,1786962296.034,0.0,-5.589,-1.677,-16.36,5.589,1.677,3.9120000000000004
marker:0,1786962296.084,1786962296.084,0.0,-5.68,-1.762,-16.33,5.68,1.762,3.9179999999999997
marker:0,1786962296.159,1786962296.159,0.0,-5.639,-1.731,-16.38,5.639,1.731,3.9080000000000004
marker:0,1786962296.284,1786962296.284,0.0,-5.587,-1.687,-16.44,5.587,1.687,3.8999999999999995
marker:0,1786962296.459,1786962296.459,0.0,-5.374,-1.462,-16.36,5.374,1.462,3.912
marker:0,1786962296.534,1786962296.534,0.0,-5.344,-1.412,-16.26,5.344,1.412,3.9320000000000004
marker:0,1786962296.634,1786962296.634,0.0,-4.405,-0.429,-16.04,4.405,0.429,3.9760000000000004
marker:0,1786962296.709,1786962296.709,0.0,-5.048,-1.038,-15.87,5.048,1.038,4.01
marker:0,1786962296.784,1786962296.784,0.0,-5.3,-1.249,-15.67,5.3,1.249,4.051
marker:0,1786962296.834,1786962296.834,0.0,-5.423,-1.359,-15.6,5.423,1.359,4.064
marker:0,1786962296.934,1786962296.934,0.0,-5.087,-1.009,-15.53,5.087,1.009,4.077999999999999
marker:0,1786962297.059,1786962297.059,0.0,-5.275,-1.163,-15.36,5.275,1.163,4.112
marker:0,1786962297.159,1786962297.159,0.0,-5.714,-1.57,-15.2,5.714,1.57,4.144
marker:0,1786962297.359,1786962297.359,0.0,-5.633,-1.392,-14.72,5.633,1.392,4.241
marker:0,1786962297.459,1786962297.459,0.0,-5.231,-0.948,-14.46,5.231,0.948,4.2829999999999995
marker:0,1786962297.559,1786962297.559,0.0,-4.687,-0.35,-14.24,4.687,0.35,4.337000000000001
marker:0,1786962297.684,1786962297.684,0.0,-5.231,-0.862,-14.08,5.231,0.862,4.369
marker:0,1786962297.734,1786962297.734,0.0,-4.664,-0.253,-13.87,4.664,0.253,4.411
marker:0,1786962297.834,1786962297.834,0.0,-4.88,-0.441,-13.69,4.88,0.441,4.439
marker:0,1786962297.884,1786962297.884,0.0,-5.47,-0.991,-13.53,5.47,0.991,4.479
marker:0,1786962297.984,1786962297.984,0.0,-3.767,0.774,-13.22,3.767,0.774,2.993
marker:0,1786962298.059,1786962298.059,0.0,-3.973,0.592,-13.09,3.973,0.592,3.381
marker:0,1786962298.109,1786962298.109,0.0,-4.611,-0.024,-12.99,4.611,0.024,4.587
marker:0,1786962298.184,1786962298.184,0.0,-4.555,0.058,-12.86,4.555,0.058,4.497
marker:0,1786962298.259,1786962298.259,0.0,-3.704,0.931,-12.75,3.704,0.931,2.773
marker:0,1786962298.334,1786962298.359,0.02499985694885254,-4.208,0.423,-12.8,4.208,0.423,3.785
marker:0,1786962298.434,1786962298.434,0.0,-4.219,0.374,-12.96,4.219,0.374,3.845
marker:0,1786962298.484,1786962298.484,0.0,-3.813,0.76,-13.06,3.813,0.76,3.053
marker:0,1786962298.609,1786962298.609,0.0,-3.251,1.28,-13.27,3.251,1.28,1.9709999999999999
marker:0,1786962298.709,1786962298.709,0.0,-4.562,-0.023,-13.23,4.562,0.023,4.539000000000001
marker:0,1786962298.784,1786962298.784,0.0,-4.694,-0.121,-13.06,4.694,0.121,4.573
marker:0,1786962298.859,1786962298.859,0.0,-4.373,0.254,-12.79,4.373,0.254,4.119
marker:0,1786962298.934,1786962298.934,0.0,-4.576,0.11,-12.53,4.576,0.11,4.465999999999999
marker:0,1786962298.984,1786962298.984,0.0,-4.947,-0.231,-12.43,4.947,0.231,4.716
marker:0,1786962299.084,1786962299.084,0.0,-4.943,-0.207,-12.2,4.943,0.207,4.736
marker:0,1786962299.409,1786962299.409,0.0,-4.711,0.125,-11.75,4.711,0.125,4.586
marker:0,1786962299.484,1786962299.484,0.0,-4.787,0.074,-11.61,4.787,0.074,4.713
marker:0,1786962299.559,1786962299.559,0.0,-5.014,-0.108,-11.28,5.014,0.108,4.906000000000001
marker:0,1786962299.634,1786962299.634,0.0,-5.066,-0.082,-10.89,5.066,0.082,4.984
marker:0,1786962299.709,1786962299.709,0.0,-4.656,0.32,-10.55,4.656,0.32,4.335999999999999
marker:0,1786962299.809,1786962299.809,0.0,-4.458,0.508,-10.03,4.458,0.508,3.95
marker:0,1786962299.909,1786962299.909,0.0,-4.678,0.279,-9.55,4.678,0.279,4.399
marker:0,1786962299.959,1786962299.959,0.0,-4.689,0.263,-9.32,4.689,0.263,4.426
marker:0,1786962300.034,1786962300.034,0.0,-4.952,-0.003,-9.17,4.952,0.003,4.949
marker:0,1786962300.134,1786962300.134,0.0,-4.997,-0.051,-9.01,4.997,0.051,4.946
marker:0,1786962300.234,1786962300.234,0.0,-4.832,0.019,-9.06,4.832,0.019,4.813
marker:0,1786962300.309,1786962300.309,0.0,-4.69,0.256,-9.0,4.69,0.256,4.434
marker:0,1786962300.409,1786962300.409,0.0,-4.638,0.305,-8.92,4.638,0.305,4.333
marker:0,1786962300.509,1786962300.509,0.0,-3.666,1.274,-8.73,3.666,1.274,2.392
marker:0,1786962300.584,1786962300.584,0.0,-3.218,1.74,-8.56,3.218,1.74,1.478
marker:0,1786962300.734,1786962300.734,0.0,-3.162,1.765,-8.03,3.162,1.765,1.397
marker:0,1786962300.809,1786962300.809,0.0,-4.754,0.168,-7.86,4.754,0.168,4.585999999999999
marker:0,1786962300.984,1786962300.984,0.0,-3.56,1.359,-7.62,3.56,1.359,2.201
marker:0,1786962301.059,1786962301.059,0.0,-3.814,1.1,-7.47,3.814,1.1,2.714
marker:0,1786962301.134,1786962301.134,0.0,-4.036,0.874,-7.29,4.036,0.874,3.1619999999999995
marker:0,1786962301.209,1786962301.209,0.0,-4.037,0.866,-6.95,4.037,0.866,3.171
marker:0,1786962301.259,1786962301.259,0.0,-3.661,1.24,-6.73,3.661,1.24,2.4210000000000003
marker:0,1786962301.384,1786962301.384,0.0,-3.935,0.952,-6.12,3.935,0.952,2.983
marker:0,1786962301.484,1786962301.484,0.0,-3.216,1.712,-5.57,3.216,1.712,1.5040000000000002
marker:0,1786962301.609,1786962301.609,0.0,-3.319,1.55,-5.07,3.319,1.55,1.769
marker:0,1786962301.684,1786962301.684,0.0,-3.272,1.591,-4.96,3.272,1.591,1.6809999999999998
marker:0,1786962301.759,1786962301.759,0.0,-3.37,1.489,-4.74,3.37,1.489,1.881
marker:0,1786962301.984,1786962301.984,0.0,-2.387,2.46,-4.2,2.387,2.46,-0.07299999999999995
marker:0,1786962302.059,1786962302.059,0.0,-2.469,2.374,-3.99,2.469,2.374,0.09499999999999975
marker:0,1786962302.409,1786962302.409,0.0,-3.951,0.864,-2.64,3.951,0.864,3.087
marker:0,1786962302.459,1786962302.459,0.0,-4.122,0.69,-2.46,4.122,0.69,3.432
marker:0,1786962302.559,1786962302.559,0.0,-2.219,2.589,-2.29,2.219,2.589,-0.3700000000000001
marker:0,1786962302.609,1786962302.609,0.0,-2.259,2.548,-2.24,2.259,2.548,-0.28900000000000015
marker:0,1786962302.709,1786962302.709,0.0,-2.535,2.271,-2.18,2.535,2.271,0.26400000000000023
marker:0,1786962302.809,1786962302.809,0.0,-2.557,2.251,-2.24,2.557,2.251,0.30600000000000005
marker:0,1786962302.859,1786962302.859,0.0,-2.196,2.612,-2.28,2.196,2.612,-0.4159999999999999
marker:0,1786962302.984,1786962302.984,0.0,-2.242,2.565,-2.17,2.242,2.565,-0.32299999999999995
marker:0,1786962303.059,1786962303.059,0.0,-2.796,2.005,-1.92,2.796,2.005,0.7909999999999999
marker:0,1786962303.134,1786962303.134,0.0,-2.86,1.934,-1.56,2.86,1.934,0.9259999999999999
marker:0,1786962303.234,1786962303.234,0.0,-1.735,3.031,-1.13,1.735,3.031,-1.296
marker:0,1786962303.284,1786962303.284,0.0,-1.706,2.942,-0.84,1.706,2.942,-1.2360000000000002
marker:0,1786962303.359,1786962303.359,0.0,-1.8,2.765,-0.55,1.8,2.765,-0.9650000000000001
marker:0,1786962303.434,1786962303.434,0.0,-1.941,2.619,-0.5,1.941,2.619,-0.6780000000000002
marker:0,1786962303.559,1786962303.559,0.0,-1.916,2.692,-0.7,1.916,2.692,-0.7760000000000002
marker:0,1786962303.859,1786962303.859,0.0,-1.943,2.68,-0.75,1.943,2.68,-0.7370000000000001
marker:0,1786962303.959,1786962303.959,0.0,-1.932,2.536,-0.21,1.932,2.536,-0.6040000000000001
marker:0,1786962304.059,1786962304.059,0.0,-1.524,2.669,0.75,1.524,2.669,-1.145
marker:0,1786962304.134,1786962304.134,0.0,-2.368,1.752,1.18,2.368,1.752,0.6159999999999999
marker:0,1786962304.184,1786962304.184,0.0,-2.654,1.321,1.51,2.654,1.321,1.333
marker:0,1786962304.284,1786962304.284,0.0,-2.702,1.218,1.7,2.702,1.218,1.484
marker:0,1786962304.384,1786962304.384,0.0,-2.609,1.294,1.74,2.609,1.294,1.315
marker:0,1786962304.459,1786962304.459,0.0,-2.87,1.079,1.54,2.87,1.079,1.7910000000000001
marker:0,1786962304.534,1786962304.534,0.0,-2.912,1.146,1.22,2.912,1.146,1.766
marker:0,1786962304.609,1786962304.609,0.0,-2.849,1.255,1.06,2.849,1.255,1.5940000000000003
marker:0,1786962304.684,1786962304.684,0.0,-2.703,1.438,0.93,2.703,1.438,1.265
marker:0,1786962304.759,1786962304.759,0.0,-2.504,1.666,0.83,2.504,1.666,0.8380000000000001
marker:0,1786962304.859,1786962304.859,0.0,-2.499,1.671,0.83,2.499,1.671,0.8280000000000001
marker:0,1786962304.909,1786962304.909,0.0,-2.467,1.691,0.87,2.467,1.691,0.776
marker:0,1786962305.059,1786962305.059,0.0,-2.492,1.597,1.14,2.492,1.597,0.895
marker:0,1786962305.134,1786962305.134,0.0,-2.625,1.41,1.3,2.625,1.41,1.215
marker:0,1786962305.259,1786962305.259,0.0,-1.145,2.821,1.54,1.145,2.821,-1.6760000000000002
marker:0,1786962305.334,1786962305.334,0.0,-1.205,2.747,1.59,1.205,2.747,-1.5419999999999998
marker:0,1786962305.409,1786962305.409,0.0,-1.293,2.659,1.59,1.293,2.659,-1.3659999999999999
marker:0,1786962305.484,1786962305.484,0.0,-1.302,2.65,1.59,1.302,2.65,-1.3479999999999999
marker:0,1786962305.534,1786962305.534,0.0,-1.516,2.436,1.59,1.516,2.436,-0.9199999999999999
marker:0,1786962305.609,1786962305.609,0.0,-1.642,2.31,1.59,1.642,2.31,-0.6680000000000001
marker:0,1786962305.659,1786962305.659,0.0,-1.814,2.138,1.59,1.814,2.138,-0.32399999999999984
marker:0,1786962305.759,1786962305.759,0.0,-2.111,1.841,1.59,2.111,1.841,0.27000000000000024
marker:0,1786962305.834,1786962305.834,0.0,-2.197,1.755,1.59,2.197,1.755,0.44200000000000017
marker:0,1786962305.884,1786962305.884,0.0,-2.142,1.83,1.52,2.142,1.83,0.31199999999999983
marker:0,1786962305.959,1786962305.959,0.0,-2.112,1.8,1.73,2.112,1.8,0.31200000000000006
marker:0,1786962306.034,1786962306.034,0.0,-1.904,1.933,1.99,1.904,1.933,-0.029000000000000137
marker:0,1786962306.109,1786962306.109,0.0,-2.028,1.738,2.24,2.028,1.738,0.29000000000000004
marker:0,1786962306.184,1786962306.184,0.0,-2.028,1.706,2.4,2.028,1.706,0.32200000000000006
marker:0,1786962309.334,1786962309.334,0.0,-1.461,2.236,2.48,1.461,2.236,-0.7750000000000001
marker:0,1786962309.459,1786962309.459,0.0,-1.511,2.169,2.54,1.511,2.169,-0.6580000000000001
marker:0,1786962309.559,1786962309.559,0.0,-1.672,1.996,2.58,1.672,1.996,-0.32400000000000007
marker:0,1786962309.634,1786962309.634,0.0,-2.015,1.653,2.58,2.015,1.653,0.3620000000000001
marker:0,1786962309.734,1786962309.734,0.0,-2.131,1.537,2.58,2.131,1.537,0.5939999999999999
marker:0,1786962309.784,1786962309.784,0.0,-2.247,1.444,2.5,2.247,1.444,0.8029999999999999
marker:0,1786962309.859,1786962309.859,0.0,-2.278,1.43,2.41,2.278,1.43,0.8480000000000001
marker:0,1786962309.934,1786962309.934,0.0,-1.983,1.759,2.32,1.983,1.759,0.2240000000000002
marker:0,1786962310.009,1786962310.009,0.0,-2.078,1.699,2.2,2.078,1.699,0.3789999999999998
marker:0,1786962310.059,1786962310.059,0.0,-2.132,1.659,2.15,2.132,1.659,0.4730000000000001
marker:0,1786962310.159,1786962310.159,0.0,-2.206,1.605,2.08,2.206,1.605,0.601
marker:0,1786962310.234,1786962310.234,0.0,-2.215,1.605,2.05,2.215,1.605,0.6099999999999999
marker:0,1786962310.284,1786962310.284,0.0,-2.219,1.607,2.03,2.219,1.607,0.6119999999999999
marker:0,1786962310.359,1786962310.359,0.0,-2.269,1.554,2.05,2.269,1.554,0.7150000000000001
marker:0,1786962310.434,1786962310.434,0.0,-2.325,1.498,2.05,2.325,1.498,0.8270000000000002
marker:0,1786962310.509,1786962310.509,0.0,-2.363,1.451,2.07,2.363,1.451,0.9119999999999999
marker:0,1786962310.584,1786962310.584,0.0,-2.346,1.468,2.07,2.346,1.468,0.8780000000000001
marker:0,1786962310.634,1786962310.634,0.0,-2.307,1.505,2.08,2.307,1.505,0.802
marker:0,1786962310.709,1786962310.709,0.0,-2.281,1.539,2.05,2.281,1.539,0.7420000000000002
marker:0,1786962310.809,1786962310.809,0.0,-2.282,1.567,1.94,2.282,1.567,0.7150000000000001
marker:0,1786962310.859,1786962310.859,0.0,-2.235,1.616,1.93,2.235,1.616,0.6189999999999998
marker:0,1786962310.884,1786962310.884,0.0,-2.286,1.597,1.78,2.286,1.597,0.6890000000000001
marker:0,1786962310.959,1786962310.959,0.0,-2.333,1.605,1.64,2.333,1.605,0.7280000000000002
marker:0,1786962311.034,1786962311.034,0.0,-2.372,1.598,1.51,2.372,1.598,0.7739999999999998
marker:0,1786962311.134,1786962311.134,0.0,-2.437,1.535,1.54,2.437,1.535,0.9019999999999999
marker:0,1786962311.259,1786962311.259,0.0,-2.429,1.489,1.71,2.429,1.489,0.9399999999999997
marker:0,1786962311.384,1786962311.384,0.0,-2.52,1.434,2.01,2.52,1.434,1.086
marker:0,1786962311.434,1786962311.434,0.0,-2.446,1.348,2.14,2.446,1.348,1.098
marker:0,1786962311.534,1786962311.534,0.0,-2.425,1.361,2.17,2.425,1.361,1.0639999999999998
marker:0,1786962311.634,1786962311.634,0.0,-2.53,1.29,2.05,2.53,1.29,1.2399999999999998
marker:0,1786962311.734,1786962311.734,0.0,-2.66,1.22,1.8,2.66,1.22,1.4400000000000002
marker:0,1786962311.784,1786962311.784,0.0,-2.697,1.258,1.58,2.697,1.258,1.439
marker:0,1786962311.959,1786962311.959,0.0,-2.714,1.321,1.3,2.714,1.321,1.393
marker:0,1786962312.059,1786962312.059,0.0,-2.707,1.339,1.26,2.707,1.339,1.3679999999999999
marker:0,1786962312.159,1786962312.159,0.0,-2.813,1.245,1.22,2.813,1.245,1.568
marker:0,1786962312.234,1786962312.234,0.0,-2.869,1.201,1.18,2.869,1.201,1.6680000000000001
marker:0,1786962312.309,1786962312.309,0.0,-1.879,2.214,1.1,1.879,2.214,-0.33499999999999996
marker:0,1786962312.384,1786962312.384,0.0,-1.875,2.226,1.07,1.875,2.226,-0.351
marker:0,1786962312.459,1786962312.459,0.0,-1.859,2.293,0.89,1.859,2.293,-0.43400000000000016
marker:0,1786962312.559,1786962312.559,0.0,-1.798,2.398,0.74,1.798,2.398,-0.6000000000000001
marker:0,1786962312.609,1786962312.609,0.0,-1.738,2.489,0.56,1.738,2.489,-0.7509999999999999
marker:0,1786962312.684,1786962312.684,0.0,-1.656,2.617,0.45,1.656,2.617,-0.9610000000000001
marker:0,1786962312.759,1786962312.759,0.0,-1.585,2.725,0.34,1.585,2.725,-1.1400000000000001
marker:0,1786962312.884,1786962312.884,0.0,-2.577,1.739,0.32,2.577,1.739,0.8379999999999999
marker:0,1786962312.959,1786962312.959,0.0,-2.65,1.66,0.34,2.65,1.66,0.99
marker:0,1786962313.059,1786962313.059,0.0,-2.85,1.452,0.37,2.85,1.452,1.3980000000000001
marker:0,1786962313.159,1786962313.159,0.0,-3.011,1.284,0.39,3.011,1.284,1.727
marker:0,1786962313.234,1786962313.234,0.0,-3.107,1.189,0.39,3.107,1.189,1.9180000000000001
marker:0,1786962313.309,1786962313.309,0.0,-3.228,1.068,0.39,3.228,1.068,2.16
marker:0,1786962313.384,1786962313.384,0.0,-3.212,1.078,0.42,3.212,1.078,2.1340000000000003
marker:0,1786962313.434,1786962313.434,0.0,-3.192,1.087,0.51,3.192,1.087,2.1050000000000004
marker:0,1786962313.509,1786962313.509,0.0,-3.113,1.126,0.62,3.113,1.126,1.987
marker:0,1786962313.609,1786962313.609,0.0,-3.109,1.087,0.74,3.109,1.087,2.0220000000000002
marker:0,1786962313.684,1786962313.684,0.0,-3.13,1.031,0.86,3.13,1.031,2.099
marker:0,1786962313.784,1786962313.784,0.0,-2.501,1.64,0.93,2.501,1.64,0.861
marker:0,1786962313.809,1786962313.809,0.0,-2.579,1.567,0.91,2.579,1.567,1.0120000000000002
marker:0,1786962313.959,1786962313.959,0.0,-2.732,1.469,0.72,2.732,1.469,1.2630000000000001
marker:0,1786962314.009,1786962314.009,0.0,-2.8,1.455,0.53,2.8,1.455,1.3449999999999998
marker:0,1786962314.084,1786962314.084,0.0,-2.782,1.508,0.41,2.782,1.508,1.274
marker:0,1786962314.159,1786962314.159,0.0,-2.771,1.542,0.35,2.771,1.542,1.2289999999999999
marker:0,1786962314.259,1786962314.259,0.0,-2.723,1.541,0.5,2.723,1.541,1.182
marker:0,1786962314.334,1786962314.334,0.0,-2.465,1.779,0.57,2.465,1.779,0.6859999999999999
marker:0,1786962314.409,1786962314.409,0.0,-2.352,1.858,0.69,2.352,1.858,0.4939999999999998
marker:0,1786962314.484,1786962314.484,0.0,-2.295,1.907,0.72,2.295,1.907,0.3879999999999999
marker:0,1786962314.584,1786962314.584,0.0,-2.206,2.024,0.61,2.206,2.024,0.18199999999999994
marker:0,1786962314.634,1786962314.634,0.0,-2.118,2.144,0.51,2.118,2.144,-0.026000000000000245
marker:0,1786962314.684,1786962314.684,0.0,-2.122,2.185,0.35,2.122,2.185,-0.06300000000000017
marker:0,1786962314.759,1786962314.759,0.0,-2.07,2.314,0.08,2.07,2.314,-0.24400000000000022
marker:0,1786962314.859,1786962314.859,0.0,-1.999,2.44,-0.11,1.999,2.44,-0.44099999999999984
marker:0,1786962314.909,1786962314.909,0.0,-1.941,2.516,-0.17,1.941,2.516,-0.575
marker:0,1786962314.984,1786962314.984,0.0,-1.999,2.454,-0.16,1.999,2.454,-0.45500000000000007
marker:0,1786962315.109,1786962315.109,0.0,-1.934,2.453,0.2,1.934,2.453,-0.5189999999999999
marker:0,1786962315.159,1786962315.159,0.0,-1.955,2.341,0.39,1.955,2.341,-0.3860000000000001
marker:0,1786962315.259,1786962315.259,0.0,-1.936,2.254,0.76,1.936,2.254,-0.31800000000000006
marker:0,1786962315.359,1786962315.359,0.0,-2.014,2.121,0.95,2.014,2.121,-0.1070000000000002
marker:0,1786962315.409,1786962315.409,0.0,-2.05,2.071,1.0,2.05,2.071,-0.02100000000000035
marker:0,1786962315.459,1786962315.459,0.0,-1.64,2.473,1.02,1.64,2.473,-0.833
marker:0,1786962315.534,1786962315.534,0.0,-1.765,2.359,0.99,1.765,2.359,-0.5940000000000001
marker:0,1786962315.609,1786962315.609,0.0,-1.911,2.267,0.8,1.911,2.267,-0.35599999999999987
marker:0,1786962315.684,1786962315.684,0.0,-1.887,2.337,0.64,1.887,2.337,-0.4500000000000002
marker:0,1786962315.759,1786962315.759,0.0,-1.719,2.54,0.52,1.719,2.54,-0.821
marker:0,1786962315.859,1786962315.859,0.0,-1.675,2.618,0.39,1.675,2.618,-0.9429999999999998
marker:0,1786962315.934,1786962315.934,0.0,-1.623,2.659,0.44,1.623,2.659,-1.0359999999999998
marker:0,1786962315.984,1786962315.984,0.0,-1.547,2.703,0.55,1.547,2.703,-1.156
marker:0,1786962316.059,1786962316.059,0.0,-2.633,1.592,0.7,2.633,1.592,1.041
marker:0,1786962316.159,1786962316.134,-0.02499985694885254,-2.546,1.621,0.88,2.546,1.621,0.9249999999999998
marker:0,1786962316.209,1786962316.209,0.0,-2.414,1.704,1.04,2.414,1.704,0.7100000000000002
marker:0,1786962316.309,1786962316.309,0.0,-1.223,2.892,1.02,1.223,2.892,-1.6689999999999998
marker:0,1786962316.384,1786962316.384,0.0,-1.183,2.979,0.86,1.183,2.979,-1.796
marker:0,1786962316.459,1786962316.459,0.0,-1.308,2.922,0.62,1.308,2.922,-1.614
marker:0,1786962316.534,1786962316.534,0.0,-1.489,2.798,0.42,1.489,2.798,-1.309
marker:0,1786962316.634,1786962316.634,0.0,-1.852,2.473,0.28,1.852,2.473,-0.6209999999999998
marker:0,1786962316.734,1786962316.734,0.0,-2.474,1.824,0.38,2.474,1.824,0.6500000000000001
marker:0,1786962316.859,1786962316.859,0.0,-2.493,1.685,0.8,2.493,1.685,0.8079999999999998
marker:0,1786962316.909,1786962316.909,0.0,-2.5,1.626,0.98,2.5,1.626,0.8740000000000001
marker:0,1786962317.009,1786962317.009,0.0,-2.173,1.879,1.24,2.173,1.879,0.29400000000000004
marker:0,1786962317.159,1786962317.159,0.0,-2.162,1.942,1.06,2.162,1.942,0.21999999999999997
marker:0,1786962317.259,1786962317.259,0.0,-2.181,1.994,0.81,2.181,1.994,0.18700000000000006
marker:0,1786962317.359,1786962317.359,0.0,-2.158,2.058,0.63,2.158,2.058,0.10000000000000009
marker:0,1786962317.434,1786962317.434,0.0,-2.167,2.071,0.59,2.167,2.071,0.09599999999999964
marker:0,1786962317.509,1786962317.509,0.0,-2.133,2.082,0.67,2.133,2.082,0.051000000000000156
marker:0,1786962317.609,1786962317.609,0.0,-2.416,1.728,0.92,2.416,1.728,0.688
marker:0,1786962317.734,1786962317.734,0.0,-2.557,1.504,1.21,2.557,1.504,1.053
marker:0,1786962317.784,1786962317.784,0.0,-2.582,1.479,1.21,2.582,1.479,1.1029999999999998
marker:0,1786962317.859,1786962317.859,0.0,-2.774,1.31,1.13,2.774,1.31,1.464
marker:0,1786962317.934,1786962317.934,0.0,-1.808,2.316,0.99,1.808,2.316,-0.5079999999999998
marker:0,1786962318.059,1786962318.059,0.0,-1.983,2.235,0.59,1.983,2.235,-0.2519999999999998
marker:0,1786962318.359,1786962318.359,0.0,-1.792,2.369,0.86,1.792,2.369,-0.5770000000000002
marker:0,1786962318.459,1786962318.459,0.0,-2.491,1.599,1.11,2.491,1.599,0.8920000000000001
marker:0,1786962318.559,1786962318.559,0.0,-2.548,1.501,1.27,2.548,1.501,1.0470000000000002
marker:0,1786962318.609,1786962318.609,0.0,-2.834,1.218,1.24,2.834,1.218,1.616
marker:0,1786962318.659,1786962318.659,0.0,-2.722,1.356,1.15,2.722,1.356,1.3659999999999999
marker:0,1786962318.734,1786962318.734,0.0,-2.713,1.426,0.94,2.713,1.426,1.2870000000000001
marker:0,1786962318.859,1786962318.859,0.0,-2.686,1.544,0.62,2.686,1.544,1.142
marker:0,1786962318.934,1786962318.934,0.0,-2.55,1.694,0.57,2.55,1.694,0.8559999999999999
marker:0,1786962319.009,1786962319.009,0.0,-2.41,1.832,0.58,2.41,1.832,0.5780000000000001
marker:0,1786962319.084,1786962319.084,0.0,-2.408,1.805,0.73,2.408,1.805,0.603
marker:0,1786962319.159,1786962319.159,0.0,-1.307,2.846,0.95,1.307,2.846,-1.5390000000000001
marker:0,1786962319.259,1786962319.259,0.0,-1.401,2.68,1.18,1.401,2.68,-1.2790000000000001
marker:0,1786962319.384,1786962319.384,0.0,-1.549,2.452,1.42,1.549,2.452,-0.903
marker:0,1786962319.459,1786962319.459,0.0,-2.507,1.482,1.46,2.507,1.482,1.0250000000000001
marker:0,1786962319.559,1786962319.559,0.0,-2.622,1.393,1.37,2.622,1.393,1.2289999999999999
marker:0,1786962319.634,1786962319.634,0.0,-2.922,1.144,1.19,2.922,1.144,1.7780000000000002
marker:0,1786962319.759,1786962319.759,0.0,-2.929,1.229,0.87,2.929,1.229,1.6999999999999997
marker:0,1786962319.784,1786962319.784,0.0,-2.847,1.354,0.72,2.847,1.354,1.4929999999999999
marker:0,1786962319.859,1786962319.859,0.0,-2.863,1.399,0.51,2.863,1.399,1.464
marker:0,1786962319.909,1786962319.909,0.0,-2.846,1.438,0.41,2.846,1.438,1.4080000000000001
marker:0,1786962319.959,1786962319.959,0.0,-2.86,1.424,0.43,2.86,1.424,1.436
marker:0,1786962320.059,1786962320.059,0.0,-2.743,1.533,0.46,2.743,1.533,1.21
marker:0,1786962320.159,1786962320.159,0.0,-2.671,1.582,0.54,2.671,1.582,1.0889999999999997
marker:0,1786962320.209,1786962320.209,0.0,-2.595,1.638,0.61,2.595,1.638,0.9570000000000003
marker:0,1786962320.309,1786962320.309,0.0,-2.419,1.768,0.77,2.419,1.768,0.651
marker:0,1786962320.409,1786962320.409,0.0,-1.275,2.912,0.77,1.275,2.912,-1.637
marker:0,1786962320.484,1786962320.484,0.0,-1.257,2.95,0.65,1.257,2.95,-1.6930000000000003
marker:0,1786962320.584,1786962320.584,0.0,-1.343,2.942,0.43,1.343,2.942,-1.5990000000000002
marker:0,1786962320.659,1786962320.659,0.0,-1.788,2.551,0.24,1.788,2.551,-0.7630000000000001
marker:0,1786962320.734,1786962320.734,0.0,-1.791,2.58,0.13,1.791,2.58,-0.7890000000000001
marker:0,1786962320.859,1786962320.859,0.0,-2.228,2.156,0.08,2.228,2.156,0.07200000000000006
marker:0,1786962320.934,1786962320.934,0.0,-2.187,2.166,0.22,2.187,2.166,0.020999999999999908
marker:0,1786962321.009,1786962321.009,0.0,-2.122,2.191,0.33,2.122,2.191,-0.06899999999999995
marker:0,1786962321.134,1786962321.134,0.0,-2.034,2.219,0.6,2.034,2.219,-0.18500000000000005
marker:0,1786962321.209,1786962321.209,0.0,-1.914,2.313,0.63,1.914,2.313,-0.39900000000000024
marker:0,1786962321.309,1786962321.309,0.0,-1.141,3.043,0.78,1.141,3.043,-1.9020000000000001
marker:0,1786962321.384,1786962321.384,0.0,-1.227,2.931,0.87,1.227,2.931,-1.704
marker:0,1786962321.459,1786962321.459,0.0,-1.261,2.877,0.94,1.261,2.877,-1.6159999999999999
marker:0,1786962321.534,1786962321.534,0.0,-1.919,2.187,1.05,1.919,2.187,-0.2679999999999998
marker:0,1786962321.634,1786962321.634,0.0,-2.006,2.077,1.13,2.006,2.077,-0.07100000000000017
marker:0,1786962321.684,1786962321.684,0.0,-2.202,1.879,1.14,2.202,1.879,0.32299999999999995
marker:0,1786962321.759,1786962321.759,0.0,-2.52,1.555,1.16,2.52,1.555,0.9650000000000001
marker:0,1786962321.834,1786962321.834,0.0,-2.624,1.451,1.16,2.624,1.451,1.173
marker:0,1786962321.884,1786962321.884,0.0,-2.709,1.378,1.12,2.709,1.378,1.3310000000000002
marker:0,1786962321.959,1786962321.959,0.0,-2.7,1.395,1.09,2.7,1.395,1.3050000000000002
marker:0,1786962322.059,1786962322.059,0.0,-2.121,1.994,1.02,2.121,1.994,0.127
marker:0,1786962322.159,1786962322.159,0.0,-1.991,2.138,0.96,1.991,2.138,-0.1469999999999998
marker:0,1786962322.234,1786962322.234,0.0,-1.88,2.249,0.96,1.88,2.249,-0.3690000000000002
marker:0,1786962322.284,1786962322.284,0.0,-2.268,1.862,0.97,2.268,1.862,0.4059999999999997
marker:0,1786962322.384,1786962322.384,0.0,-2.122,1.999,1.0,2.122,1.999,0.12299999999999978
marker:0,1786962322.459,1786962322.459,0.0,-2.131,1.976,1.05,2.131,1.976,0.1549999999999998
marker:0,1786962322.559,1786962322.559,0.0,-1.176,2.962,0.94,1.176,2.962,-1.7860000000000003
marker:0,1786962322.659,1786962322.659,0.0,-1.932,2.229,0.86,1.932,2.229,-0.29700000000000015
marker:0,1786962322.709,1786962322.709,0.0,-1.976,2.208,0.78,1.976,2.208,-0.2320000000000002
marker:0,1786962322.784,1786962322.784,0.0,-2.426,1.807,0.61,2.426,1.807,0.6190000000000002
marker:0,1786962322.884,1786962322.884,0.0,-2.168,2.085,0.54,2.168,2.085,0.08300000000000018
marker:0,1786962322.959,1786962322.959,0.0,-2.08,2.187,0.51,2.08,2.187,-0.10699999999999976
marker:0,1786962323.034,1786962323.034,0.0,-1.548,2.699,0.56,1.548,2.699,-1.1509999999999998
marker:0,1786962323.109,1786962323.109,0.0,-1.975,2.223,0.73,1.975,2.223,-0.24799999999999978
marker:0,1786962323.184,1786962323.184,0.0,-2.008,2.136,0.92,2.008,2.136,-0.1280000000000001
marker:0,1786962323.259,1786962323.259,0.0,-1.713,2.342,1.23,1.713,2.342,-0.629
marker:0,1786962323.359,1786962323.359,0.0,-2.363,1.62,1.48,2.363,1.62,0.7429999999999999
marker:0,1786962323.409,1786962323.409,0.0,-2.387,1.565,1.59,2.387,1.565,0.8220000000000001
marker:0,1786962323.484,1786962323.484,0.0,-2.368,1.567,1.67,2.368,1.567,0.8009999999999999
marker:0,1786962323.559,1786962323.559,0.0,-2.46,1.469,1.67,2.46,1.469,0.9909999999999999
marker:0,1786962323.609,1786962323.609,0.0,-1.579,2.345,1.69,1.579,2.345,-0.7660000000000002
marker:0,1786962323.684,1786962323.684,0.0,-1.657,2.269,1.7,1.657,2.269,-0.6120000000000001
marker:0,1786962323.809,1786962323.809,0.0,-1.819,2.076,1.79,1.819,2.076,-0.2570000000000001
marker:0,1786962323.859,1786962323.859,0.0,-2.613,1.267,1.84,2.613,1.267,1.346
marker:0,1786962323.959,1786962323.959,0.0,-2.712,1.134,1.96,2.712,1.134,1.5780000000000003
marker:0,1786962324.059,1786962324.059,0.0,-1.839,2.028,1.99,1.839,2.028,-0.18900000000000006
marker:0,1786962324.134,1786962324.134,0.0,-2.594,1.24,1.95,2.594,1.24,1.3539999999999999
marker:0,1786962324.234,1786962324.234,0.0,-2.328,1.523,1.89,2.328,1.523,0.8049999999999999
marker:0,1786962324.334,1786962324.334,0.0,-2.399,1.516,1.69,2.399,1.516,0.883
marker:0,1786962324.384,1786962324.384,0.0,-2.287,1.676,1.51,2.287,1.676,0.611
marker:0,1786962324.484,1786962324.484,0.0,-2.119,1.899,1.36,2.119,1.899,0.2200000000000002
marker:0,1786962324.534,1786962324.534,0.0,-2.06,1.972,1.28,2.06,1.972,0.08800000000000008
marker:0,1786962324.609,1786962324.609,0.0,-2.758,1.323,1.14,2.758,1.323,1.435
marker:0,1786962324.684,1786962324.684,0.0,-1.6,2.507,1.05,1.6,2.507,-0.907
marker:0,1786962324.734,1786962324.734,0.0,-1.488,2.627,0.98,1.488,2.627,-1.1389999999999998
marker:0,1786962324.809,1786962324.809,0.0,-1.398,2.734,0.96,1.398,2.734,-1.336
marker:0,1786962324.909,1786962324.909,0.0,-1.296,2.825,1.04,1.296,2.825,-1.5290000000000001
marker:0,1786962324.984,1786962324.984,0.0,-1.453,2.66,1.07,1.453,2.66,-1.207
marker:0,1786962325.084,1786962325.084,0.0,-1.313,2.725,1.29,1.313,2.725,-1.4120000000000001
marker:0,1786962325.284,1786962325.284,0.0,-1.296,2.685,1.49,1.296,2.685,-1.389
marker:0,1786962325.359,1786962325.359,0.0,-1.541,2.44,1.47,1.541,2.44,-0.899
marker:0,1786962325.409,1786962325.409,0.0,-1.605,2.393,1.43,1.605,2.393,-0.7879999999999998
marker:0,1786962325.484,1786962325.484,0.0,-1.563,2.455,1.36,1.563,2.455,-0.8920000000000001
marker:0,1786962325.559,1786962325.559,0.0,-1.537,2.504,1.28,1.537,2.504,-0.9670000000000001
marker:0,1786962325.759,1786962325.759,0.0,-2.025,1.981,1.46,2.025,1.981,0.04399999999999982
marker:0,1786962325.834,1786962325.834,0.0,-2.223,1.743,1.59,2.223,1.743,0.47999999999999976
marker:0,1786962325.959,1786962325.959,0.0,-1.134,2.729,1.9,1.134,2.729,-1.5950000000000002
marker:0,1786962326.009,1786962326.009,0.0,-1.224,2.619,1.97,1.224,2.619,-1.3950000000000002
marker:0,1786962326.109,1786962326.109,0.0,-1.166,2.68,1.96,1.166,2.68,-1.5140000000000002
marker:0,1786962326.209,1786962326.209,0.0,-1.097,2.763,1.91,1.097,2.763,-1.666
marker:0,1786962326.284,1786962326.284,0.0,-1.586,2.331,1.71,1.586,2.331,-0.7449999999999999
marker:0,1786962326.359,1786962326.359,0.0,-1.285,2.693,1.5,1.285,2.693,-1.4080000000000001
marker:0,1786962326.459,1786962326.459,0.0,-1.518,2.505,1.34,1.518,2.505,-0.9869999999999999
marker:0,1786962326.534,1786962326.534,0.0,-1.574,2.496,1.18,1.574,2.496,-0.9219999999999999
marker:0,1786962326.609,1786962326.609,0.0,-2.471,1.648,1.01,2.471,1.648,0.8230000000000002
marker:0,1786962326.684,1786962326.684,0.0,-2.077,2.049,0.98,2.077,2.049,0.028000000000000025
marker:0,1786962326.759,1786962326.759,0.0,-2.09,2.022,1.03,2.09,2.022,0.06800000000000006
marker:0,1786962326.859,1786962326.859,0.0,-1.619,2.49,1.04,1.619,2.49,-0.8710000000000002
marker:0,1786962327.009,1786962327.009,0.0,-1.417,2.658,1.16,1.417,2.658,-1.2409999999999999
marker:0,1786962327.084,1786962327.084,0.0,-1.385,2.685,1.2,1.385,2.685,-1.3
marker:0,1786962327.134,1786962327.134,0.0,-2.066,1.997,1.2,2.066,1.997,0.06899999999999973
marker:0,1786962327.259,1786962327.259,0.0,-1.401,2.683,1.13,1.401,2.683,-1.2819999999999998
marker:0,1786962327.359,1786962327.359,0.0,-1.903,2.212,1.02,1.903,2.212,-0.30900000000000016
marker:0,1786962327.459,1786962327.459,0.0,-1.94,2.207,0.91,1.94,2.207,-0.2669999999999999
marker:0,1786962327.534,1786962327.534,0.0,-2.154,2.007,0.85,2.154,2.007,0.1469999999999998
marker:0,1786962327.609,1786962327.609,0.0,-1.143,3.012,0.88,1.143,3.012,-1.869
marker:0,1786962327.709,1786962327.709,0.0,-1.618,2.497,1.02,1.618,2.497,-0.8789999999999998
marker:0,1786962327.809,1786962327.809,0.0,-1.631,2.424,1.23,1.631,2.424,-0.7929999999999999
marker:0,1786962327.859,1786962327.859,0.0,-2.458,1.557,1.37,2.458,1.557,0.9010000000000002
marker:0,1786962327.909,1786962327.909,0.0,-2.428,1.573,1.42,2.428,1.573,0.855
marker:0,1786962327.984,1786962327.984,0.0,-1.466,2.497,1.55,1.466,2.497,-1.031
marker:0,1786962328.084,1786962328.084,0.0,-1.654,2.267,1.7,1.654,2.267,-0.613
marker:0,1786962328.184,1786962328.184,0.0,-2.383,1.506,1.81,2.383,1.506,0.877
marker:0,1786962328.259,1786962328.259,0.0,-2.394,1.484,1.85,2.394,1.484,0.9100000000000001
marker:0,1786962328.359,1786962328.359,0.0,-2.584,1.328,1.73,2.584,1.328,1.256
marker:0,1786962328.434,1786962328.434,0.0,-2.045,1.912,1.57,2.045,1.912,0.133
marker:0,1786962328.509,1786962328.509,0.0,-1.454,2.543,1.43,1.454,2.543,-1.0890000000000002
marker:0,1786962328.634,1786962328.634,0.0,-2.225,1.821,1.26,2.225,1.821,0.40400000000000014
marker:0,1786962328.709,1786962328.709,0.0,-2.197,1.878,1.16,2.197,1.878,0.3190000000000002
marker:0,1786962328.784,1786962328.784,0.0,-2.665,1.422,1.12,2.665,1.422,1.243
marker:0,1786962328.859,1786962328.859,0.0,-2.534,1.544,1.15,2.534,1.544,0.9899999999999998
marker:0,1786962328.909,1786962328.909,0.0,-1.503,2.555,1.22,1.503,2.555,-1.0520000000000003
marker:0,1786962328.984,1786962328.984,0.0,-1.446,2.598,1.27,1.446,2.598,-1.152
marker:0,1786962329.059,1786962329.059,0.0,-2.263,1.755,1.36,2.263,1.755,0.508
marker:0,1786962329.134,1786962329.134,0.0,-0.938,3.077,1.37,0.938,3.077,-2.1390000000000002
marker:0,1786962329.209,1786962329.209,0.0,-2.401,1.651,1.21,2.401,1.651,0.7499999999999998
marker:0,1786962329.309,1786962329.309,0.0,-2.382,1.725,1.05,2.382,1.725,0.657
marker:0,1786962329.409,1786962329.409,0.0,-2.25,1.931,0.79,2.25,1.931,0.31899999999999995
marker:0,1786962329.484,1786962329.484,0.0,-2.695,1.529,0.64,2.695,1.529,1.166
marker:0,1786962329.534,1786962329.534,0.0,-2.764,1.491,0.52,2.764,1.491,1.2729999999999997
marker:0,1786962329.609,1786962329.609,0.0,-2.488,1.753,0.58,2.488,1.753,0.7350000000000001
marker:0,1786962329.684,1786962329.684,0.0,-1.51,2.694,0.71,1.51,2.694,-1.184
marker:0,1786962329.784,1786962329.784,0.0,-2.15,1.971,1.0,2.15,1.971,0.17899999999999983
marker:0,1786962329.859,1786962329.859,0.0,-2.155,1.868,1.34,2.155,1.868,0.2869999999999997
marker:0,1786962329.934,1786962329.934,0.0,-2.289,1.681,1.53,2.289,1.681,0.6080000000000001
marker:0,1786962330.009,1786962330.009,0.0,-2.34,1.577,1.71,2.34,1.577,0.7629999999999999
marker:0,1786962330.159,1786962330.159,0.0,-2.607,1.287,1.79,2.607,1.287,1.3200000000000003
marker:0,1786962330.284,1786962330.284,0.0,-1.687,2.271,1.57,1.687,2.271,-0.5839999999999999
marker:0,1786962330.384,1786962330.384,0.0,-2.729,1.301,1.32,2.729,1.301,1.4280000000000002
marker:0,1786962330.484,1786962330.484,0.0,-2.845,1.205,1.25,2.845,1.205,1.6400000000000001
marker:0,1786962330.559,1786962330.559,0.0,-2.75,1.328,1.15,2.75,1.328,1.422
marker:0,1786962330.634,1786962330.634,0.0,-2.684,1.388,1.22,2.684,1.388,1.2960000000000003
marker:0,1786962330.684,1786962330.684,0.0,-2.595,1.443,1.29,2.595,1.443,1.1520000000000001
marker:0,1786962330.809,1786962330.809,0.0,-2.702,1.296,1.43,2.702,1.296,1.406
marker:0,1786962330.884,1786962330.884,0.0,-2.319,1.65,1.53,2.319,1.65,0.669
marker:0,1786962331.009,1786962331.009,0.0,-2.481,1.491,1.52,2.481,1.491,0.9899999999999998
marker:0,1786962331.109,1786962331.109,0.0,-2.559,1.436,1.44,2.559,1.436,1.1230000000000002
marker:0,1786962331.184,1786962331.184,0.0,-2.519,1.528,1.26,2.519,1.528,0.9910000000000001
marker:0,1786962331.259,1786962331.259,0.0,-2.622,1.462,1.08,2.622,1.462,1.16
marker:0,1786962331.359,1786962331.359,0.0,-2.565,1.594,0.87,2.565,1.594,0.9709999999999999
marker:0,1786962331.434,1786962331.434,0.0,-2.62,1.559,0.76,2.62,1.559,1.0610000000000002
marker:0,1786962331.509,1786962331.509,0.0,-2.606,1.604,0.68,2.606,1.604,1.0019999999999998
marker:0,1786962331.584,1786962331.584,0.0,-2.165,2.053,0.66,2.165,2.053,0.1120000000000001
marker:0,1786962331.659,1786962331.659,0.0,-2.346,1.869,0.67,2.346,1.869,0.4770000000000001
marker:0,1786962331.759,1786962331.759,0.0,-2.294,1.916,0.69,2.294,1.916,0.3780000000000001
marker:0,1786962331.834,1786962331.834,0.0,-2.172,2.024,0.74,2.172,2.024,0.14800000000000013
marker:0,1786962331.909,1786962331.909,0.0,-2.163,2.027,0.76,2.163,2.027,0.13599999999999968
marker:0,1786962331.984,1786962331.984,0.0,-2.279,1.897,0.81,2.279,1.897,0.3819999999999999
marker:0,1786962332.059,1786962332.059,0.0,-2.393,1.768,0.86,2.393,1.768,0.6249999999999998
marker:0,1786962332.159,1786962332.159,0.0,-2.448,1.705,0.89,2.448,1.705,0.7429999999999999
marker:0,1786962332.209,1786962332.209,0.0,-2.532,1.612,0.92,2.532,1.612,0.9199999999999999
marker:0,1786962332.284,1786962332.284,0.0,-2.688,1.439,0.98,2.688,1.439,1.249
marker:0,1786962332.459,1786962332.459,0.0,-2.68,1.418,1.08,2.68,1.418,1.2620000000000002
marker:0,1786962332.559,1786962332.559,0.0,-2.262,1.83,1.11,2.262,1.83,0.43199999999999994
marker:0,1786962332.634,1786962332.634,0.0,-2.499,1.666,1.1,2.499,1.666,0.8330000000000002
marker:0,1786962332.709,1786962332.709,0.0,-2.376,1.727,1.06,2.376,1.727,0.6489999999999998
marker:0,1786962332.784,1786962332.784,0.0,-2.237,1.875,1.03,2.237,1.875,0.3620000000000001
marker:0,1786962332.859,1786962332.859,0.0,-2.267,1.84,1.05,2.267,1.84,0.4269999999999998
marker:0,1786962332.959,1786962332.959,0.0,-2.281,1.826,1.05,2.281,1.826,0.45500000000000007
marker:0,1786962333.034,1786962333.034,0.0,-2.531,1.57,1.1,2.531,1.57,0.9610000000000001
marker:0,1786962333.109,1786962333.109,0.0,-2.46,1.627,1.12,2.46,1.627,0.833
marker:0,1786962333.209,1786962333.209,0.0,-2.611,1.452,1.2,2.611,1.452,1.1590000000000003
marker:0,1786962333.309,1786962333.309,0.0,-2.295,1.757,1.24,2.295,1.757,0.538
marker:0,1786962333.409,1786962333.409,0.0,-2.685,1.373,1.22,2.685,1.373,1.312
marker:0,1786962333.459,1786962333.459,0.0,-2.834,1.247,1.14,2.834,1.247,1.587
marker:0,1786962333.534,1786962333.534,0.0,-2.77,1.328,1.08,2.77,1.328,1.442
marker:0,1786962333.609,1786962333.609,0.0,-2.456,1.679,0.95,2.456,1.679,0.7769999999999999
marker:0,1786962333.684,1786962333.684,0.0,-2.314,1.868,0.76,2.314,1.868,0.44599999999999995
marker:0,1786962333.759,1786962333.759,0.0,-2.311,1.904,0.67,2.311,1.904,0.40700000000000003
marker:0,1786962333.834,1786962333.834,0.0,-2.272,1.95,0.62,2.272,1.95,0.32199999999999984
marker:0,1786962333.884,1786962333.884,0.0,-2.275,1.967,0.59,2.275,1.967,0.30799999999999983
marker:0,1786962333.984,1786962333.984,0.0,-2.417,1.827,0.57,2.417,1.827,0.5899999999999999
marker:0,1786962334.109,1786962334.109,0.0,-2.354,1.893,0.57,2.354,1.893,0.4610000000000001
marker:0,1786962334.184,1786962334.184,0.0,-1.925,2.313,0.59,1.925,2.313,-0.3880000000000001
marker:0,1786962334.259,1786962334.259,0.0,-2.471,1.731,0.76,2.471,1.731,0.74
marker:0,1786962334.359,1786962334.359,0.0,-2.339,1.828,0.84,2.339,1.828,0.5109999999999999
marker:0,1786962334.459,1786962334.459,0.0,-2.349,1.783,0.94,2.349,1.783,0.5660000000000003
marker:0,1786962334.484,1786962334.484,0.0,-2.519,1.619,0.94,2.519,1.619,0.9000000000000001
marker:0,1786962334.584,1786962334.584,0.0,-2.601,1.548,0.9,2.601,1.548,1.053
marker:0,1786962334.659,1786962334.659,0.0,-2.592,1.566,0.86,2.592,1.566,1.026
marker:0,1786962334.759,1786962334.759,0.0,-2.348,1.839,0.75,2.348,1.839,0.5089999999999999
marker:0,1786962334.834,1786962334.834,0.0,-2.622,1.562,0.77,2.622,1.562,1.0599999999999998
marker:0,1786962334.884,1786962334.884,0.0,-2.578,1.591,0.83,2.578,1.591,0.9869999999999999
marker:0,1786962334.984,1786962334.984,0.0,-1.881,2.222,1.06,1.881,2.222,-0.34099999999999997
marker:0,1786962335.059,1786962335.059,0.0,-1.933,2.128,1.21,1.933,2.128,-0.19500000000000006
marker:0,1786962335.134,1786962335.134,0.0,-2.371,1.627,1.5,2.371,1.627,0.744
marker:0,1786962335.209,1786962335.209,0.0,-2.746,1.22,1.54,2.746,1.22,1.526
marker:0,1786962335.284,1786962335.284,0.0,-2.633,1.316,1.6,2.633,1.316,1.317
marker:0,1786962335.409,1786962335.409,0.0,-2.943,1.055,1.43,2.943,1.055,1.8880000000000001
marker:0,1786962335.484,1786962335.484,0.0,-2.896,1.168,1.2,2.896,1.168,1.728
marker:0,1786962335.609,1786962335.609,0.0,-2.617,1.567,0.78,2.617,1.567,1.05
marker:0,1786962335.734,1786962335.734,0.0,-2.857,1.444,0.34,2.857,1.444,1.4130000000000003
marker:0,1786962335.809,1786962335.809,0.0,-2.747,1.575,0.28,2.747,1.575,1.172
marker:0,1786962335.884,1786962335.884,0.0,-2.538,1.798,0.3,2.538,1.798,0.7399999999999998
marker:0,1786962335.984,1786962335.984,0.0,-2.482,1.811,0.44,2.482,1.811,0.6710000000000003
marker:0,1786962336.109,1786962336.109,0.0,-2.417,1.805,0.65,2.417,1.805,0.6119999999999999
marker:0,1786962336.234,1786962336.234,0.0,-3.057,1.173,0.62,3.057,1.173,1.884
marker:0,1786962336.309,1786962336.309,0.0,-2.295,1.961,0.53,2.295,1.961,0.33399999999999985
marker:0,1786962336.359,1786962336.359,0.0,-2.208,2.067,0.38,2.208,2.067,0.14100000000000001
marker:0,1786962336.459,1786962336.459,0.0,-2.444,1.927,0.13,2.444,1.927,0.5169999999999999
marker:0,1786962336.559,1786962336.559,0.0,-2.349,2.096,-0.13,2.349,2.096,0.2530000000000001
marker:0,1786962336.634,1786962336.634,0.0,-2.251,2.209,-0.18,2.251,2.209,0.041999999999999815
marker:0,1786962336.709,1786962336.709,0.0,-2.238,2.172,-0.01,2.238,2.172,0.06599999999999984
marker:0,1786962336.784,1786962336.784,0.0,-2.312,2.05,0.2,2.312,2.05,0.262
marker:0,1786962336.884,1786962336.884,0.0,-2.095,2.175,0.58,2.095,2.175,-0.07999999999999963
marker:0,1786962336.934,1786962336.934,0.0,-2.057,2.138,0.74,2.057,2.138,-0.08099999999999996
marker:0,1786962337.009,1786962337.009,0.0,-2.129,1.969,1.08,2.129,1.969,0.15999999999999992
marker:0,1786962337.109,1786962337.109,0.0,-2.511,1.507,1.36,2.511,1.507,1.0040000000000002
marker:0,1786962337.184,1786962337.184,0.0,-2.561,1.448,1.39,2.561,1.448,1.113
marker:0,1786962337.259,1786962337.259,0.0,-2.818,1.223,1.28,2.818,1.223,1.595
marker:0,1786962337.334,1786962337.334,0.0,-2.556,1.522,1.15,2.556,1.522,1.034
marker:0,1786962337.434,1786962337.434,0.0,-2.507,1.629,0.9,2.507,1.629,0.8780000000000001
marker:0,1786962337.509,1786962337.509,0.0,-3.001,1.166,0.84,3.001,1.166,1.835
marker:0,1786962337.584,1786962337.584,0.0,-2.734,1.456,0.75,2.734,1.456,1.278
marker:0,1786962337.709,1786962337.709,0.0,-2.415,1.526,0.69,2.415,1.526,0.889
marker:0,1786962337.784,1786962337.784,0.0,-2.482,1.746,0.63,2.482,1.746,0.7360000000000002
marker:0,1786962337.859,1786962337.859,0.0,-2.412,1.856,0.49,2.412,1.856,0.5559999999999998
marker:0,1786962337.934,1786962337.934,0.0,-2.603,1.702,0.31,2.603,1.702,0.9010000000000002
marker:0,1786962337.984,1786962337.984,0.0,-2.521,1.821,0.23,2.521,1.821,0.7
marker:0,1786962338.059,1786962338.059,0.0,-2.469,1.924,0.05,2.469,1.924,0.5449999999999999
marker:0,1786962338.134,1786962338.134,0.0,-2.419,2.009,-0.07,2.419,2.009,0.41000000000000014
marker:0,1786962338.234,1786962338.234,0.0,-2.326,2.114,-0.11,2.326,2.114,0.2120000000000002
marker:0,1786962338.359,1786962338.359,0.0,-2.289,2.119,0.0,2.289,2.119,0.16999999999999993
marker:0,1786962338.459,1786962338.459,0.0,-2.266,2.096,0.16,2.266,2.096,0.16999999999999993
marker:0,1786962338.584,1786962338.584,0.0,-2.328,1.973,0.37,2.328,1.973,0.35499999999999976
marker:0,1786962338.659,1786962338.659,0.0,-2.414,1.859,0.47,2.414,1.859,0.5550000000000002
marker:0,1786962338.759,1786962338.759,0.0,-2.146,2.113,0.52,2.146,2.113,0.03299999999999992
marker:0,1786962338.809,1786962338.809,0.0,-2.672,1.595,0.5,2.672,1.595,1.0770000000000002
marker:0,1786962338.909,1786962338.909,0.0,-2.801,1.472,0.47,2.801,1.472,1.3290000000000002
marker:0,1786962338.984,1786962338.984,0.0,-2.421,1.872,0.4,2.421,1.872,0.5489999999999997
marker:0,1786962339.084,1786962339.084,0.0,-2.74,1.556,0.39,2.74,1.556,1.1840000000000002
marker:0,1786962339.159,1786962339.159,0.0,-2.42,1.887,0.35,2.42,1.887,0.5329999999999999
marker:0,1786962339.259,1786962339.259,0.0,-2.349,1.964,0.33,2.349,1.964,0.38500000000000023
marker:0,1786962339.359,1786962339.359,0.0,-2.351,1.971,0.3,2.351,1.971,0.3799999999999999
marker:0,1786962339.434,1786962339.434,0.0,-2.215,2.121,0.25,2.215,2.121,0.09399999999999986
marker:0,1786962339.509,1786962339.509,0.0,-2.308,2.04,0.21,2.308,2.04,0.2679999999999998
marker:0,1786962339.584,1786962339.584,0.0,-2.258,2.107,0.15,2.258,2.107,0.1509999999999998
marker:0,1786962339.659,1786962339.659,0.0,-2.266,2.124,0.06,2.266,2.124,0.1419999999999999
marker:0,1786962339.759,1786962339.759,0.0,-2.571,1.831,0.02,2.571,1.831,0.7400000000000002
marker:0,1786962339.834,1786962339.834,0.0,-2.194,2.208,0.02,2.194,2.208,-0.014000000000000234
marker:0,1786962339.909,1786962339.909,0.0,-2.132,2.247,0.1,2.132,2.247,-0.11499999999999977
marker:0,1786962340.009,1786962340.009,0.0,-2.109,2.227,0.25,2.109,2.227,-0.11799999999999988
marker:0,1786962340.109,1786962340.109,0.0,-2.538,1.734,0.47,2.538,1.734,0.8039999999999998
marker:0,1786962340.184,1786962340.184,0.0,-1.999,2.24,0.62,1.999,2.24,-0.2410000000000001
marker:0,1786962340.384,1786962340.384,0.0,-2.492,1.658,0.9,2.492,1.658,0.8340000000000001
marker:0,1786962340.534,1786962340.534,0.0,-2.716,1.451,0.84,2.716,1.451,1.2650000000000001
marker:0,1786962340.633,1786962340.633,0.0,-2.897,1.298,0.69,2.897,1.298,1.5989999999999998
marker:0,1786962340.758,1786962340.758,0.0,-2.882,1.342,0.64,2.882,1.342,1.54
marker:0,1786962340.858,1786962340.858,0.0,-2.927,1.275,0.72,2.927,1.275,1.6520000000000001
marker:0,1786962340.958,1786962340.958,0.0,-3.036,1.102,1.0,3.036,1.102,1.934
marker:0,1786962341.083,1786962341.083,0.0,-2.976,1.099,1.15,2.976,1.099,1.877
marker:0,1786962341.184,1786962341.184,0.0,-2.821,1.24,1.18,2.821,1.24,1.5810000000000002
marker:0,1786962341.333,1786962341.333,0.0,-2.925,1.196,1.0,2.925,1.196,1.7289999999999999
marker:0,1786962341.483,1786962341.483,0.0,-2.812,1.32,0.78,2.812,1.32,1.4919999999999998
marker:0,1786962341.608,1786962341.608,0.0,-2.59,1.6,0.76,2.59,1.6,0.9899999999999998
marker:0,1786962341.683,1786962341.683,0.0,-2.586,1.569,0.88,2.586,1.569,1.017
marker:0,1786962341.808,1786962341.808,0.0,-2.571,1.513,1.13,2.571,1.513,1.0580000000000003
marker:0,1786962342.058,1786962342.058,0.0,-2.714,1.149,1.9,2.714,1.149,1.565
marker:0,1786962342.158,1786962342.158,0.0,-2.081,1.728,2.09,2.081,1.728,0.353
marker:0,1786962342.258,1786962342.258,0.0,-2.26,1.508,2.26,2.26,1.508,0.7519999999999998
marker:0,1786962342.283,1786962342.283,0.0,-2.226,1.534,2.25,2.226,1.534,0.692
marker:0,1786962342.383,1786962342.408,0.02500009536743164,-2.518,1.256,2.2,2.518,1.256,1.2619999999999998
marker:0,1786962342.458,1786962342.458,0.0,-2.669,1.119,2.16,2.669,1.119,1.55
marker:0,1786962342.558,1786962342.558,0.0,-2.807,1.018,2.03,2.807,1.018,1.789
marker:0,1786962342.608,1786962342.608,0.0,-2.904,0.933,1.99,2.904,0.933,1.9709999999999999
marker:0,1786962342.659,1786962342.659,0.0,-2.925,0.906,2.01,2.925,0.906,2.0189999999999997
marker:0,1786962342.733,1786962342.733,0.0,-4.465,-0.649,2.05,4.465,0.649,3.816
marker:0,1786962342.833,1786962342.833,0.0,-2.98,0.84,2.05,2.98,0.84,2.14
marker:0,1786962342.908,1786962342.908,0.0,-2.904,0.916,2.05,2.904,0.916,1.988
marker:0,1786962342.983,1786962342.983,0.0,-2.899,0.815,2.42,2.899,0.815,2.084
marker:0,1786962343.058,1786962343.058,0.0,-2.482,1.206,2.51,2.482,1.206,1.2760000000000002
marker:0,1786962343.158,1786962343.158,0.0,-2.478,1.219,2.48,2.478,1.219,1.2590000000000001
marker:0,1786962343.233,1786962343.233,0.0,-2.525,1.223,2.27,2.525,1.223,1.3019999999999998
marker:0,1786962343.333,1786962343.333,0.0,-2.666,1.1,2.1,2.666,1.1,1.5659999999999998
marker:0,1786962343.458,1786962343.458,0.0,-2.739,1.127,1.85,2.739,1.127,1.6119999999999999
marker:0,1786962343.533,1786962343.533,0.0,-2.758,1.143,1.77,2.758,1.143,1.615
marker:0,1786962343.608,1786962343.608,0.0,-2.688,1.195,1.83,2.688,1.195,1.493
marker:0,1786962343.708,1786962343.708,0.0,-2.358,1.448,2.1,2.358,1.448,0.9100000000000001
marker:0,1786962343.808,1786962343.808,0.0,-2.352,1.345,2.48,2.352,1.345,1.007
marker:0,1786962343.883,1786962343.883,0.0,-1.801,1.804,2.8,1.801,1.804,-0.0030000000000001137
marker:0,1786962343.958,1786962343.958,0.0,-2.412,1.107,3.1,2.412,1.107,1.305
marker:0,1786962344.033,1786962344.033,0.0,-2.46,1.001,3.3,2.46,1.001,1.459
marker:0,1786962344.108,1786962344.108,0.0,-2.603,0.856,3.31,2.603,0.856,1.7470000000000003
marker:0,1786962344.158,1786962344.158,0.0,-2.608,0.842,3.34,2.608,0.842,1.766
marker:0,1786962344.233,1786962344.233,0.0,-1.696,1.654,3.38,1.696,1.654,0.04200000000000004
marker:0,1786962344.308,1786962344.308,0.0,-1.965,1.477,3.37,1.965,1.477,0.488
marker:0,1786962344.358,1786962344.358,0.0,-3.113,0.3,3.47,3.113,0.3,2.813
marker:0,1786962344.458,1786962344.458,0.0,-3.181,0.189,3.62,3.181,0.189,2.992
marker:0,1786962344.583,1786962344.583,0.0,-2.997,0.293,3.9,2.997,0.293,2.7039999999999997
marker:0,1786962344.633,1786962344.633,0.0,-2.988,0.273,4.0,2.988,0.273,2.715
marker:0,1786962344.733,1786962344.733,0.0,-2.953,0.257,4.17,2.953,0.257,2.6959999999999997
marker:0,1786962344.783,1786962344.783,0.0,-2.348,0.844,4.24,2.348,0.844,1.504
marker:0,1786962344.858,1786962344.858,0.0,-2.285,0.895,4.28,2.285,0.895,1.3900000000000001
marker:0,1786962344.908,1786962344.908,0.0,-3.223,-0.048,4.3,3.223,0.048,3.175
marker:0,1786962344.958,1786962344.958,0.0,-3.204,-0.006,4.22,3.204,0.006,3.1980000000000004
marker:0,1786962345.058,1786962345.058,0.0,-1.779,1.451,4.11,1.779,1.451,0.32799999999999985
marker:0,1786962345.158,1786962345.158,0.0,-2.809,0.472,3.93,2.809,0.472,2.337
marker:0,1786962345.258,1786962345.258,0.0,-2.885,0.428,3.82,2.885,0.428,2.457
marker:0,1786962345.358,1786962345.358,0.0,-2.825,0.473,3.87,2.825,0.473,2.3520000000000003
marker:0,1786962345.483,1786962345.483,0.0,-0.333,2.917,4.04,0.333,2.917,-2.5839999999999996
marker:0,1786962345.583,1786962345.583,0.0,-2.475,0.732,4.19,2.475,0.732,1.743
marker:0,1786962345.633,1786962345.633,0.0,-1.733,1.399,4.45,1.733,1.399,0.3340000000000001
marker:0,1786962345.708,1786962345.708,0.0,-1.77,1.333,4.55,1.77,1.333,0.43700000000000006
marker:0,1786962345.808,1786962345.808,0.0,-1.821,1.239,4.7,1.821,1.239,0.5819999999999999
marker:0,1786962345.883,1786962345.883,0.0,-2.27,0.77,4.77,2.27,0.77,1.5
marker:0,1786962345.933,1786962345.933,0.0,-1.785,1.249,4.79,1.785,1.249,0.5359999999999998
marker:0,1786962346.008,1786962346.008,0.0,-1.936,1.087,4.83,1.936,1.087,0.849
marker:0,1786962346.108,1786962346.108,0.0,-0.077,2.92,4.92,0.077,2.92,-2.843
marker:0,1786962346.208,1786962346.208,0.0,-2.169,0.796,5.03,2.169,0.796,1.373
marker:0,1786962346.308,1786962346.308,0.0,-2.938,-0.01,5.16,2.938,0.01,2.9280000000000004
marker:0,1786962346.383,1786962346.383,0.0,-3.345,-0.448,5.27,3.345,0.448,2.8970000000000002
marker:0,1786962346.458,1786962346.458,0.0,-2.051,0.815,5.38,2.051,0.815,1.2360000000000002
marker:0,1786962346.558,1786962346.558,0.0,-2.068,0.769,5.48,2.068,0.769,1.299
marker:0,1786962346.633,1786962346.633,0.0,-2.327,0.501,5.51,2.327,0.501,1.826
marker:0,1786962346.708,1786962346.708,0.0,-2.817,0.011,5.51,2.817,0.011,2.806
marker:0,1786962346.783,1786962346.783,0.0,-3.03,-0.208,5.47,3.03,0.208,2.8219999999999996
marker:0,1786962346.908,1786962346.908,0.0,-2.998,-0.164,5.49,2.998,0.164,2.834
marker:0,1786962346.983,1786962346.983,0.0,-3.067,-0.227,5.47,3.067,0.227,2.8400000000000003
marker:0,1786962347.083,1786962347.083,0.0,-3.327,-0.473,5.39,3.327,0.473,2.854
marker:0,1786962347.133,1786962347.133,0.0,-3.422,-0.562,5.38,3.422,0.562,2.8600000000000003
marker:0,1786962347.258,1786962347.258,0.0,-3.419,-0.551,5.37,3.419,0.551,2.868
marker:0,1786962347.358,1786962347.358,0.0,-3.328,-0.449,5.34,3.328,0.449,2.879
marker:0,1786962347.458,1786962347.458,0.0,-3.502,-0.634,5.41,3.502,0.634,2.868
marker:0,1786962347.508,1786962347.508,0.0,-2.949,-0.098,5.46,2.949,0.098,2.851
marker:0,1786962347.633,1786962347.633,0.0,-3.057,-0.246,5.57,3.057,0.246,2.811
marker:0,1786962347.708,1786962347.708,0.0,0.03,2.801,5.71,0.03,2.801,-2.7710000000000004
marker:0,1786962347.783,1786962347.783,0.0,-0.032,2.719,5.78,0.032,2.719,-2.687
marker:0,1786962347.883,1786962347.883,0.0,-3.243,-0.516,5.84,3.243,0.516,2.727
marker:0,1786962348.008,1786962348.008,0.0,-3.439,-0.703,5.83,3.439,0.703,2.736
marker:0,1786962348.058,1786962348.058,0.0,-3.462,-0.717,5.8,3.462,0.717,2.745
marker:0,1786962348.158,1786962348.158,0.0,-4.754,-1.986,5.72,4.754,1.986,2.768
marker:0,1786962348.258,1786962348.258,0.0,-2.94,-0.158,5.67,2.94,0.158,2.782
marker:0,1786962348.333,1786962348.333,0.0,-2.813,-0.037,5.69,2.813,0.037,2.7760000000000002
marker:0,1786962348.433,1786962348.433,0.0,-3.22,-0.447,5.69,3.22,0.447,2.773
marker:0,1786962348.533,1786962348.533,0.0,-3.046,-0.276,5.71,3.046,0.276,2.7699999999999996
marker:0,1786962348.608,1786962348.608,0.0,-3.733,-0.942,5.64,3.733,0.942,2.7910000000000004
marker:0,1786962348.683,1786962348.683,0.0,-3.413,-0.608,5.59,3.413,0.608,2.8049999999999997
marker:0,1786962348.758,1786962348.758,0.0,-4.151,-1.317,5.49,4.151,1.317,2.8339999999999996
marker:0,1786962348.858,1786962348.858,0.0,-3.949,-1.327,5.4,3.949,1.327,2.622
marker:0,1786962348.933,1786962348.933,0.0,-3.999,-1.128,5.36,3.999,1.128,2.8710000000000004
marker:0,1786962349.008,1786962349.008,0.0,-2.843,0.013,5.41,2.843,0.013,2.83
marker:0,1786962349.083,1786962349.083,0.0,-3.578,-0.75,5.54,3.578,0.75,2.828
marker:0,1786962349.158,1786962349.158,0.0,-3.624,-0.857,5.72,3.624,0.857,2.7670000000000003
marker:0,1786962349.283,1786962349.283,0.0,-4.037,-1.346,5.99,4.037,1.346,2.691
marker:0,1786962349.408,1786962349.408,0.0,-4.192,-1.533,6.1,4.192,1.533,2.6590000000000003
marker:0,1786962349.508,1786962349.508,0.0,-4.981,-2.307,6.05,4.981,2.307,2.674
marker:0,1786962349.608,1786962349.608,0.0,-5.147,-2.454,5.98,5.147,2.454,2.693
marker:0,1786962349.708,1786962349.708,0.0,-5.163,-2.453,5.92,5.163,2.453,2.7100000000000004
marker:0,1786962349.783,1786962349.783,0.0,-5.175,-2.517,5.95,5.175,2.517,2.658
marker:0,1786962349.858,1786962349.858,0.0,-4.97,-2.282,6.0,4.97,2.282,2.6879999999999997
marker:0,1786962349.933,1786962349.933,0.0,-5.121,-2.435,6.1,5.121,2.435,2.6860000000000004
marker:0,1786962350.008,1786962350.008,0.0,-5.098,-2.465,6.19,5.098,2.465,2.633
marker:0,1786962350.108,1786962350.108,0.0,-5.072,-2.448,6.22,5.072,2.448,2.624
marker:0,1786962350.183,1786962350.183,0.0,-5.169,-2.519,6.13,5.169,2.519,2.6499999999999995
marker:0,1786962350.283,1786962350.283,0.0,-4.874,-2.175,5.96,4.874,2.175,2.699
marker:0,1786962350.358,1786962350.358,0.0,-5.35,-2.617,5.84,5.35,2.617,2.7329999999999997
marker:0,1786962350.433,1786962350.433,0.0,-4.7,-1.947,5.77,4.7,1.947,2.753
marker:0,1786962350.508,1786962350.508,0.0,-4.72,-1.961,5.75,4.72,1.961,2.7589999999999995
marker:0,1786962350.583,1786962350.583,0.0,-4.724,-1.952,5.79,4.724,1.952,2.7720000000000002
marker:0,1786962350.683,1786962350.683,0.0,-5.517,-2.821,5.97,5.517,2.821,2.696
marker:0,1786962350.758,1786962350.758,0.0,-5.303,-2.689,6.26,5.303,2.689,2.614
marker:0,1786962350.858,1786962350.858,0.0,-5.923,-3.358,6.53,5.923,3.358,2.565
marker:0,1786962350.958,1786962350.958,0.0,-5.59,-3.045,6.67,5.59,3.045,2.545
marker:0,1786962351.058,1786962351.058,0.0,-5.404,-2.858,6.64,5.404,2.858,2.546
marker:0,1786962351.133,1786962351.133,0.0,-6.625,-4.059,6.52,6.625,4.059,2.566
marker:0,1786962351.233,1786962351.233,0.0,-5.966,-3.385,6.38,5.966,3.385,2.5810000000000004
marker:0,1786962351.308,1786962351.308,0.0,-6.252,-3.668,6.4,6.252,3.668,2.5839999999999996
marker:0,1786962351.433,1786962351.433,0.0,-7.601,-5.059,6.7,7.601,5.059,2.542
marker:0,1786962351.558,1786962351.558,0.0,-6.315,-3.803,6.95,6.315,3.803,2.5120000000000005
marker:0,1786962351.708,1786962351.708,0.0,-5.667,-3.173,7.05,5.667,3.173,2.4939999999999998
marker:0,1786962351.783,1786962351.783,0.0,-5.601,-3.117,7.12,5.601,3.117,2.484
marker:0,1786962351.858,1786962351.858,0.0,-5.737,-3.255,7.16,5.737,3.255,2.482
marker:0,1786962351.958,1786962351.958,0.0,-5.691,-3.205,7.13,5.691,3.205,2.4859999999999998
marker:0,1786962352.033,1786962352.033,0.0,-5.631,-3.158,7.2,5.631,3.158,2.4730000000000003
marker:0,1786962352.158,1786962352.158,0.0,-5.68,-3.219,7.32,5.68,3.219,2.461
marker:0,1786962352.258,1786962352.258,0.0,-5.694,-3.273,7.58,5.694,3.273,2.421
marker:0,1786962352.358,1786962352.358,0.0,-5.771,-3.365,7.71,5.771,3.365,2.4059999999999997
marker:0,1786962352.433,1786962352.433,0.0,-5.971,-3.59,7.87,5.971,3.59,2.3810000000000002
marker:0,1786962352.583,1786962352.583,0.0,-5.9,-3.527,7.93,5.9,3.527,2.373
marker:0,1786962352.758,1786962352.758,0.0,-5.85,-3.502,8.11,5.85,3.502,2.348
marker:0,1786962352.833,1786962352.833,0.0,-5.857,-3.522,8.2,5.857,3.522,2.3350000000000004
marker:0,1786962352.933,1786962352.933,0.0,-5.655,-3.342,8.36,5.655,3.342,2.313
marker:0,1786962353.008,1786962353.008,0.0,-5.557,-3.253,8.43,5.557,3.253,2.3040000000000003
marker:0,1786962353.108,1786962353.108,0.0,-5.421,-3.112,8.3,5.421,3.112,2.309
marker:0,1786962353.208,1786962353.208,0.0,-5.361,-3.019,8.15,5.361,3.019,2.3419999999999996
marker:0,1786962353.358,1786962353.358,0.0,-5.434,-3.041,7.78,5.434,3.041,2.3930000000000002
marker:0,1786962353.408,1786962353.408,0.0,-5.179,-2.776,7.69,5.179,2.776,2.4030000000000005
marker:0,1786962353.508,1786962353.508,0.0,-5.081,-2.682,7.74,5.081,2.682,2.3990000000000005
marker:0,1786962353.633,1786962353.633,0.0,-5.018,-2.67,8.11,5.018,2.67,2.348
marker:0,1786962353.758,1786962353.758,0.0,-4.958,-2.668,8.52,4.958,2.668,2.29
marker:0,1786962353.858,1786962353.858,0.0,-4.715,-2.474,8.88,4.715,2.474,2.2409999999999997
marker:0,1786962353.958,1786962353.958,0.0,-4.77,-2.529,8.88,4.77,2.529,2.2409999999999997
marker:0,1786962354.083,1786962354.083,0.0,-5.003,-2.734,8.61,5.003,2.734,2.269
marker:0,1786962354.158,1786962354.158,0.0,-4.924,-2.625,8.42,4.924,2.625,2.2990000000000004
marker:0,1786962354.333,1786962354.333,0.0,-4.995,-2.714,8.59,4.995,2.714,2.281
marker:0,1786962354.433,1786962354.433,0.0,-4.995,-2.796,9.17,4.995,2.796,2.1990000000000003
marker:0,1786962354.508,1786962354.508,0.0,-4.897,-2.731,9.42,4.897,2.731,2.1660000000000004
marker:0,1786962354.608,1786962354.608,0.0,-5.159,-3.07,9.98,5.159,3.07,2.089
marker:0,1786962354.659,1786962354.659,0.0,-5.226,-3.16,10.15,5.226,3.16,2.066
marker:0,1786962354.758,1786962354.758,0.0,-5.283,-3.213,10.12,5.283,3.213,2.0700000000000003
marker:0,1786962354.858,1786962354.858,0.0,-5.438,-3.352,9.89,5.438,3.352,2.086
marker:0,1786962354.908,1786962354.908,0.0,-5.325,-3.191,9.66,5.325,3.191,2.1340000000000003
marker:0,1786962354.983,1786962354.983,0.0,-5.206,-3.038,9.41,5.206,3.038,2.1680000000000006
marker:0,1786962355.083,1786962355.083,0.0,-5.24,-3.057,9.3,5.24,3.057,2.1830000000000003
marker:0,1786962355.158,1786962355.158,0.0,-4.937,-2.75,9.27,4.937,2.75,2.1870000000000003
marker:0,1786962355.233,1786962355.233,0.0,-4.848,-2.667,9.32,4.848,2.667,2.181
marker:0,1786962355.333,1786962355.333,0.0,-4.641,-2.482,9.56,4.641,2.482,2.159
marker:0,1786962355.458,1786962355.458,0.0,20.046,22.174,9.75,20.046,22.174,-2.128
marker:0,1786962355.533,1786962355.533,0.0,20.31,22.435,9.72,20.31,22.435,-2.125
marker:0,1786962355.608,1786962355.608,0.0,20.759,22.885,9.72,20.759,22.885,-2.1260000000000012
marker:0,1786962355.658,1786962355.658,0.0,21.01,23.128,9.77,21.01,23.128,-2.1179999999999986
marker:0,1786962355.858,1786962355.858,0.0,21.662,23.739,10.07,21.662,23.739,-2.0770000000000017
marker:0,1786962355.933,1786962355.933,0.0,22.195,24.25,10.28,22.195,24.25,-2.0549999999999997
marker:0,1786962356.008,1786962356.008,0.0,22.323,24.347,10.46,22.323,24.347,-2.024000000000001
marker:0,1786962356.133,1786962356.133,0.0,22.871,24.879,10.57,22.871,24.879,-2.0080000000000027
marker:0,1786962356.233,1786962356.233,0.0,22.928,24.922,10.67,22.928,24.922,-1.9939999999999998
marker:0,1786962356.333,1786962356.333,0.0,23.492,25.483,10.7,23.492,25.483,-1.9909999999999997
marker:0,1786962356.433,1786962356.433,0.0,23.691,25.669,10.79,23.691,25.669,-1.9780000000000015
marker:0,1786962356.558,1786962356.558,0.0,24.435,26.387,10.98,24.435,26.387,-1.9520000000000017
marker:0,1786962356.783,1786962356.783,0.0,26.305,28.256,10.98,26.305,28.256,-1.9510000000000005
marker:0,1786962356.883,1786962356.883,0.0,26.538,28.485,11.01,26.538,28.485,-1.9469999999999992
marker:0,1786962356.983,1786962356.983,0.0,27.077,29.031,10.96,27.077,29.031,-1.953999999999997
marker:0,1786962357.083,1786962357.083,0.0,27.536,29.517,10.77,27.536,29.517,-1.980999999999998
marker:0,1786962357.183,1786962357.183,0.0,27.4,29.399,10.64,27.4,29.399,-1.9990000000000023
marker:0,1786962357.258,1786962357.258,0.0,27.89,29.893,10.61,27.89,29.893,-2.003
marker:0,1786962357.658,1786962357.658,0.0,29.313,31.282,10.85,29.313,31.282,-1.9690000000000012
marker:0,1786962357.958,1786962357.933,-0.02499985694885254,31.864,33.927,10.17,31.864,33.927,-2.062999999999999
marker:0,1786962358.658,1786962358.658,0.0,35.804,37.877,10.08,35.804,37.877,-2.0730000000000004
marker:0,1786962360.333,1786962360.333,0.0,-20.772,-18.67,9.85,20.772,18.67,2.1019999999999968
marker:0,1786962360.458,1786962360.458,0.0,-20.796,-18.679,9.78,20.796,18.679,2.117000000000001
marker:0,1786962360.833,1786962360.833,0.0,-19.798,-17.716,9.89,19.798,17.716,2.081999999999997
marker:0,1786962360.958,1786962360.958,0.0,-19.703,-17.642,10.23,19.703,17.642,2.061
marker:0,1786962361.458,1786962361.458,0.0,-19.723,-17.685,10.35,19.723,17.685,2.0380000000000003
marker:0,1786962361.558,1786962361.558,0.0,-19.347,-17.3,10.29,19.347,17.3,2.0470000000000006
marker:0,1786962368.608,1786962368.608,0.0,-6.626,-5.76,17.89,6.626,5.76,0.8660000000000005
marker:0,1786962368.708,1786962368.708,0.0,-6.127,-5.252,17.84,6.127,5.252,0.875
marker:0,1786962368.783,1786962368.783,0.0,-5.828,-4.993,18.06,5.828,4.993,0.835
marker:0,1786962368.908,1786962368.908,0.0,8.514,9.25,18.6,8.514,9.25,-0.7360000000000007
marker:0,1786962368.983,1786962368.983,0.0,8.724,9.401,18.92,8.724,9.401,-0.6769999999999996
marker:0,1786962369.083,1786962369.083,0.0,3.932,4.531,19.34,3.932,4.531,-0.5989999999999998
marker:0,1786962369.183,1786962369.183,0.0,4.078,4.645,19.52,4.078,4.645,-0.5669999999999993
marker:0,1786962369.283,1786962369.283,0.0,3.969,4.576,19.3,3.969,4.576,-0.6069999999999998
marker:0,1786962369.433,1786962369.433,0.0,9.429,10.117,18.86,9.429,10.117,-0.6880000000000006
marker:0,1786962369.533,1786962369.533,0.0,-1.395,-0.659,18.54,1.395,0.659,0.736
marker:0,1786962369.608,1786962369.608,0.0,-1.29,-0.521,18.4,1.29,0.521,0.769
